solid __tracked_surface.stl
facet normal 0 0 0
outer loop
vertex 3.670821e-01 1.261012e-01 2.230531e+01
vertex -1.544531e+00 2.255774e+00 2.197891e+01
vertex -1.894990e+00 2.264477e-01 2.142762e+01
endloop
endfacet
facet normal 0 0 0
outer loop
vertex -2.815308e+00 1.046459e+01 2.249096e+01
vertex -3.413838e+00 9.867642e+00 2.027727e+01
vertex -3.685813e+00 9.072397e+00 2.165896e+01
endloop
endfacet
facet normal 0 0 0
outer loop
vertex -8.901258e+00 -6.215981e+00 9.503114e+00
vertex -1.058360e+01 -6.559602e+00 1.108217e+01
vertex -1.088000e+01 -5.825091e+00 1.012100e+01
endloop
endfacet
facet normal 0 0 0
outer loop
vertex 1.364736e+01 -7.677283e+00 1.473105e+01
vertex 1.279660e+01 -8.266755e+00 1.444931e+01
vertex 1.359425e+01 -7.177847e+00 1.305338e+01
endloop
endfacet
facet normal 0 0 0
outer loop
vertex 9.085821e+00 -1.264265e+01 1.906941e+01
vertex 9.999278e+00 -1.147963e+01 1.769893e+01
vertex 1.086574e+01 -1.150342e+01 1.946038e+01
endloop
endfacet
facet normal 0 0 0
outer loop
vertex 1.167001e+01 -2.806705e-01 1.079728e+01
vertex 1.230967e+01 -2.033887e+00 1.180695e+01
vertex 1.174653e+01 -1.623672e+00 1.048139e+01
endloop
endfacet
facet normal 0 0 0
outer loop
vertex -7.359752e+00 4.110519e+00 1.447795e+01
vertex -8.642229e+00 2.205121e+00 1.275847e+01
vertex -8.455876e+00 2.065240e+00 1.502040e+01
endloop
endfacet
facet normal 0 0 0
outer loop
vertex -2.735813e+00 4.100970e+00 4.202873e+00
vertex -2.856901e-01 3.712839e+00 2.999774e+00
vertex -2.342859e+00 3.086990e+00 2.251915e+00
endloop
endfacet
facet normal 0 0 0
outer loop
vertex -3.251626e+00 7.796152e+00 1.185005e+01
vertex -4.392286e+00 8.850051e+00 1.447999e+01
vertex -1.300769e+00 9.074550e+00 1.386185e+01
endloop
endfacet
facet normal 0 0 0
outer loop
vertex -8.947798e+00 2.507148e+00 8.698684e+00
vertex -9.311969e+00 1.405472e+00 1.091713e+01
vertex -8.142558e+00 3.511361e+00 1.070600e+01
endloop
endfacet
facet normal 0 0 0
outer loop
vertex -6.831978e+00 -7.372445e-01 4.235981e+00
vertex -7.772745e+00 -2.556083e+00 4.982511e+00
vertex -7.592833e+00 -8.462557e-01 5.202098e+00
endloop
endfacet
facet normal 0 0 0
outer loop
vertex -6.831978e+00 -7.372445e-01 4.235981e+00
vertex -6.662042e+00 -1.815602e+00 3.734082e+00
vertex -7.772745e+00 -2.556083e+00 4.982511e+00
endloop
endfacet
facet normal 0 0 0
outer loop
vertex -1.517932e+00 -5.339225e+00 4.424646e+00
vertex -1.016764e+00 -6.486546e+00 5.744065e+00
vertex -3.365647e+00 -5.370443e+00 5.431498e+00
endloop
endfacet
facet normal 0 0 0
outer loop
vertex -8.642229e+00 2.205121e+00 1.275847e+01
vertex -8.142558e+00 3.511361e+00 1.070600e+01
vertex -9.311969e+00 1.405472e+00 1.091713e+01
endloop
endfacet
facet normal 0 0 0
outer loop
vertex 5.603487e+00 5.014857e+00 2.240283e+01
vertex 5.645437e+00 5.878834e+00 2.088799e+01
vertex 4.828375e+00 7.144875e+00 2.145990e+01
endloop
endfacet
facet normal 0 0 0
outer loop
vertex -6.340899e+00 1.819835e+00 1.909954e+01
vertex -7.160601e+00 -1.952122e-01 1.827542e+01
vertex -3.922632e+00 4.126322e-01 2.066043e+01
endloop
endfacet
facet normal 0 0 0
outer loop
vertex -5.939319e+00 6.755025e-01 3.461934e+00
vertex -6.831978e+00 -7.372445e-01 4.235981e+00
vertex -7.308512e+00 8.642447e-01 5.286617e+00
endloop
endfacet
facet normal 0 0 0
outer loop
vertex -5.939319e+00 6.755025e-01 3.461934e+00
vertex -5.551340e+00 -1.075121e+00 2.485653e+00
vertex -6.831978e+00 -7.372445e-01 4.235981e+00
endloop
endfacet
facet normal 0 0 0
outer loop
vertex 7.085619e+00 6.721571e+00 1.465400e+01
vertex 5.980421e+00 8.669536e+00 1.502039e+01
vertex 6.166641e+00 7.229345e+00 1.685719e+01
endloop
endfacet
facet normal 0 0 0
outer loop
vertex 7.085619e+00 6.721571e+00 1.465400e+01
vertex 6.166641e+00 7.229345e+00 1.685719e+01
vertex 7.515862e+00 5.049453e+00 1.607155e+01
endloop
endfacet
facet normal 0 0 0
outer loop
vertex 2.245934e+00 -1.233152e+01 1.728049e+01
vertex 4.387010e+00 -1.288079e+01 1.746834e+01
vertex 3.194921e+00 -1.245329e+01 1.884519e+01
endloop
endfacet
facet normal 0 0 0
outer loop
vertex 1.031127e+01 -1.330299e+00 8.354994e+00
vertex 9.691340e+00 -1.172856e-02 7.455329e+00
vertex 1.127670e+01 -1.450475e-01 9.829719e+00
endloop
endfacet
facet normal 0 0 0
outer loop
vertex 1.095730e+01 -2.506474e+00 9.281034e+00
vertex 1.031127e+01 -1.330299e+00 8.354994e+00
vertex 1.127670e+01 -1.450475e-01 9.829719e+00
endloop
endfacet
facet normal 0 0 0
outer loop
vertex -5.874720e-02 -1.172229e+01 1.729740e+01
vertex -3.119471e+00 -1.099739e+01 1.629477e+01
vertex -8.107144e-01 -1.166284e+01 1.560661e+01
endloop
endfacet
facet normal 0 0 0
outer loop
vertex -2.949851e+00 -1.083952e+01 1.876134e+01
vertex -3.119471e+00 -1.099739e+01 1.629477e+01
vertex -5.874720e-02 -1.172229e+01 1.729740e+01
endloop
endfacet
facet normal 0 0 0
outer loop
vertex 5.603487e+00 -7.129886e+00 7.455329e+00
vertex 3.497100e+00 -8.923005e+00 7.820746e+00
vertex 2.828250e+00 -7.408483e+00 5.812126e+00
endloop
endfacet
facet normal 0 0 0
outer loop
vertex 7.654141e+00 3.345112e+00 4.555618e+00
vertex 6.707770e+00 1.471275e+00 3.797280e+00
vertex 5.603487e+00 2.391830e+00 2.391243e+00
endloop
endfacet
facet normal 0 0 0
outer loop
vertex 2.245934e+00 -1.233152e+01 1.728049e+01
vertex 4.277223e+00 -1.298080e+01 1.589831e+01
vertex 4.387010e+00 -1.288079e+01 1.746834e+01
endloop
endfacet
facet normal 0 0 0
outer loop
vertex 3.194921e+00 -1.245329e+01 1.884519e+01
vertex 4.387010e+00 -1.288079e+01 1.746834e+01
vertex 5.263019e+00 -1.296307e+01 1.927938e+01
endloop
endfacet
facet normal 0 0 0
outer loop
vertex -1.415701e+00 5.401632e+00 6.431048e+00
vertex 6.728815e-01 5.307060e+00 5.754360e+00
vertex -2.803444e-01 4.607926e+00 4.652086e+00
endloop
endfacet
facet normal 0 0 0
outer loop
vertex 1.569505e+00 -4.097570e+00 1.562332e+00
vertex 2.019397e+00 -5.247228e+00 3.046899e+00
vertex 7.903839e-01 -4.677919e+00 2.309355e+00
endloop
endfacet
facet normal 0 0 0
outer loop
vertex 1.954996e-02 -1.131494e+01 1.195504e+01
vertex 2.022697e+00 -1.205982e+01 1.183775e+01
vertex -2.271424e-01 -1.146441e+01 1.304813e+01
endloop
endfacet
facet normal 0 0 0
outer loop
vertex -1.013061e+01 2.251052e-01 9.646218e+00
vertex -9.311969e+00 1.405472e+00 1.091713e+01
vertex -8.947798e+00 2.507148e+00 8.698684e+00
endloop
endfacet
facet normal 0 0 0
outer loop
vertex 1.231278e+00 5.599060e+00 2.375995e+01
vertex 3.095315e+00 5.274851e+00 2.443415e+01
vertex 2.482203e+00 7.077116e+00 2.455678e+01
endloop
endfacet
facet normal 0 0 0
outer loop
vertex 1.232321e+01 -8.456944e+00 2.027300e+01
vertex 1.265164e+01 -1.014729e+01 1.979827e+01
vertex 1.376933e+01 -8.824169e+00 1.858361e+01
endloop
endfacet
facet normal 0 0 0
outer loop
vertex -3.991500e+00 -1.873767e+00 9.400386e-01
vertex -2.052744e+00 -2.625756e+00 9.648451e-01
vertex -3.572769e+00 -3.563478e+00 3.049797e+00
endloop
endfacet
facet normal 0 0 0
outer loop
vertex -3.572769e+00 -3.563478e+00 3.049797e+00
vertex -2.052744e+00 -2.625756e+00 9.648451e-01
vertex -1.616200e+00 -3.966029e+00 2.583835e+00
endloop
endfacet
facet normal 0 0 0
outer loop
vertex -9.536027e-01 2.574052e+00 1.032939e+00
vertex -1.232518e+00 1.757547e+00 -3.674354e-01
vertex -2.134208e+00 2.345904e+00 8.416059e-01
endloop
endfacet
facet normal 0 0 0
outer loop
vertex 7.648724e+00 -6.390506e+00 8.121795e+00
vertex 6.337884e+00 -5.344908e+00 6.145442e+00
vertex 8.692672e+00 -4.693604e+00 7.116671e+00
endloop
endfacet
facet normal 0 0 0
outer loop
vertex 5.095953e+00 9.522313e+00 1.642836e+01
vertex 4.667175e+00 9.110131e+00 1.865547e+01
vertex 6.166641e+00 7.229345e+00 1.685719e+01
endloop
endfacet
facet normal 0 0 0
outer loop
vertex 2.022697e+00 -1.205982e+01 1.183775e+01
vertex 1.954996e-02 -1.131494e+01 1.195504e+01
vertex -3.056181e-01 -1.045829e+01 1.084561e+01
endloop
endfacet
facet normal 0 0 0
outer loop
vertex 7.051587e+00 -1.253532e+01 1.479412e+01
vertex 6.753393e+00 -1.223473e+01 1.345856e+01
vertex 8.227355e+00 -1.119487e+01 1.345535e+01
endloop
endfacet
facet normal 0 0 0
outer loop
vertex -1.564693e+00 -1.071906e+01 1.201752e+01
vertex 1.954996e-02 -1.131494e+01 1.195504e+01
vertex -2.271424e-01 -1.146441e+01 1.304813e+01
endloop
endfacet
facet normal 0 0 0
outer loop
vertex -7.621334e-01 1.246864e+01 2.068095e+01
vertex -9.258779e-01 1.182062e+01 1.939804e+01
vertex -1.827425e+00 1.235365e+01 2.082697e+01
endloop
endfacet
facet normal 0 0 0
outer loop
vertex 8.127633e+00 -9.605371e+00 1.173211e+01
vertex 6.016754e+00 -1.049089e+01 1.116905e+01
vertex 6.527438e+00 -8.937453e+00 9.939881e+00
endloop
endfacet
facet normal 0 0 0
outer loop
vertex 7.318531e+00 -1.359438e+01 1.819380e+01
vertex 8.490533e+00 -1.210221e+01 1.643554e+01
vertex 9.085821e+00 -1.264265e+01 1.906941e+01
endloop
endfacet
facet normal 0 0 0
outer loop
vertex 3.933618e+00 2.810627e+00 2.426649e+01
vertex 5.603487e+00 4.057326e+00 2.286838e+01
vertex 3.095315e+00 5.274851e+00 2.443415e+01
endloop
endfacet
facet normal 0 0 0
outer loop
vertex 1.013616e+01 -1.057510e+01 1.550984e+01
vertex 1.184120e+01 -1.015933e+01 1.775531e+01
vertex 9.999278e+00 -1.147963e+01 1.769893e+01
endloop
endfacet
facet normal 0 0 0
outer loop
vertex 1.694456e+00 -1.055362e+01 9.933649e+00
vertex 2.022697e+00 -1.205982e+01 1.183775e+01
vertex -3.056181e-01 -1.045829e+01 1.084561e+01
endloop
endfacet
facet normal 0 0 0
outer loop
vertex -2.949851e+00 -1.083952e+01 1.876134e+01
vertex -1.677758e+00 -8.915844e+00 1.965707e+01
vertex -3.626631e+00 -9.515019e+00 1.876165e+01
endloop
endfacet
facet normal 0 0 0
outer loop
vertex -4.688016e+00 4.546337e+00 5.731777e+00
vertex -5.227883e+00 5.458497e+00 7.715112e+00
vertex -3.265991e+00 5.772435e+00 7.630989e+00
endloop
endfacet
facet normal 0 0 0
outer loop
vertex -5.227883e+00 5.458497e+00 7.715112e+00
vertex -4.459056e+00 6.465157e+00 9.526718e+00
vertex -3.265991e+00 5.772435e+00 7.630989e+00
endloop
endfacet
facet normal 0 0 0
outer loop
vertex 1.370048e+01 -8.176719e+00 1.640873e+01
vertex 1.279660e+01 -8.266755e+00 1.444931e+01
vertex 1.364736e+01 -7.677283e+00 1.473105e+01
endloop
endfacet
facet normal 0 0 0
outer loop
vertex 1.386181e+00 1.185958e+01 1.971303e+01
vertex 2.020358e+00 1.256069e+01 2.149169e+01
vertex 2.820002e+00 1.179791e+01 2.023755e+01
endloop
endfacet
facet normal 0 0 0
outer loop
vertex 5.500903e-01 4.380324e+00 4.174462e+00
vertex -2.856901e-01 3.712839e+00 2.999774e+00
vertex -2.803444e-01 4.607926e+00 4.652086e+00
endloop
endfacet
facet normal 0 0 0
outer loop
vertex 7.450615e+00 -1.686547e+00 5.168918e+00
vertex 8.571454e+00 -6.940774e-01 6.272839e+00
vertex 8.954590e+00 -2.701292e+00 7.043775e+00
endloop
endfacet
facet normal 0 0 0
outer loop
vertex 7.483800e+00 7.187414e+00 1.252838e+01
vertex 7.085619e+00 6.721571e+00 1.465400e+01
vertex 8.217696e+00 5.205232e+00 1.346087e+01
endloop
endfacet
facet normal 0 0 0
outer loop
vertex -1.691059e+00 -8.394497e+00 8.724691e+00
vertex -6.048848e-02 -9.624117e+00 9.568368e+00
vertex -2.361671e+00 -9.313796e+00 1.034117e+01
endloop
endfacet
facet normal 0 0 0
outer loop
vertex 9.790236e+00 -3.752082e+00 8.167176e+00
vertex 1.095730e+01 -2.506474e+00 9.281034e+00
vertex 1.009183e+01 -5.372883e+00 8.780872e+00
endloop
endfacet
facet normal 0 0 0
outer loop
vertex 5.603487e+00 2.391830e+00 2.391243e+00
vertex 5.593610e+00 4.111298e+00 5.195906e+00
vertex 7.654141e+00 3.345112e+00 4.555618e+00
endloop
endfacet
facet normal 0 0 0
outer loop
vertex 1.095730e+01 -2.506474e+00 9.281034e+00
vertex 9.790236e+00 -3.752082e+00 8.167176e+00
vertex 8.954590e+00 -2.701292e+00 7.043775e+00
endloop
endfacet
facet normal 0 0 0
outer loop
vertex -9.161872e-01 -1.914050e+00 2.138148e+01
vertex -1.894990e+00 2.264477e-01 2.142762e+01
vertex -2.843220e+00 -1.656675e+00 2.066870e+01
endloop
endfacet
facet normal 0 0 0
outer loop
vertex 8.127633e+00 -9.605371e+00 1.173211e+01
vertex 6.527438e+00 -8.937453e+00 9.939881e+00
vertex 9.191972e+00 -7.278371e+00 1.009873e+01
endloop
endfacet
facet normal 0 0 0
outer loop
vertex -1.126632e+01 -1.966061e+00 1.055602e+01
vertex -1.127067e+01 -2.331045e+00 1.228112e+01
vertex -1.067967e+01 -1.150771e+00 1.161441e+01
endloop
endfacet
facet normal 0 0 0
outer loop
vertex -1.127067e+01 -2.331045e+00 1.228112e+01
vertex -1.126632e+01 -1.966061e+00 1.055602e+01
vertex -1.206354e+01 -3.504188e+00 1.119467e+01
endloop
endfacet
facet normal 0 0 0
outer loop
vertex 1.023575e+00 -6.074800e+00 4.112420e+00
vertex -1.016764e+00 -6.486546e+00 5.744065e+00
vertex -1.517932e+00 -5.339225e+00 4.424646e+00
endloop
endfacet
facet normal 0 0 0
outer loop
vertex 5.414520e+00 7.171285e+00 1.946904e+01
vertex 4.667175e+00 9.110131e+00 1.865547e+01
vertex 4.226560e+00 8.783337e+00 2.068545e+01
endloop
endfacet
facet normal 0 0 0
outer loop
vertex 4.883899e+00 -9.105220e+00 8.969581e+00
vertex 5.603487e+00 -7.129886e+00 7.455329e+00
vertex 6.527438e+00 -8.937453e+00 9.939881e+00
endloop
endfacet
facet normal 0 0 0
outer loop
vertex 1.184120e+01 -1.015933e+01 1.775531e+01
vertex 1.086574e+01 -1.150342e+01 1.946038e+01
vertex 9.999278e+00 -1.147963e+01 1.769893e+01
endloop
endfacet
facet normal 0 0 0
outer loop
vertex 4.068255e+00 -5.288103e+00 2.267509e+01
vertex 3.756590e+00 -2.679392e+00 2.308118e+01
vertex 2.573654e+00 -3.919527e+00 2.235967e+01
endloop
endfacet
facet normal 0 0 0
outer loop
vertex 9.579118e+00 -1.378453e+01 2.313735e+01
vertex 6.566625e+00 -1.307642e+01 2.208517e+01
vertex 8.448825e+00 -1.368945e+01 2.066558e+01
endloop
endfacet
facet normal 0 0 0
outer loop
vertex 9.579118e+00 -1.378453e+01 2.313735e+01
vertex 7.572241e+00 -1.210241e+01 2.268224e+01
vertex 6.566625e+00 -1.307642e+01 2.208517e+01
endloop
endfacet
facet normal 0 0 0
outer loop
vertex -6.340899e+00 1.819835e+00 1.909954e+01
vertex -3.922632e+00 4.126322e-01 2.066043e+01
vertex -5.348214e+00 3.525853e+00 2.001078e+01
endloop
endfacet
facet normal 0 0 0
outer loop
vertex 2.943336e+00 7.624724e+00 1.145827e+01
vertex 5.020185e+00 7.767746e+00 1.262210e+01
vertex 5.585437e+00 6.604167e+00 1.040166e+01
endloop
endfacet
facet normal 0 0 0
outer loop
vertex -5.348214e+00 3.525853e+00 2.001078e+01
vertex -3.922632e+00 4.126322e-01 2.066043e+01
vertex -3.415348e+00 2.327375e+00 2.125072e+01
endloop
endfacet
facet normal 0 0 0
outer loop
vertex -7.308512e+00 8.642447e-01 5.286617e+00
vertex -8.147923e+00 2.295043e+00 6.808063e+00
vertex -7.286124e+00 2.560921e+00 5.716723e+00
endloop
endfacet
facet normal 0 0 0
outer loop
vertex 8.905416e+00 -5.554755e+00 2.219171e+01
vertex 9.609476e+00 -3.403100e+00 2.132113e+01
vertex 7.780006e+00 -3.314571e+00 2.260143e+01
endloop
endfacet
facet normal 0 0 0
outer loop
vertex -3.457237e-01 -4.907256e+00 2.100004e+01
vertex -9.161872e-01 -1.914050e+00 2.138148e+01
vertex -2.537037e+00 -3.776446e+00 2.035973e+01
endloop
endfacet
facet normal 0 0 0
outer loop
vertex 7.051587e+00 -1.253532e+01 1.479412e+01
vertex 5.216670e+00 -1.341758e+01 1.359736e+01
vertex 6.753393e+00 -1.223473e+01 1.345856e+01
endloop
endfacet
facet normal 0 0 0
outer loop
vertex 6.753393e+00 -1.223473e+01 1.345856e+01
vertex 5.216670e+00 -1.341758e+01 1.359736e+01
vertex 6.354470e+00 -1.150667e+01 1.243923e+01
endloop
endfacet
facet normal 0 0 0
outer loop
vertex 1.384383e+01 -7.627843e+00 1.643391e+01
vertex 1.376933e+01 -8.824169e+00 1.858361e+01
vertex 1.370048e+01 -8.176719e+00 1.640873e+01
endloop
endfacet
facet normal 0 0 0
outer loop
vertex 4.068255e+00 -5.288103e+00 2.267509e+01
vertex 1.949605e+00 -6.967542e+00 2.149287e+01
vertex 3.772705e+00 -7.339637e+00 2.214109e+01
endloop
endfacet
facet normal 0 0 0
outer loop
vertex 4.068255e+00 -5.288103e+00 2.267509e+01
vertex 1.457498e+00 -4.978517e+00 2.170147e+01
vertex 1.949605e+00 -6.967542e+00 2.149287e+01
endloop
endfacet
facet normal 0 0 0
outer loop
vertex 2.943336e+00 7.624724e+00 1.145827e+01
vertex 3.429689e+00 6.570087e+00 9.439968e+00
vertex 4.427779e-01 7.273399e+00 9.814772e+00
endloop
endfacet
facet normal 0 0 0
outer loop
vertex 1.106471e+01 -6.113212e+00 2.075907e+01
vertex 9.609476e+00 -3.403100e+00 2.132113e+01
vertex 8.905416e+00 -5.554755e+00 2.219171e+01
endloop
endfacet
facet normal 0 0 0
outer loop
vertex -6.627019e+00 -2.971644e+00 3.827545e+00
vertex -7.772745e+00 -2.556083e+00 4.982511e+00
vertex -6.662042e+00 -1.815602e+00 3.734082e+00
endloop
endfacet
facet normal 0 0 0
outer loop
vertex -1.517932e+00 -5.339225e+00 4.424646e+00
vertex -3.572769e+00 -3.563478e+00 3.049797e+00
vertex -1.616200e+00 -3.966029e+00 2.583835e+00
endloop
endfacet
facet normal 0 0 0
outer loop
vertex -6.831978e+00 -7.372445e-01 4.235981e+00
vertex -5.551340e+00 -1.075121e+00 2.485653e+00
vertex -6.662042e+00 -1.815602e+00 3.734082e+00
endloop
endfacet
facet normal 0 0 0
outer loop
vertex -6.627019e+00 -2.971644e+00 3.827545e+00
vertex -6.662042e+00 -1.815602e+00 3.734082e+00
vertex -5.551340e+00 -1.075121e+00 2.485653e+00
endloop
endfacet
facet normal 0 0 0
outer loop
vertex -5.018607e-01 -7.742236e+00 7.205637e+00
vertex 1.534828e+00 -9.137347e+00 8.065490e+00
vertex -6.048848e-02 -9.624117e+00 9.568368e+00
endloop
endfacet
facet normal 0 0 0
outer loop
vertex -1.658781e+00 -6.863485e+00 2.008144e+01
vertex -1.677758e+00 -8.915844e+00 1.965707e+01
vertex 3.318514e-01 -8.598165e+00 2.051943e+01
endloop
endfacet
facet normal 0 0 0
outer loop
vertex -4.150395e+00 -1.043846e+01 1.521377e+01
vertex -4.166132e+00 -9.720212e+00 1.202898e+01
vertex -1.862583e+00 -1.105181e+01 1.401831e+01
endloop
endfacet
facet normal 0 0 0
outer loop
vertex -5.600276e+00 -9.584301e+00 1.388996e+01
vertex -4.166132e+00 -9.720212e+00 1.202898e+01
vertex -4.150395e+00 -1.043846e+01 1.521377e+01
endloop
endfacet
facet normal 0 0 0
outer loop
vertex -2.856901e-01 3.712839e+00 2.999774e+00
vertex 5.500903e-01 4.380324e+00 4.174462e+00
vertex 4.272990e-01 3.453588e+00 2.594565e+00
endloop
endfacet
facet normal 0 0 0
outer loop
vertex 5.500903e-01 4.380324e+00 4.174462e+00
vertex 2.715748e+00 3.838765e+00 3.902761e+00
vertex 4.272990e-01 3.453588e+00 2.594565e+00
endloop
endfacet
facet normal 0 0 0
outer loop
vertex -9.258779e-01 1.182062e+01 1.939804e+01
vertex 2.099702e-01 1.223270e+01 2.004564e+01
vertex 2.260512e-01 1.133435e+01 1.817517e+01
endloop
endfacet
facet normal 0 0 0
outer loop
vertex 3.670821e-01 1.261012e-01 2.230531e+01
vertex -1.894990e+00 2.264477e-01 2.142762e+01
vertex -9.161872e-01 -1.914050e+00 2.138148e+01
endloop
endfacet
facet normal 0 0 0
outer loop
vertex 8.785378e+00 6.021607e-01 1.934790e+01
vertex 7.339446e+00 2.072849e+00 2.159091e+01
vertex 9.115856e+00 -9.377129e-01 2.076007e+01
endloop
endfacet
facet normal 0 0 0
outer loop
vertex 9.999278e+00 -1.147963e+01 1.769893e+01
vertex 8.490533e+00 -1.210221e+01 1.643554e+01
vertex 1.013616e+01 -1.057510e+01 1.550984e+01
endloop
endfacet
facet normal 0 0 0
outer loop
vertex 5.603487e+00 5.014857e+00 2.240283e+01
vertex 6.471467e+00 3.543853e+00 2.199687e+01
vertex 6.643530e+00 4.528810e+00 1.987479e+01
endloop
endfacet
facet normal 0 0 0
outer loop
vertex 6.016754e+00 -1.049089e+01 1.116905e+01
vertex 4.103689e+00 -1.064143e+01 1.001243e+01
vertex 6.527438e+00 -8.937453e+00 9.939881e+00
endloop
endfacet
facet normal 0 0 0
outer loop
vertex 4.231772e+00 -9.584760e+00 2.186736e+01
vertex 4.474544e+00 -1.258467e+01 2.135447e+01
vertex 6.002585e+00 -1.080070e+01 2.232344e+01
endloop
endfacet
facet normal 0 0 0
outer loop
vertex -8.273416e+00 -3.672253e+00 5.651709e+00
vertex -9.416507e+00 -3.495030e+00 6.837668e+00
vertex -7.772745e+00 -2.556083e+00 4.982511e+00
endloop
endfacet
facet normal 0 0 0
outer loop
vertex -6.939166e+00 -8.671905e+00 1.211466e+01
vertex -4.670326e+00 -8.502648e+00 1.044367e+01
vertex -4.166132e+00 -9.720212e+00 1.202898e+01
endloop
endfacet
facet normal 0 0 0
outer loop
vertex 1.221637e+01 -3.102296e+00 1.113307e+01
vertex 1.269846e+01 -3.130305e+00 1.236116e+01
vertex 1.272843e+01 -4.356448e+00 1.191247e+01
endloop
endfacet
facet normal 0 0 0
outer loop
vertex 1.221637e+01 -3.102296e+00 1.113307e+01
vertex 1.272843e+01 -4.356448e+00 1.191247e+01
vertex 1.202055e+01 -4.390023e+00 1.080208e+01
endloop
endfacet
facet normal 0 0 0
outer loop
vertex 1.202055e+01 -4.390023e+00 1.080208e+01
vertex 1.272843e+01 -4.356448e+00 1.191247e+01
vertex 1.309693e+01 -5.753880e+00 1.231037e+01
endloop
endfacet
facet normal 0 0 0
outer loop
vertex 5.414520e+00 7.171285e+00 1.946904e+01
vertex 5.645437e+00 5.878834e+00 2.088799e+01
vertex 6.643530e+00 4.528810e+00 1.987479e+01
endloop
endfacet
facet normal 0 0 0
outer loop
vertex 7.605968e+00 4.925825e-01 4.979484e+00
vertex 7.654141e+00 3.345112e+00 4.555618e+00
vertex 8.644129e+00 1.779819e+00 5.960914e+00
endloop
endfacet
facet normal 0 0 0
outer loop
vertex 7.339446e+00 2.072849e+00 2.159091e+01
vertex 8.785378e+00 6.021607e-01 1.934790e+01
vertex 7.801396e+00 2.653546e+00 1.919443e+01
endloop
endfacet
facet normal 0 0 0
outer loop
vertex -3.532971e+00 1.018896e+01 1.781498e+01
vertex -3.210336e+00 1.046459e+01 1.740483e+01
vertex -4.210669e+00 9.285723e+00 1.630268e+01
endloop
endfacet
facet normal 0 0 0
outer loop
vertex -8.947798e+00 2.507148e+00 8.698684e+00
vertex -8.142558e+00 3.511361e+00 1.070600e+01
vertex -8.086855e+00 4.168198e+00 8.008994e+00
endloop
endfacet
facet normal 0 0 0
outer loop
vertex -4.772748e+00 -6.273738e+00 7.410109e+00
vertex -6.573795e+00 -5.970343e+00 7.931567e+00
vertex -6.393869e+00 -4.719861e+00 6.114722e+00
endloop
endfacet
facet normal 0 0 0
outer loop
vertex -4.166132e+00 -9.720212e+00 1.202898e+01
vertex -4.670326e+00 -8.502648e+00 1.044367e+01
vertex -2.361671e+00 -9.313796e+00 1.034117e+01
endloop
endfacet
facet normal 0 0 0
outer loop
vertex 2.665807e+00 -9.826105e+00 8.956937e+00
vertex 1.534828e+00 -9.137347e+00 8.065490e+00
vertex 3.497100e+00 -8.923005e+00 7.820746e+00
endloop
endfacet
facet normal 0 0 0
outer loop
vertex 3.497100e+00 -8.923005e+00 7.820746e+00
vertex 1.534828e+00 -9.137347e+00 8.065490e+00
vertex 1.222356e+00 -7.704475e+00 6.254192e+00
endloop
endfacet
facet normal 0 0 0
outer loop
vertex -2.688384e+00 -6.894443e+00 7.178070e+00
vertex -4.772748e+00 -6.273738e+00 7.410109e+00
vertex -3.365647e+00 -5.370443e+00 5.431498e+00
endloop
endfacet
facet normal 0 0 0
outer loop
vertex 2.471485e+00 2.771733e+00 2.053727e+00
vertex 2.715748e+00 3.838765e+00 3.902761e+00
vertex 5.603487e+00 2.391830e+00 2.391243e+00
endloop
endfacet
facet normal 0 0 0
outer loop
vertex 5.603487e+00 2.391830e+00 2.391243e+00
vertex 2.715748e+00 3.838765e+00 3.902761e+00
vertex 5.593610e+00 4.111298e+00 5.195906e+00
endloop
endfacet
facet normal 0 0 0
outer loop
vertex 6.471467e+00 3.543853e+00 2.199687e+01
vertex 7.339446e+00 2.072849e+00 2.159091e+01
vertex 6.643530e+00 4.528810e+00 1.987479e+01
endloop
endfacet
facet normal 0 0 0
outer loop
vertex -6.561335e+00 -2.721872e+00 1.840510e+01
vertex -7.160601e+00 -1.952122e-01 1.827542e+01
vertex -8.135816e+00 -1.890542e+00 1.737793e+01
endloop
endfacet
facet normal 0 0 0
outer loop
vertex -9.749253e+00 -4.272273e+00 7.248304e+00
vertex -1.029919e+01 -4.182045e+00 7.827785e+00
vertex -9.416507e+00 -3.495030e+00 6.837668e+00
endloop
endfacet
facet normal 0 0 0
outer loop
vertex -1.895420e+00 9.823423e+00 1.557078e+01
vertex -3.210336e+00 1.046459e+01 1.740483e+01
vertex -1.334966e+00 1.081057e+01 1.743470e+01
endloop
endfacet
facet normal 0 0 0
outer loop
vertex 5.955092e+00 -1.347969e+01 1.521218e+01
vertex 6.693515e+00 -1.354180e+01 1.682699e+01
vertex 4.277223e+00 -1.298080e+01 1.589831e+01
endloop
endfacet
facet normal 0 0 0
outer loop
vertex 6.693515e+00 -1.354180e+01 1.682699e+01
vertex 5.955092e+00 -1.347969e+01 1.521218e+01
vertex 7.051587e+00 -1.253532e+01 1.479412e+01
endloop
endfacet
facet normal 0 0 0
outer loop
vertex -6.627019e+00 -2.971644e+00 3.827545e+00
vertex -6.393869e+00 -4.719861e+00 6.114722e+00
vertex -8.273416e+00 -3.672253e+00 5.651709e+00
endloop
endfacet
facet normal 0 0 0
outer loop
vertex -6.627019e+00 -2.971644e+00 3.827545e+00
vertex -5.234078e+00 -3.757507e+00 4.183743e+00
vertex -6.393869e+00 -4.719861e+00 6.114722e+00
endloop
endfacet
facet normal 0 0 0
outer loop
vertex 5.216670e+00 -1.341758e+01 1.359736e+01
vertex 5.955092e+00 -1.347969e+01 1.521218e+01
vertex 4.277223e+00 -1.298080e+01 1.589831e+01
endloop
endfacet
facet normal 0 0 0
outer loop
vertex 5.955092e+00 -1.347969e+01 1.521218e+01
vertex 5.216670e+00 -1.341758e+01 1.359736e+01
vertex 7.051587e+00 -1.253532e+01 1.479412e+01
endloop
endfacet
facet normal 0 0 0
outer loop
vertex -5.295968e+00 -2.417169e+00 2.369229e+00
vertex -5.234078e+00 -3.757507e+00 4.183743e+00
vertex -6.627019e+00 -2.971644e+00 3.827545e+00
endloop
endfacet
facet normal 0 0 0
outer loop
vertex -7.772745e+00 -2.556083e+00 4.982511e+00
vertex -6.627019e+00 -2.971644e+00 3.827545e+00
vertex -8.273416e+00 -3.672253e+00 5.651709e+00
endloop
endfacet
facet normal 0 0 0
outer loop
vertex 2.820002e+00 1.179791e+01 2.023755e+01
vertex 3.689022e+00 1.094820e+01 1.878506e+01
vertex 1.898041e+00 1.115879e+01 1.844666e+01
endloop
endfacet
facet normal 0 0 0
outer loop
vertex 1.898041e+00 1.115879e+01 1.844666e+01
vertex 3.689022e+00 1.094820e+01 1.878506e+01
vertex 2.517166e+00 1.010121e+01 1.647470e+01
endloop
endfacet
facet normal 0 0 0
outer loop
vertex -2.949851e+00 -1.083952e+01 1.876134e+01
vertex -3.626631e+00 -9.515019e+00 1.876165e+01
vertex -4.823560e+00 -1.039910e+01 1.810690e+01
endloop
endfacet
facet normal 0 0 0
outer loop
vertex -3.092711e+00 4.932777e+00 5.917293e+00
vertex -4.688016e+00 4.546337e+00 5.731777e+00
vertex -3.265991e+00 5.772435e+00 7.630989e+00
endloop
endfacet
facet normal 0 0 0
outer loop
vertex -8.163887e+00 -4.792387e+00 1.701484e+01
vertex -8.135816e+00 -1.890542e+00 1.737793e+01
vertex -9.121403e+00 -3.927905e+00 1.643260e+01
endloop
endfacet
facet normal 0 0 0
outer loop
vertex -3.265991e+00 5.772435e+00 7.630989e+00
vertex -1.415701e+00 5.401632e+00 6.431048e+00
vertex -3.092711e+00 4.932777e+00 5.917293e+00
endloop
endfacet
facet normal 0 0 0
outer loop
vertex -3.457237e-01 -4.907256e+00 2.100004e+01
vertex 1.312089e+00 -2.643748e+00 2.211793e+01
vertex -9.161872e-01 -1.914050e+00 2.138148e+01
endloop
endfacet
facet normal 0 0 0
outer loop
vertex 9.620826e+00 5.066048e+00 9.010885e+00
vertex 1.069861e+01 2.079332e+00 1.050962e+01
vertex 1.010025e+01 4.013835e+00 8.362715e+00
endloop
endfacet
facet normal 0 0 0
outer loop
vertex 1.949605e+00 -6.967542e+00 2.149287e+01
vertex 1.457498e+00 -4.978517e+00 2.170147e+01
vertex -3.457237e-01 -4.907256e+00 2.100004e+01
endloop
endfacet
facet normal 0 0 0
outer loop
vertex 9.647080e+00 3.807235e+00 1.107243e+01
vertex 1.069861e+01 2.079332e+00 1.050962e+01
vertex 9.620826e+00 5.066048e+00 9.010885e+00
endloop
endfacet
facet normal 0 0 0
outer loop
vertex -5.148782e+00 -4.497288e+00 1.920492e+01
vertex -6.561335e+00 -2.721872e+00 1.840510e+01
vertex -6.463722e+00 -4.665154e+00 1.824516e+01
endloop
endfacet
facet normal 0 0 0
outer loop
vertex -2.417785e+00 6.752041e+00 9.413350e+00
vertex 4.427779e-01 7.273399e+00 9.814772e+00
vertex -1.143134e+00 6.316239e+00 8.228827e+00
endloop
endfacet
facet normal 0 0 0
outer loop
vertex 6.471467e+00 3.543853e+00 2.199687e+01
vertex 5.603487e+00 4.057326e+00 2.286838e+01
vertex 7.339446e+00 2.072849e+00 2.159091e+01
endloop
endfacet
facet normal 0 0 0
outer loop
vertex -5.874720e-02 -1.172229e+01 1.729740e+01
vertex -8.107144e-01 -1.166284e+01 1.560661e+01
vertex 2.159939e+00 -1.252052e+01 1.470355e+01
endloop
endfacet
facet normal 0 0 0
outer loop
vertex 2.245934e+00 -1.233152e+01 1.728049e+01
vertex -5.874720e-02 -1.172229e+01 1.729740e+01
vertex 2.159939e+00 -1.252052e+01 1.470355e+01
endloop
endfacet
facet normal 0 0 0
outer loop
vertex -5.148782e+00 -4.497288e+00 1.920492e+01
vertex -6.463722e+00 -4.665154e+00 1.824516e+01
vertex -5.758536e+00 -6.891989e+00 1.844800e+01
endloop
endfacet
facet normal 0 0 0
outer loop
vertex -4.210662e+00 -3.400275e-01 9.721511e-01
vertex -4.963818e+00 9.102664e-01 2.261823e+00
vertex -4.357399e+00 1.027515e+00 1.508014e+00
endloop
endfacet
facet normal 0 0 0
outer loop
vertex -1.658781e+00 -6.863485e+00 2.008144e+01
vertex -2.537037e+00 -3.776446e+00 2.035973e+01
vertex -3.573614e+00 -6.073263e+00 1.948172e+01
endloop
endfacet
facet normal 0 0 0
outer loop
vertex 6.643530e+00 4.528810e+00 1.987479e+01
vertex 7.339446e+00 2.072849e+00 2.159091e+01
vertex 7.801396e+00 2.653546e+00 1.919443e+01
endloop
endfacet
facet normal 0 0 0
outer loop
vertex 5.477029e+00 -7.420774e+00 2.280125e+01
vertex 3.772705e+00 -7.339637e+00 2.214109e+01
vertex 4.231772e+00 -9.584760e+00 2.186736e+01
endloop
endfacet
facet normal 0 0 0
outer loop
vertex -5.291962e+00 6.587376e+00 2.012447e+01
vertex -4.628734e+00 5.073672e+00 2.070803e+01
vertex -4.617746e+00 6.582968e+00 2.076101e+01
endloop
endfacet
facet normal 0 0 0
outer loop
vertex -9.311969e+00 1.405472e+00 1.091713e+01
vertex -1.002379e+01 -2.019156e-01 1.261735e+01
vertex -8.642229e+00 2.205121e+00 1.275847e+01
endloop
endfacet
facet normal 0 0 0
outer loop
vertex -7.160601e+00 -1.952122e-01 1.827542e+01
vertex -6.561335e+00 -2.721872e+00 1.840510e+01
vertex -4.623184e+00 -1.997859e+00 1.987607e+01
endloop
endfacet
facet normal 0 0 0
outer loop
vertex -5.148782e+00 8.047181e+00 1.429544e+01
vertex -4.392286e+00 8.850051e+00 1.447999e+01
vertex -5.148782e+00 7.816679e+00 1.260797e+01
endloop
endfacet
facet normal 0 0 0
outer loop
vertex -8.455876e+00 2.065240e+00 1.502040e+01
vertex -8.642229e+00 2.205121e+00 1.275847e+01
vertex -9.221902e+00 9.346248e-01 1.395723e+01
endloop
endfacet
facet normal 0 0 0
outer loop
vertex 6.566625e+00 -1.307642e+01 2.208517e+01
vertex 4.474544e+00 -1.258467e+01 2.135447e+01
vertex 5.263019e+00 -1.296307e+01 1.927938e+01
endloop
endfacet
facet normal 0 0 0
outer loop
vertex -4.210669e+00 9.285723e+00 1.630268e+01
vertex -4.392286e+00 8.850051e+00 1.447999e+01
vertex -5.148782e+00 8.047181e+00 1.429544e+01
endloop
endfacet
facet normal 0 0 0
outer loop
vertex -7.730886e+00 3.839443e+00 1.262692e+01
vertex -6.849086e+00 5.403051e+00 1.258528e+01
vertex -8.142558e+00 3.511361e+00 1.070600e+01
endloop
endfacet
facet normal 0 0 0
outer loop
vertex 2.773019e+00 -1.218472e+01 2.076017e+01
vertex 3.194921e+00 -1.245329e+01 1.884519e+01
vertex 5.263019e+00 -1.296307e+01 1.927938e+01
endloop
endfacet
facet normal 0 0 0
outer loop
vertex 9.600702e+00 2.103646e+00 7.431126e+00
vertex 1.010025e+01 4.013835e+00 8.362715e+00
vertex 1.068847e+01 1.934394e+00 9.096216e+00
endloop
endfacet
facet normal 0 0 0
outer loop
vertex 8.877193e+00 3.679474e+00 6.459167e+00
vertex 1.010025e+01 4.013835e+00 8.362715e+00
vertex 9.600702e+00 2.103646e+00 7.431126e+00
endloop
endfacet
facet normal 0 0 0
outer loop
vertex 1.227104e+01 -9.222393e+00 1.601606e+01
vertex 1.013616e+01 -1.057510e+01 1.550984e+01
vertex 1.141109e+01 -9.283586e+00 1.449823e+01
endloop
endfacet
facet normal 0 0 0
outer loop
vertex 1.013616e+01 -1.057510e+01 1.550984e+01
vertex 1.042339e+01 -9.550315e+00 1.327025e+01
vertex 1.141109e+01 -9.283586e+00 1.449823e+01
endloop
endfacet
facet normal 0 0 0
outer loop
vertex -7.605187e+00 3.297373e+00 1.631426e+01
vertex -8.626371e+00 1.304995e+00 1.693791e+01
vertex -7.494789e+00 3.138835e+00 1.801962e+01
endloop
endfacet
facet normal 0 0 0
outer loop
vertex -9.536027e-01 2.574052e+00 1.032939e+00
vertex -4.753602e-01 1.716084e+00 -4.006072e-01
vertex -1.232518e+00 1.757547e+00 -3.674354e-01
endloop
endfacet
facet normal 0 0 0
outer loop
vertex -1.895420e+00 9.823423e+00 1.557078e+01
vertex -4.392286e+00 8.850051e+00 1.447999e+01
vertex -3.801311e+00 9.657323e+00 1.594241e+01
endloop
endfacet
facet normal 0 0 0
outer loop
vertex -3.801311e+00 9.657323e+00 1.594241e+01
vertex -4.392286e+00 8.850051e+00 1.447999e+01
vertex -4.210669e+00 9.285723e+00 1.630268e+01
endloop
endfacet
facet normal 0 0 0
outer loop
vertex 2.517166e+00 1.010121e+01 1.647470e+01
vertex 2.144439e+00 8.730947e+00 1.346560e+01
vertex 4.007429e-01 9.543467e+00 1.450051e+01
endloop
endfacet
facet normal 0 0 0
outer loop
vertex -9.416507e+00 -3.495030e+00 6.837668e+00
vertex -8.622028e+00 -1.054323e+00 6.468959e+00
vertex -7.772745e+00 -2.556083e+00 4.982511e+00
endloop
endfacet
facet normal 0 0 0
outer loop
vertex 6.337884e+00 -5.344908e+00 6.145442e+00
vertex 4.270359e+00 -5.878953e+00 5.254148e+00
vertex 4.989447e+00 -4.470343e+00 4.317357e+00
endloop
endfacet
facet normal 0 0 0
outer loop
vertex 4.979416e-01 2.376894e+00 7.695112e-01
vertex 4.980718e-01 1.588016e+00 -4.932676e-01
vertex -4.753602e-01 1.716084e+00 -4.006072e-01
endloop
endfacet
facet normal 0 0 0
outer loop
vertex -9.536027e-01 2.574052e+00 1.032939e+00
vertex 4.979416e-01 2.376894e+00 7.695112e-01
vertex -4.753602e-01 1.716084e+00 -4.006072e-01
endloop
endfacet
facet normal 0 0 0
outer loop
vertex 2.517166e+00 1.010121e+01 1.647470e+01
vertex 4.007429e-01 9.543467e+00 1.450051e+01
vertex 3.324338e-01 1.037146e+01 1.620417e+01
endloop
endfacet
facet normal 0 0 0
outer loop
vertex 1.232321e+01 -8.456944e+00 2.027300e+01
vertex 1.106471e+01 -6.113212e+00 2.075907e+01
vertex 1.085026e+01 -8.299058e+00 2.128883e+01
endloop
endfacet
facet normal 0 0 0
outer loop
vertex 1.108561e+01 -1.085971e+01 2.156483e+01
vertex 1.232321e+01 -8.456944e+00 2.027300e+01
vertex 1.085026e+01 -8.299058e+00 2.128883e+01
endloop
endfacet
facet normal 0 0 0
outer loop
vertex -4.623184e+00 -1.997859e+00 1.987607e+01
vertex -2.843220e+00 -1.656675e+00 2.066870e+01
vertex -3.922632e+00 4.126322e-01 2.066043e+01
endloop
endfacet
facet normal 0 0 0
outer loop
vertex -2.949851e+00 -1.083952e+01 1.876134e+01
vertex -4.823560e+00 -1.039910e+01 1.810690e+01
vertex -3.119471e+00 -1.099739e+01 1.629477e+01
endloop
endfacet
facet normal 0 0 0
outer loop
vertex 2.159939e+00 -1.252052e+01 1.470355e+01
vertex 2.022697e+00 -1.205982e+01 1.183775e+01
vertex 3.590255e+00 -1.272619e+01 1.270135e+01
endloop
endfacet
facet normal 0 0 0
outer loop
vertex -5.744871e+00 7.251292e+00 1.295483e+01
vertex -5.148782e+00 8.047181e+00 1.429544e+01
vertex -5.148782e+00 7.816679e+00 1.260797e+01
endloop
endfacet
facet normal 0 0 0
outer loop
vertex 7.003872e+00 -6.214497e+00 2.365242e+01
vertex 7.780006e+00 -3.314571e+00 2.260143e+01
vertex 5.923480e+00 -3.038646e+00 2.386850e+01
endloop
endfacet
facet normal 0 0 0
outer loop
vertex 7.780006e+00 -3.314571e+00 2.260143e+01
vertex 7.003872e+00 -6.214497e+00 2.365242e+01
vertex 8.905416e+00 -5.554755e+00 2.219171e+01
endloop
endfacet
facet normal 0 0 0
outer loop
vertex 1.265164e+01 -1.014729e+01 1.979827e+01
vertex 1.184120e+01 -1.015933e+01 1.775531e+01
vertex 1.376933e+01 -8.824169e+00 1.858361e+01
endloop
endfacet
facet normal 0 0 0
outer loop
vertex -3.265991e+00 5.772435e+00 7.630989e+00
vertex -2.417785e+00 6.752041e+00 9.413350e+00
vertex -1.143134e+00 6.316239e+00 8.228827e+00
endloop
endfacet
facet normal 0 0 0
outer loop
vertex 1.042339e+01 -9.550315e+00 1.327025e+01
vertex 1.089661e+01 -7.839283e+00 1.185438e+01
vertex 1.207291e+01 -8.322020e+00 1.318220e+01
endloop
endfacet
facet normal 0 0 0
outer loop
vertex -3.251626e+00 7.796152e+00 1.185005e+01
vertex -5.148782e+00 7.816679e+00 1.260797e+01
vertex -4.392286e+00 8.850051e+00 1.447999e+01
endloop
endfacet
facet normal 0 0 0
outer loop
vertex -6.939166e+00 -8.671905e+00 1.211466e+01
vertex -8.077157e+00 -7.471911e+00 1.094983e+01
vertex -6.072422e+00 -7.269983e+00 9.460753e+00
endloop
endfacet
facet normal 0 0 0
outer loop
vertex 1.141109e+01 -9.283586e+00 1.449823e+01
vertex 1.042339e+01 -9.550315e+00 1.327025e+01
vertex 1.207291e+01 -8.322020e+00 1.318220e+01
endloop
endfacet
facet normal 0 0 0
outer loop
vertex 7.318531e+00 -1.359438e+01 1.819380e+01
vertex 9.085821e+00 -1.264265e+01 1.906941e+01
vertex 8.448825e+00 -1.368945e+01 2.066558e+01
endloop
endfacet
facet normal 0 0 0
outer loop
vertex 1.232321e+01 -8.456944e+00 2.027300e+01
vertex 1.153395e+01 -1.147041e+01 2.101293e+01
vertex 1.265164e+01 -1.014729e+01 1.979827e+01
endloop
endfacet
facet normal 0 0 0
outer loop
vertex -1.862583e+00 -1.105181e+01 1.401831e+01
vertex 5.522440e-01 -1.188113e+01 1.392417e+01
vertex -8.107144e-01 -1.166284e+01 1.560661e+01
endloop
endfacet
facet normal 0 0 0
outer loop
vertex -8.189260e+00 -5.174699e+00 7.677969e+00
vertex -9.749253e+00 -4.272273e+00 7.248304e+00
vertex -8.273416e+00 -3.672253e+00 5.651709e+00
endloop
endfacet
facet normal 0 0 0
outer loop
vertex -9.416507e+00 -3.495030e+00 6.837668e+00
vertex -1.087464e+01 -3.029464e+00 8.896023e+00
vertex -9.881334e+00 -1.207640e+00 8.058740e+00
endloop
endfacet
facet normal 0 0 0
outer loop
vertex -4.459056e+00 6.465157e+00 9.526718e+00
vertex -2.417785e+00 6.752041e+00 9.413350e+00
vertex -3.265991e+00 5.772435e+00 7.630989e+00
endloop
endfacet
facet normal 0 0 0
outer loop
vertex -5.841505e+00 5.723358e+00 1.961725e+01
vertex -5.851222e+00 6.014360e+00 1.812954e+01
vertex -6.528392e+00 4.651736e+00 1.894303e+01
endloop
endfacet
facet normal 0 0 0
outer loop
vertex -6.627019e+00 -2.971644e+00 3.827545e+00
vertex -5.551340e+00 -1.075121e+00 2.485653e+00
vertex -5.295968e+00 -2.417169e+00 2.369229e+00
endloop
endfacet
facet normal 0 0 0
outer loop
vertex 1.019823e+01 4.318219e-01 1.499419e+01
vertex 9.875382e+00 -1.344693e-01 1.703964e+01
vertex 1.104169e+01 -1.827532e+00 1.603387e+01
endloop
endfacet
facet normal 0 0 0
outer loop
vertex 4.277223e+00 -1.298080e+01 1.589831e+01
vertex 6.693515e+00 -1.354180e+01 1.682699e+01
vertex 4.387010e+00 -1.288079e+01 1.746834e+01
endloop
endfacet
facet normal 0 0 0
outer loop
vertex -9.416507e+00 -3.495030e+00 6.837668e+00
vertex -8.273416e+00 -3.672253e+00 5.651709e+00
vertex -9.749253e+00 -4.272273e+00 7.248304e+00
endloop
endfacet
facet normal 0 0 0
outer loop
vertex 1.417774e-01 -6.877463e+00 2.079344e+01
vertex -3.457237e-01 -4.907256e+00 2.100004e+01
vertex -1.658781e+00 -6.863485e+00 2.008144e+01
endloop
endfacet
facet normal 0 0 0
outer loop
vertex 8.138682e+00 -9.550315e+00 2.342545e+01
vertex 9.715075e+00 -1.007515e+01 2.239980e+01
vertex 9.449733e+00 -7.868038e+00 2.220615e+01
endloop
endfacet
facet normal 0 0 0
outer loop
vertex -1.889732e+00 1.234993e+01 2.126867e+01
vertex -1.827425e+00 1.235365e+01 2.082697e+01
vertex -2.506891e+00 1.153513e+01 1.994817e+01
endloop
endfacet
facet normal 0 0 0
outer loop
vertex 9.897872e+00 -1.279970e+01 2.108631e+01
vertex 8.448825e+00 -1.368945e+01 2.066558e+01
vertex 9.085821e+00 -1.264265e+01 1.906941e+01
endloop
endfacet
facet normal 0 0 0
outer loop
vertex 1.085026e+01 -8.299058e+00 2.128883e+01
vertex 1.106471e+01 -6.113212e+00 2.075907e+01
vertex 9.449733e+00 -7.868038e+00 2.220615e+01
endloop
endfacet
facet normal 0 0 0
outer loop
vertex -5.148782e+00 -4.497288e+00 1.920492e+01
vertex -2.537037e+00 -3.776446e+00 2.035973e+01
vertex -4.623184e+00 -1.997859e+00 1.987607e+01
endloop
endfacet
facet normal 0 0 0
outer loop
vertex 5.553643e+00 5.469933e+00 7.981736e+00
vertex 3.429689e+00 6.570087e+00 9.439968e+00
vertex 5.585437e+00 6.604167e+00 1.040166e+01
endloop
endfacet
facet normal 0 0 0
outer loop
vertex -8.135816e+00 -1.890542e+00 1.737793e+01
vertex -9.540304e+00 -6.343400e-02 1.606508e+01
vertex -1.045165e+01 -1.490153e+00 1.519427e+01
endloop
endfacet
facet normal 0 0 0
outer loop
vertex -9.121403e+00 -3.927905e+00 1.643260e+01
vertex -8.135816e+00 -1.890542e+00 1.737793e+01
vertex -1.045165e+01 -1.490153e+00 1.519427e+01
endloop
endfacet
facet normal 0 0 0
outer loop
vertex 2.960591e-01 1.112329e+00 -1.344691e+00
vertex 2.592561e+00 1.006214e+00 -7.890138e-01
vertex 1.353527e+00 4.161632e-01 -2.094399e+00
endloop
endfacet
facet normal 0 0 0
outer loop
vertex 3.756590e+00 -2.679392e+00 2.308118e+01
vertex 1.312089e+00 -2.643748e+00 2.211793e+01
vertex 2.573654e+00 -3.919527e+00 2.235967e+01
endloop
endfacet
facet normal 0 0 0
outer loop
vertex -1.895420e+00 9.823423e+00 1.557078e+01
vertex -3.801311e+00 9.657323e+00 1.594241e+01
vertex -3.210336e+00 1.046459e+01 1.740483e+01
endloop
endfacet
facet normal 0 0 0
outer loop
vertex 3.999909e+00 8.873308e+00 1.458077e+01
vertex 2.517166e+00 1.010121e+01 1.647470e+01
vertex 5.095953e+00 9.522313e+00 1.642836e+01
endloop
endfacet
facet normal 0 0 0
outer loop
vertex 2.517166e+00 1.010121e+01 1.647470e+01
vertex 3.999909e+00 8.873308e+00 1.458077e+01
vertex 2.144439e+00 8.730947e+00 1.346560e+01
endloop
endfacet
facet normal 0 0 0
outer loop
vertex -1.616200e+00 -3.966029e+00 2.583835e+00
vertex -2.052744e+00 -2.625756e+00 9.648451e-01
vertex 5.087785e-01 -2.991025e+00 1.319484e-01
endloop
endfacet
facet normal 0 0 0
outer loop
vertex 5.087785e-01 -2.991025e+00 1.319484e-01
vertex 7.903839e-01 -4.677919e+00 2.309355e+00
vertex -1.616200e+00 -3.966029e+00 2.583835e+00
endloop
endfacet
facet normal 0 0 0
outer loop
vertex 2.715748e+00 3.838765e+00 3.902761e+00
vertex 2.471485e+00 2.771733e+00 2.053727e+00
vertex 4.272990e-01 3.453588e+00 2.594565e+00
endloop
endfacet
facet normal 0 0 0
outer loop
vertex 3.772705e+00 -7.339637e+00 2.214109e+01
vertex 2.332107e+00 -9.429817e+00 2.114464e+01
vertex 4.231772e+00 -9.584760e+00 2.186736e+01
endloop
endfacet
facet normal 0 0 0
outer loop
vertex -1.895420e+00 9.823423e+00 1.557078e+01
vertex 3.324338e-01 1.037146e+01 1.620417e+01
vertex 4.007429e-01 9.543467e+00 1.450051e+01
endloop
endfacet
facet normal 0 0 0
outer loop
vertex -1.895420e+00 9.823423e+00 1.557078e+01
vertex 4.007429e-01 9.543467e+00 1.450051e+01
vertex -1.300769e+00 9.074550e+00 1.386185e+01
endloop
endfacet
facet normal 0 0 0
outer loop
vertex 3.318514e-01 -8.598165e+00 2.051943e+01
vertex 2.332107e+00 -9.429817e+00 2.114464e+01
vertex 1.949605e+00 -6.967542e+00 2.149287e+01
endloop
endfacet
facet normal 0 0 0
outer loop
vertex 6.643530e+00 4.528810e+00 1.987479e+01
vertex 7.801396e+00 2.653546e+00 1.919443e+01
vertex 7.893302e+00 3.562495e+00 1.734937e+01
endloop
endfacet
facet normal 0 0 0
outer loop
vertex 1.108561e+01 -1.085971e+01 2.156483e+01
vertex 1.085026e+01 -8.299058e+00 2.128883e+01
vertex 9.715075e+00 -1.007515e+01 2.239980e+01
endloop
endfacet
facet normal 0 0 0
outer loop
vertex 8.448825e+00 -1.368945e+01 2.066558e+01
vertex 6.566625e+00 -1.307642e+01 2.208517e+01
vertex 6.889016e+00 -1.332899e+01 2.004554e+01
endloop
endfacet
facet normal 0 0 0
outer loop
vertex 2.473260e+00 -8.548839e-01 2.294224e+01
vertex 1.312089e+00 -2.643748e+00 2.211793e+01
vertex 3.756590e+00 -2.679392e+00 2.308118e+01
endloop
endfacet
facet normal 0 0 0
outer loop
vertex -6.561335e+00 -2.721872e+00 1.840510e+01
vertex -5.148782e+00 -4.497288e+00 1.920492e+01
vertex -4.623184e+00 -1.997859e+00 1.987607e+01
endloop
endfacet
facet normal 0 0 0
outer loop
vertex 4.503809e+00 6.105274e+00 2.329311e+01
vertex 3.638097e+00 8.364668e+00 2.329171e+01
vertex 3.705178e+00 7.592580e+00 2.360157e+01
endloop
endfacet
facet normal 0 0 0
outer loop
vertex 1.108561e+01 -1.085971e+01 2.156483e+01
vertex 9.715075e+00 -1.007515e+01 2.239980e+01
vertex 8.964701e+00 -1.197843e+01 2.326024e+01
endloop
endfacet
facet normal 0 0 0
outer loop
vertex -1.544531e+00 2.255774e+00 2.197891e+01
vertex -2.952004e+00 4.061925e+00 2.178695e+01
vertex -3.415348e+00 2.327375e+00 2.125072e+01
endloop
endfacet
facet normal 0 0 0
outer loop
vertex -6.831978e+00 -7.372445e-01 4.235981e+00
vertex -7.592833e+00 -8.462557e-01 5.202098e+00
vertex -7.308512e+00 8.642447e-01 5.286617e+00
endloop
endfacet
facet normal 0 0 0
outer loop
vertex -8.622028e+00 -1.054323e+00 6.468959e+00
vertex -7.308512e+00 8.642447e-01 5.286617e+00
vertex -7.592833e+00 -8.462557e-01 5.202098e+00
endloop
endfacet
facet normal 0 0 0
outer loop
vertex -6.072422e+00 -7.269983e+00 9.460753e+00
vertex -6.573795e+00 -5.970343e+00 7.931567e+00
vertex -4.772748e+00 -6.273738e+00 7.410109e+00
endloop
endfacet
facet normal 0 0 0
outer loop
vertex -6.573795e+00 -5.970343e+00 7.931567e+00
vertex -6.072422e+00 -7.269983e+00 9.460753e+00
vertex -8.901258e+00 -6.215981e+00 9.503114e+00
endloop
endfacet
facet normal 0 0 0
outer loop
vertex -1.677758e+00 -8.915844e+00 1.965707e+01
vertex -8.678990e-01 -1.132890e+01 1.948850e+01
vertex 6.978011e-01 -1.007842e+01 2.036407e+01
endloop
endfacet
facet normal 0 0 0
outer loop
vertex -1.677758e+00 -8.915844e+00 1.965707e+01
vertex 6.978011e-01 -1.007842e+01 2.036407e+01
vertex 3.318514e-01 -8.598165e+00 2.051943e+01
endloop
endfacet
facet normal 0 0 0
outer loop
vertex 7.483800e+00 7.187414e+00 1.252838e+01
vertex 5.585437e+00 6.604167e+00 1.040166e+01
vertex 5.020185e+00 7.767746e+00 1.262210e+01
endloop
endfacet
facet normal 0 0 0
outer loop
vertex 8.574213e+00 3.971500e+00 6.207491e+00
vertex 9.494286e+00 4.597887e+00 7.859364e+00
vertex 8.877193e+00 3.679474e+00 6.459167e+00
endloop
endfacet
facet normal 0 0 0
outer loop
vertex -7.130226e+00 -8.754804e+00 1.728530e+01
vertex -6.254140e+00 -8.384614e+00 1.794809e+01
vertex -6.843188e+00 -8.014160e+00 1.757803e+01
endloop
endfacet
facet normal 0 0 0
outer loop
vertex -3.251626e+00 7.796152e+00 1.185005e+01
vertex -1.300769e+00 9.074550e+00 1.386185e+01
vertex -1.360009e+00 7.741415e+00 1.118328e+01
endloop
endfacet
facet normal 0 0 0
outer loop
vertex 9.715075e+00 -1.007515e+01 2.239980e+01
vertex 1.085026e+01 -8.299058e+00 2.128883e+01
vertex 9.449733e+00 -7.868038e+00 2.220615e+01
endloop
endfacet
facet normal 0 0 0
outer loop
vertex -1.143134e+00 6.316239e+00 8.228827e+00
vertex 4.427779e-01 7.273399e+00 9.814772e+00
vertex 6.049191e-01 6.121719e+00 7.430304e+00
endloop
endfacet
facet normal 0 0 0
outer loop
vertex -8.622028e+00 -1.054323e+00 6.468959e+00
vertex -7.592833e+00 -8.462557e-01 5.202098e+00
vertex -7.772745e+00 -2.556083e+00 4.982511e+00
endloop
endfacet
facet normal 0 0 0
outer loop
vertex -9.899631e+00 -5.490369e+00 1.568649e+01
vertex -8.163887e+00 -4.792387e+00 1.701484e+01
vertex -9.121403e+00 -3.927905e+00 1.643260e+01
endloop
endfacet
facet normal 0 0 0
outer loop
vertex -9.899631e+00 -5.490369e+00 1.568649e+01
vertex -9.121403e+00 -3.927905e+00 1.643260e+01
vertex -1.039787e+01 -4.076457e+00 1.522631e+01
endloop
endfacet
facet normal 0 0 0
outer loop
vertex -1.360009e+00 7.741415e+00 1.118328e+01
vertex 4.427779e-01 7.273399e+00 9.814772e+00
vertex -2.417785e+00 6.752041e+00 9.413350e+00
endloop
endfacet
facet normal 0 0 0
outer loop
vertex -2.883744e+00 -1.412309e+00 -2.736332e-01
vertex -2.424413e+00 -1.608425e-01 -9.125768e-01
vertex -1.716250e+00 -9.259669e-01 -1.552753e+00
endloop
endfacet
facet normal 0 0 0
outer loop
vertex 4.637125e+00 -1.198192e+01 1.174344e+01
vertex 6.016754e+00 -1.049089e+01 1.116905e+01
vertex 6.354470e+00 -1.150667e+01 1.243923e+01
endloop
endfacet
facet normal 0 0 0
outer loop
vertex 1.694456e+00 -1.055362e+01 9.933649e+00
vertex -6.048848e-02 -9.624117e+00 9.568368e+00
vertex 1.534828e+00 -9.137347e+00 8.065490e+00
endloop
endfacet
facet normal 0 0 0
outer loop
vertex 1.534828e+00 -9.137347e+00 8.065490e+00
vertex -5.018607e-01 -7.742236e+00 7.205637e+00
vertex 1.222356e+00 -7.704475e+00 6.254192e+00
endloop
endfacet
facet normal 0 0 0
outer loop
vertex 1.949605e+00 -6.967542e+00 2.149287e+01
vertex -3.457237e-01 -4.907256e+00 2.100004e+01
vertex 1.417774e-01 -6.877463e+00 2.079344e+01
endloop
endfacet
facet normal 0 0 0
outer loop
vertex -1.658781e+00 -6.863485e+00 2.008144e+01
vertex -3.457237e-01 -4.907256e+00 2.100004e+01
vertex -2.537037e+00 -3.776446e+00 2.035973e+01
endloop
endfacet
facet normal 0 0 0
outer loop
vertex 3.062472e+00 4.713415e+00 5.458332e+00
vertex 5.593610e+00 4.111298e+00 5.195906e+00
vertex 2.715748e+00 3.838765e+00 3.902761e+00
endloop
endfacet
facet normal 0 0 0
outer loop
vertex 6.889016e+00 -1.332899e+01 2.004554e+01
vertex 7.318531e+00 -1.359438e+01 1.819380e+01
vertex 8.448825e+00 -1.368945e+01 2.066558e+01
endloop
endfacet
facet normal 0 0 0
outer loop
vertex 7.654141e+00 3.345112e+00 4.555618e+00
vertex 5.593610e+00 4.111298e+00 5.195906e+00
vertex 7.231425e+00 4.615588e+00 6.904949e+00
endloop
endfacet
facet normal 0 0 0
outer loop
vertex 7.654141e+00 3.345112e+00 4.555618e+00
vertex 7.231425e+00 4.615588e+00 6.904949e+00
vertex 8.574213e+00 3.971500e+00 6.207491e+00
endloop
endfacet
facet normal 0 0 0
outer loop
vertex -6.939166e+00 -8.671905e+00 1.211466e+01
vertex -5.600276e+00 -9.584301e+00 1.388996e+01
vertex -7.724137e+00 -8.742041e+00 1.377956e+01
endloop
endfacet
facet normal 0 0 0
outer loop
vertex 1.023575e+00 -6.074800e+00 4.112420e+00
vertex 1.222356e+00 -7.704475e+00 6.254192e+00
vertex -1.016764e+00 -6.486546e+00 5.744065e+00
endloop
endfacet
facet normal 0 0 0
outer loop
vertex 4.055416e+00 -4.352920e-02 1.045108e+00
vertex 4.033619e+00 1.662050e+00 7.343184e-01
vertex 5.312968e+00 8.312565e-01 2.323723e+00
endloop
endfacet
facet normal 0 0 0
outer loop
vertex -5.348214e+00 3.525853e+00 2.001078e+01
vertex -7.494789e+00 3.138835e+00 1.801962e+01
vertex -6.340899e+00 1.819835e+00 1.909954e+01
endloop
endfacet
facet normal 0 0 0
outer loop
vertex 1.222356e+00 -7.704475e+00 6.254192e+00
vertex 1.023575e+00 -6.074800e+00 4.112420e+00
vertex 2.436808e+00 -6.396079e+00 4.508087e+00
endloop
endfacet
facet normal 0 0 0
outer loop
vertex 4.427779e-01 7.273399e+00 9.814772e+00
vertex -1.360009e+00 7.741415e+00 1.118328e+01
vertex 3.364023e-01 8.373683e+00 1.208167e+01
endloop
endfacet
facet normal 0 0 0
outer loop
vertex -1.415701e+00 5.401632e+00 6.431048e+00
vertex -1.143134e+00 6.316239e+00 8.228827e+00
vertex 6.049191e-01 6.121719e+00 7.430304e+00
endloop
endfacet
facet normal 0 0 0
outer loop
vertex -2.342179e+00 6.344838e+00 2.249272e+01
vertex -1.813575e+00 8.198145e+00 2.307899e+01
vertex -3.591905e+00 7.502437e+00 2.173626e+01
endloop
endfacet
facet normal 0 0 0
outer loop
vertex 8.490533e+00 -1.210221e+01 1.643554e+01
vertex 9.999278e+00 -1.147963e+01 1.769893e+01
vertex 9.085821e+00 -1.264265e+01 1.906941e+01
endloop
endfacet
facet normal 0 0 0
outer loop
vertex 7.085619e+00 6.721571e+00 1.465400e+01
vertex 6.732111e+00 7.928475e+00 1.377439e+01
vertex 5.980421e+00 8.669536e+00 1.502039e+01
endloop
endfacet
facet normal 0 0 0
outer loop
vertex 8.358956e+00 6.327145e+00 1.107343e+01
vertex 7.483800e+00 7.187414e+00 1.252838e+01
vertex 8.217696e+00 5.205232e+00 1.346087e+01
endloop
endfacet
facet normal 0 0 0
outer loop
vertex 6.728815e-01 5.307060e+00 5.754360e+00
vertex 3.372649e+00 5.458386e+00 7.096042e+00
vertex 3.062472e+00 4.713415e+00 5.458332e+00
endloop
endfacet
facet normal 0 0 0
outer loop
vertex 1.202055e+01 -4.390023e+00 1.080208e+01
vertex 1.095730e+01 -2.506474e+00 9.281034e+00
vertex 1.221637e+01 -3.102296e+00 1.113307e+01
endloop
endfacet
facet normal 0 0 0
outer loop
vertex -8.642229e+00 2.205121e+00 1.275847e+01
vertex -7.730886e+00 3.839443e+00 1.262692e+01
vertex -8.142558e+00 3.511361e+00 1.070600e+01
endloop
endfacet
facet normal 0 0 0
outer loop
vertex -7.359752e+00 4.110519e+00 1.447795e+01
vertex -7.730886e+00 3.839443e+00 1.262692e+01
vertex -8.642229e+00 2.205121e+00 1.275847e+01
endloop
endfacet
facet normal 0 0 0
outer loop
vertex 1.231278e+00 5.599060e+00 2.375995e+01
vertex 2.482203e+00 7.077116e+00 2.455678e+01
vertex 7.971766e-02 7.225904e+00 2.363318e+01
endloop
endfacet
facet normal 0 0 0
outer loop
vertex 5.095953e+00 9.522313e+00 1.642836e+01
vertex 3.689022e+00 1.094820e+01 1.878506e+01
vertex 4.667175e+00 9.110131e+00 1.865547e+01
endloop
endfacet
facet normal 0 0 0
outer loop
vertex 5.263019e+00 -1.296307e+01 1.927938e+01
vertex 4.387010e+00 -1.288079e+01 1.746834e+01
vertex 6.693515e+00 -1.354180e+01 1.682699e+01
endloop
endfacet
facet normal 0 0 0
outer loop
vertex 1.086574e+01 -1.150342e+01 1.946038e+01
vertex 1.184120e+01 -1.015933e+01 1.775531e+01
vertex 1.265164e+01 -1.014729e+01 1.979827e+01
endloop
endfacet
facet normal 0 0 0
outer loop
vertex -1.517932e+00 -5.339225e+00 4.424646e+00
vertex -1.616200e+00 -3.966029e+00 2.583835e+00
vertex 7.903839e-01 -4.677919e+00 2.309355e+00
endloop
endfacet
facet normal 0 0 0
outer loop
vertex -1.517932e+00 -5.339225e+00 4.424646e+00
vertex 7.903839e-01 -4.677919e+00 2.309355e+00
vertex 1.023575e+00 -6.074800e+00 4.112420e+00
endloop
endfacet
facet normal 0 0 0
outer loop
vertex 4.637125e+00 -1.198192e+01 1.174344e+01
vertex 4.103689e+00 -1.064143e+01 1.001243e+01
vertex 6.016754e+00 -1.049089e+01 1.116905e+01
endloop
endfacet
facet normal 0 0 0
outer loop
vertex -9.221902e+00 9.346248e-01 1.395723e+01
vertex -8.642229e+00 2.205121e+00 1.275847e+01
vertex -1.002379e+01 -2.019156e-01 1.261735e+01
endloop
endfacet
facet normal 0 0 0
outer loop
vertex -9.747724e+00 -8.695415e-02 1.441269e+01
vertex -9.540304e+00 -6.343400e-02 1.606508e+01
vertex -9.221902e+00 9.346248e-01 1.395723e+01
endloop
endfacet
facet normal 0 0 0
outer loop
vertex -9.747724e+00 -8.695415e-02 1.441269e+01
vertex -1.045165e+01 -1.490153e+00 1.519427e+01
vertex -9.540304e+00 -6.343400e-02 1.606508e+01
endloop
endfacet
facet normal 0 0 0
outer loop
vertex -1.300769e+00 9.074550e+00 1.386185e+01
vertex -4.392286e+00 8.850051e+00 1.447999e+01
vertex -1.895420e+00 9.823423e+00 1.557078e+01
endloop
endfacet
facet normal 0 0 0
outer loop
vertex -5.744871e+00 7.251292e+00 1.295483e+01
vertex -6.347827e+00 6.464145e+00 1.172991e+01
vertex -6.849086e+00 5.403051e+00 1.258528e+01
endloop
endfacet
facet normal 0 0 0
outer loop
vertex -3.413838e+00 9.867642e+00 2.027727e+01
vertex -2.815308e+00 1.046459e+01 2.249096e+01
vertex -2.506891e+00 1.153513e+01 1.994817e+01
endloop
endfacet
facet normal 0 0 0
outer loop
vertex 7.085619e+00 6.721571e+00 1.465400e+01
vertex 7.483800e+00 7.187414e+00 1.252838e+01
vertex 6.732111e+00 7.928475e+00 1.377439e+01
endloop
endfacet
facet normal 0 0 0
outer loop
vertex 1.153395e+01 -1.147041e+01 2.101293e+01
vertex 1.086574e+01 -1.150342e+01 1.946038e+01
vertex 1.265164e+01 -1.014729e+01 1.979827e+01
endloop
endfacet
facet normal 0 0 0
outer loop
vertex -4.217730e+00 8.769598e+00 1.873445e+01
vertex -3.532971e+00 1.018896e+01 1.781498e+01
vertex -4.210669e+00 9.285723e+00 1.630268e+01
endloop
endfacet
facet normal 0 0 0
outer loop
vertex 6.728815e-01 5.307060e+00 5.754360e+00
vertex 2.715748e+00 3.838765e+00 3.902761e+00
vertex 5.500903e-01 4.380324e+00 4.174462e+00
endloop
endfacet
facet normal 0 0 0
outer loop
vertex 2.715748e+00 3.838765e+00 3.902761e+00
vertex 6.728815e-01 5.307060e+00 5.754360e+00
vertex 3.062472e+00 4.713415e+00 5.458332e+00
endloop
endfacet
facet normal 0 0 0
outer loop
vertex -5.354527e+00 7.135998e+00 1.694301e+01
vertex -4.217730e+00 8.769598e+00 1.873445e+01
vertex -4.210669e+00 9.285723e+00 1.630268e+01
endloop
endfacet
facet normal 0 0 0
outer loop
vertex -6.072422e+00 -7.269983e+00 9.460753e+00
vertex -4.772748e+00 -6.273738e+00 7.410109e+00
vertex -3.522813e+00 -7.726698e+00 8.760072e+00
endloop
endfacet
facet normal 0 0 0
outer loop
vertex -5.880108e+00 6.817688e+00 1.079824e+01
vertex -7.071684e+00 5.508474e+00 1.018110e+01
vertex -6.347827e+00 6.464145e+00 1.172991e+01
endloop
endfacet
facet normal 0 0 0
outer loop
vertex -5.148782e+00 7.816679e+00 1.260797e+01
vertex -6.347827e+00 6.464145e+00 1.172991e+01
vertex -5.744871e+00 7.251292e+00 1.295483e+01
endloop
endfacet
facet normal 0 0 0
outer loop
vertex -6.528392e+00 4.651736e+00 1.894303e+01
vertex -7.494789e+00 3.138835e+00 1.801962e+01
vertex -5.348214e+00 3.525853e+00 2.001078e+01
endloop
endfacet
facet normal 0 0 0
outer loop
vertex -2.110771e+00 1.156755e+01 2.316417e+01
vertex -1.687819e+00 1.089584e+01 2.349843e+01
vertex -1.334560e+00 1.194164e+01 2.387456e+01
endloop
endfacet
facet normal 0 0 0
outer loop
vertex -2.973809e+00 8.751693e+00 2.232574e+01
vertex -2.815308e+00 1.046459e+01 2.249096e+01
vertex -3.685813e+00 9.072397e+00 2.165896e+01
endloop
endfacet
facet normal 0 0 0
outer loop
vertex 3.372649e+00 5.458386e+00 7.096042e+00
vertex 6.049191e-01 6.121719e+00 7.430304e+00
vertex 3.429689e+00 6.570087e+00 9.439968e+00
endloop
endfacet
facet normal 0 0 0
outer loop
vertex 3.429689e+00 6.570087e+00 9.439968e+00
vertex 6.049191e-01 6.121719e+00 7.430304e+00
vertex 4.427779e-01 7.273399e+00 9.814772e+00
endloop
endfacet
facet normal 0 0 0
outer loop
vertex 1.119614e+00 -2.947912e+00 7.776485e-02
vertex 1.569505e+00 -4.097570e+00 1.562332e+00
vertex 5.087785e-01 -2.991025e+00 1.319484e-01
endloop
endfacet
facet normal 0 0 0
outer loop
vertex -6.090443e+00 6.336329e+00 1.453836e+01
vertex -5.148782e+00 8.047181e+00 1.429544e+01
vertex -5.744871e+00 7.251292e+00 1.295483e+01
endloop
endfacet
facet normal 0 0 0
outer loop
vertex -4.772748e+00 -6.273738e+00 7.410109e+00
vertex -6.393869e+00 -4.719861e+00 6.114722e+00
vertex -3.365647e+00 -5.370443e+00 5.431498e+00
endloop
endfacet
facet normal 0 0 0
outer loop
vertex 5.553643e+00 5.469933e+00 7.981736e+00
vertex 7.231425e+00 4.615588e+00 6.904949e+00
vertex 5.593610e+00 4.111298e+00 5.195906e+00
endloop
endfacet
facet normal 0 0 0
outer loop
vertex 5.553643e+00 5.469933e+00 7.981736e+00
vertex 5.593610e+00 4.111298e+00 5.195906e+00
vertex 3.372649e+00 5.458386e+00 7.096042e+00
endloop
endfacet
facet normal 0 0 0
outer loop
vertex -5.018607e-01 -7.742236e+00 7.205637e+00
vertex -6.048848e-02 -9.624117e+00 9.568368e+00
vertex -1.691059e+00 -8.394497e+00 8.724691e+00
endloop
endfacet
facet normal 0 0 0
outer loop
vertex 8.358956e+00 6.327145e+00 1.107343e+01
vertex 5.585437e+00 6.604167e+00 1.040166e+01
vertex 7.483800e+00 7.187414e+00 1.252838e+01
endloop
endfacet
facet normal 0 0 0
outer loop
vertex 4.980718e-01 1.588016e+00 -4.932676e-01
vertex 2.592561e+00 1.006214e+00 -7.890138e-01
vertex 2.960591e-01 1.112329e+00 -1.344691e+00
endloop
endfacet
facet normal 0 0 0
outer loop
vertex 4.503809e+00 6.105274e+00 2.329311e+01
vertex 3.095315e+00 5.274851e+00 2.443415e+01
vertex 5.603487e+00 4.057326e+00 2.286838e+01
endloop
endfacet
facet normal 0 0 0
outer loop
vertex 6.166641e+00 7.229345e+00 1.685719e+01
vertex 4.667175e+00 9.110131e+00 1.865547e+01
vertex 5.414520e+00 7.171285e+00 1.946904e+01
endloop
endfacet
facet normal 0 0 0
outer loop
vertex 2.159939e+00 -1.252052e+01 1.470355e+01
vertex 3.590255e+00 -1.272619e+01 1.270135e+01
vertex 5.216670e+00 -1.341758e+01 1.359736e+01
endloop
endfacet
facet normal 0 0 0
outer loop
vertex 2.159939e+00 -1.252052e+01 1.470355e+01
vertex 5.216670e+00 -1.341758e+01 1.359736e+01
vertex 4.277223e+00 -1.298080e+01 1.589831e+01
endloop
endfacet
facet normal 0 0 0
outer loop
vertex -8.107144e-01 -1.166284e+01 1.560661e+01
vertex 5.522440e-01 -1.188113e+01 1.392417e+01
vertex 2.159939e+00 -1.252052e+01 1.470355e+01
endloop
endfacet
facet normal 0 0 0
outer loop
vertex -3.056181e-01 -1.045829e+01 1.084561e+01
vertex -1.564693e+00 -1.071906e+01 1.201752e+01
vertex -2.361671e+00 -9.313796e+00 1.034117e+01
endloop
endfacet
facet normal 0 0 0
outer loop
vertex -1.564693e+00 -1.071906e+01 1.201752e+01
vertex -4.166132e+00 -9.720212e+00 1.202898e+01
vertex -2.361671e+00 -9.313796e+00 1.034117e+01
endloop
endfacet
facet normal 0 0 0
outer loop
vertex 9.600702e+00 2.103646e+00 7.431126e+00
vertex 9.691340e+00 -1.172856e-02 7.455329e+00
vertex 8.644129e+00 1.779819e+00 5.960914e+00
endloop
endfacet
facet normal 0 0 0
outer loop
vertex 8.644129e+00 1.779819e+00 5.960914e+00
vertex 9.691340e+00 -1.172856e-02 7.455329e+00
vertex 8.571454e+00 -6.940774e-01 6.272839e+00
endloop
endfacet
facet normal 0 0 0
outer loop
vertex -1.087464e+01 -3.029464e+00 8.896023e+00
vertex -9.416507e+00 -3.495030e+00 6.837668e+00
vertex -1.029919e+01 -4.182045e+00 7.827785e+00
endloop
endfacet
facet normal 0 0 0
outer loop
vertex 4.503809e+00 6.105274e+00 2.329311e+01
vertex 3.705178e+00 7.592580e+00 2.360157e+01
vertex 2.482203e+00 7.077116e+00 2.455678e+01
endloop
endfacet
facet normal 0 0 0
outer loop
vertex 1.247709e+01 -4.275068e+00 1.541576e+01
vertex 1.317176e+01 -5.076844e+00 1.446545e+01
vertex 1.273649e+01 -3.984144e+00 1.405397e+01
endloop
endfacet
facet normal 0 0 0
outer loop
vertex -1.126632e+01 -1.966061e+00 1.055602e+01
vertex -1.158187e+01 -3.356858e+00 1.022150e+01
vertex -1.206354e+01 -3.504188e+00 1.119467e+01
endloop
endfacet
facet normal 0 0 0
outer loop
vertex 5.603487e+00 -7.129886e+00 7.455329e+00
vertex 4.270359e+00 -5.878953e+00 5.254148e+00
vertex 6.337884e+00 -5.344908e+00 6.145442e+00
endloop
endfacet
facet normal 0 0 0
outer loop
vertex -1.158187e+01 -3.356858e+00 1.022150e+01
vertex -1.126632e+01 -1.966061e+00 1.055602e+01
vertex -1.087464e+01 -3.029464e+00 8.896023e+00
endloop
endfacet
facet normal 0 0 0
outer loop
vertex -8.086855e+00 4.168198e+00 8.008994e+00
vertex -8.142558e+00 3.511361e+00 1.070600e+01
vertex -7.071684e+00 5.508474e+00 1.018110e+01
endloop
endfacet
facet normal 0 0 0
outer loop
vertex 8.217696e+00 5.205232e+00 1.346087e+01
vertex 7.515862e+00 5.049453e+00 1.607155e+01
vertex 8.888680e+00 3.119998e+00 1.477948e+01
endloop
endfacet
facet normal 0 0 0
outer loop
vertex -7.359752e+00 4.110519e+00 1.447795e+01
vertex -7.605187e+00 3.297373e+00 1.631426e+01
vertex -6.562045e+00 5.067731e+00 1.664806e+01
endloop
endfacet
facet normal 0 0 0
outer loop
vertex -7.359752e+00 4.110519e+00 1.447795e+01
vertex -8.455876e+00 2.065240e+00 1.502040e+01
vertex -7.605187e+00 3.297373e+00 1.631426e+01
endloop
endfacet
facet normal 0 0 0
outer loop
vertex 1.167001e+01 -2.806705e-01 1.079728e+01
vertex 1.069861e+01 2.079332e+00 1.050962e+01
vertex 1.149152e+01 6.119609e-02 1.130634e+01
endloop
endfacet
facet normal 0 0 0
outer loop
vertex 1.069861e+01 2.079332e+00 1.050962e+01
vertex 1.023473e+01 1.792074e+00 1.254980e+01
vertex 1.149152e+01 6.119609e-02 1.130634e+01
endloop
endfacet
facet normal 0 0 0
outer loop
vertex 7.572241e+00 -1.210241e+01 2.268224e+01
vertex 6.002585e+00 -1.080070e+01 2.232344e+01
vertex 6.566625e+00 -1.307642e+01 2.208517e+01
endloop
endfacet
facet normal 0 0 0
outer loop
vertex 5.414520e+00 7.171285e+00 1.946904e+01
vertex 6.554243e+00 5.726060e+00 1.812894e+01
vertex 6.166641e+00 7.229345e+00 1.685719e+01
endloop
endfacet
facet normal 0 0 0
outer loop
vertex 6.337884e+00 -5.344908e+00 6.145442e+00
vertex 4.989447e+00 -4.470343e+00 4.317357e+00
vertex 7.244639e+00 -3.891774e+00 5.305352e+00
endloop
endfacet
facet normal 0 0 0
outer loop
vertex 8.785378e+00 6.021607e-01 1.934790e+01
vertex 1.028638e+01 -1.855994e+00 1.850891e+01
vertex 9.875382e+00 -1.344693e-01 1.703964e+01
endloop
endfacet
facet normal 0 0 0
outer loop
vertex -2.537037e+00 -3.776446e+00 2.035973e+01
vertex -2.843220e+00 -1.656675e+00 2.066870e+01
vertex -4.623184e+00 -1.997859e+00 1.987607e+01
endloop
endfacet
facet normal 0 0 0
outer loop
vertex -5.874720e-02 -1.172229e+01 1.729740e+01
vertex -8.678990e-01 -1.132890e+01 1.948850e+01
vertex -2.949851e+00 -1.083952e+01 1.876134e+01
endloop
endfacet
facet normal 0 0 0
outer loop
vertex 1.003941e+01 -2.502910e+00 2.032812e+01
vertex 1.028638e+01 -1.855994e+00 1.850891e+01
vertex 9.115856e+00 -9.377129e-01 2.076007e+01
endloop
endfacet
facet normal 0 0 0
outer loop
vertex 5.980421e+00 8.669536e+00 1.502039e+01
vertex 3.999909e+00 8.873308e+00 1.458077e+01
vertex 5.095953e+00 9.522313e+00 1.642836e+01
endloop
endfacet
facet normal 0 0 0
outer loop
vertex 5.923480e+00 -3.038646e+00 2.386850e+01
vertex 4.068255e+00 -5.288103e+00 2.267509e+01
vertex 7.003872e+00 -6.214497e+00 2.365242e+01
endloop
endfacet
facet normal 0 0 0
outer loop
vertex 5.647498e+00 -5.994980e-01 2.942876e+00
vertex 7.605968e+00 4.925825e-01 4.979484e+00
vertex 7.450615e+00 -1.686547e+00 5.168918e+00
endloop
endfacet
facet normal 0 0 0
outer loop
vertex -7.286124e+00 2.560921e+00 5.716723e+00
vertex -6.409005e+00 3.332107e+00 4.789206e+00
vertex -6.727092e+00 2.230975e+00 4.903290e+00
endloop
endfacet
facet normal 0 0 0
outer loop
vertex 2.144439e+00 8.730947e+00 1.346560e+01
vertex 3.364023e-01 8.373683e+00 1.208167e+01
vertex 4.007429e-01 9.543467e+00 1.450051e+01
endloop
endfacet
facet normal 0 0 0
outer loop
vertex -1.300769e+00 9.074550e+00 1.386185e+01
vertex 4.007429e-01 9.543467e+00 1.450051e+01
vertex 3.364023e-01 8.373683e+00 1.208167e+01
endloop
endfacet
facet normal 0 0 0
outer loop
vertex 6.728815e-01 5.307060e+00 5.754360e+00
vertex 6.049191e-01 6.121719e+00 7.430304e+00
vertex 3.372649e+00 5.458386e+00 7.096042e+00
endloop
endfacet
facet normal 0 0 0
outer loop
vertex 1.095730e+01 -2.506474e+00 9.281034e+00
vertex 1.127670e+01 -1.450475e-01 9.829719e+00
vertex 1.174653e+01 -1.623672e+00 1.048139e+01
endloop
endfacet
facet normal 0 0 0
outer loop
vertex 8.127633e+00 -9.605371e+00 1.173211e+01
vertex 6.354470e+00 -1.150667e+01 1.243923e+01
vertex 6.016754e+00 -1.049089e+01 1.116905e+01
endloop
endfacet
facet normal 0 0 0
outer loop
vertex 1.222356e+00 -7.704475e+00 6.254192e+00
vertex -5.018607e-01 -7.742236e+00 7.205637e+00
vertex -1.016764e+00 -6.486546e+00 5.744065e+00
endloop
endfacet
facet normal 0 0 0
outer loop
vertex -8.901258e+00 -6.215981e+00 9.503114e+00
vertex -1.018418e+01 -5.498092e+00 9.179702e+00
vertex -9.509092e+00 -5.144872e+00 8.325346e+00
endloop
endfacet
facet normal 0 0 0
outer loop
vertex -6.340899e+00 1.819835e+00 1.909954e+01
vertex -7.536885e+00 1.510221e+00 1.796807e+01
vertex -7.160601e+00 -1.952122e-01 1.827542e+01
endloop
endfacet
facet normal 0 0 0
outer loop
vertex -7.494789e+00 3.138835e+00 1.801962e+01
vertex -7.536885e+00 1.510221e+00 1.796807e+01
vertex -6.340899e+00 1.819835e+00 1.909954e+01
endloop
endfacet
facet normal 0 0 0
outer loop
vertex 2.828250e+00 -7.408483e+00 5.812126e+00
vertex 3.497100e+00 -8.923005e+00 7.820746e+00
vertex 1.222356e+00 -7.704475e+00 6.254192e+00
endloop
endfacet
facet normal 0 0 0
outer loop
vertex 1.694456e+00 -1.055362e+01 9.933649e+00
vertex 1.534828e+00 -9.137347e+00 8.065490e+00
vertex 2.665807e+00 -9.826105e+00 8.956937e+00
endloop
endfacet
facet normal 0 0 0
outer loop
vertex 2.665807e+00 -9.826105e+00 8.956937e+00
vertex 4.103689e+00 -1.064143e+01 1.001243e+01
vertex 1.694456e+00 -1.055362e+01 9.933649e+00
endloop
endfacet
facet normal 0 0 0
outer loop
vertex 7.515862e+00 5.049453e+00 1.607155e+01
vertex 6.166641e+00 7.229345e+00 1.685719e+01
vertex 6.554243e+00 5.726060e+00 1.812894e+01
endloop
endfacet
facet normal 0 0 0
outer loop
vertex -3.365647e+00 -5.370443e+00 5.431498e+00
vertex -1.016764e+00 -6.486546e+00 5.744065e+00
vertex -2.688384e+00 -6.894443e+00 7.178070e+00
endloop
endfacet
facet normal 0 0 0
outer loop
vertex 8.506388e-01 1.259805e+01 2.475778e+01
vertex 1.113248e+00 1.262467e+01 2.450295e+01
vertex 5.013152e-01 1.366174e+01 2.478915e+01
endloop
endfacet
facet normal 0 0 0
outer loop
vertex 6.554243e+00 5.726060e+00 1.812894e+01
vertex 6.643530e+00 4.528810e+00 1.987479e+01
vertex 7.893302e+00 3.562495e+00 1.734937e+01
endloop
endfacet
facet normal 0 0 0
outer loop
vertex -6.048848e-02 -9.624117e+00 9.568368e+00
vertex 1.694456e+00 -1.055362e+01 9.933649e+00
vertex -3.056181e-01 -1.045829e+01 1.084561e+01
endloop
endfacet
facet normal 0 0 0
outer loop
vertex -1.691059e+00 -8.394497e+00 8.724691e+00
vertex -3.522813e+00 -7.726698e+00 8.760072e+00
vertex -2.688384e+00 -6.894443e+00 7.178070e+00
endloop
endfacet
facet normal 0 0 0
outer loop
vertex 6.337884e+00 -5.344908e+00 6.145442e+00
vertex 7.244639e+00 -3.891774e+00 5.305352e+00
vertex 8.692672e+00 -4.693604e+00 7.116671e+00
endloop
endfacet
facet normal 0 0 0
outer loop
vertex 2.447753e+00 1.040581e+01 2.385798e+01
vertex 2.906547e+00 9.079886e+00 2.391003e+01
vertex 3.638097e+00 8.364668e+00 2.329171e+01
endloop
endfacet
facet normal 0 0 0
outer loop
vertex -8.622028e+00 -1.054323e+00 6.468959e+00
vertex -9.416507e+00 -3.495030e+00 6.837668e+00
vertex -9.881334e+00 -1.207640e+00 8.058740e+00
endloop
endfacet
facet normal 0 0 0
outer loop
vertex -9.311969e+00 1.405472e+00 1.091713e+01
vertex -1.013061e+01 2.251052e-01 9.646218e+00
vertex -1.002379e+01 -2.019156e-01 1.261735e+01
endloop
endfacet
facet normal 0 0 0
outer loop
vertex 6.978011e-01 -1.007842e+01 2.036407e+01
vertex 2.332107e+00 -9.429817e+00 2.114464e+01
vertex 3.318514e-01 -8.598165e+00 2.051943e+01
endloop
endfacet
facet normal 0 0 0
outer loop
vertex 1.312089e+00 -2.643748e+00 2.211793e+01
vertex 2.473260e+00 -8.548839e-01 2.294224e+01
vertex 3.670821e-01 1.261012e-01 2.230531e+01
endloop
endfacet
facet normal 0 0 0
outer loop
vertex -7.359752e+00 4.110519e+00 1.447795e+01
vertex -6.562045e+00 5.067731e+00 1.664806e+01
vertex -6.090443e+00 6.336329e+00 1.453836e+01
endloop
endfacet
facet normal 0 0 0
outer loop
vertex 1.115357e+01 -4.372955e+00 1.977798e+01
vertex 1.028638e+01 -1.855994e+00 1.850891e+01
vertex 1.003941e+01 -2.502910e+00 2.032812e+01
endloop
endfacet
facet normal 0 0 0
outer loop
vertex 1.115357e+01 -4.372955e+00 1.977798e+01
vertex 9.609476e+00 -3.403100e+00 2.132113e+01
vertex 1.106471e+01 -6.113212e+00 2.075907e+01
endloop
endfacet
facet normal 0 0 0
outer loop
vertex 7.339446e+00 2.072849e+00 2.159091e+01
vertex 6.661850e+00 2.086316e+00 2.245960e+01
vertex 8.086797e+00 -5.673882e-01 2.190924e+01
endloop
endfacet
facet normal 0 0 0
outer loop
vertex 1.115357e+01 -4.372955e+00 1.977798e+01
vertex 1.156842e+01 -3.758580e+00 1.747730e+01
vertex 1.028638e+01 -1.855994e+00 1.850891e+01
endloop
endfacet
facet normal 0 0 0
outer loop
vertex -7.605187e+00 3.297373e+00 1.631426e+01
vertex -7.494789e+00 3.138835e+00 1.801962e+01
vertex -6.562045e+00 5.067731e+00 1.664806e+01
endloop
endfacet
facet normal 0 0 0
outer loop
vertex -6.393869e+00 -4.719861e+00 6.114722e+00
vertex -5.234078e+00 -3.757507e+00 4.183743e+00
vertex -3.365647e+00 -5.370443e+00 5.431498e+00
endloop
endfacet
facet normal 0 0 0
outer loop
vertex 1.115357e+01 -4.372955e+00 1.977798e+01
vertex 1.003941e+01 -2.502910e+00 2.032812e+01
vertex 9.609476e+00 -3.403100e+00 2.132113e+01
endloop
endfacet
facet normal 0 0 0
outer loop
vertex 8.802745e+00 1.495823e+00 1.783964e+01
vertex 9.875382e+00 -1.344693e-01 1.703964e+01
vertex 9.007061e+00 2.012694e+00 1.627457e+01
endloop
endfacet
facet normal 0 0 0
outer loop
vertex 3.638097e+00 8.364668e+00 2.329171e+01
vertex 4.503809e+00 6.105274e+00 2.329311e+01
vertex 4.798330e+00 6.379393e+00 2.277941e+01
endloop
endfacet
facet normal 0 0 0
outer loop
vertex 9.007061e+00 2.012694e+00 1.627457e+01
vertex 7.893302e+00 3.562495e+00 1.734937e+01
vertex 8.802745e+00 1.495823e+00 1.783964e+01
endloop
endfacet
facet normal 0 0 0
outer loop
vertex 5.603487e+00 5.014857e+00 2.240283e+01
vertex 5.603487e+00 4.057326e+00 2.286838e+01
vertex 6.471467e+00 3.543853e+00 2.199687e+01
endloop
endfacet
facet normal 0 0 0
outer loop
vertex 9.609476e+00 -3.403100e+00 2.132113e+01
vertex 1.003941e+01 -2.502910e+00 2.032812e+01
vertex 9.115856e+00 -9.377129e-01 2.076007e+01
endloop
endfacet
facet normal 0 0 0
outer loop
vertex 1.247992e+01 -6.591738e+00 1.911118e+01
vertex 1.115357e+01 -4.372955e+00 1.977798e+01
vertex 1.106471e+01 -6.113212e+00 2.075907e+01
endloop
endfacet
facet normal 0 0 0
outer loop
vertex -7.359752e+00 4.110519e+00 1.447795e+01
vertex -6.090443e+00 6.336329e+00 1.453836e+01
vertex -6.849086e+00 5.403051e+00 1.258528e+01
endloop
endfacet
facet normal 0 0 0
outer loop
vertex 6.661850e+00 2.086316e+00 2.245960e+01
vertex 7.339446e+00 2.072849e+00 2.159091e+01
vertex 5.603487e+00 4.057326e+00 2.286838e+01
endloop
endfacet
facet normal 0 0 0
outer loop
vertex 4.798330e+00 6.379393e+00 2.277941e+01
vertex 4.503809e+00 6.105274e+00 2.329311e+01
vertex 5.603487e+00 5.014857e+00 2.240283e+01
endloop
endfacet
facet normal 0 0 0
outer loop
vertex 5.603487e+00 4.057326e+00 2.286838e+01
vertex 5.603487e+00 5.014857e+00 2.240283e+01
vertex 4.503809e+00 6.105274e+00 2.329311e+01
endloop
endfacet
facet normal 0 0 0
outer loop
vertex 8.227355e+00 -1.119487e+01 1.345535e+01
vertex 1.042339e+01 -9.550315e+00 1.327025e+01
vertex 1.013616e+01 -1.057510e+01 1.550984e+01
endloop
endfacet
facet normal 0 0 0
outer loop
vertex 6.693515e+00 -1.354180e+01 1.682699e+01
vertex 7.051587e+00 -1.253532e+01 1.479412e+01
vertex 8.490533e+00 -1.210221e+01 1.643554e+01
endloop
endfacet
facet normal 0 0 0
outer loop
vertex 3.318514e-01 -8.598165e+00 2.051943e+01
vertex 1.949605e+00 -6.967542e+00 2.149287e+01
vertex 1.417774e-01 -6.877463e+00 2.079344e+01
endloop
endfacet
facet normal 0 0 0
outer loop
vertex 6.978011e-01 -1.007842e+01 2.036407e+01
vertex 7.964296e-01 -1.172011e+01 2.006981e+01
vertex 2.773019e+00 -1.218472e+01 2.076017e+01
endloop
endfacet
facet normal 0 0 0
outer loop
vertex 6.693515e+00 -1.354180e+01 1.682699e+01
vertex 7.318531e+00 -1.359438e+01 1.819380e+01
vertex 5.263019e+00 -1.296307e+01 1.927938e+01
endloop
endfacet
facet normal 0 0 0
outer loop
vertex 8.954590e+00 -2.701292e+00 7.043775e+00
vertex 9.691340e+00 -1.172856e-02 7.455329e+00
vertex 1.031127e+01 -1.330299e+00 8.354994e+00
endloop
endfacet
facet normal 0 0 0
outer loop
vertex -2.271424e-01 -1.146441e+01 1.304813e+01
vertex -1.862583e+00 -1.105181e+01 1.401831e+01
vertex -1.564693e+00 -1.071906e+01 1.201752e+01
endloop
endfacet
facet normal 0 0 0
outer loop
vertex 5.302244e+00 2.270468e+00 2.339062e+01
vertex 4.943295e+00 -1.573554e-01 2.406454e+01
vertex 5.894805e+00 8.411710e-01 2.321807e+01
endloop
endfacet
facet normal 0 0 0
outer loop
vertex 3.933618e+00 2.810627e+00 2.426649e+01
vertex 4.943295e+00 -1.573554e-01 2.406454e+01
vertex 5.302244e+00 2.270468e+00 2.339062e+01
endloop
endfacet
facet normal 0 0 0
outer loop
vertex 5.216670e+00 -1.341758e+01 1.359736e+01
vertex 4.637125e+00 -1.198192e+01 1.174344e+01
vertex 6.354470e+00 -1.150667e+01 1.243923e+01
endloop
endfacet
facet normal 0 0 0
outer loop
vertex 4.637125e+00 -1.198192e+01 1.174344e+01
vertex 5.216670e+00 -1.341758e+01 1.359736e+01
vertex 3.590255e+00 -1.272619e+01 1.270135e+01
endloop
endfacet
facet normal 0 0 0
outer loop
vertex 2.473260e+00 -8.548839e-01 2.294224e+01
vertex 1.843931e+00 1.355048e+00 2.314123e+01
vertex 3.670821e-01 1.261012e-01 2.230531e+01
endloop
endfacet
facet normal 0 0 0
outer loop
vertex 7.320856e+00 5.651097e+00 9.116116e+00
vertex 8.358956e+00 6.327145e+00 1.107343e+01
vertex 9.620826e+00 5.066048e+00 9.010885e+00
endloop
endfacet
facet normal 0 0 0
outer loop
vertex 1.127670e+01 -1.450475e-01 9.829719e+00
vertex 9.691340e+00 -1.172856e-02 7.455329e+00
vertex 1.068847e+01 1.934394e+00 9.096216e+00
endloop
endfacet
facet normal 0 0 0
outer loop
vertex -2.843220e+00 -1.656675e+00 2.066870e+01
vertex -1.894990e+00 2.264477e-01 2.142762e+01
vertex -3.922632e+00 4.126322e-01 2.066043e+01
endloop
endfacet
facet normal 0 0 0
outer loop
vertex 6.713969e+00 -2.134793e-01 2.282028e+01
vertex 4.943295e+00 -1.573554e-01 2.406454e+01
vertex 6.868083e+00 -1.660885e+00 2.296136e+01
endloop
endfacet
facet normal 0 0 0
outer loop
vertex -2.530315e+00 1.139350e+01 1.908760e+01
vertex -9.258779e-01 1.182062e+01 1.939804e+01
vertex -1.334966e+00 1.081057e+01 1.743470e+01
endloop
endfacet
facet normal 0 0 0
outer loop
vertex 9.620826e+00 5.066048e+00 9.010885e+00
vertex 9.494286e+00 4.597887e+00 7.859364e+00
vertex 7.320856e+00 5.651097e+00 9.116116e+00
endloop
endfacet
facet normal 0 0 0
outer loop
vertex -1.018418e+01 -5.498092e+00 9.179702e+00
vertex -8.901258e+00 -6.215981e+00 9.503114e+00
vertex -1.088000e+01 -5.825091e+00 1.012100e+01
endloop
endfacet
facet normal 0 0 0
outer loop
vertex -6.048848e-02 -9.624117e+00 9.568368e+00
vertex -3.056181e-01 -1.045829e+01 1.084561e+01
vertex -2.361671e+00 -9.313796e+00 1.034117e+01
endloop
endfacet
facet normal 0 0 0
outer loop
vertex 8.571454e+00 -6.940774e-01 6.272839e+00
vertex 9.691340e+00 -1.172856e-02 7.455329e+00
vertex 8.954590e+00 -2.701292e+00 7.043775e+00
endloop
endfacet
facet normal 0 0 0
outer loop
vertex -8.901258e+00 -6.215981e+00 9.503114e+00
vertex -8.189260e+00 -5.174699e+00 7.677969e+00
vertex -6.573795e+00 -5.970343e+00 7.931567e+00
endloop
endfacet
facet normal 0 0 0
outer loop
vertex -3.522813e+00 -7.726698e+00 8.760072e+00
vertex -4.670326e+00 -8.502648e+00 1.044367e+01
vertex -6.072422e+00 -7.269983e+00 9.460753e+00
endloop
endfacet
facet normal 0 0 0
outer loop
vertex -2.361671e+00 -9.313796e+00 1.034117e+01
vertex -4.670326e+00 -8.502648e+00 1.044367e+01
vertex -3.522813e+00 -7.726698e+00 8.760072e+00
endloop
endfacet
facet normal 0 0 0
outer loop
vertex -8.163887e+00 -4.792387e+00 1.701484e+01
vertex -6.561335e+00 -2.721872e+00 1.840510e+01
vertex -8.135816e+00 -1.890542e+00 1.737793e+01
endloop
endfacet
facet normal 0 0 0
outer loop
vertex -6.939166e+00 -8.671905e+00 1.211466e+01
vertex -6.072422e+00 -7.269983e+00 9.460753e+00
vertex -4.670326e+00 -8.502648e+00 1.044367e+01
endloop
endfacet
facet normal 0 0 0
outer loop
vertex 3.194921e+00 -1.245329e+01 1.884519e+01
vertex 2.773019e+00 -1.218472e+01 2.076017e+01
vertex 7.964296e-01 -1.172011e+01 2.006981e+01
endloop
endfacet
facet normal 0 0 0
outer loop
vertex -5.600276e+00 -9.584301e+00 1.388996e+01
vertex -6.939166e+00 -8.671905e+00 1.211466e+01
vertex -4.166132e+00 -9.720212e+00 1.202898e+01
endloop
endfacet
facet normal 0 0 0
outer loop
vertex 7.244639e+00 -3.891774e+00 5.305352e+00
vertex 4.989447e+00 -4.470343e+00 4.317357e+00
vertex 6.219694e+00 -3.431385e+00 4.112420e+00
endloop
endfacet
facet normal 0 0 0
outer loop
vertex 8.692672e+00 -4.693604e+00 7.116671e+00
vertex 1.009183e+01 -5.372883e+00 8.780872e+00
vertex 7.648724e+00 -6.390506e+00 8.121795e+00
endloop
endfacet
facet normal 0 0 0
outer loop
vertex 2.019397e+00 -5.247228e+00 3.046899e+00
vertex 1.023575e+00 -6.074800e+00 4.112420e+00
vertex 7.903839e-01 -4.677919e+00 2.309355e+00
endloop
endfacet
facet normal 0 0 0
outer loop
vertex 2.820002e+00 1.179791e+01 2.023755e+01
vertex 1.898041e+00 1.115879e+01 1.844666e+01
vertex 1.386181e+00 1.185958e+01 1.971303e+01
endloop
endfacet
facet normal 0 0 0
outer loop
vertex 3.497100e+00 -8.923005e+00 7.820746e+00
vertex 4.103689e+00 -1.064143e+01 1.001243e+01
vertex 2.665807e+00 -9.826105e+00 8.956937e+00
endloop
endfacet
facet normal 0 0 0
outer loop
vertex 2.828250e+00 -7.408483e+00 5.812126e+00
vertex 4.270359e+00 -5.878953e+00 5.254148e+00
vertex 5.603487e+00 -7.129886e+00 7.455329e+00
endloop
endfacet
facet normal 0 0 0
outer loop
vertex 1.949605e+00 -6.967542e+00 2.149287e+01
vertex 2.332107e+00 -9.429817e+00 2.114464e+01
vertex 3.772705e+00 -7.339637e+00 2.214109e+01
endloop
endfacet
facet normal 0 0 0
outer loop
vertex 8.888680e+00 3.119998e+00 1.477948e+01
vertex 9.187178e+00 3.749121e+00 1.270811e+01
vertex 8.217696e+00 5.205232e+00 1.346087e+01
endloop
endfacet
facet normal 0 0 0
outer loop
vertex 4.883899e+00 -9.105220e+00 8.969581e+00
vertex 6.527438e+00 -8.937453e+00 9.939881e+00
vertex 4.103689e+00 -1.064143e+01 1.001243e+01
endloop
endfacet
facet normal 0 0 0
outer loop
vertex 2.281779e+00 -2.179586e+00 1.014738e-01
vertex 2.945172e+00 -2.954601e+00 1.352335e+00
vertex 1.119614e+00 -2.947912e+00 7.776485e-02
endloop
endfacet
facet normal 0 0 0
outer loop
vertex 3.497100e+00 -8.923005e+00 7.820746e+00
vertex 4.883899e+00 -9.105220e+00 8.969581e+00
vertex 4.103689e+00 -1.064143e+01 1.001243e+01
endloop
endfacet
facet normal 0 0 0
outer loop
vertex 6.554111e-01 -1.761682e+00 -1.454027e+00
vertex 1.119614e+00 -2.947912e+00 7.776485e-02
vertex 3.832778e-01 -2.239242e+00 -8.384386e-01
endloop
endfacet
facet normal 0 0 0
outer loop
vertex 1.023575e+00 -6.074800e+00 4.112420e+00
vertex 2.019397e+00 -5.247228e+00 3.046899e+00
vertex 2.436808e+00 -6.396079e+00 4.508087e+00
endloop
endfacet
facet normal 0 0 0
outer loop
vertex 2.436808e+00 -6.396079e+00 4.508087e+00
vertex 2.828250e+00 -7.408483e+00 5.812126e+00
vertex 1.222356e+00 -7.704475e+00 6.254192e+00
endloop
endfacet
facet normal 0 0 0
outer loop
vertex 6.554111e-01 -1.761682e+00 -1.454027e+00
vertex 3.832778e-01 -2.239242e+00 -8.384386e-01
vertex 2.577770e-01 -1.487457e+00 -1.808825e+00
endloop
endfacet
facet normal 0 0 0
outer loop
vertex -2.342859e+00 3.086990e+00 2.251915e+00
vertex -2.134208e+00 2.345904e+00 8.416059e-01
vertex -2.858156e+00 2.694315e+00 1.741029e+00
endloop
endfacet
facet normal 0 0 0
outer loop
vertex 4.979416e-01 2.376894e+00 7.695112e-01
vertex -9.536027e-01 2.574052e+00 1.032939e+00
vertex -2.856901e-01 3.712839e+00 2.999774e+00
endloop
endfacet
facet normal 0 0 0
outer loop
vertex 7.648724e+00 -6.390506e+00 8.121795e+00
vertex 6.527438e+00 -8.937453e+00 9.939881e+00
vertex 5.603487e+00 -7.129886e+00 7.455329e+00
endloop
endfacet
facet normal 0 0 0
outer loop
vertex 9.191972e+00 -7.278371e+00 1.009873e+01
vertex 6.527438e+00 -8.937453e+00 9.939881e+00
vertex 7.648724e+00 -6.390506e+00 8.121795e+00
endloop
endfacet
facet normal 0 0 0
outer loop
vertex 1.843931e+00 1.355048e+00 2.314123e+01
vertex 1.799516e+00 3.737203e+00 2.360741e+01
vertex 1.991234e-01 2.612448e+00 2.274360e+01
endloop
endfacet
facet normal 0 0 0
outer loop
vertex -8.142558e+00 3.511361e+00 1.070600e+01
vertex -6.849086e+00 5.403051e+00 1.258528e+01
vertex -7.071684e+00 5.508474e+00 1.018110e+01
endloop
endfacet
facet normal 0 0 0
outer loop
vertex 5.020185e+00 7.767746e+00 1.262210e+01
vertex 2.943336e+00 7.624724e+00 1.145827e+01
vertex 2.144439e+00 8.730947e+00 1.346560e+01
endloop
endfacet
facet normal 0 0 0
outer loop
vertex 5.020185e+00 7.767746e+00 1.262210e+01
vertex 2.144439e+00 8.730947e+00 1.346560e+01
vertex 3.999909e+00 8.873308e+00 1.458077e+01
endloop
endfacet
facet normal 0 0 0
outer loop
vertex 2.260512e-01 1.133435e+01 1.817517e+01
vertex 2.099702e-01 1.223270e+01 2.004564e+01
vertex 1.386181e+00 1.185958e+01 1.971303e+01
endloop
endfacet
facet normal 0 0 0
outer loop
vertex 1.176121e+01 -6.214497e+00 1.079824e+01
vertex 1.202055e+01 -4.390023e+00 1.080208e+01
vertex 1.267773e+01 -6.696172e+00 1.192581e+01
endloop
endfacet
facet normal 0 0 0
outer loop
vertex 1.113248e+00 1.262467e+01 2.450295e+01
vertex 1.299737e+00 1.197103e+01 2.454813e+01
vertex 1.780500e+00 1.151524e+01 2.418047e+01
endloop
endfacet
facet normal 0 0 0
outer loop
vertex 2.517166e+00 1.010121e+01 1.647470e+01
vertex 3.689022e+00 1.094820e+01 1.878506e+01
vertex 5.095953e+00 9.522313e+00 1.642836e+01
endloop
endfacet
facet normal 0 0 0
outer loop
vertex 5.585437e+00 6.604167e+00 1.040166e+01
vertex 7.320856e+00 5.651097e+00 9.116116e+00
vertex 5.553643e+00 5.469933e+00 7.981736e+00
endloop
endfacet
facet normal 0 0 0
outer loop
vertex -1.002379e+01 -2.019156e-01 1.261735e+01
vertex -9.747724e+00 -8.695415e-02 1.441269e+01
vertex -9.221902e+00 9.346248e-01 1.395723e+01
endloop
endfacet
facet normal 0 0 0
outer loop
vertex -1.002379e+01 -2.019156e-01 1.261735e+01
vertex -1.045165e+01 -1.490153e+00 1.519427e+01
vertex -9.747724e+00 -8.695415e-02 1.441269e+01
endloop
endfacet
facet normal 0 0 0
outer loop
vertex 9.647080e+00 3.807235e+00 1.107243e+01
vertex 9.620826e+00 5.066048e+00 9.010885e+00
vertex 8.358956e+00 6.327145e+00 1.107343e+01
endloop
endfacet
facet normal 0 0 0
outer loop
vertex 1.167001e+01 -2.806705e-01 1.079728e+01
vertex 1.219890e+01 -1.831351e+00 1.217435e+01
vertex 1.230967e+01 -2.033887e+00 1.180695e+01
endloop
endfacet
facet normal 0 0 0
outer loop
vertex 1.167001e+01 -2.806705e-01 1.079728e+01
vertex 1.149152e+01 6.119609e-02 1.130634e+01
vertex 1.219890e+01 -1.831351e+00 1.217435e+01
endloop
endfacet
facet normal 0 0 0
outer loop
vertex 2.828250e+00 -7.408483e+00 5.812126e+00
vertex 2.436808e+00 -6.396079e+00 4.508087e+00
vertex 4.270359e+00 -5.878953e+00 5.254148e+00
endloop
endfacet
facet normal 0 0 0
outer loop
vertex -9.881334e+00 -1.207640e+00 8.058740e+00
vertex -8.918430e+00 7.617832e-01 7.377538e+00
vertex -8.622028e+00 -1.054323e+00 6.468959e+00
endloop
endfacet
facet normal 0 0 0
outer loop
vertex -9.161872e-01 -1.914050e+00 2.138148e+01
vertex -2.843220e+00 -1.656675e+00 2.066870e+01
vertex -2.537037e+00 -3.776446e+00 2.035973e+01
endloop
endfacet
facet normal 0 0 0
outer loop
vertex -4.150395e+00 -1.043846e+01 1.521377e+01
vertex -5.174679e+00 -1.039572e+01 1.692739e+01
vertex -5.899075e+00 -9.974093e+00 1.614741e+01
endloop
endfacet
facet normal 0 0 0
outer loop
vertex 7.320856e+00 5.651097e+00 9.116116e+00
vertex 9.494286e+00 4.597887e+00 7.859364e+00
vertex 7.231425e+00 4.615588e+00 6.904949e+00
endloop
endfacet
facet normal 0 0 0
outer loop
vertex -3.532971e+00 1.018896e+01 1.781498e+01
vertex -2.530315e+00 1.139350e+01 1.908760e+01
vertex -3.210336e+00 1.046459e+01 1.740483e+01
endloop
endfacet
facet normal 0 0 0
outer loop
vertex 6.868083e+00 -1.660885e+00 2.296136e+01
vertex 4.943295e+00 -1.573554e-01 2.406454e+01
vertex 5.923480e+00 -3.038646e+00 2.386850e+01
endloop
endfacet
facet normal 0 0 0
outer loop
vertex -6.562045e+00 5.067731e+00 1.664806e+01
vertex -7.494789e+00 3.138835e+00 1.801962e+01
vertex -6.528392e+00 4.651736e+00 1.894303e+01
endloop
endfacet
facet normal 0 0 0
outer loop
vertex 4.226560e+00 8.783337e+00 2.068545e+01
vertex 3.689022e+00 1.094820e+01 1.878506e+01
vertex 3.182496e+00 1.035887e+01 2.148348e+01
endloop
endfacet
facet normal 0 0 0
outer loop
vertex 4.667175e+00 9.110131e+00 1.865547e+01
vertex 3.689022e+00 1.094820e+01 1.878506e+01
vertex 4.226560e+00 8.783337e+00 2.068545e+01
endloop
endfacet
facet normal 0 0 0
outer loop
vertex 9.115856e+00 -9.377129e-01 2.076007e+01
vertex 7.339446e+00 2.072849e+00 2.159091e+01
vertex 8.086797e+00 -5.673882e-01 2.190924e+01
endloop
endfacet
facet normal 0 0 0
outer loop
vertex 5.312968e+00 8.312565e-01 2.323723e+00
vertex 4.033619e+00 1.662050e+00 7.343184e-01
vertex 5.603487e+00 2.391830e+00 2.391243e+00
endloop
endfacet
facet normal 0 0 0
outer loop
vertex -2.235702e+00 9.850041e+00 2.298318e+01
vertex -2.973809e+00 8.751693e+00 2.232574e+01
vertex -1.813575e+00 8.198145e+00 2.307899e+01
endloop
endfacet
facet normal 0 0 0
outer loop
vertex -2.952004e+00 4.061925e+00 2.178695e+01
vertex -7.100292e-01 4.929865e+00 2.285332e+01
vertex -2.342179e+00 6.344838e+00 2.249272e+01
endloop
endfacet
facet normal 0 0 0
outer loop
vertex 1.023473e+01 1.792074e+00 1.254980e+01
vertex 1.069861e+01 2.079332e+00 1.050962e+01
vertex 9.647080e+00 3.807235e+00 1.107243e+01
endloop
endfacet
facet normal 0 0 0
outer loop
vertex 9.647080e+00 3.807235e+00 1.107243e+01
vertex 9.187178e+00 3.749121e+00 1.270811e+01
vertex 1.023473e+01 1.792074e+00 1.254980e+01
endloop
endfacet
facet normal 0 0 0
outer loop
vertex 8.358956e+00 6.327145e+00 1.107343e+01
vertex 8.217696e+00 5.205232e+00 1.346087e+01
vertex 9.187178e+00 3.749121e+00 1.270811e+01
endloop
endfacet
facet normal 0 0 0
outer loop
vertex 4.068255e+00 -5.288103e+00 2.267509e+01
vertex 3.772705e+00 -7.339637e+00 2.214109e+01
vertex 5.477029e+00 -7.420774e+00 2.280125e+01
endloop
endfacet
facet normal 0 0 0
outer loop
vertex 1.843931e+00 1.355048e+00 2.314123e+01
vertex 2.473260e+00 -8.548839e-01 2.294224e+01
vertex 3.229229e+00 8.393904e-01 2.358648e+01
endloop
endfacet
facet normal 0 0 0
outer loop
vertex 3.933618e+00 2.810627e+00 2.426649e+01
vertex 5.302244e+00 2.270468e+00 2.339062e+01
vertex 5.603487e+00 4.057326e+00 2.286838e+01
endloop
endfacet
facet normal 0 0 0
outer loop
vertex 6.566625e+00 -1.307642e+01 2.208517e+01
vertex 6.002585e+00 -1.080070e+01 2.232344e+01
vertex 4.474544e+00 -1.258467e+01 2.135447e+01
endloop
endfacet
facet normal 0 0 0
outer loop
vertex 2.245934e+00 -1.233152e+01 1.728049e+01
vertex 3.194921e+00 -1.245329e+01 1.884519e+01
vertex 7.964296e-01 -1.172011e+01 2.006981e+01
endloop
endfacet
facet normal 0 0 0
outer loop
vertex -8.678990e-01 -1.132890e+01 1.948850e+01
vertex -5.874720e-02 -1.172229e+01 1.729740e+01
vertex 7.964296e-01 -1.172011e+01 2.006981e+01
endloop
endfacet
facet normal 0 0 0
outer loop
vertex -8.918430e+00 7.617832e-01 7.377538e+00
vertex -8.947798e+00 2.507148e+00 8.698684e+00
vertex -8.147923e+00 2.295043e+00 6.808063e+00
endloop
endfacet
facet normal 0 0 0
outer loop
vertex 4.055416e+00 -4.352920e-02 1.045108e+00
vertex 5.647498e+00 -5.994980e-01 2.942876e+00
vertex 4.346715e+00 -1.421348e+00 1.606382e+00
endloop
endfacet
facet normal 0 0 0
outer loop
vertex 1.370048e+01 -8.176719e+00 1.640873e+01
vertex 1.227104e+01 -9.222393e+00 1.601606e+01
vertex 1.279660e+01 -8.266755e+00 1.444931e+01
endloop
endfacet
facet normal 0 0 0
outer loop
vertex 1.279660e+01 -8.266755e+00 1.444931e+01
vertex 1.141109e+01 -9.283586e+00 1.449823e+01
vertex 1.207291e+01 -8.322020e+00 1.318220e+01
endloop
endfacet
facet normal 0 0 0
outer loop
vertex -3.573614e+00 -6.073263e+00 1.948172e+01
vertex -2.537037e+00 -3.776446e+00 2.035973e+01
vertex -5.148782e+00 -4.497288e+00 1.920492e+01
endloop
endfacet
facet normal 0 0 0
outer loop
vertex -5.758536e+00 -6.891989e+00 1.844800e+01
vertex -3.573614e+00 -6.073263e+00 1.948172e+01
vertex -5.148782e+00 -4.497288e+00 1.920492e+01
endloop
endfacet
facet normal 0 0 0
outer loop
vertex 3.497100e+00 -8.923005e+00 7.820746e+00
vertex 5.603487e+00 -7.129886e+00 7.455329e+00
vertex 4.883899e+00 -9.105220e+00 8.969581e+00
endloop
endfacet
facet normal 0 0 0
outer loop
vertex 1.068847e+01 1.934394e+00 9.096216e+00
vertex 9.691340e+00 -1.172856e-02 7.455329e+00
vertex 9.600702e+00 2.103646e+00 7.431126e+00
endloop
endfacet
facet normal 0 0 0
outer loop
vertex 1.009183e+01 -5.372883e+00 8.780872e+00
vertex 1.202055e+01 -4.390023e+00 1.080208e+01
vertex 1.176121e+01 -6.214497e+00 1.079824e+01
endloop
endfacet
facet normal 0 0 0
outer loop
vertex 1.019823e+01 4.318219e-01 1.499419e+01
vertex 9.007061e+00 2.012694e+00 1.627457e+01
vertex 9.875382e+00 -1.344693e-01 1.703964e+01
endloop
endfacet
facet normal 0 0 0
outer loop
vertex -1.862583e+00 -1.105181e+01 1.401831e+01
vertex -2.271424e-01 -1.146441e+01 1.304813e+01
vertex 5.522440e-01 -1.188113e+01 1.392417e+01
endloop
endfacet
facet normal 0 0 0
outer loop
vertex 5.020185e+00 7.767746e+00 1.262210e+01
vertex 3.999909e+00 8.873308e+00 1.458077e+01
vertex 5.980421e+00 8.669536e+00 1.502039e+01
endloop
endfacet
facet normal 0 0 0
outer loop
vertex 3.638097e+00 8.364668e+00 2.329171e+01
vertex 4.828375e+00 7.144875e+00 2.145990e+01
vertex 4.226560e+00 8.783337e+00 2.068545e+01
endloop
endfacet
facet normal 0 0 0
outer loop
vertex -6.316411e-01 1.388314e+01 2.457751e+01
vertex -8.277373e-01 1.372996e+01 2.337938e+01
vertex -1.289872e+00 1.285268e+01 2.394855e+01
endloop
endfacet
facet normal 0 0 0
outer loop
vertex -8.189260e+00 -5.174699e+00 7.677969e+00
vertex -6.393869e+00 -4.719861e+00 6.114722e+00
vertex -6.573795e+00 -5.970343e+00 7.931567e+00
endloop
endfacet
facet normal 0 0 0
outer loop
vertex -2.271424e-01 -1.146441e+01 1.304813e+01
vertex 2.022697e+00 -1.205982e+01 1.183775e+01
vertex 5.522440e-01 -1.188113e+01 1.392417e+01
endloop
endfacet
facet normal 0 0 0
outer loop
vertex -8.163887e+00 -4.792387e+00 1.701484e+01
vertex -8.039063e+00 -6.111197e+00 1.694817e+01
vertex -6.903442e+00 -6.179179e+00 1.775187e+01
endloop
endfacet
facet normal 0 0 0
outer loop
vertex 6.554243e+00 5.726060e+00 1.812894e+01
vertex 5.414520e+00 7.171285e+00 1.946904e+01
vertex 6.643530e+00 4.528810e+00 1.987479e+01
endloop
endfacet
facet normal 0 0 0
outer loop
vertex 8.888680e+00 3.119998e+00 1.477948e+01
vertex 9.007061e+00 2.012694e+00 1.627457e+01
vertex 1.019823e+01 4.318219e-01 1.499419e+01
endloop
endfacet
facet normal 0 0 0
outer loop
vertex 1.127670e+01 -1.450475e-01 9.829719e+00
vertex 1.068847e+01 1.934394e+00 9.096216e+00
vertex 1.094773e+01 1.685622e+00 9.729171e+00
endloop
endfacet
facet normal 0 0 0
outer loop
vertex 6.707770e+00 1.471275e+00 3.797280e+00
vertex 5.647498e+00 -5.994980e-01 2.942876e+00
vertex 5.312968e+00 8.312565e-01 2.323723e+00
endloop
endfacet
facet normal 0 0 0
outer loop
vertex 1.202736e+01 -2.786341e+00 1.437795e+01
vertex 1.131007e+01 -8.975832e-01 1.354950e+01
vertex 1.104169e+01 -1.827532e+00 1.603387e+01
endloop
endfacet
facet normal 0 0 0
outer loop
vertex 1.089661e+01 -7.839283e+00 1.185438e+01
vertex 8.127633e+00 -9.605371e+00 1.173211e+01
vertex 9.191972e+00 -7.278371e+00 1.009873e+01
endloop
endfacet
facet normal 0 0 0
outer loop
vertex 1.042339e+01 -9.550315e+00 1.327025e+01
vertex 8.127633e+00 -9.605371e+00 1.173211e+01
vertex 1.089661e+01 -7.839283e+00 1.185438e+01
endloop
endfacet
facet normal 0 0 0
outer loop
vertex -7.308512e+00 8.642447e-01 5.286617e+00
vertex -8.918430e+00 7.617832e-01 7.377538e+00
vertex -8.147923e+00 2.295043e+00 6.808063e+00
endloop
endfacet
facet normal 0 0 0
outer loop
vertex 3.182496e+00 1.035887e+01 2.148348e+01
vertex 3.689022e+00 1.094820e+01 1.878506e+01
vertex 2.820002e+00 1.179791e+01 2.023755e+01
endloop
endfacet
facet normal 0 0 0
outer loop
vertex -8.947798e+00 2.507148e+00 8.698684e+00
vertex -8.086855e+00 4.168198e+00 8.008994e+00
vertex -8.147923e+00 2.295043e+00 6.808063e+00
endloop
endfacet
facet normal 0 0 0
outer loop
vertex -6.577859e+00 -7.290140e+00 1.785327e+01
vertex -6.903442e+00 -6.179179e+00 1.775187e+01
vertex -7.461999e+00 -7.350067e+00 1.721420e+01
endloop
endfacet
facet normal 0 0 0
outer loop
vertex 1.009183e+01 -5.372883e+00 8.780872e+00
vertex 1.176121e+01 -6.214497e+00 1.079824e+01
vertex 9.191972e+00 -7.278371e+00 1.009873e+01
endloop
endfacet
facet normal 0 0 0
outer loop
vertex -7.052575e+00 5.216101e+00 7.896866e+00
vertex -8.086855e+00 4.168198e+00 8.008994e+00
vertex -7.071684e+00 5.508474e+00 1.018110e+01
endloop
endfacet
facet normal 0 0 0
outer loop
vertex -6.466341e+00 6.016894e+00 9.347552e+00
vertex -7.052575e+00 5.216101e+00 7.896866e+00
vertex -7.071684e+00 5.508474e+00 1.018110e+01
endloop
endfacet
facet normal 0 0 0
outer loop
vertex 2.573654e+00 -3.919527e+00 2.235967e+01
vertex 1.312089e+00 -2.643748e+00 2.211793e+01
vertex 1.457498e+00 -4.978517e+00 2.170147e+01
endloop
endfacet
facet normal 0 0 0
outer loop
vertex 1.457498e+00 -4.978517e+00 2.170147e+01
vertex 1.312089e+00 -2.643748e+00 2.211793e+01
vertex -3.457237e-01 -4.907256e+00 2.100004e+01
endloop
endfacet
facet normal 0 0 0
outer loop
vertex -3.365647e+00 -5.370443e+00 5.431498e+00
vertex -5.234078e+00 -3.757507e+00 4.183743e+00
vertex -3.572769e+00 -3.563478e+00 3.049797e+00
endloop
endfacet
facet normal 0 0 0
outer loop
vertex -5.295968e+00 -2.417169e+00 2.369229e+00
vertex -3.572769e+00 -3.563478e+00 3.049797e+00
vertex -5.234078e+00 -3.757507e+00 4.183743e+00
endloop
endfacet
facet normal 0 0 0
outer loop
vertex 8.964701e+00 -1.197843e+01 2.326024e+01
vertex 7.572241e+00 -1.210241e+01 2.268224e+01
vertex 9.579118e+00 -1.378453e+01 2.313735e+01
endloop
endfacet
facet normal 0 0 0
outer loop
vertex 1.010025e+01 4.013835e+00 8.362715e+00
vertex 9.494286e+00 4.597887e+00 7.859364e+00
vertex 9.620826e+00 5.066048e+00 9.010885e+00
endloop
endfacet
facet normal 0 0 0
outer loop
vertex 2.260512e-01 1.133435e+01 1.817517e+01
vertex 1.898041e+00 1.115879e+01 1.844666e+01
vertex 2.517166e+00 1.010121e+01 1.647470e+01
endloop
endfacet
facet normal 0 0 0
outer loop
vertex 3.324338e-01 1.037146e+01 1.620417e+01
vertex 2.260512e-01 1.133435e+01 1.817517e+01
vertex 2.517166e+00 1.010121e+01 1.647470e+01
endloop
endfacet
facet normal 0 0 0
outer loop
vertex 2.592561e+00 1.006214e+00 -7.890138e-01
vertex 4.033619e+00 1.662050e+00 7.343184e-01
vertex 4.055416e+00 -4.352920e-02 1.045108e+00
endloop
endfacet
facet normal 0 0 0
outer loop
vertex 1.328139e+01 -4.767533e+00 1.357107e+01
vertex 1.308725e+01 -4.226723e+00 1.291537e+01
vertex 1.302499e+01 -4.041476e+00 1.318802e+01
endloop
endfacet
facet normal 0 0 0
outer loop
vertex 8.360232e-01 1.376176e+01 2.351266e+01
vertex 1.574373e+00 1.239701e+01 2.337609e+01
vertex 1.428647e+00 1.317809e+01 2.252934e+01
endloop
endfacet
facet normal 0 0 0
outer loop
vertex 4.943295e+00 -1.573554e-01 2.406454e+01
vertex 3.229229e+00 8.393904e-01 2.358648e+01
vertex 2.473260e+00 -8.548839e-01 2.294224e+01
endloop
endfacet
facet normal 0 0 0
outer loop
vertex 1.010025e+01 4.013835e+00 8.362715e+00
vertex 8.877193e+00 3.679474e+00 6.459167e+00
vertex 9.494286e+00 4.597887e+00 7.859364e+00
endloop
endfacet
facet normal 0 0 0
outer loop
vertex 9.187178e+00 3.749121e+00 1.270811e+01
vertex 9.647080e+00 3.807235e+00 1.107243e+01
vertex 8.358956e+00 6.327145e+00 1.107343e+01
endloop
endfacet
facet normal 0 0 0
outer loop
vertex 1.991234e-01 2.612448e+00 2.274360e+01
vertex -7.100292e-01 4.929865e+00 2.285332e+01
vertex -1.544531e+00 2.255774e+00 2.197891e+01
endloop
endfacet
facet normal 0 0 0
outer loop
vertex 8.888680e+00 3.119998e+00 1.477948e+01
vertex 1.019823e+01 4.318219e-01 1.499419e+01
vertex 1.023473e+01 1.792074e+00 1.254980e+01
endloop
endfacet
facet normal 0 0 0
outer loop
vertex 8.802745e+00 1.495823e+00 1.783964e+01
vertex 7.801396e+00 2.653546e+00 1.919443e+01
vertex 8.785378e+00 6.021607e-01 1.934790e+01
endloop
endfacet
facet normal 0 0 0
outer loop
vertex 2.820002e+00 1.179791e+01 2.023755e+01
vertex 2.020358e+00 1.256069e+01 2.149169e+01
vertex 3.182496e+00 1.035887e+01 2.148348e+01
endloop
endfacet
facet normal 0 0 0
outer loop
vertex 3.638097e+00 8.364668e+00 2.329171e+01
vertex 4.798330e+00 6.379393e+00 2.277941e+01
vertex 4.828375e+00 7.144875e+00 2.145990e+01
endloop
endfacet
facet normal 0 0 0
outer loop
vertex 1.219890e+01 -1.831351e+00 1.217435e+01
vertex 1.272721e+01 -3.244795e+00 1.282263e+01
vertex 1.230967e+01 -2.033887e+00 1.180695e+01
endloop
endfacet
facet normal 0 0 0
outer loop
vertex 5.645437e+00 5.878834e+00 2.088799e+01
vertex 5.414520e+00 7.171285e+00 1.946904e+01
vertex 4.828375e+00 7.144875e+00 2.145990e+01
endloop
endfacet
facet normal 0 0 0
outer loop
vertex 1.991234e-01 2.612448e+00 2.274360e+01
vertex -1.544531e+00 2.255774e+00 2.197891e+01
vertex 3.670821e-01 1.261012e-01 2.230531e+01
endloop
endfacet
facet normal 0 0 0
outer loop
vertex 9.875382e+00 -1.344693e-01 1.703964e+01
vertex 1.028638e+01 -1.855994e+00 1.850891e+01
vertex 1.104169e+01 -1.827532e+00 1.603387e+01
endloop
endfacet
facet normal 0 0 0
outer loop
vertex -3.413838e+00 9.867642e+00 2.027727e+01
vertex -4.217730e+00 8.769598e+00 1.873445e+01
vertex -4.035525e+00 8.734871e+00 2.045338e+01
endloop
endfacet
facet normal 0 0 0
outer loop
vertex 6.978011e-01 -1.007842e+01 2.036407e+01
vertex -8.678990e-01 -1.132890e+01 1.948850e+01
vertex 7.964296e-01 -1.172011e+01 2.006981e+01
endloop
endfacet
facet normal 0 0 0
outer loop
vertex -8.918430e+00 7.617832e-01 7.377538e+00
vertex -7.308512e+00 8.642447e-01 5.286617e+00
vertex -8.622028e+00 -1.054323e+00 6.468959e+00
endloop
endfacet
facet normal 0 0 0
outer loop
vertex 1.149152e+01 6.119609e-02 1.130634e+01
vertex 1.023473e+01 1.792074e+00 1.254980e+01
vertex 1.131007e+01 -8.975832e-01 1.354950e+01
endloop
endfacet
facet normal 0 0 0
outer loop
vertex -5.018607e-01 -7.742236e+00 7.205637e+00
vertex -1.691059e+00 -8.394497e+00 8.724691e+00
vertex -2.688384e+00 -6.894443e+00 7.178070e+00
endloop
endfacet
facet normal 0 0 0
outer loop
vertex -2.688384e+00 -6.894443e+00 7.178070e+00
vertex -1.016764e+00 -6.486546e+00 5.744065e+00
vertex -5.018607e-01 -7.742236e+00 7.205637e+00
endloop
endfacet
facet normal 0 0 0
outer loop
vertex -9.881334e+00 -1.207640e+00 8.058740e+00
vertex -1.013061e+01 2.251052e-01 9.646218e+00
vertex -8.918430e+00 7.617832e-01 7.377538e+00
endloop
endfacet
facet normal 0 0 0
outer loop
vertex 5.441676e+00 -3.029281e+00 3.162161e+00
vertex 4.989447e+00 -4.470343e+00 4.317357e+00
vertex 3.654953e+00 -3.875955e+00 2.784612e+00
endloop
endfacet
facet normal 0 0 0
outer loop
vertex 8.802745e+00 1.495823e+00 1.783964e+01
vertex 7.893302e+00 3.562495e+00 1.734937e+01
vertex 7.801396e+00 2.653546e+00 1.919443e+01
endloop
endfacet
facet normal 0 0 0
outer loop
vertex 4.585249e+00 -2.535082e+00 2.063556e+00
vertex 5.441676e+00 -3.029281e+00 3.162161e+00
vertex 3.654953e+00 -3.875955e+00 2.784612e+00
endloop
endfacet
facet normal 0 0 0
outer loop
vertex 1.843931e+00 1.355048e+00 2.314123e+01
vertex 1.991234e-01 2.612448e+00 2.274360e+01
vertex 3.670821e-01 1.261012e-01 2.230531e+01
endloop
endfacet
facet normal 0 0 0
outer loop
vertex 1.104169e+01 -1.827532e+00 1.603387e+01
vertex 1.028638e+01 -1.855994e+00 1.850891e+01
vertex 1.156842e+01 -3.758580e+00 1.747730e+01
endloop
endfacet
facet normal 0 0 0
outer loop
vertex 1.232321e+01 -8.456944e+00 2.027300e+01
vertex 1.108561e+01 -1.085971e+01 2.156483e+01
vertex 1.153395e+01 -1.147041e+01 2.101293e+01
endloop
endfacet
facet normal 0 0 0
outer loop
vertex 8.080613e-01 1.202416e+01 2.489686e+01
vertex -5.018149e-01 1.323434e+01 2.462262e+01
vertex -8.930122e-01 1.176987e+01 2.416987e+01
endloop
endfacet
facet normal 0 0 0
outer loop
vertex 7.780006e+00 -3.314571e+00 2.260143e+01
vertex 9.609476e+00 -3.403100e+00 2.132113e+01
vertex 8.086797e+00 -5.673882e-01 2.190924e+01
endloop
endfacet
facet normal 0 0 0
outer loop
vertex 8.086797e+00 -5.673882e-01 2.190924e+01
vertex 9.609476e+00 -3.403100e+00 2.132113e+01
vertex 9.115856e+00 -9.377129e-01 2.076007e+01
endloop
endfacet
facet normal 0 0 0
outer loop
vertex 8.448825e+00 -1.368945e+01 2.066558e+01
vertex 9.897872e+00 -1.279970e+01 2.108631e+01
vertex 9.579118e+00 -1.378453e+01 2.313735e+01
endloop
endfacet
facet normal 0 0 0
outer loop
vertex 1.108561e+01 -1.085971e+01 2.156483e+01
vertex 1.062084e+01 -1.255134e+01 2.200525e+01
vertex 1.153395e+01 -1.147041e+01 2.101293e+01
endloop
endfacet
facet normal 0 0 0
outer loop
vertex 1.062084e+01 -1.255134e+01 2.200525e+01
vertex 9.897872e+00 -1.279970e+01 2.108631e+01
vertex 1.153395e+01 -1.147041e+01 2.101293e+01
endloop
endfacet
facet normal 0 0 0
outer loop
vertex -8.918430e+00 7.617832e-01 7.377538e+00
vertex -1.013061e+01 2.251052e-01 9.646218e+00
vertex -8.947798e+00 2.507148e+00 8.698684e+00
endloop
endfacet
facet normal 0 0 0
outer loop
vertex 5.645437e+00 5.878834e+00 2.088799e+01
vertex 5.603487e+00 5.014857e+00 2.240283e+01
vertex 6.643530e+00 4.528810e+00 1.987479e+01
endloop
endfacet
facet normal 0 0 0
outer loop
vertex 1.232321e+01 -8.456944e+00 2.027300e+01
vertex 1.247992e+01 -6.591738e+00 1.911118e+01
vertex 1.106471e+01 -6.113212e+00 2.075907e+01
endloop
endfacet
facet normal 0 0 0
outer loop
vertex 5.603487e+00 5.014857e+00 2.240283e+01
vertex 4.828375e+00 7.144875e+00 2.145990e+01
vertex 4.798330e+00 6.379393e+00 2.277941e+01
endloop
endfacet
facet normal 0 0 0
outer loop
vertex 2.281779e+00 -2.179586e+00 1.014738e-01
vertex 3.383956e+00 -1.915999e+00 5.981329e-01
vertex 2.945172e+00 -2.954601e+00 1.352335e+00
endloop
endfacet
facet normal 0 0 0
outer loop
vertex 9.837093e-01 8.264805e+00 2.420308e+01
vertex 2.482203e+00 7.077116e+00 2.455678e+01
vertex 1.671480e+00 9.460264e+00 2.471893e+01
endloop
endfacet
facet normal 0 0 0
outer loop
vertex -2.428160e-01 8.997169e+00 2.386488e+01
vertex 9.837093e-01 8.264805e+00 2.420308e+01
vertex 1.671480e+00 9.460264e+00 2.471893e+01
endloop
endfacet
facet normal 0 0 0
outer loop
vertex 1.131007e+01 -8.975832e-01 1.354950e+01
vertex 1.023473e+01 1.792074e+00 1.254980e+01
vertex 1.019823e+01 4.318219e-01 1.499419e+01
endloop
endfacet
facet normal 0 0 0
outer loop
vertex 7.654141e+00 3.345112e+00 4.555618e+00
vertex 7.605968e+00 4.925825e-01 4.979484e+00
vertex 6.707770e+00 1.471275e+00 3.797280e+00
endloop
endfacet
facet normal 0 0 0
outer loop
vertex 3.383956e+00 -1.915999e+00 5.981329e-01
vertex 4.585249e+00 -2.535082e+00 2.063556e+00
vertex 2.945172e+00 -2.954601e+00 1.352335e+00
endloop
endfacet
facet normal 0 0 0
outer loop
vertex 7.654141e+00 3.345112e+00 4.555618e+00
vertex 8.574213e+00 3.971500e+00 6.207491e+00
vertex 8.877193e+00 3.679474e+00 6.459167e+00
endloop
endfacet
facet normal 0 0 0
outer loop
vertex 6.713969e+00 -2.134793e-01 2.282028e+01
vertex 5.894805e+00 8.411710e-01 2.321807e+01
vertex 4.943295e+00 -1.573554e-01 2.406454e+01
endloop
endfacet
facet normal 0 0 0
outer loop
vertex 4.943295e+00 -1.573554e-01 2.406454e+01
vertex 2.473260e+00 -8.548839e-01 2.294224e+01
vertex 3.756590e+00 -2.679392e+00 2.308118e+01
endloop
endfacet
facet normal 0 0 0
outer loop
vertex 4.943295e+00 -1.573554e-01 2.406454e+01
vertex 3.756590e+00 -2.679392e+00 2.308118e+01
vertex 5.923480e+00 -3.038646e+00 2.386850e+01
endloop
endfacet
facet normal 0 0 0
outer loop
vertex 6.732111e+00 7.928475e+00 1.377439e+01
vertex 7.483800e+00 7.187414e+00 1.252838e+01
vertex 5.020185e+00 7.767746e+00 1.262210e+01
endloop
endfacet
facet normal 0 0 0
outer loop
vertex -3.265991e+00 5.772435e+00 7.630989e+00
vertex -1.143134e+00 6.316239e+00 8.228827e+00
vertex -1.415701e+00 5.401632e+00 6.431048e+00
endloop
endfacet
facet normal 0 0 0
outer loop
vertex -5.841505e+00 5.723358e+00 1.961725e+01
vertex -6.528392e+00 4.651736e+00 1.894303e+01
vertex -5.348214e+00 3.525853e+00 2.001078e+01
endloop
endfacet
facet normal 0 0 0
outer loop
vertex 6.707770e+00 1.471275e+00 3.797280e+00
vertex 5.312968e+00 8.312565e-01 2.323723e+00
vertex 5.603487e+00 2.391830e+00 2.391243e+00
endloop
endfacet
facet normal 0 0 0
outer loop
vertex -6.347827e+00 6.464145e+00 1.172991e+01
vertex -7.071684e+00 5.508474e+00 1.018110e+01
vertex -6.849086e+00 5.403051e+00 1.258528e+01
endloop
endfacet
facet normal 0 0 0
outer loop
vertex 3.654953e+00 -3.875955e+00 2.784612e+00
vertex 4.989447e+00 -4.470343e+00 4.317357e+00
vertex 3.513412e+00 -5.101249e+00 3.935576e+00
endloop
endfacet
facet normal 0 0 0
outer loop
vertex -7.052575e+00 5.216101e+00 7.896866e+00
vertex -6.466341e+00 6.016894e+00 9.347552e+00
vertex -5.227883e+00 5.458497e+00 7.715112e+00
endloop
endfacet
facet normal 0 0 0
outer loop
vertex -7.100292e-01 4.929865e+00 2.285332e+01
vertex -2.952004e+00 4.061925e+00 2.178695e+01
vertex -1.544531e+00 2.255774e+00 2.197891e+01
endloop
endfacet
facet normal 0 0 0
outer loop
vertex 3.364023e-01 8.373683e+00 1.208167e+01
vertex -1.360009e+00 7.741415e+00 1.118328e+01
vertex -1.300769e+00 9.074550e+00 1.386185e+01
endloop
endfacet
facet normal 0 0 0
outer loop
vertex 5.522440e-01 -1.188113e+01 1.392417e+01
vertex 2.022697e+00 -1.205982e+01 1.183775e+01
vertex 2.159939e+00 -1.252052e+01 1.470355e+01
endloop
endfacet
facet normal 0 0 0
outer loop
vertex 9.449733e+00 -7.868038e+00 2.220615e+01
vertex 1.106471e+01 -6.113212e+00 2.075907e+01
vertex 8.905416e+00 -5.554755e+00 2.219171e+01
endloop
endfacet
facet normal 0 0 0
outer loop
vertex 5.980421e+00 8.669536e+00 1.502039e+01
vertex 6.732111e+00 7.928475e+00 1.377439e+01
vertex 5.020185e+00 7.767746e+00 1.262210e+01
endloop
endfacet
facet normal 0 0 0
outer loop
vertex -6.466341e+00 6.016894e+00 9.347552e+00
vertex -4.459056e+00 6.465157e+00 9.526718e+00
vertex -5.227883e+00 5.458497e+00 7.715112e+00
endloop
endfacet
facet normal 0 0 0
outer loop
vertex -5.880108e+00 6.817688e+00 1.079824e+01
vertex -6.347827e+00 6.464145e+00 1.172991e+01
vertex -5.148782e+00 7.816679e+00 1.260797e+01
endloop
endfacet
facet normal 0 0 0
outer loop
vertex -5.880108e+00 6.817688e+00 1.079824e+01
vertex -6.466341e+00 6.016894e+00 9.347552e+00
vertex -7.071684e+00 5.508474e+00 1.018110e+01
endloop
endfacet
facet normal 0 0 0
outer loop
vertex 1.312089e+00 -2.643748e+00 2.211793e+01
vertex 3.670821e-01 1.261012e-01 2.230531e+01
vertex -9.161872e-01 -1.914050e+00 2.138148e+01
endloop
endfacet
facet normal 0 0 0
outer loop
vertex 1.042339e+01 -9.550315e+00 1.327025e+01
vertex 8.227355e+00 -1.119487e+01 1.345535e+01
vertex 8.127633e+00 -9.605371e+00 1.173211e+01
endloop
endfacet
facet normal 0 0 0
outer loop
vertex 9.449733e+00 -7.868038e+00 2.220615e+01
vertex 8.905416e+00 -5.554755e+00 2.219171e+01
vertex 7.655873e+00 -8.131078e+00 2.352201e+01
endloop
endfacet
facet normal 0 0 0
outer loop
vertex -7.052575e+00 5.216101e+00 7.896866e+00
vertex -7.056023e+00 4.135334e+00 6.149549e+00
vertex -7.311479e+00 3.819215e+00 6.090051e+00
endloop
endfacet
facet normal 0 0 0
outer loop
vertex -7.052575e+00 5.216101e+00 7.896866e+00
vertex -7.311479e+00 3.819215e+00 6.090051e+00
vertex -8.086855e+00 4.168198e+00 8.008994e+00
endloop
endfacet
facet normal 0 0 0
outer loop
vertex -2.052744e+00 -2.625756e+00 9.648451e-01
vertex -3.991500e+00 -1.873767e+00 9.400386e-01
vertex -2.883744e+00 -1.412309e+00 -2.736332e-01
endloop
endfacet
facet normal 0 0 0
outer loop
vertex 5.414520e+00 7.171285e+00 1.946904e+01
vertex 4.226560e+00 8.783337e+00 2.068545e+01
vertex 4.828375e+00 7.144875e+00 2.145990e+01
endloop
endfacet
facet normal 0 0 0
outer loop
vertex -6.463722e+00 -4.665154e+00 1.824516e+01
vertex -6.561335e+00 -2.721872e+00 1.840510e+01
vertex -8.163887e+00 -4.792387e+00 1.701484e+01
endloop
endfacet
facet normal 0 0 0
outer loop
vertex -6.463722e+00 -4.665154e+00 1.824516e+01
vertex -8.163887e+00 -4.792387e+00 1.701484e+01
vertex -6.903442e+00 -6.179179e+00 1.775187e+01
endloop
endfacet
facet normal 0 0 0
outer loop
vertex -8.626371e+00 1.304995e+00 1.693791e+01
vertex -8.455876e+00 2.065240e+00 1.502040e+01
vertex -9.540304e+00 -6.343400e-02 1.606508e+01
endloop
endfacet
facet normal 0 0 0
outer loop
vertex -9.221902e+00 9.346248e-01 1.395723e+01
vertex -9.540304e+00 -6.343400e-02 1.606508e+01
vertex -8.455876e+00 2.065240e+00 1.502040e+01
endloop
endfacet
facet normal 0 0 0
outer loop
vertex -9.540304e+00 -6.343400e-02 1.606508e+01
vertex -8.135816e+00 -1.890542e+00 1.737793e+01
vertex -8.626371e+00 1.304995e+00 1.693791e+01
endloop
endfacet
facet normal 0 0 0
outer loop
vertex 1.230967e+01 -2.033887e+00 1.180695e+01
vertex 1.269846e+01 -3.130305e+00 1.236116e+01
vertex 1.221637e+01 -3.102296e+00 1.113307e+01
endloop
endfacet
facet normal 0 0 0
outer loop
vertex -4.459056e+00 6.465157e+00 9.526718e+00
vertex -3.251626e+00 7.796152e+00 1.185005e+01
vertex -2.417785e+00 6.752041e+00 9.413350e+00
endloop
endfacet
facet normal 0 0 0
outer loop
vertex -4.459056e+00 6.465157e+00 9.526718e+00
vertex -5.880108e+00 6.817688e+00 1.079824e+01
vertex -3.251626e+00 7.796152e+00 1.185005e+01
endloop
endfacet
facet normal 0 0 0
outer loop
vertex 4.068255e+00 -5.288103e+00 2.267509e+01
vertex 2.573654e+00 -3.919527e+00 2.235967e+01
vertex 1.457498e+00 -4.978517e+00 2.170147e+01
endloop
endfacet
facet normal 0 0 0
outer loop
vertex 1.954996e-02 -1.131494e+01 1.195504e+01
vertex -1.564693e+00 -1.071906e+01 1.201752e+01
vertex -3.056181e-01 -1.045829e+01 1.084561e+01
endloop
endfacet
facet normal 0 0 0
outer loop
vertex 8.086797e+00 -5.673882e-01 2.190924e+01
vertex 6.868083e+00 -1.660885e+00 2.296136e+01
vertex 7.780006e+00 -3.314571e+00 2.260143e+01
endloop
endfacet
facet normal 0 0 0
outer loop
vertex 8.692672e+00 -4.693604e+00 7.116671e+00
vertex 9.790236e+00 -3.752082e+00 8.167176e+00
vertex 1.009183e+01 -5.372883e+00 8.780872e+00
endloop
endfacet
facet normal 0 0 0
outer loop
vertex 9.790236e+00 -3.752082e+00 8.167176e+00
vertex 8.692672e+00 -4.693604e+00 7.116671e+00
vertex 8.954590e+00 -2.701292e+00 7.043775e+00
endloop
endfacet
facet normal 0 0 0
outer loop
vertex 3.324338e-01 1.037146e+01 1.620417e+01
vertex -1.895420e+00 9.823423e+00 1.557078e+01
vertex -1.334966e+00 1.081057e+01 1.743470e+01
endloop
endfacet
facet normal 0 0 0
outer loop
vertex 4.637125e+00 -1.198192e+01 1.174344e+01
vertex 3.590255e+00 -1.272619e+01 1.270135e+01
vertex 2.022697e+00 -1.205982e+01 1.183775e+01
endloop
endfacet
facet normal 0 0 0
outer loop
vertex -2.342179e+00 6.344838e+00 2.249272e+01
vertex -3.275969e+00 5.593504e+00 2.173643e+01
vertex -2.952004e+00 4.061925e+00 2.178695e+01
endloop
endfacet
facet normal 0 0 0
outer loop
vertex -2.417785e+00 6.752041e+00 9.413350e+00
vertex -3.251626e+00 7.796152e+00 1.185005e+01
vertex -1.360009e+00 7.741415e+00 1.118328e+01
endloop
endfacet
facet normal 0 0 0
outer loop
vertex 9.579118e+00 -1.378453e+01 2.313735e+01
vertex 1.033237e+01 -1.232212e+01 2.235109e+01
vertex 8.964701e+00 -1.197843e+01 2.326024e+01
endloop
endfacet
facet normal 0 0 0
outer loop
vertex 5.553643e+00 5.469933e+00 7.981736e+00
vertex 7.320856e+00 5.651097e+00 9.116116e+00
vertex 7.231425e+00 4.615588e+00 6.904949e+00
endloop
endfacet
facet normal 0 0 0
outer loop
vertex 7.085619e+00 6.721571e+00 1.465400e+01
vertex 7.515862e+00 5.049453e+00 1.607155e+01
vertex 8.217696e+00 5.205232e+00 1.346087e+01
endloop
endfacet
facet normal 0 0 0
outer loop
vertex 8.086797e+00 -5.673882e-01 2.190924e+01
vertex 6.661850e+00 2.086316e+00 2.245960e+01
vertex 6.713969e+00 -2.134793e-01 2.282028e+01
endloop
endfacet
facet normal 0 0 0
outer loop
vertex 8.086797e+00 -5.673882e-01 2.190924e+01
vertex 6.713969e+00 -2.134793e-01 2.282028e+01
vertex 6.868083e+00 -1.660885e+00 2.296136e+01
endloop
endfacet
facet normal 0 0 0
outer loop
vertex -7.160601e+00 -1.952122e-01 1.827542e+01
vertex -4.623184e+00 -1.997859e+00 1.987607e+01
vertex -3.922632e+00 4.126322e-01 2.066043e+01
endloop
endfacet
facet normal 0 0 0
outer loop
vertex 3.372649e+00 5.458386e+00 7.096042e+00
vertex 5.593610e+00 4.111298e+00 5.195906e+00
vertex 3.062472e+00 4.713415e+00 5.458332e+00
endloop
endfacet
facet normal 0 0 0
outer loop
vertex 1.799516e+00 3.737203e+00 2.360741e+01
vertex 3.095315e+00 5.274851e+00 2.443415e+01
vertex 1.231278e+00 5.599060e+00 2.375995e+01
endloop
endfacet
facet normal 0 0 0
outer loop
vertex 7.515862e+00 5.049453e+00 1.607155e+01
vertex 6.554243e+00 5.726060e+00 1.812894e+01
vertex 7.893302e+00 3.562495e+00 1.734937e+01
endloop
endfacet
facet normal 0 0 0
outer loop
vertex 8.574213e+00 3.971500e+00 6.207491e+00
vertex 7.231425e+00 4.615588e+00 6.904949e+00
vertex 9.494286e+00 4.597887e+00 7.859364e+00
endloop
endfacet
facet normal 0 0 0
outer loop
vertex 7.655873e+00 -8.131078e+00 2.352201e+01
vertex 8.138682e+00 -9.550315e+00 2.342545e+01
vertex 9.449733e+00 -7.868038e+00 2.220615e+01
endloop
endfacet
facet normal 0 0 0
outer loop
vertex 5.500903e-01 4.380324e+00 4.174462e+00
vertex -2.803444e-01 4.607926e+00 4.652086e+00
vertex 6.728815e-01 5.307060e+00 5.754360e+00
endloop
endfacet
facet normal 0 0 0
outer loop
vertex 1.149152e+01 6.119609e-02 1.130634e+01
vertex 1.131007e+01 -8.975832e-01 1.354950e+01
vertex 1.219890e+01 -1.831351e+00 1.217435e+01
endloop
endfacet
facet normal 0 0 0
outer loop
vertex 9.600702e+00 2.103646e+00 7.431126e+00
vertex 8.644129e+00 1.779819e+00 5.960914e+00
vertex 8.877193e+00 3.679474e+00 6.459167e+00
endloop
endfacet
facet normal 0 0 0
outer loop
vertex -1.862583e+00 -1.105181e+01 1.401831e+01
vertex -8.107144e-01 -1.166284e+01 1.560661e+01
vertex -3.119471e+00 -1.099739e+01 1.629477e+01
endloop
endfacet
facet normal 0 0 0
outer loop
vertex 7.893302e+00 3.562495e+00 1.734937e+01
vertex 8.888680e+00 3.119998e+00 1.477948e+01
vertex 7.515862e+00 5.049453e+00 1.607155e+01
endloop
endfacet
facet normal 0 0 0
outer loop
vertex 8.888680e+00 3.119998e+00 1.477948e+01
vertex 7.893302e+00 3.562495e+00 1.734937e+01
vertex 9.007061e+00 2.012694e+00 1.627457e+01
endloop
endfacet
facet normal 0 0 0
outer loop
vertex -6.393869e+00 -4.719861e+00 6.114722e+00
vertex -8.189260e+00 -5.174699e+00 7.677969e+00
vertex -8.273416e+00 -3.672253e+00 5.651709e+00
endloop
endfacet
facet normal 0 0 0
outer loop
vertex 7.655873e+00 -8.131078e+00 2.352201e+01
vertex 7.003872e+00 -6.214497e+00 2.365242e+01
vertex 5.477029e+00 -7.420774e+00 2.280125e+01
endloop
endfacet
facet normal 0 0 0
outer loop
vertex 4.231772e+00 -9.584760e+00 2.186736e+01
vertex 6.035187e+00 -8.953429e+00 2.271156e+01
vertex 5.477029e+00 -7.420774e+00 2.280125e+01
endloop
endfacet
facet normal 0 0 0
outer loop
vertex -6.562045e+00 5.067731e+00 1.664806e+01
vertex -5.354527e+00 7.135998e+00 1.694301e+01
vertex -6.090443e+00 6.336329e+00 1.453836e+01
endloop
endfacet
facet normal 0 0 0
outer loop
vertex 7.655873e+00 -8.131078e+00 2.352201e+01
vertex 6.035187e+00 -8.953429e+00 2.271156e+01
vertex 8.138682e+00 -9.550315e+00 2.342545e+01
endloop
endfacet
facet normal 0 0 0
outer loop
vertex -1.039787e+01 -4.076457e+00 1.522631e+01
vertex -1.082394e+01 -5.639334e+00 1.481270e+01
vertex -9.899631e+00 -5.490369e+00 1.568649e+01
endloop
endfacet
facet normal 0 0 0
outer loop
vertex 1.819254e+00 1.110477e+01 2.432998e+01
vertex 1.193444e+00 1.083897e+01 2.480915e+01
vertex 1.671480e+00 9.460264e+00 2.471893e+01
endloop
endfacet
facet normal 0 0 0
outer loop
vertex -8.626371e+00 1.304995e+00 1.693791e+01
vertex -8.135816e+00 -1.890542e+00 1.737793e+01
vertex -7.160601e+00 -1.952122e-01 1.827542e+01
endloop
endfacet
facet normal 0 0 0
outer loop
vertex 3.364023e-01 8.373683e+00 1.208167e+01
vertex 2.943336e+00 7.624724e+00 1.145827e+01
vertex 4.427779e-01 7.273399e+00 9.814772e+00
endloop
endfacet
facet normal 0 0 0
outer loop
vertex -3.413838e+00 9.867642e+00 2.027727e+01
vertex -3.532971e+00 1.018896e+01 1.781498e+01
vertex -4.217730e+00 8.769598e+00 1.873445e+01
endloop
endfacet
facet normal 0 0 0
outer loop
vertex -5.758536e+00 -6.891989e+00 1.844800e+01
vertex -4.335106e+00 -8.201956e+00 1.874706e+01
vertex -3.573614e+00 -6.073263e+00 1.948172e+01
endloop
endfacet
facet normal 0 0 0
outer loop
vertex 3.933618e+00 2.810627e+00 2.426649e+01
vertex 3.095315e+00 5.274851e+00 2.443415e+01
vertex 1.799516e+00 3.737203e+00 2.360741e+01
endloop
endfacet
facet normal 0 0 0
outer loop
vertex 1.799516e+00 3.737203e+00 2.360741e+01
vertex 1.843931e+00 1.355048e+00 2.314123e+01
vertex 3.933618e+00 2.810627e+00 2.426649e+01
endloop
endfacet
facet normal 0 0 0
outer loop
vertex 1.359425e+01 -7.177847e+00 1.305338e+01
vertex 1.279660e+01 -8.266755e+00 1.444931e+01
vertex 1.207291e+01 -8.322020e+00 1.318220e+01
endloop
endfacet
facet normal 0 0 0
outer loop
vertex -7.724137e+00 -8.742041e+00 1.377956e+01
vertex -9.298282e+00 -8.147700e+00 1.383152e+01
vertex -9.398687e+00 -7.744318e+00 1.220051e+01
endloop
endfacet
facet normal 0 0 0
outer loop
vertex 8.138682e+00 -9.550315e+00 2.342545e+01
vertex 6.002585e+00 -1.080070e+01 2.232344e+01
vertex 7.572241e+00 -1.210241e+01 2.268224e+01
endloop
endfacet
facet normal 0 0 0
outer loop
vertex -2.342859e+00 3.086990e+00 2.251915e+00
vertex -2.856901e-01 3.712839e+00 2.999774e+00
vertex -9.536027e-01 2.574052e+00 1.032939e+00
endloop
endfacet
facet normal 0 0 0
outer loop
vertex -9.509092e+00 -5.144872e+00 8.325346e+00
vertex -8.189260e+00 -5.174699e+00 7.677969e+00
vertex -8.901258e+00 -6.215981e+00 9.503114e+00
endloop
endfacet
facet normal 0 0 0
outer loop
vertex -6.849086e+00 5.403051e+00 1.258528e+01
vertex -6.090443e+00 6.336329e+00 1.453836e+01
vertex -5.744871e+00 7.251292e+00 1.295483e+01
endloop
endfacet
facet normal 0 0 0
outer loop
vertex 1.202055e+01 -4.390023e+00 1.080208e+01
vertex 1.009183e+01 -5.372883e+00 8.780872e+00
vertex 1.095730e+01 -2.506474e+00 9.281034e+00
endloop
endfacet
facet normal 0 0 0
outer loop
vertex 1.386181e+00 1.185958e+01 1.971303e+01
vertex 1.898041e+00 1.115879e+01 1.844666e+01
vertex 2.260512e-01 1.133435e+01 1.817517e+01
endloop
endfacet
facet normal 0 0 0
outer loop
vertex -7.100292e-01 4.929865e+00 2.285332e+01
vertex 1.231278e+00 5.599060e+00 2.375995e+01
vertex 7.971766e-02 7.225904e+00 2.363318e+01
endloop
endfacet
facet normal 0 0 0
outer loop
vertex 1.108561e+01 -1.085971e+01 2.156483e+01
vertex 1.033237e+01 -1.232212e+01 2.235109e+01
vertex 1.062084e+01 -1.255134e+01 2.200525e+01
endloop
endfacet
facet normal 0 0 0
outer loop
vertex 9.579118e+00 -1.378453e+01 2.313735e+01
vertex 9.897872e+00 -1.279970e+01 2.108631e+01
vertex 1.062084e+01 -1.255134e+01 2.200525e+01
endloop
endfacet
facet normal 0 0 0
outer loop
vertex 1.069861e+01 2.079332e+00 1.050962e+01
vertex 1.094773e+01 1.685622e+00 9.729171e+00
vertex 1.010025e+01 4.013835e+00 8.362715e+00
endloop
endfacet
facet normal 0 0 0
outer loop
vertex -9.200788e+00 -6.412820e+00 1.608211e+01
vertex -8.163887e+00 -4.792387e+00 1.701484e+01
vertex -9.899631e+00 -5.490369e+00 1.568649e+01
endloop
endfacet
facet normal 0 0 0
outer loop
vertex 4.474544e+00 -1.258467e+01 2.135447e+01
vertex 2.773019e+00 -1.218472e+01 2.076017e+01
vertex 5.263019e+00 -1.296307e+01 1.927938e+01
endloop
endfacet
facet normal 0 0 0
outer loop
vertex -3.444922e+00 3.146757e+00 2.750382e+00
vertex -2.342859e+00 3.086990e+00 2.251915e+00
vertex -3.656799e+00 2.733210e+00 2.111091e+00
endloop
endfacet
facet normal 0 0 0
outer loop
vertex -2.735813e+00 4.100970e+00 4.202873e+00
vertex -2.342859e+00 3.086990e+00 2.251915e+00
vertex -3.444922e+00 3.146757e+00 2.750382e+00
endloop
endfacet
facet normal 0 0 0
outer loop
vertex 6.978011e-01 -1.007842e+01 2.036407e+01
vertex 2.773019e+00 -1.218472e+01 2.076017e+01
vertex 2.332107e+00 -9.429817e+00 2.114464e+01
endloop
endfacet
facet normal 0 0 0
outer loop
vertex 8.138682e+00 -9.550315e+00 2.342545e+01
vertex 7.572241e+00 -1.210241e+01 2.268224e+01
vertex 8.964701e+00 -1.197843e+01 2.326024e+01
endloop
endfacet
facet normal 0 0 0
outer loop
vertex 6.035187e+00 -8.953429e+00 2.271156e+01
vertex 4.231772e+00 -9.584760e+00 2.186736e+01
vertex 6.002585e+00 -1.080070e+01 2.232344e+01
endloop
endfacet
facet normal 0 0 0
outer loop
vertex 6.002585e+00 -1.080070e+01 2.232344e+01
vertex 8.138682e+00 -9.550315e+00 2.342545e+01
vertex 6.035187e+00 -8.953429e+00 2.271156e+01
endloop
endfacet
facet normal 0 0 0
outer loop
vertex -6.254140e+00 -8.384614e+00 1.794809e+01
vertex -6.577859e+00 -7.290140e+00 1.785327e+01
vertex -6.843188e+00 -8.014160e+00 1.757803e+01
endloop
endfacet
facet normal 0 0 0
outer loop
vertex 3.933618e+00 2.810627e+00 2.426649e+01
vertex 3.229229e+00 8.393904e-01 2.358648e+01
vertex 4.943295e+00 -1.573554e-01 2.406454e+01
endloop
endfacet
facet normal 0 0 0
outer loop
vertex 3.933618e+00 2.810627e+00 2.426649e+01
vertex 1.843931e+00 1.355048e+00 2.314123e+01
vertex 3.229229e+00 8.393904e-01 2.358648e+01
endloop
endfacet
facet normal 0 0 0
outer loop
vertex -6.254140e+00 -8.384614e+00 1.794809e+01
vertex -5.758536e+00 -6.891989e+00 1.844800e+01
vertex -6.577859e+00 -7.290140e+00 1.785327e+01
endloop
endfacet
facet normal 0 0 0
outer loop
vertex -5.449039e+00 -9.334829e+00 1.807473e+01
vertex -4.335106e+00 -8.201956e+00 1.874706e+01
vertex -6.254140e+00 -8.384614e+00 1.794809e+01
endloop
endfacet
facet normal 0 0 0
outer loop
vertex 1.364736e+01 -7.677283e+00 1.473105e+01
vertex 1.391833e+01 -6.431518e+00 1.428420e+01
vertex 1.388108e+01 -7.029680e+00 1.535905e+01
endloop
endfacet
facet normal 0 0 0
outer loop
vertex 1.293441e+01 -5.552017e+00 1.600441e+01
vertex 1.388108e+01 -7.029680e+00 1.535905e+01
vertex 1.351217e+01 -5.994995e+00 1.487682e+01
endloop
endfacet
facet normal 0 0 0
outer loop
vertex 1.167001e+01 -2.806705e-01 1.079728e+01
vertex 1.127670e+01 -1.450475e-01 9.829719e+00
vertex 1.094773e+01 1.685622e+00 9.729171e+00
endloop
endfacet
facet normal 0 0 0
outer loop
vertex 1.069861e+01 2.079332e+00 1.050962e+01
vertex 1.167001e+01 -2.806705e-01 1.079728e+01
vertex 1.094773e+01 1.685622e+00 9.729171e+00
endloop
endfacet
facet normal 0 0 0
outer loop
vertex 1.376933e+01 -8.824169e+00 1.858361e+01
vertex 1.384383e+01 -7.627843e+00 1.643391e+01
vertex 1.247992e+01 -6.591738e+00 1.911118e+01
endloop
endfacet
facet normal 0 0 0
outer loop
vertex 1.384383e+01 -7.627843e+00 1.643391e+01
vertex 1.234958e+01 -5.511768e+00 1.779846e+01
vertex 1.247992e+01 -6.591738e+00 1.911118e+01
endloop
endfacet
facet normal 0 0 0
outer loop
vertex 4.979416e-01 2.376894e+00 7.695112e-01
vertex 2.471485e+00 2.771733e+00 2.053727e+00
vertex 4.033619e+00 1.662050e+00 7.343184e-01
endloop
endfacet
facet normal 0 0 0
outer loop
vertex 8.227355e+00 -1.119487e+01 1.345535e+01
vertex 6.354470e+00 -1.150667e+01 1.243923e+01
vertex 8.127633e+00 -9.605371e+00 1.173211e+01
endloop
endfacet
facet normal 0 0 0
outer loop
vertex -1.063236e+01 -7.482160e+00 1.315184e+01
vertex -1.139941e+01 -7.350425e+00 1.388316e+01
vertex -1.208748e+01 -6.968757e+00 1.336086e+01
endloop
endfacet
facet normal 0 0 0
outer loop
vertex 1.353527e+00 4.161632e-01 -2.094399e+00
vertex 1.137799e+00 -7.480675e-01 -2.143631e+00
vertex 7.043450e-01 1.024775e-01 -2.777586e+00
endloop
endfacet
facet normal 0 0 0
outer loop
vertex -8.930122e-01 1.176987e+01 2.416987e+01
vertex -1.334560e+00 1.194164e+01 2.387456e+01
vertex -1.179618e+00 1.046459e+01 2.381071e+01
endloop
endfacet
facet normal 0 0 0
outer loop
vertex -1.334560e+00 1.194164e+01 2.387456e+01
vertex -1.687819e+00 1.089584e+01 2.349843e+01
vertex -1.179618e+00 1.046459e+01 2.381071e+01
endloop
endfacet
facet normal 0 0 0
outer loop
vertex 7.655873e+00 -8.131078e+00 2.352201e+01
vertex 8.905416e+00 -5.554755e+00 2.219171e+01
vertex 7.003872e+00 -6.214497e+00 2.365242e+01
endloop
endfacet
facet normal 0 0 0
outer loop
vertex -7.724137e+00 -8.742041e+00 1.377956e+01
vertex -8.076451e+00 -8.957409e+00 1.534913e+01
vertex -8.825704e+00 -8.575241e+00 1.492991e+01
endloop
endfacet
facet normal 0 0 0
outer loop
vertex 1.364736e+01 -7.677283e+00 1.473105e+01
vertex 1.359425e+01 -7.177847e+00 1.305338e+01
vertex 1.391833e+01 -6.431518e+00 1.428420e+01
endloop
endfacet
facet normal 0 0 0
outer loop
vertex 8.138682e+00 -9.550315e+00 2.342545e+01
vertex 8.964701e+00 -1.197843e+01 2.326024e+01
vertex 9.715075e+00 -1.007515e+01 2.239980e+01
endloop
endfacet
facet normal 0 0 0
outer loop
vertex -7.724137e+00 -8.742041e+00 1.377956e+01
vertex -7.036162e+00 -9.256810e+00 1.489723e+01
vertex -8.076451e+00 -8.957409e+00 1.534913e+01
endloop
endfacet
facet normal 0 0 0
outer loop
vertex -8.039063e+00 -6.111197e+00 1.694817e+01
vertex -8.163887e+00 -4.792387e+00 1.701484e+01
vertex -9.200788e+00 -6.412820e+00 1.608211e+01
endloop
endfacet
facet normal 0 0 0
outer loop
vertex 3.429689e+00 6.570087e+00 9.439968e+00
vertex 2.943336e+00 7.624724e+00 1.145827e+01
vertex 5.585437e+00 6.604167e+00 1.040166e+01
endloop
endfacet
facet normal 0 0 0
outer loop
vertex 1.033237e+01 -1.232212e+01 2.235109e+01
vertex 9.579118e+00 -1.378453e+01 2.313735e+01
vertex 1.062084e+01 -1.255134e+01 2.200525e+01
endloop
endfacet
facet normal 0 0 0
outer loop
vertex 1.108561e+01 -1.085971e+01 2.156483e+01
vertex 8.964701e+00 -1.197843e+01 2.326024e+01
vertex 1.033237e+01 -1.232212e+01 2.235109e+01
endloop
endfacet
facet normal 0 0 0
outer loop
vertex -3.507299e+00 7.709748e-01 3.374025e-01
vertex -3.124881e+00 3.571193e-01 -2.487833e-01
vertex -4.210662e+00 -3.400275e-01 9.721511e-01
endloop
endfacet
facet normal 0 0 0
outer loop
vertex -2.424413e+00 -1.608425e-01 -9.125768e-01
vertex -1.874985e+00 1.212021e-01 -1.521343e+00
vertex -1.716250e+00 -9.259669e-01 -1.552753e+00
endloop
endfacet
facet normal 0 0 0
outer loop
vertex -2.134208e+00 2.345904e+00 8.416059e-01
vertex -2.342859e+00 3.086990e+00 2.251915e+00
vertex -9.536027e-01 2.574052e+00 1.032939e+00
endloop
endfacet
facet normal 0 0 0
outer loop
vertex -1.716250e+00 -9.259669e-01 -1.552753e+00
vertex -1.874985e+00 1.212021e-01 -1.521343e+00
vertex -1.415179e+00 -2.362457e-01 -1.954841e+00
endloop
endfacet
facet normal 0 0 0
outer loop
vertex -9.200788e+00 -6.412820e+00 1.608211e+01
vertex -9.899631e+00 -5.490369e+00 1.568649e+01
vertex -1.037650e+01 -6.710713e+00 1.520650e+01
endloop
endfacet
facet normal 0 0 0
outer loop
vertex -6.463722e+00 -4.665154e+00 1.824516e+01
vertex -6.903442e+00 -6.179179e+00 1.775187e+01
vertex -5.758536e+00 -6.891989e+00 1.844800e+01
endloop
endfacet
facet normal 0 0 0
outer loop
vertex 8.227355e+00 -1.119487e+01 1.345535e+01
vertex 6.753393e+00 -1.223473e+01 1.345856e+01
vertex 6.354470e+00 -1.150667e+01 1.243923e+01
endloop
endfacet
facet normal 0 0 0
outer loop
vertex -5.449039e+00 -9.334829e+00 1.807473e+01
vertex -6.254140e+00 -8.384614e+00 1.794809e+01
vertex -6.402781e+00 -9.226261e+00 1.771814e+01
endloop
endfacet
facet normal 0 0 0
outer loop
vertex -4.823560e+00 -1.039910e+01 1.810690e+01
vertex -5.449039e+00 -9.334829e+00 1.807473e+01
vertex -5.854757e+00 -1.013604e+01 1.775093e+01
endloop
endfacet
facet normal 0 0 0
outer loop
vertex -8.077157e+00 -7.471911e+00 1.094983e+01
vertex -1.058360e+01 -6.559602e+00 1.108217e+01
vertex -8.901258e+00 -6.215981e+00 9.503114e+00
endloop
endfacet
facet normal 0 0 0
outer loop
vertex 1.351217e+01 -5.994995e+00 1.487682e+01
vertex 1.388108e+01 -7.029680e+00 1.535905e+01
vertex 1.391833e+01 -6.431518e+00 1.428420e+01
endloop
endfacet
facet normal 0 0 0
outer loop
vertex 1.010025e+01 4.013835e+00 8.362715e+00
vertex 1.094773e+01 1.685622e+00 9.729171e+00
vertex 1.068847e+01 1.934394e+00 9.096216e+00
endloop
endfacet
facet normal 0 0 0
outer loop
vertex 4.503809e+00 6.105274e+00 2.329311e+01
vertex 2.482203e+00 7.077116e+00 2.455678e+01
vertex 3.095315e+00 5.274851e+00 2.443415e+01
endloop
endfacet
facet normal 0 0 0
outer loop
vertex 7.003872e+00 -6.214497e+00 2.365242e+01
vertex 4.068255e+00 -5.288103e+00 2.267509e+01
vertex 5.477029e+00 -7.420774e+00 2.280125e+01
endloop
endfacet
facet normal 0 0 0
outer loop
vertex 3.485994e-01 -9.776518e-01 -2.466454e+00
vertex 5.840566e-01 -4.362153e-01 -2.823566e+00
vertex 1.137799e+00 -7.480675e-01 -2.143631e+00
endloop
endfacet
facet normal 0 0 0
outer loop
vertex -1.716250e+00 -9.259669e-01 -1.552753e+00
vertex -6.905760e-01 -1.250854e+00 -1.640135e+00
vertex -7.402740e-01 -1.895363e+00 -7.261673e-01
endloop
endfacet
facet normal 0 0 0
outer loop
vertex -1.716250e+00 -9.259669e-01 -1.552753e+00
vertex -7.865707e-01 -5.158618e-01 -2.574244e+00
vertex -6.905760e-01 -1.250854e+00 -1.640135e+00
endloop
endfacet
facet normal 0 0 0
outer loop
vertex -9.450449e+00 -7.148636e+00 1.581667e+01
vertex -9.200788e+00 -6.412820e+00 1.608211e+01
vertex -1.037650e+01 -6.710713e+00 1.520650e+01
endloop
endfacet
facet normal 0 0 0
outer loop
vertex -2.735813e+00 4.100970e+00 4.202873e+00
vertex -3.444922e+00 3.146757e+00 2.750382e+00
vertex -4.184990e+00 3.387251e+00 3.482337e+00
endloop
endfacet
facet normal 0 0 0
outer loop
vertex 1.671480e+00 9.460264e+00 2.471893e+01
vertex 1.193444e+00 1.083897e+01 2.480915e+01
vertex 1.215855e-01 1.042110e+01 2.429875e+01
endloop
endfacet
facet normal 0 0 0
outer loop
vertex 1.671480e+00 9.460264e+00 2.471893e+01
vertex 1.215855e-01 1.042110e+01 2.429875e+01
vertex -2.428160e-01 8.997169e+00 2.386488e+01
endloop
endfacet
facet normal 0 0 0
outer loop
vertex -5.348214e+00 3.525853e+00 2.001078e+01
vertex -2.952004e+00 4.061925e+00 2.178695e+01
vertex -4.628734e+00 5.073672e+00 2.070803e+01
endloop
endfacet
facet normal 0 0 0
outer loop
vertex 4.979416e-01 2.376894e+00 7.695112e-01
vertex 4.272990e-01 3.453588e+00 2.594565e+00
vertex 2.471485e+00 2.771733e+00 2.053727e+00
endloop
endfacet
facet normal 0 0 0
outer loop
vertex -5.935974e+00 -1.017720e+01 1.718993e+01
vertex -5.854757e+00 -1.013604e+01 1.775093e+01
vertex -6.651031e+00 -9.969541e+00 1.746862e+01
endloop
endfacet
facet normal 0 0 0
outer loop
vertex -6.594748e+00 -9.847132e+00 1.677720e+01
vertex -5.899075e+00 -9.974093e+00 1.614741e+01
vertex -5.935974e+00 -1.017720e+01 1.718993e+01
endloop
endfacet
facet normal 0 0 0
outer loop
vertex -5.854757e+00 -1.013604e+01 1.775093e+01
vertex -6.402781e+00 -9.226261e+00 1.771814e+01
vertex -6.651031e+00 -9.969541e+00 1.746862e+01
endloop
endfacet
facet normal 0 0 0
outer loop
vertex -5.354527e+00 7.135998e+00 1.694301e+01
vertex -4.210669e+00 9.285723e+00 1.630268e+01
vertex -5.148782e+00 8.047181e+00 1.429544e+01
endloop
endfacet
facet normal 0 0 0
outer loop
vertex -5.354527e+00 7.135998e+00 1.694301e+01
vertex -5.148782e+00 8.047181e+00 1.429544e+01
vertex -6.090443e+00 6.336329e+00 1.453836e+01
endloop
endfacet
facet normal 0 0 0
outer loop
vertex -9.121403e+00 -3.927905e+00 1.643260e+01
vertex -1.045165e+01 -1.490153e+00 1.519427e+01
vertex -1.039787e+01 -4.076457e+00 1.522631e+01
endloop
endfacet
facet normal 0 0 0
outer loop
vertex -5.899075e+00 -9.974093e+00 1.614741e+01
vertex -6.594748e+00 -9.847132e+00 1.677720e+01
vertex -6.875250e+00 -9.597915e+00 1.614560e+01
endloop
endfacet
facet normal 0 0 0
outer loop
vertex -1.198239e+01 -6.292742e+00 1.153371e+01
vertex -1.163029e+01 -5.919338e+00 1.073325e+01
vertex -1.058360e+01 -6.559602e+00 1.108217e+01
endloop
endfacet
facet normal 0 0 0
outer loop
vertex 1.332836e+01 -5.576010e+00 1.303096e+01
vertex 1.319127e+01 -5.069790e+00 1.287684e+01
vertex 1.350279e+01 -5.329120e+00 1.359979e+01
endloop
endfacet
facet normal 0 0 0
outer loop
vertex 1.376933e+01 -8.824169e+00 1.858361e+01
vertex 1.227104e+01 -9.222393e+00 1.601606e+01
vertex 1.370048e+01 -8.176719e+00 1.640873e+01
endloop
endfacet
facet normal 0 0 0
outer loop
vertex -2.695375e+00 2.017953e+00 4.513727e-01
vertex -2.134208e+00 2.345904e+00 8.416059e-01
vertex -1.982916e+00 1.767083e+00 -2.575906e-01
endloop
endfacet
facet normal 0 0 0
outer loop
vertex -9.896544e+00 -7.546449e+00 1.545078e+01
vertex -9.679746e+00 -8.236108e+00 1.552422e+01
vertex -9.211556e+00 -7.778344e+00 1.591300e+01
endloop
endfacet
facet normal 0 0 0
outer loop
vertex -1.255118e+01 -4.776984e+00 1.318812e+01
vertex -1.298617e+01 -5.457956e+00 1.277248e+01
vertex -1.255782e+01 -5.964996e+00 1.317324e+01
endloop
endfacet
facet normal 0 0 0
outer loop
vertex 2.260512e-01 1.133435e+01 1.817517e+01
vertex -1.334966e+00 1.081057e+01 1.743470e+01
vertex -9.258779e-01 1.182062e+01 1.939804e+01
endloop
endfacet
facet normal 0 0 0
outer loop
vertex 9.191972e+00 -7.278371e+00 1.009873e+01
vertex 1.176121e+01 -6.214497e+00 1.079824e+01
vertex 1.089661e+01 -7.839283e+00 1.185438e+01
endloop
endfacet
facet normal 0 0 0
outer loop
vertex -1.813575e+00 8.198145e+00 2.307899e+01
vertex 7.971766e-02 7.225904e+00 2.363318e+01
vertex -2.428160e-01 8.997169e+00 2.386488e+01
endloop
endfacet
facet normal 0 0 0
outer loop
vertex -1.039787e+01 -4.076457e+00 1.522631e+01
vertex -1.045165e+01 -1.490153e+00 1.519427e+01
vertex -1.159605e+01 -3.281723e+00 1.410076e+01
endloop
endfacet
facet normal 0 0 0
outer loop
vertex -1.263441e+01 -4.605583e+00 1.165198e+01
vertex -1.255118e+01 -4.776984e+00 1.318812e+01
vertex -1.194693e+01 -3.563278e+00 1.247276e+01
endloop
endfacet
facet normal 0 0 0
outer loop
vertex -1.263441e+01 -4.605583e+00 1.165198e+01
vertex -1.298617e+01 -5.457956e+00 1.277248e+01
vertex -1.255118e+01 -4.776984e+00 1.318812e+01
endloop
endfacet
facet normal 0 0 0
outer loop
vertex -9.749253e+00 -4.272273e+00 7.248304e+00
vertex -1.118187e+01 -4.869060e+00 8.817902e+00
vertex -1.029919e+01 -4.182045e+00 7.827785e+00
endloop
endfacet
facet normal 0 0 0
outer loop
vertex -1.124141e+01 -4.274102e+00 8.990780e+00
vertex -1.029919e+01 -4.182045e+00 7.827785e+00
vertex -1.118187e+01 -4.869060e+00 8.817902e+00
endloop
endfacet
facet normal 0 0 0
outer loop
vertex -1.063236e+01 -7.482160e+00 1.315184e+01
vertex -9.298282e+00 -8.147700e+00 1.383152e+01
vertex -1.071134e+01 -7.732093e+00 1.440546e+01
endloop
endfacet
facet normal 0 0 0
outer loop
vertex 1.359425e+01 -7.177847e+00 1.305338e+01
vertex 1.309693e+01 -5.753880e+00 1.231037e+01
vertex 1.354852e+01 -6.253484e+00 1.332658e+01
endloop
endfacet
facet normal 0 0 0
outer loop
vertex 7.043450e-01 1.024775e-01 -2.777586e+00
vertex 1.137799e+00 -7.480675e-01 -2.143631e+00
vertex 5.840566e-01 -4.362153e-01 -2.823566e+00
endloop
endfacet
facet normal 0 0 0
outer loop
vertex 4.178765e-02 -1.936215e-01 -3.478882e+00
vertex 7.043450e-01 1.024775e-01 -2.777586e+00
vertex 5.840566e-01 -4.362153e-01 -2.823566e+00
endloop
endfacet
facet normal 0 0 0
outer loop
vertex -6.651031e+00 -9.969541e+00 1.746862e+01
vertex -6.594748e+00 -9.847132e+00 1.677720e+01
vertex -5.935974e+00 -1.017720e+01 1.718993e+01
endloop
endfacet
facet normal 0 0 0
outer loop
vertex -1.813575e+00 8.198145e+00 2.307899e+01
vertex -2.342179e+00 6.344838e+00 2.249272e+01
vertex 7.971766e-02 7.225904e+00 2.363318e+01
endloop
endfacet
facet normal 0 0 0
outer loop
vertex -7.100292e-01 4.929865e+00 2.285332e+01
vertex 7.971766e-02 7.225904e+00 2.363318e+01
vertex -2.342179e+00 6.344838e+00 2.249272e+01
endloop
endfacet
facet normal 0 0 0
outer loop
vertex -2.735813e+00 4.100970e+00 4.202873e+00
vertex -2.803444e-01 4.607926e+00 4.652086e+00
vertex -2.856901e-01 3.712839e+00 2.999774e+00
endloop
endfacet
facet normal 0 0 0
outer loop
vertex -2.735813e+00 4.100970e+00 4.202873e+00
vertex -1.415701e+00 5.401632e+00 6.431048e+00
vertex -2.803444e-01 4.607926e+00 4.652086e+00
endloop
endfacet
facet normal 0 0 0
outer loop
vertex -7.237589e-01 9.067906e-01 -1.787233e+00
vertex -1.119178e+00 1.225907e+00 -1.264734e+00
vertex -4.230600e-01 1.209219e+00 -1.258834e+00
endloop
endfacet
facet normal 0 0 0
outer loop
vertex 4.979416e-01 2.376894e+00 7.695112e-01
vertex 4.033619e+00 1.662050e+00 7.343184e-01
vertex 2.592561e+00 1.006214e+00 -7.890138e-01
endloop
endfacet
facet normal 0 0 0
outer loop
vertex 4.979416e-01 2.376894e+00 7.695112e-01
vertex 2.592561e+00 1.006214e+00 -7.890138e-01
vertex 4.980718e-01 1.588016e+00 -4.932676e-01
endloop
endfacet
facet normal 0 0 0
outer loop
vertex 3.487219e-01 1.336148e+01 2.498611e+01
vertex 8.080613e-01 1.202416e+01 2.489686e+01
vertex 8.506388e-01 1.259805e+01 2.475778e+01
endloop
endfacet
facet normal 0 0 0
outer loop
vertex -1.057167e+01 -1.582696e+00 9.305655e+00
vertex -1.087464e+01 -3.029464e+00 8.896023e+00
vertex -1.126632e+01 -1.966061e+00 1.055602e+01
endloop
endfacet
facet normal 0 0 0
outer loop
vertex -1.013061e+01 2.251052e-01 9.646218e+00
vertex -1.057167e+01 -1.582696e+00 9.305655e+00
vertex -1.126632e+01 -1.966061e+00 1.055602e+01
endloop
endfacet
facet normal 0 0 0
outer loop
vertex 2.112582e+00 -1.260800e+00 -9.527798e-01
vertex 4.055416e+00 -4.352920e-02 1.045108e+00
vertex 3.383956e+00 -1.915999e+00 5.981329e-01
endloop
endfacet
facet normal 0 0 0
outer loop
vertex 2.112582e+00 -1.260800e+00 -9.527798e-01
vertex 2.592561e+00 1.006214e+00 -7.890138e-01
vertex 4.055416e+00 -4.352920e-02 1.045108e+00
endloop
endfacet
facet normal 0 0 0
outer loop
vertex -6.254140e+00 -8.384614e+00 1.794809e+01
vertex -4.335106e+00 -8.201956e+00 1.874706e+01
vertex -5.758536e+00 -6.891989e+00 1.844800e+01
endloop
endfacet
facet normal 0 0 0
outer loop
vertex -4.184990e+00 3.387251e+00 3.482337e+00
vertex -3.444922e+00 3.146757e+00 2.750382e+00
vertex -4.697273e+00 2.754402e+00 2.613939e+00
endloop
endfacet
facet normal 0 0 0
outer loop
vertex -2.235702e+00 9.850041e+00 2.298318e+01
vertex -1.813575e+00 8.198145e+00 2.307899e+01
vertex -1.179618e+00 1.046459e+01 2.381071e+01
endloop
endfacet
facet normal 0 0 0
outer loop
vertex -1.063236e+01 -7.482160e+00 1.315184e+01
vertex -1.071134e+01 -7.732093e+00 1.440546e+01
vertex -1.139941e+01 -7.350425e+00 1.388316e+01
endloop
endfacet
facet normal 0 0 0
outer loop
vertex 1.329502e+01 -4.777921e+00 1.325758e+01
vertex 1.328139e+01 -4.767533e+00 1.357107e+01
vertex 1.350279e+01 -5.329120e+00 1.359979e+01
endloop
endfacet
facet normal 0 0 0
outer loop
vertex 8.954590e+00 -2.701292e+00 7.043775e+00
vertex 7.244639e+00 -3.891774e+00 5.305352e+00
vertex 7.450615e+00 -1.686547e+00 5.168918e+00
endloop
endfacet
facet normal 0 0 0
outer loop
vertex -1.181061e+01 -6.253403e+00 1.387665e+01
vertex -1.120798e+01 -6.633883e+00 1.444289e+01
vertex -1.156535e+01 -5.272753e+00 1.411533e+01
endloop
endfacet
facet normal 0 0 0
outer loop
vertex -8.076451e+00 -8.957409e+00 1.534913e+01
vertex -7.036162e+00 -9.256810e+00 1.489723e+01
vertex -7.581141e+00 -9.266151e+00 1.587714e+01
endloop
endfacet
facet normal 0 0 0
outer loop
vertex -6.939166e+00 -8.671905e+00 1.211466e+01
vertex -9.398687e+00 -7.744318e+00 1.220051e+01
vertex -8.077157e+00 -7.471911e+00 1.094983e+01
endloop
endfacet
facet normal 0 0 0
outer loop
vertex -1.138092e+01 -7.009319e+00 1.232595e+01
vertex -1.222058e+01 -6.787389e+00 1.277893e+01
vertex -1.247044e+01 -6.580883e+00 1.228557e+01
endloop
endfacet
facet normal 0 0 0
outer loop
vertex -6.939166e+00 -8.671905e+00 1.211466e+01
vertex -7.724137e+00 -8.742041e+00 1.377956e+01
vertex -9.398687e+00 -7.744318e+00 1.220051e+01
endloop
endfacet
facet normal 0 0 0
outer loop
vertex -8.077157e+00 -7.471911e+00 1.094983e+01
vertex -8.901258e+00 -6.215981e+00 9.503114e+00
vertex -6.072422e+00 -7.269983e+00 9.460753e+00
endloop
endfacet
facet normal 0 0 0
outer loop
vertex -6.875250e+00 -9.597915e+00 1.614560e+01
vertex -7.581141e+00 -9.266151e+00 1.587714e+01
vertex -7.036162e+00 -9.256810e+00 1.489723e+01
endloop
endfacet
facet normal 0 0 0
outer loop
vertex 3.638097e+00 8.364668e+00 2.329171e+01
vertex 4.226560e+00 8.783337e+00 2.068545e+01
vertex 3.182496e+00 1.035887e+01 2.148348e+01
endloop
endfacet
facet normal 0 0 0
outer loop
vertex 3.182496e+00 1.035887e+01 2.148348e+01
vertex 2.447753e+00 1.040581e+01 2.385798e+01
vertex 3.638097e+00 8.364668e+00 2.329171e+01
endloop
endfacet
facet normal 0 0 0
outer loop
vertex -5.874720e-02 -1.172229e+01 1.729740e+01
vertex 2.245934e+00 -1.233152e+01 1.728049e+01
vertex 7.964296e-01 -1.172011e+01 2.006981e+01
endloop
endfacet
facet normal 0 0 0
outer loop
vertex 3.485994e-01 -9.776518e-01 -2.466454e+00
vertex 2.026023e-01 -6.281844e-01 -2.917747e+00
vertex 5.840566e-01 -4.362153e-01 -2.823566e+00
endloop
endfacet
facet normal 0 0 0
outer loop
vertex 5.948194e+00 -2.146091e+00 3.566108e+00
vertex 5.441676e+00 -3.029281e+00 3.162161e+00
vertex 5.201640e+00 -1.898155e+00 2.655357e+00
endloop
endfacet
facet normal 0 0 0
outer loop
vertex 4.231772e+00 -9.584760e+00 2.186736e+01
vertex 2.773019e+00 -1.218472e+01 2.076017e+01
vertex 4.474544e+00 -1.258467e+01 2.135447e+01
endloop
endfacet
facet normal 0 0 0
outer loop
vertex 2.332107e+00 -9.429817e+00 2.114464e+01
vertex 2.773019e+00 -1.218472e+01 2.076017e+01
vertex 4.231772e+00 -9.584760e+00 2.186736e+01
endloop
endfacet
facet normal 0 0 0
outer loop
vertex -1.087464e+01 -3.029464e+00 8.896023e+00
vertex -1.029919e+01 -4.182045e+00 7.827785e+00
vertex -1.124141e+01 -4.274102e+00 8.990780e+00
endloop
endfacet
facet normal 0 0 0
outer loop
vertex -1.255782e+01 -5.964996e+00 1.317324e+01
vertex -1.210030e+01 -5.653578e+00 1.360749e+01
vertex -1.255118e+01 -4.776984e+00 1.318812e+01
endloop
endfacet
facet normal 0 0 0
outer loop
vertex -5.388404e+00 1.893666e+00 3.077920e+00
vertex -4.963818e+00 9.102664e-01 2.261823e+00
vertex -5.939319e+00 6.755025e-01 3.461934e+00
endloop
endfacet
facet normal 0 0 0
outer loop
vertex -4.930337e+00 1.961644e+00 2.502948e+00
vertex -4.963818e+00 9.102664e-01 2.261823e+00
vertex -5.388404e+00 1.893666e+00 3.077920e+00
endloop
endfacet
facet normal 0 0 0
outer loop
vertex -4.688016e+00 4.546337e+00 5.731777e+00
vertex -5.962789e+00 4.643517e+00 6.434644e+00
vertex -5.227883e+00 5.458497e+00 7.715112e+00
endloop
endfacet
facet normal 0 0 0
outer loop
vertex -5.962789e+00 4.643517e+00 6.434644e+00
vertex -7.052575e+00 5.216101e+00 7.896866e+00
vertex -5.227883e+00 5.458497e+00 7.715112e+00
endloop
endfacet
facet normal 0 0 0
outer loop
vertex -6.594748e+00 -9.847132e+00 1.677720e+01
vertex -7.206170e+00 -9.680836e+00 1.708606e+01
vertex -6.875250e+00 -9.597915e+00 1.614560e+01
endloop
endfacet
facet normal 0 0 0
outer loop
vertex 5.302244e+00 2.270468e+00 2.339062e+01
vertex 5.894805e+00 8.411710e-01 2.321807e+01
vertex 6.661850e+00 2.086316e+00 2.245960e+01
endloop
endfacet
facet normal 0 0 0
outer loop
vertex 6.713969e+00 -2.134793e-01 2.282028e+01
vertex 6.661850e+00 2.086316e+00 2.245960e+01
vertex 5.894805e+00 8.411710e-01 2.321807e+01
endloop
endfacet
facet normal 0 0 0
outer loop
vertex 5.302244e+00 2.270468e+00 2.339062e+01
vertex 6.661850e+00 2.086316e+00 2.245960e+01
vertex 5.603487e+00 4.057326e+00 2.286838e+01
endloop
endfacet
facet normal 0 0 0
outer loop
vertex -4.602539e+00 3.805310e+00 4.392179e+00
vertex -2.735813e+00 4.100970e+00 4.202873e+00
vertex -4.184990e+00 3.387251e+00 3.482337e+00
endloop
endfacet
facet normal 0 0 0
outer loop
vertex -4.602539e+00 3.805310e+00 4.392179e+00
vertex -4.688016e+00 4.546337e+00 5.731777e+00
vertex -2.735813e+00 4.100970e+00 4.202873e+00
endloop
endfacet
facet normal 0 0 0
outer loop
vertex 5.585437e+00 6.604167e+00 1.040166e+01
vertex 8.358956e+00 6.327145e+00 1.107343e+01
vertex 7.320856e+00 5.651097e+00 9.116116e+00
endloop
endfacet
facet normal 0 0 0
outer loop
vertex -1.120798e+01 -6.633883e+00 1.444289e+01
vertex -1.082394e+01 -5.639334e+00 1.481270e+01
vertex -1.156535e+01 -5.272753e+00 1.411533e+01
endloop
endfacet
facet normal 0 0 0
outer loop
vertex 1.013616e+01 -1.057510e+01 1.550984e+01
vertex 8.490533e+00 -1.210221e+01 1.643554e+01
vertex 8.227355e+00 -1.119487e+01 1.345535e+01
endloop
endfacet
facet normal 0 0 0
outer loop
vertex 2.233575e+00 1.150105e+01 2.270355e+01
vertex 3.182496e+00 1.035887e+01 2.148348e+01
vertex 2.020358e+00 1.256069e+01 2.149169e+01
endloop
endfacet
facet normal 0 0 0
outer loop
vertex 1.799516e+00 3.737203e+00 2.360741e+01
vertex 1.231278e+00 5.599060e+00 2.375995e+01
vertex -7.100292e-01 4.929865e+00 2.285332e+01
endloop
endfacet
facet normal 0 0 0
outer loop
vertex 1.799516e+00 3.737203e+00 2.360741e+01
vertex -7.100292e-01 4.929865e+00 2.285332e+01
vertex 1.991234e-01 2.612448e+00 2.274360e+01
endloop
endfacet
facet normal 0 0 0
outer loop
vertex 1.370048e+01 -8.176719e+00 1.640873e+01
vertex 1.364736e+01 -7.677283e+00 1.473105e+01
vertex 1.384383e+01 -7.627843e+00 1.643391e+01
endloop
endfacet
facet normal 0 0 0
outer loop
vertex -3.532971e+00 1.018896e+01 1.781498e+01
vertex -2.506891e+00 1.153513e+01 1.994817e+01
vertex -2.530315e+00 1.139350e+01 1.908760e+01
endloop
endfacet
facet normal 0 0 0
outer loop
vertex -2.506891e+00 1.153513e+01 1.994817e+01
vertex -3.532971e+00 1.018896e+01 1.781498e+01
vertex -3.413838e+00 9.867642e+00 2.027727e+01
endloop
endfacet
facet normal 0 0 0
outer loop
vertex -1.126632e+01 -1.966061e+00 1.055602e+01
vertex -1.067967e+01 -1.150771e+00 1.161441e+01
vertex -1.013061e+01 2.251052e-01 9.646218e+00
endloop
endfacet
facet normal 0 0 0
outer loop
vertex -7.865707e-01 -5.158618e-01 -2.574244e+00
vertex -7.571761e-01 2.817128e-01 -2.687279e+00
vertex -4.002438e-01 1.099501e-01 -3.017630e+00
endloop
endfacet
facet normal 0 0 0
outer loop
vertex -1.232518e+00 1.757547e+00 -3.674354e-01
vertex -1.119178e+00 1.225907e+00 -1.264734e+00
vertex -1.592574e+00 1.463157e+00 -8.851035e-01
endloop
endfacet
facet normal 0 0 0
outer loop
vertex -1.305877e+01 -5.465180e+00 1.196125e+01
vertex -1.346363e+01 -6.205420e+00 1.231626e+01
vertex -1.298617e+01 -5.457956e+00 1.277248e+01
endloop
endfacet
facet normal 0 0 0
outer loop
vertex -3.170096e+00 2.335546e+00 1.208286e+00
vertex -2.695375e+00 2.017953e+00 4.513727e-01
vertex -3.555503e+00 1.941390e+00 7.727499e-01
endloop
endfacet
facet normal 0 0 0
outer loop
vertex -3.170096e+00 2.335546e+00 1.208286e+00
vertex -2.134208e+00 2.345904e+00 8.416059e-01
vertex -2.695375e+00 2.017953e+00 4.513727e-01
endloop
endfacet
facet normal 0 0 0
outer loop
vertex -1.118187e+01 -4.869060e+00 8.817902e+00
vertex -1.088000e+01 -5.825091e+00 1.012100e+01
vertex -1.169524e+01 -5.333163e+00 9.859771e+00
endloop
endfacet
facet normal 0 0 0
outer loop
vertex -1.862583e+00 -1.105181e+01 1.401831e+01
vertex -3.119471e+00 -1.099739e+01 1.629477e+01
vertex -4.150395e+00 -1.043846e+01 1.521377e+01
endloop
endfacet
facet normal 0 0 0
outer loop
vertex 4.979416e-01 2.376894e+00 7.695112e-01
vertex -2.856901e-01 3.712839e+00 2.999774e+00
vertex 4.272990e-01 3.453588e+00 2.594565e+00
endloop
endfacet
facet normal 0 0 0
outer loop
vertex -1.021682e+01 -7.939261e+00 1.517541e+01
vertex -9.679746e+00 -8.236108e+00 1.552422e+01
vertex -9.896544e+00 -7.546449e+00 1.545078e+01
endloop
endfacet
facet normal 0 0 0
outer loop
vertex -7.865707e-01 -5.158618e-01 -2.574244e+00
vertex -1.716250e+00 -9.259669e-01 -1.552753e+00
vertex -1.415179e+00 -2.362457e-01 -1.954841e+00
endloop
endfacet
facet normal 0 0 0
outer loop
vertex 1.273649e+01 -3.984144e+00 1.405397e+01
vertex 1.328139e+01 -4.767533e+00 1.357107e+01
vertex 1.302499e+01 -4.041476e+00 1.318802e+01
endloop
endfacet
facet normal 0 0 0
outer loop
vertex 1.317176e+01 -5.076844e+00 1.446545e+01
vertex 1.328139e+01 -4.767533e+00 1.357107e+01
vertex 1.273649e+01 -3.984144e+00 1.405397e+01
endloop
endfacet
facet normal 0 0 0
outer loop
vertex -6.651031e+00 -9.969541e+00 1.746862e+01
vertex -6.402781e+00 -9.226261e+00 1.771814e+01
vertex -6.859511e+00 -9.365780e+00 1.740658e+01
endloop
endfacet
facet normal 0 0 0
outer loop
vertex 7.605968e+00 4.925825e-01 4.979484e+00
vertex 5.647498e+00 -5.994980e-01 2.942876e+00
vertex 6.707770e+00 1.471275e+00 3.797280e+00
endloop
endfacet
facet normal 0 0 0
outer loop
vertex 4.277223e+00 -1.298080e+01 1.589831e+01
vertex 2.245934e+00 -1.233152e+01 1.728049e+01
vertex 2.159939e+00 -1.252052e+01 1.470355e+01
endloop
endfacet
facet normal 0 0 0
outer loop
vertex 7.244639e+00 -3.891774e+00 5.305352e+00
vertex 8.954590e+00 -2.701292e+00 7.043775e+00
vertex 8.692672e+00 -4.693604e+00 7.116671e+00
endloop
endfacet
facet normal 0 0 0
outer loop
vertex -9.163141e+00 -8.565909e+00 1.546906e+01
vertex -1.021672e+01 -8.010901e+00 1.480081e+01
vertex -8.825704e+00 -8.575241e+00 1.492991e+01
endloop
endfacet
facet normal 0 0 0
outer loop
vertex -1.287063e+01 -5.767717e+00 1.131810e+01
vertex -1.316713e+01 -5.986569e+00 1.181718e+01
vertex -1.305877e+01 -5.465180e+00 1.196125e+01
endloop
endfacet
facet normal 0 0 0
outer loop
vertex -5.049754e+00 2.678468e+00 2.882212e+00
vertex -5.388404e+00 1.893666e+00 3.077920e+00
vertex -5.729380e+00 3.005288e+00 3.835709e+00
endloop
endfacet
facet normal 0 0 0
outer loop
vertex 1.227104e+01 -9.222393e+00 1.601606e+01
vertex 1.184120e+01 -1.015933e+01 1.775531e+01
vertex 1.013616e+01 -1.057510e+01 1.550984e+01
endloop
endfacet
facet normal 0 0 0
outer loop
vertex -1.255782e+01 -5.964996e+00 1.317324e+01
vertex -1.229900e+01 -6.815501e+00 1.341145e+01
vertex -1.210030e+01 -5.653578e+00 1.360749e+01
endloop
endfacet
facet normal 0 0 0
outer loop
vertex 1.215855e-01 1.042110e+01 2.429875e+01
vertex -1.179618e+00 1.046459e+01 2.381071e+01
vertex -2.428160e-01 8.997169e+00 2.386488e+01
endloop
endfacet
facet normal 0 0 0
outer loop
vertex -5.473805e+00 3.246818e+00 3.811876e+00
vertex -5.049754e+00 2.678468e+00 2.882212e+00
vertex -5.729380e+00 3.005288e+00 3.835709e+00
endloop
endfacet
facet normal 0 0 0
outer loop
vertex -5.295968e+00 -2.417169e+00 2.369229e+00
vertex -3.991500e+00 -1.873767e+00 9.400386e-01
vertex -3.572769e+00 -3.563478e+00 3.049797e+00
endloop
endfacet
facet normal 0 0 0
outer loop
vertex -1.238664e+01 -4.968471e+00 1.082194e+01
vertex -1.233423e+01 -4.536951e+00 1.102809e+01
vertex -1.197163e+01 -4.379381e+00 1.033055e+01
endloop
endfacet
facet normal 0 0 0
outer loop
vertex -1.197163e+01 -4.379381e+00 1.033055e+01
vertex -1.233423e+01 -4.536951e+00 1.102809e+01
vertex -1.206354e+01 -3.504188e+00 1.119467e+01
endloop
endfacet
facet normal 0 0 0
outer loop
vertex -4.210662e+00 -3.400275e-01 9.721511e-01
vertex -4.357399e+00 1.027515e+00 1.508014e+00
vertex -3.909171e+00 1.149620e+00 9.604325e-01
endloop
endfacet
facet normal 0 0 0
outer loop
vertex 1.272721e+01 -3.244795e+00 1.282263e+01
vertex 1.219890e+01 -1.831351e+00 1.217435e+01
vertex 1.202736e+01 -2.786341e+00 1.437795e+01
endloop
endfacet
facet normal 0 0 0
outer loop
vertex 1.219890e+01 -1.831351e+00 1.217435e+01
vertex 1.131007e+01 -8.975832e-01 1.354950e+01
vertex 1.202736e+01 -2.786341e+00 1.437795e+01
endloop
endfacet
facet normal 0 0 0
outer loop
vertex -5.354527e+00 7.135998e+00 1.694301e+01
vertex -5.100980e+00 7.192949e+00 1.882672e+01
vertex -4.217730e+00 8.769598e+00 1.873445e+01
endloop
endfacet
facet normal 0 0 0
outer loop
vertex -1.677758e+00 -8.915844e+00 1.965707e+01
vertex -2.949851e+00 -1.083952e+01 1.876134e+01
vertex -8.678990e-01 -1.132890e+01 1.948850e+01
endloop
endfacet
facet normal 0 0 0
outer loop
vertex -1.218762e+01 -5.263568e+00 1.016842e+01
vertex -1.238664e+01 -4.968471e+00 1.082194e+01
vertex -1.197163e+01 -4.379381e+00 1.033055e+01
endloop
endfacet
facet normal 0 0 0
outer loop
vertex -7.130226e+00 -8.754804e+00 1.728530e+01
vertex -6.843188e+00 -8.014160e+00 1.757803e+01
vertex -7.364202e+00 -8.157414e+00 1.718867e+01
endloop
endfacet
facet normal 0 0 0
outer loop
vertex -6.843188e+00 -8.014160e+00 1.757803e+01
vertex -6.577859e+00 -7.290140e+00 1.785327e+01
vertex -7.461999e+00 -7.350067e+00 1.721420e+01
endloop
endfacet
facet normal 0 0 0
outer loop
vertex 3.654953e+00 -3.875955e+00 2.784612e+00
vertex 1.569505e+00 -4.097570e+00 1.562332e+00
vertex 2.945172e+00 -2.954601e+00 1.352335e+00
endloop
endfacet
facet normal 0 0 0
outer loop
vertex 3.654953e+00 -3.875955e+00 2.784612e+00
vertex 2.019397e+00 -5.247228e+00 3.046899e+00
vertex 1.569505e+00 -4.097570e+00 1.562332e+00
endloop
endfacet
facet normal 0 0 0
outer loop
vertex -1.296680e+01 -6.066740e+00 1.278636e+01
vertex -1.268721e+01 -6.612141e+00 1.304639e+01
vertex -1.255782e+01 -5.964996e+00 1.317324e+01
endloop
endfacet
facet normal 0 0 0
outer loop
vertex -5.148782e+00 7.816679e+00 1.260797e+01
vertex -3.251626e+00 7.796152e+00 1.185005e+01
vertex -5.880108e+00 6.817688e+00 1.079824e+01
endloop
endfacet
facet normal 0 0 0
outer loop
vertex -5.551340e+00 -1.075121e+00 2.485653e+00
vertex -5.939319e+00 6.755025e-01 3.461934e+00
vertex -4.963818e+00 9.102664e-01 2.261823e+00
endloop
endfacet
facet normal 0 0 0
outer loop
vertex -1.080892e+01 -1.726280e+00 1.329256e+01
vertex -1.159605e+01 -3.281723e+00 1.410076e+01
vertex -1.045165e+01 -1.490153e+00 1.519427e+01
endloop
endfacet
facet normal 0 0 0
outer loop
vertex -1.002379e+01 -2.019156e-01 1.261735e+01
vertex -1.080892e+01 -1.726280e+00 1.329256e+01
vertex -1.045165e+01 -1.490153e+00 1.519427e+01
endloop
endfacet
facet normal 0 0 0
outer loop
vertex -9.398687e+00 -7.744318e+00 1.220051e+01
vertex -1.138092e+01 -7.009319e+00 1.232595e+01
vertex -1.058360e+01 -6.559602e+00 1.108217e+01
endloop
endfacet
facet normal 0 0 0
outer loop
vertex 1.234958e+01 -5.511768e+00 1.779846e+01
vertex 1.293441e+01 -5.552017e+00 1.600441e+01
vertex 1.156842e+01 -3.758580e+00 1.747730e+01
endloop
endfacet
facet normal 0 0 0
outer loop
vertex 1.115357e+01 -4.372955e+00 1.977798e+01
vertex 1.234958e+01 -5.511768e+00 1.779846e+01
vertex 1.156842e+01 -3.758580e+00 1.747730e+01
endloop
endfacet
facet normal 0 0 0
outer loop
vertex 2.447753e+00 1.040581e+01 2.385798e+01
vertex 3.182496e+00 1.035887e+01 2.148348e+01
vertex 2.233575e+00 1.150105e+01 2.270355e+01
endloop
endfacet
facet normal 0 0 0
outer loop
vertex -1.114108e+00 4.534756e-01 -2.356929e+00
vertex -1.520326e+00 2.424371e-01 -1.906519e+00
vertex -1.630309e+00 7.424567e-01 -1.855886e+00
endloop
endfacet
facet normal 0 0 0
outer loop
vertex -1.114108e+00 4.534756e-01 -2.356929e+00
vertex -1.415179e+00 -2.362457e-01 -1.954841e+00
vertex -1.520326e+00 2.424371e-01 -1.906519e+00
endloop
endfacet
facet normal 0 0 0
outer loop
vertex -3.388827e+00 1.327051e+00 3.489336e-01
vertex -2.876694e+00 1.502290e+00 -2.525221e-01
vertex -3.036741e+00 9.809855e-01 -2.153169e-01
endloop
endfacet
facet normal 0 0 0
outer loop
vertex -3.124881e+00 3.571193e-01 -2.487833e-01
vertex -2.424413e+00 -1.608425e-01 -9.125768e-01
vertex -2.883744e+00 -1.412309e+00 -2.736332e-01
endloop
endfacet
facet normal 0 0 0
outer loop
vertex -8.811240e+00 -7.339609e+00 1.625101e+01
vertex -8.551640e+00 -6.757275e+00 1.650541e+01
vertex -9.200788e+00 -6.412820e+00 1.608211e+01
endloop
endfacet
facet normal 0 0 0
outer loop
vertex -2.858156e+00 2.694315e+00 1.741029e+00
vertex -2.134208e+00 2.345904e+00 8.416059e-01
vertex -3.170096e+00 2.335546e+00 1.208286e+00
endloop
endfacet
facet normal 0 0 0
outer loop
vertex 1.780500e+00 1.151524e+01 2.418047e+01
vertex 2.447753e+00 1.040581e+01 2.385798e+01
vertex 2.233575e+00 1.150105e+01 2.270355e+01
endloop
endfacet
facet normal 0 0 0
outer loop
vertex -1.592574e+00 1.463157e+00 -8.851035e-01
vertex -2.291010e+00 1.323709e+00 -9.143090e-01
vertex -1.982916e+00 1.767083e+00 -2.575906e-01
endloop
endfacet
facet normal 0 0 0
outer loop
vertex 1.319127e+01 -5.069790e+00 1.287684e+01
vertex 1.329502e+01 -4.777921e+00 1.325758e+01
vertex 1.350279e+01 -5.329120e+00 1.359979e+01
endloop
endfacet
facet normal 0 0 0
outer loop
vertex 1.272843e+01 -4.356448e+00 1.191247e+01
vertex 1.308725e+01 -4.226723e+00 1.291537e+01
vertex 1.319127e+01 -5.069790e+00 1.287684e+01
endloop
endfacet
facet normal 0 0 0
outer loop
vertex -4.152075e+00 2.363772e+00 1.731869e+00
vertex -3.656799e+00 2.733210e+00 2.111091e+00
vertex -3.853789e+00 2.152581e+00 1.252310e+00
endloop
endfacet
facet normal 0 0 0
outer loop
vertex -3.853789e+00 2.152581e+00 1.252310e+00
vertex -3.656799e+00 2.733210e+00 2.111091e+00
vertex -3.170096e+00 2.335546e+00 1.208286e+00
endloop
endfacet
facet normal 0 0 0
outer loop
vertex -3.444922e+00 3.146757e+00 2.750382e+00
vertex -3.656799e+00 2.733210e+00 2.111091e+00
vertex -4.697273e+00 2.754402e+00 2.613939e+00
endloop
endfacet
facet normal 0 0 0
outer loop
vertex -4.424674e+00 2.559087e+00 2.172904e+00
vertex -4.697273e+00 2.754402e+00 2.613939e+00
vertex -3.656799e+00 2.733210e+00 2.111091e+00
endloop
endfacet
facet normal 0 0 0
outer loop
vertex -8.076451e+00 -8.957409e+00 1.534913e+01
vertex -8.732872e+00 -8.847326e+00 1.598683e+01
vertex -8.825704e+00 -8.575241e+00 1.492991e+01
endloop
endfacet
facet normal 0 0 0
outer loop
vertex -8.732872e+00 -8.847326e+00 1.598683e+01
vertex -9.163141e+00 -8.565909e+00 1.546906e+01
vertex -8.825704e+00 -8.575241e+00 1.492991e+01
endloop
endfacet
facet normal 0 0 0
outer loop
vertex -5.851222e+00 6.014360e+00 1.812954e+01
vertex -5.354527e+00 7.135998e+00 1.694301e+01
vertex -6.562045e+00 5.067731e+00 1.664806e+01
endloop
endfacet
facet normal 0 0 0
outer loop
vertex -6.562045e+00 5.067731e+00 1.664806e+01
vertex -6.528392e+00 4.651736e+00 1.894303e+01
vertex -5.851222e+00 6.014360e+00 1.812954e+01
endloop
endfacet
facet normal 0 0 0
outer loop
vertex 3.383956e+00 -1.915999e+00 5.981329e-01
vertex 4.055416e+00 -4.352920e-02 1.045108e+00
vertex 4.346715e+00 -1.421348e+00 1.606382e+00
endloop
endfacet
facet normal 0 0 0
outer loop
vertex -1.135264e+01 -3.952262e+00 9.269889e+00
vertex -1.197163e+01 -4.379381e+00 1.033055e+01
vertex -1.158187e+01 -3.356858e+00 1.022150e+01
endloop
endfacet
facet normal 0 0 0
outer loop
vertex -1.158187e+01 -3.356858e+00 1.022150e+01
vertex -1.087464e+01 -3.029464e+00 8.896023e+00
vertex -1.135264e+01 -3.952262e+00 9.269889e+00
endloop
endfacet
facet normal 0 0 0
outer loop
vertex 1.293441e+01 -5.552017e+00 1.600441e+01
vertex 1.247709e+01 -4.275068e+00 1.541576e+01
vertex 1.156842e+01 -3.758580e+00 1.747730e+01
endloop
endfacet
facet normal 0 0 0
outer loop
vertex -3.909171e+00 1.149620e+00 9.604325e-01
vertex -3.507299e+00 7.709748e-01 3.374025e-01
vertex -4.210662e+00 -3.400275e-01 9.721511e-01
endloop
endfacet
facet normal 0 0 0
outer loop
vertex -1.716250e+00 -9.259669e-01 -1.552753e+00
vertex -7.402740e-01 -1.895363e+00 -7.261673e-01
vertex -2.883744e+00 -1.412309e+00 -2.736332e-01
endloop
endfacet
facet normal 0 0 0
outer loop
vertex -1.208748e+01 -6.968757e+00 1.336086e+01
vertex -1.139941e+01 -7.350425e+00 1.388316e+01
vertex -1.191079e+01 -7.018861e+00 1.377652e+01
endloop
endfacet
facet normal 0 0 0
outer loop
vertex -8.146811e+00 -7.437100e+00 1.671441e+01
vertex -8.039063e+00 -6.111197e+00 1.694817e+01
vertex -8.551640e+00 -6.757275e+00 1.650541e+01
endloop
endfacet
facet normal 0 0 0
outer loop
vertex -2.428160e-01 8.997169e+00 2.386488e+01
vertex -1.179618e+00 1.046459e+01 2.381071e+01
vertex -1.813575e+00 8.198145e+00 2.307899e+01
endloop
endfacet
facet normal 0 0 0
outer loop
vertex 1.364736e+01 -7.677283e+00 1.473105e+01
vertex 1.388108e+01 -7.029680e+00 1.535905e+01
vertex 1.384383e+01 -7.627843e+00 1.643391e+01
endloop
endfacet
facet normal 0 0 0
outer loop
vertex 1.293441e+01 -5.552017e+00 1.600441e+01
vertex 1.384383e+01 -7.627843e+00 1.643391e+01
vertex 1.388108e+01 -7.029680e+00 1.535905e+01
endloop
endfacet
facet normal 0 0 0
outer loop
vertex -8.422753e-01 4.135217e-01 -2.556378e+00
vertex -1.347331e+00 7.603764e-01 -2.029362e+00
vertex -7.237589e-01 9.067906e-01 -1.787233e+00
endloop
endfacet
facet normal 0 0 0
outer loop
vertex -4.228051e+00 1.647292e+00 1.508166e+00
vertex -3.555503e+00 1.941390e+00 7.727499e-01
vertex -3.909171e+00 1.149620e+00 9.604325e-01
endloop
endfacet
facet normal 0 0 0
outer loop
vertex -4.041027e+00 2.005342e+00 1.362786e+00
vertex -3.555503e+00 1.941390e+00 7.727499e-01
vertex -4.228051e+00 1.647292e+00 1.508166e+00
endloop
endfacet
facet normal 0 0 0
outer loop
vertex -1.658781e+00 -6.863485e+00 2.008144e+01
vertex -3.573614e+00 -6.073263e+00 1.948172e+01
vertex -4.335106e+00 -8.201956e+00 1.874706e+01
endloop
endfacet
facet normal 0 0 0
outer loop
vertex -4.335106e+00 -8.201956e+00 1.874706e+01
vertex -1.677758e+00 -8.915844e+00 1.965707e+01
vertex -1.658781e+00 -6.863485e+00 2.008144e+01
endloop
endfacet
facet normal 0 0 0
outer loop
vertex -2.876694e+00 1.502290e+00 -2.525221e-01
vertex -2.511602e+00 1.266864e+00 -8.036827e-01
vertex -3.036741e+00 9.809855e-01 -2.153169e-01
endloop
endfacet
facet normal 0 0 0
outer loop
vertex -3.909171e+00 1.149620e+00 9.604325e-01
vertex -3.388827e+00 1.327051e+00 3.489336e-01
vertex -3.507299e+00 7.709748e-01 3.374025e-01
endloop
endfacet
facet normal 0 0 0
outer loop
vertex -3.388827e+00 1.327051e+00 3.489336e-01
vertex -3.909171e+00 1.149620e+00 9.604325e-01
vertex -3.555503e+00 1.941390e+00 7.727499e-01
endloop
endfacet
facet normal 0 0 0
outer loop
vertex -5.049754e+00 2.678468e+00 2.882212e+00
vertex -4.930337e+00 1.961644e+00 2.502948e+00
vertex -5.388404e+00 1.893666e+00 3.077920e+00
endloop
endfacet
facet normal 0 0 0
outer loop
vertex -4.477908e+00 2.188958e+00 1.978394e+00
vertex -4.930337e+00 1.961644e+00 2.502948e+00
vertex -4.743492e+00 2.426088e+00 2.386589e+00
endloop
endfacet
facet normal 0 0 0
outer loop
vertex -1.827425e+00 1.235365e+01 2.082697e+01
vertex -1.889732e+00 1.234993e+01 2.126867e+01
vertex -1.297862e+00 1.307703e+01 2.213741e+01
endloop
endfacet
facet normal 0 0 0
outer loop
vertex -2.518377e-01 -1.007842e+00 -2.203834e+00
vertex -4.338018e-02 -8.380366e-01 -2.546541e+00
vertex 2.577770e-01 -1.487457e+00 -1.808825e+00
endloop
endfacet
facet normal 0 0 0
outer loop
vertex -4.338018e-02 -8.380366e-01 -2.546541e+00
vertex 3.485994e-01 -9.776518e-01 -2.466454e+00
vertex 2.577770e-01 -1.487457e+00 -1.808825e+00
endloop
endfacet
facet normal 0 0 0
outer loop
vertex -1.298617e+01 -5.457956e+00 1.277248e+01
vertex -1.296680e+01 -6.066740e+00 1.278636e+01
vertex -1.255782e+01 -5.964996e+00 1.317324e+01
endloop
endfacet
facet normal 0 0 0
outer loop
vertex -1.287063e+01 -5.767717e+00 1.131810e+01
vertex -1.275123e+01 -6.190436e+00 1.185106e+01
vertex -1.316713e+01 -5.986569e+00 1.181718e+01
endloop
endfacet
facet normal 0 0 0
outer loop
vertex -8.422753e-01 4.135217e-01 -2.556378e+00
vertex -7.237589e-01 9.067906e-01 -1.787233e+00
vertex 1.007281e-01 6.692968e-01 -2.139760e+00
endloop
endfacet
facet normal 0 0 0
outer loop
vertex 2.999389e-02 3.085318e-01 -2.736390e+00
vertex -8.422753e-01 4.135217e-01 -2.556378e+00
vertex 1.007281e-01 6.692968e-01 -2.139760e+00
endloop
endfacet
facet normal 0 0 0
outer loop
vertex -1.255118e+01 -4.776984e+00 1.318812e+01
vertex -1.156535e+01 -5.272753e+00 1.411533e+01
vertex -1.159605e+01 -3.281723e+00 1.410076e+01
endloop
endfacet
facet normal 0 0 0
outer loop
vertex 2.260512e-01 1.133435e+01 1.817517e+01
vertex 3.324338e-01 1.037146e+01 1.620417e+01
vertex -1.334966e+00 1.081057e+01 1.743470e+01
endloop
endfacet
facet normal 0 0 0
outer loop
vertex -1.630309e+00 7.424567e-01 -1.855886e+00
vertex -1.874985e+00 1.212021e-01 -1.521343e+00
vertex -2.146511e+00 1.031438e+00 -1.354843e+00
endloop
endfacet
facet normal 0 0 0
outer loop
vertex 1.384383e+01 -7.627843e+00 1.643391e+01
vertex 1.293441e+01 -5.552017e+00 1.600441e+01
vertex 1.234958e+01 -5.511768e+00 1.779846e+01
endloop
endfacet
facet normal 0 0 0
outer loop
vertex -3.124881e+00 3.571193e-01 -2.487833e-01
vertex -2.570589e+00 7.065101e-01 -8.712395e-01
vertex -2.424413e+00 -1.608425e-01 -9.125768e-01
endloop
endfacet
facet normal 0 0 0
outer loop
vertex -1.191079e+01 -7.018861e+00 1.377652e+01
vertex -1.120798e+01 -6.633883e+00 1.444289e+01
vertex -1.181061e+01 -6.253403e+00 1.387665e+01
endloop
endfacet
facet normal 0 0 0
outer loop
vertex -1.191079e+01 -7.018861e+00 1.377652e+01
vertex -1.140660e+01 -7.282977e+00 1.425065e+01
vertex -1.120798e+01 -6.633883e+00 1.444289e+01
endloop
endfacet
facet normal 0 0 0
outer loop
vertex -7.206170e+00 -9.680836e+00 1.708606e+01
vertex -6.859511e+00 -9.365780e+00 1.740658e+01
vertex -7.130226e+00 -8.754804e+00 1.728530e+01
endloop
endfacet
facet normal 0 0 0
outer loop
vertex -7.571761e-01 2.817128e-01 -2.687279e+00
vertex -7.865707e-01 -5.158618e-01 -2.574244e+00
vertex -1.114108e+00 4.534756e-01 -2.356929e+00
endloop
endfacet
facet normal 0 0 0
outer loop
vertex 7.450615e+00 -1.686547e+00 5.168918e+00
vertex 7.244639e+00 -3.891774e+00 5.305352e+00
vertex 6.219694e+00 -3.431385e+00 4.112420e+00
endloop
endfacet
facet normal 0 0 0
outer loop
vertex 5.647498e+00 -5.994980e-01 2.942876e+00
vertex 7.450615e+00 -1.686547e+00 5.168918e+00
vertex 5.948194e+00 -2.146091e+00 3.566108e+00
endloop
endfacet
facet normal 0 0 0
outer loop
vertex -5.100980e+00 7.192949e+00 1.882672e+01
vertex -5.354527e+00 7.135998e+00 1.694301e+01
vertex -5.851222e+00 6.014360e+00 1.812954e+01
endloop
endfacet
facet normal 0 0 0
outer loop
vertex -9.509092e+00 -5.144872e+00 8.325346e+00
vertex -1.118187e+01 -4.869060e+00 8.817902e+00
vertex -9.749253e+00 -4.272273e+00 7.248304e+00
endloop
endfacet
facet normal 0 0 0
outer loop
vertex -9.749253e+00 -4.272273e+00 7.248304e+00
vertex -8.189260e+00 -5.174699e+00 7.677969e+00
vertex -9.509092e+00 -5.144872e+00 8.325346e+00
endloop
endfacet
facet normal 0 0 0
outer loop
vertex -3.598324e-01 -3.609242e-01 -3.038862e+00
vertex -7.865707e-01 -5.158618e-01 -2.574244e+00
vertex -4.002438e-01 1.099501e-01 -3.017630e+00
endloop
endfacet
facet normal 0 0 0
outer loop
vertex 7.648724e+00 -6.390506e+00 8.121795e+00
vertex 5.603487e+00 -7.129886e+00 7.455329e+00
vertex 6.337884e+00 -5.344908e+00 6.145442e+00
endloop
endfacet
facet normal 0 0 0
outer loop
vertex -2.729632e+00 1.540187e+00 -3.262729e-01
vertex -2.695375e+00 2.017953e+00 4.513727e-01
vertex -1.982916e+00 1.767083e+00 -2.575906e-01
endloop
endfacet
facet normal 0 0 0
outer loop
vertex -2.342859e+00 3.086990e+00 2.251915e+00
vertex -2.858156e+00 2.694315e+00 1.741029e+00
vertex -3.656799e+00 2.733210e+00 2.111091e+00
endloop
endfacet
facet normal 0 0 0
outer loop
vertex -2.858156e+00 2.694315e+00 1.741029e+00
vertex -3.170096e+00 2.335546e+00 1.208286e+00
vertex -3.656799e+00 2.733210e+00 2.111091e+00
endloop
endfacet
facet normal 0 0 0
outer loop
vertex -5.348214e+00 3.525853e+00 2.001078e+01
vertex -3.415348e+00 2.327375e+00 2.125072e+01
vertex -2.952004e+00 4.061925e+00 2.178695e+01
endloop
endfacet
facet normal 0 0 0
outer loop
vertex 1.376933e+01 -8.824169e+00 1.858361e+01
vertex 1.184120e+01 -1.015933e+01 1.775531e+01
vertex 1.227104e+01 -9.222393e+00 1.601606e+01
endloop
endfacet
facet normal 0 0 0
outer loop
vertex 9.115856e+00 -9.377129e-01 2.076007e+01
vertex 1.028638e+01 -1.855994e+00 1.850891e+01
vertex 8.785378e+00 6.021607e-01 1.934790e+01
endloop
endfacet
facet normal 0 0 0
outer loop
vertex -1.138092e+01 -7.009319e+00 1.232595e+01
vertex -9.398687e+00 -7.744318e+00 1.220051e+01
vertex -1.063236e+01 -7.482160e+00 1.315184e+01
endloop
endfacet
facet normal 0 0 0
outer loop
vertex 2.999389e-02 3.085318e-01 -2.736390e+00
vertex 1.007281e-01 6.692968e-01 -2.139760e+00
vertex 7.043450e-01 1.024775e-01 -2.777586e+00
endloop
endfacet
facet normal 0 0 0
outer loop
vertex -3.365647e+00 -5.370443e+00 5.431498e+00
vertex -3.572769e+00 -3.563478e+00 3.049797e+00
vertex -1.517932e+00 -5.339225e+00 4.424646e+00
endloop
endfacet
facet normal 0 0 0
outer loop
vertex 8.954590e+00 -2.701292e+00 7.043775e+00
vertex 1.031127e+01 -1.330299e+00 8.354994e+00
vertex 1.095730e+01 -2.506474e+00 9.281034e+00
endloop
endfacet
facet normal 0 0 0
outer loop
vertex 2.906547e+00 9.079886e+00 2.391003e+01
vertex 2.362900e+00 1.009233e+01 2.412000e+01
vertex 1.671480e+00 9.460264e+00 2.471893e+01
endloop
endfacet
facet normal 0 0 0
outer loop
vertex 2.906547e+00 9.079886e+00 2.391003e+01
vertex 2.447753e+00 1.040581e+01 2.385798e+01
vertex 2.362900e+00 1.009233e+01 2.412000e+01
endloop
endfacet
facet normal 0 0 0
outer loop
vertex -4.628734e+00 5.073672e+00 2.070803e+01
vertex -5.291962e+00 6.587376e+00 2.012447e+01
vertex -5.841505e+00 5.723358e+00 1.961725e+01
endloop
endfacet
facet normal 0 0 0
outer loop
vertex 2.019397e+00 -5.247228e+00 3.046899e+00
vertex 3.513412e+00 -5.101249e+00 3.935576e+00
vertex 2.436808e+00 -6.396079e+00 4.508087e+00
endloop
endfacet
facet normal 0 0 0
outer loop
vertex 2.019397e+00 -5.247228e+00 3.046899e+00
vertex 3.654953e+00 -3.875955e+00 2.784612e+00
vertex 3.513412e+00 -5.101249e+00 3.935576e+00
endloop
endfacet
facet normal 0 0 0
outer loop
vertex -1.087831e+01 -7.559718e+00 1.474745e+01
vertex -1.021682e+01 -7.939261e+00 1.517541e+01
vertex -9.896544e+00 -7.546449e+00 1.545078e+01
endloop
endfacet
facet normal 0 0 0
outer loop
vertex 5.441676e+00 -3.029281e+00 3.162161e+00
vertex 6.219694e+00 -3.431385e+00 4.112420e+00
vertex 4.989447e+00 -4.470343e+00 4.317357e+00
endloop
endfacet
facet normal 0 0 0
outer loop
vertex -8.681159e+00 -8.164511e+00 1.624648e+01
vertex -8.811240e+00 -7.339609e+00 1.625101e+01
vertex -9.211556e+00 -7.778344e+00 1.591300e+01
endloop
endfacet
facet normal 0 0 0
outer loop
vertex -8.811240e+00 -7.339609e+00 1.625101e+01
vertex -9.200788e+00 -6.412820e+00 1.608211e+01
vertex -9.450449e+00 -7.148636e+00 1.581667e+01
endloop
endfacet
facet normal 0 0 0
outer loop
vertex -9.450449e+00 -7.148636e+00 1.581667e+01
vertex -9.211556e+00 -7.778344e+00 1.591300e+01
vertex -8.811240e+00 -7.339609e+00 1.625101e+01
endloop
endfacet
facet normal 0 0 0
outer loop
vertex -4.210662e+00 -3.400275e-01 9.721511e-01
vertex -5.551340e+00 -1.075121e+00 2.485653e+00
vertex -4.963818e+00 9.102664e-01 2.261823e+00
endloop
endfacet
facet normal 0 0 0
outer loop
vertex 1.328139e+01 -4.767533e+00 1.357107e+01
vertex 1.317176e+01 -5.076844e+00 1.446545e+01
vertex 1.350666e+01 -5.517610e+00 1.409915e+01
endloop
endfacet
facet normal 0 0 0
outer loop
vertex 2.112582e+00 -1.260800e+00 -9.527798e-01
vertex 1.353527e+00 4.161632e-01 -2.094399e+00
vertex 2.592561e+00 1.006214e+00 -7.890138e-01
endloop
endfacet
facet normal 0 0 0
outer loop
vertex 1.350279e+01 -5.329120e+00 1.359979e+01
vertex 1.328139e+01 -4.767533e+00 1.357107e+01
vertex 1.350666e+01 -5.517610e+00 1.409915e+01
endloop
endfacet
facet normal 0 0 0
outer loop
vertex 3.105986e-02 1.297327e+01 2.152606e+01
vertex -7.621334e-01 1.246864e+01 2.068095e+01
vertex -1.297862e+00 1.307703e+01 2.213741e+01
endloop
endfacet
facet normal 0 0 0
outer loop
vertex -7.621334e-01 1.246864e+01 2.068095e+01
vertex 3.105986e-02 1.297327e+01 2.152606e+01
vertex 2.099702e-01 1.223270e+01 2.004564e+01
endloop
endfacet
facet normal 0 0 0
outer loop
vertex 1.137799e+00 -7.480675e-01 -2.143631e+00
vertex 1.353527e+00 4.161632e-01 -2.094399e+00
vertex 2.112582e+00 -1.260800e+00 -9.527798e-01
endloop
endfacet
facet normal 0 0 0
outer loop
vertex 1.247709e+01 -4.275068e+00 1.541576e+01
vertex 1.179000e+01 -3.281160e+00 1.600979e+01
vertex 1.156842e+01 -3.758580e+00 1.747730e+01
endloop
endfacet
facet normal 0 0 0
outer loop
vertex 1.179000e+01 -3.281160e+00 1.600979e+01
vertex 1.104169e+01 -1.827532e+00 1.603387e+01
vertex 1.156842e+01 -3.758580e+00 1.747730e+01
endloop
endfacet
facet normal 0 0 0
outer loop
vertex -1.087831e+01 -7.559718e+00 1.474745e+01
vertex -9.896544e+00 -7.546449e+00 1.545078e+01
vertex -1.037650e+01 -6.710713e+00 1.520650e+01
endloop
endfacet
facet normal 0 0 0
outer loop
vertex 5.948194e+00 -2.146091e+00 3.566108e+00
vertex 7.450615e+00 -1.686547e+00 5.168918e+00
vertex 6.219694e+00 -3.431385e+00 4.112420e+00
endloop
endfacet
facet normal 0 0 0
outer loop
vertex 1.428647e+00 1.317809e+01 2.252934e+01
vertex 3.105986e-02 1.297327e+01 2.152606e+01
vertex 8.360232e-01 1.376176e+01 2.351266e+01
endloop
endfacet
facet normal 0 0 0
outer loop
vertex 3.105986e-02 1.297327e+01 2.152606e+01
vertex -1.089190e-01 1.377016e+01 2.318235e+01
vertex 8.360232e-01 1.376176e+01 2.351266e+01
endloop
endfacet
facet normal 0 0 0
outer loop
vertex -5.174679e+00 -1.039572e+01 1.692739e+01
vertex -5.854757e+00 -1.013604e+01 1.775093e+01
vertex -5.935974e+00 -1.017720e+01 1.718993e+01
endloop
endfacet
facet normal 0 0 0
outer loop
vertex -5.935974e+00 -1.017720e+01 1.718993e+01
vertex -5.899075e+00 -9.974093e+00 1.614741e+01
vertex -5.174679e+00 -1.039572e+01 1.692739e+01
endloop
endfacet
facet normal 0 0 0
outer loop
vertex 4.585249e+00 -2.535082e+00 2.063556e+00
vertex 3.654953e+00 -3.875955e+00 2.784612e+00
vertex 2.945172e+00 -2.954601e+00 1.352335e+00
endloop
endfacet
facet normal 0 0 0
outer loop
vertex -1.114108e+00 4.534756e-01 -2.356929e+00
vertex -8.422753e-01 4.135217e-01 -2.556378e+00
vertex -7.571761e-01 2.817128e-01 -2.687279e+00
endloop
endfacet
facet normal 0 0 0
outer loop
vertex -8.223971e+00 -9.082697e+00 1.646473e+01
vertex -7.913119e+00 -8.807004e+00 1.671952e+01
vertex -8.339313e+00 -8.607786e+00 1.643843e+01
endloop
endfacet
facet normal 0 0 0
outer loop
vertex 1.089661e+01 -7.839283e+00 1.185438e+01
vertex 1.267773e+01 -6.696172e+00 1.192581e+01
vertex 1.207291e+01 -8.322020e+00 1.318220e+01
endloop
endfacet
facet normal 0 0 0
outer loop
vertex 1.176121e+01 -6.214497e+00 1.079824e+01
vertex 1.267773e+01 -6.696172e+00 1.192581e+01
vertex 1.089661e+01 -7.839283e+00 1.185438e+01
endloop
endfacet
facet normal 0 0 0
outer loop
vertex -4.228051e+00 1.647292e+00 1.508166e+00
vertex -3.909171e+00 1.149620e+00 9.604325e-01
vertex -4.357399e+00 1.027515e+00 1.508014e+00
endloop
endfacet
facet normal 0 0 0
outer loop
vertex -1.262892e+01 -6.625219e+00 1.275666e+01
vertex -1.208748e+01 -6.968757e+00 1.336086e+01
vertex -1.268721e+01 -6.612141e+00 1.304639e+01
endloop
endfacet
facet normal 0 0 0
outer loop
vertex -1.222058e+01 -6.787389e+00 1.277893e+01
vertex -1.208748e+01 -6.968757e+00 1.336086e+01
vertex -1.262892e+01 -6.625219e+00 1.275666e+01
endloop
endfacet
facet normal 0 0 0
outer loop
vertex -1.564693e+00 -1.071906e+01 1.201752e+01
vertex -1.862583e+00 -1.105181e+01 1.401831e+01
vertex -4.166132e+00 -9.720212e+00 1.202898e+01
endloop
endfacet
facet normal 0 0 0
outer loop
vertex -7.364202e+00 -8.157414e+00 1.718867e+01
vertex -7.975203e+00 -8.186112e+00 1.674854e+01
vertex -7.568668e+00 -8.559715e+00 1.699496e+01
endloop
endfacet
facet normal 0 0 0
outer loop
vertex 8.360232e-01 1.376176e+01 2.351266e+01
vertex 1.113248e+00 1.262467e+01 2.450295e+01
vertex 1.574373e+00 1.239701e+01 2.337609e+01
endloop
endfacet
facet normal 0 0 0
outer loop
vertex -7.605187e+00 3.297373e+00 1.631426e+01
vertex -8.455876e+00 2.065240e+00 1.502040e+01
vertex -8.626371e+00 1.304995e+00 1.693791e+01
endloop
endfacet
facet normal 0 0 0
outer loop
vertex -2.973809e+00 8.751693e+00 2.232574e+01
vertex -3.591905e+00 7.502437e+00 2.173626e+01
vertex -1.813575e+00 8.198145e+00 2.307899e+01
endloop
endfacet
facet normal 0 0 0
outer loop
vertex -2.973809e+00 8.751693e+00 2.232574e+01
vertex -3.685813e+00 9.072397e+00 2.165896e+01
vertex -3.591905e+00 7.502437e+00 2.173626e+01
endloop
endfacet
facet normal 0 0 0
outer loop
vertex -9.881334e+00 -1.207640e+00 8.058740e+00
vertex -1.087464e+01 -3.029464e+00 8.896023e+00
vertex -1.057167e+01 -1.582696e+00 9.305655e+00
endloop
endfacet
facet normal 0 0 0
outer loop
vertex -1.013061e+01 2.251052e-01 9.646218e+00
vertex -9.881334e+00 -1.207640e+00 8.058740e+00
vertex -1.057167e+01 -1.582696e+00 9.305655e+00
endloop
endfacet
facet normal 0 0 0
outer loop
vertex -1.140660e+01 -7.282977e+00 1.425065e+01
vertex -1.071134e+01 -7.732093e+00 1.440546e+01
vertex -1.087831e+01 -7.559718e+00 1.474745e+01
endloop
endfacet
facet normal 0 0 0
outer loop
vertex -1.139941e+01 -7.350425e+00 1.388316e+01
vertex -1.071134e+01 -7.732093e+00 1.440546e+01
vertex -1.140660e+01 -7.282977e+00 1.425065e+01
endloop
endfacet
facet normal 0 0 0
outer loop
vertex -8.215635e+00 -9.098511e+00 1.621971e+01
vertex -7.715071e+00 -9.402999e+00 1.671965e+01
vertex -8.223971e+00 -9.082697e+00 1.646473e+01
endloop
endfacet
facet normal 0 0 0
outer loop
vertex 4.346715e+00 -1.421348e+00 1.606382e+00
vertex 5.647498e+00 -5.994980e-01 2.942876e+00
vertex 5.201640e+00 -1.898155e+00 2.655357e+00
endloop
endfacet
facet normal 0 0 0
outer loop
vertex -8.732872e+00 -8.790706e+00 1.613549e+01
vertex -8.732872e+00 -8.847326e+00 1.598683e+01
vertex -8.215635e+00 -9.098511e+00 1.621971e+01
endloop
endfacet
facet normal 0 0 0
outer loop
vertex -1.067967e+01 -1.150771e+00 1.161441e+01
vertex -1.080892e+01 -1.726280e+00 1.329256e+01
vertex -1.002379e+01 -2.019156e-01 1.261735e+01
endloop
endfacet
facet normal 0 0 0
outer loop
vertex -1.067967e+01 -1.150771e+00 1.161441e+01
vertex -1.002379e+01 -2.019156e-01 1.261735e+01
vertex -1.013061e+01 2.251052e-01 9.646218e+00
endloop
endfacet
facet normal 0 0 0
outer loop
vertex -1.187536e+01 -4.945506e+00 9.688755e+00
vertex -1.197163e+01 -4.379381e+00 1.033055e+01
vertex -1.135264e+01 -3.952262e+00 9.269889e+00
endloop
endfacet
facet normal 0 0 0
outer loop
vertex -1.232518e+00 1.757547e+00 -3.674354e-01
vertex -1.982916e+00 1.767083e+00 -2.575906e-01
vertex -2.134208e+00 2.345904e+00 8.416059e-01
endloop
endfacet
facet normal 0 0 0
outer loop
vertex 4.055416e+00 -4.352920e-02 1.045108e+00
vertex 5.312968e+00 8.312565e-01 2.323723e+00
vertex 5.647498e+00 -5.994980e-01 2.942876e+00
endloop
endfacet
facet normal 0 0 0
outer loop
vertex -1.140660e+01 -7.282977e+00 1.425065e+01
vertex -1.087831e+01 -7.559718e+00 1.474745e+01
vertex -1.120798e+01 -6.633883e+00 1.444289e+01
endloop
endfacet
facet normal 0 0 0
outer loop
vertex -1.169524e+01 -5.333163e+00 9.859771e+00
vertex -1.163029e+01 -5.919338e+00 1.073325e+01
vertex -1.207335e+01 -5.583498e+00 1.048451e+01
endloop
endfacet
facet normal 0 0 0
outer loop
vertex -6.250338e+00 3.739233e+00 5.009813e+00
vertex -7.056023e+00 4.135334e+00 6.149549e+00
vertex -5.962789e+00 4.643517e+00 6.434644e+00
endloop
endfacet
facet normal 0 0 0
outer loop
vertex 5.948194e+00 -2.146091e+00 3.566108e+00
vertex 5.201640e+00 -1.898155e+00 2.655357e+00
vertex 5.647498e+00 -5.994980e-01 2.942876e+00
endloop
endfacet
facet normal 0 0 0
outer loop
vertex 2.447753e+00 1.040581e+01 2.385798e+01
vertex 1.780500e+00 1.151524e+01 2.418047e+01
vertex 1.819254e+00 1.110477e+01 2.432998e+01
endloop
endfacet
facet normal 0 0 0
outer loop
vertex -5.473805e+00 3.246818e+00 3.811876e+00
vertex -4.184990e+00 3.387251e+00 3.482337e+00
vertex -5.085539e+00 3.000610e+00 3.212908e+00
endloop
endfacet
facet normal 0 0 0
outer loop
vertex -5.473805e+00 3.246818e+00 3.811876e+00
vertex -4.602539e+00 3.805310e+00 4.392179e+00
vertex -4.184990e+00 3.387251e+00 3.482337e+00
endloop
endfacet
facet normal 0 0 0
outer loop
vertex 1.215855e-01 1.042110e+01 2.429875e+01
vertex 8.080613e-01 1.202416e+01 2.489686e+01
vertex -8.930122e-01 1.176987e+01 2.416987e+01
endloop
endfacet
facet normal 0 0 0
outer loop
vertex -3.922632e+00 4.126322e-01 2.066043e+01
vertex -1.894990e+00 2.264477e-01 2.142762e+01
vertex -3.415348e+00 2.327375e+00 2.125072e+01
endloop
endfacet
facet normal 0 0 0
outer loop
vertex 1.193444e+00 1.083897e+01 2.480915e+01
vertex 8.080613e-01 1.202416e+01 2.489686e+01
vertex 1.215855e-01 1.042110e+01 2.429875e+01
endloop
endfacet
facet normal 0 0 0
outer loop
vertex -1.194693e+01 -3.563278e+00 1.247276e+01
vertex -1.127067e+01 -2.331045e+00 1.228112e+01
vertex -1.206354e+01 -3.504188e+00 1.119467e+01
endloop
endfacet
facet normal 0 0 0
outer loop
vertex -2.815308e+00 1.046459e+01 2.249096e+01
vertex -2.110771e+00 1.156755e+01 2.316417e+01
vertex -1.889732e+00 1.234993e+01 2.126867e+01
endloop
endfacet
facet normal 0 0 0
outer loop
vertex -1.889732e+00 1.234993e+01 2.126867e+01
vertex -2.110771e+00 1.156755e+01 2.316417e+01
vertex -1.560584e+00 1.274626e+01 2.215753e+01
endloop
endfacet
facet normal 0 0 0
outer loop
vertex 1.247709e+01 -4.275068e+00 1.541576e+01
vertex 1.202736e+01 -2.786341e+00 1.437795e+01
vertex 1.179000e+01 -3.281160e+00 1.600979e+01
endloop
endfacet
facet normal 0 0 0
outer loop
vertex -5.085539e+00 3.000610e+00 3.212908e+00
vertex -4.184990e+00 3.387251e+00 3.482337e+00
vertex -4.697273e+00 2.754402e+00 2.613939e+00
endloop
endfacet
facet normal 0 0 0
outer loop
vertex 2.362900e+00 1.009233e+01 2.412000e+01
vertex 1.819254e+00 1.110477e+01 2.432998e+01
vertex 1.671480e+00 9.460264e+00 2.471893e+01
endloop
endfacet
facet normal 0 0 0
outer loop
vertex 2.362900e+00 1.009233e+01 2.412000e+01
vertex 2.447753e+00 1.040581e+01 2.385798e+01
vertex 1.819254e+00 1.110477e+01 2.432998e+01
endloop
endfacet
facet normal 0 0 0
outer loop
vertex -5.100980e+00 7.192949e+00 1.882672e+01
vertex -4.541156e+00 7.944551e+00 1.996422e+01
vertex -4.217730e+00 8.769598e+00 1.873445e+01
endloop
endfacet
facet normal 0 0 0
outer loop
vertex -5.291962e+00 6.587376e+00 2.012447e+01
vertex -5.100980e+00 7.192949e+00 1.882672e+01
vertex -5.841505e+00 5.723358e+00 1.961725e+01
endloop
endfacet
facet normal 0 0 0
outer loop
vertex -5.600276e+00 -9.584301e+00 1.388996e+01
vertex -5.899075e+00 -9.974093e+00 1.614741e+01
vertex -7.036162e+00 -9.256810e+00 1.489723e+01
endloop
endfacet
facet normal 0 0 0
outer loop
vertex -5.899075e+00 -9.974093e+00 1.614741e+01
vertex -6.875250e+00 -9.597915e+00 1.614560e+01
vertex -7.036162e+00 -9.256810e+00 1.489723e+01
endloop
endfacet
facet normal 0 0 0
outer loop
vertex -1.291503e+01 -6.419418e+00 1.232886e+01
vertex -1.275123e+01 -6.190436e+00 1.185106e+01
vertex -1.247044e+01 -6.580883e+00 1.228557e+01
endloop
endfacet
facet normal 0 0 0
outer loop
vertex -6.577859e+00 -7.290140e+00 1.785327e+01
vertex -5.758536e+00 -6.891989e+00 1.844800e+01
vertex -6.903442e+00 -6.179179e+00 1.775187e+01
endloop
endfacet
facet normal 0 0 0
outer loop
vertex 5.087785e-01 -2.991025e+00 1.319484e-01
vertex -2.052744e+00 -2.625756e+00 9.648451e-01
vertex -7.402740e-01 -1.895363e+00 -7.261673e-01
endloop
endfacet
facet normal 0 0 0
outer loop
vertex -2.235702e+00 9.850041e+00 2.298318e+01
vertex -2.815308e+00 1.046459e+01 2.249096e+01
vertex -2.973809e+00 8.751693e+00 2.232574e+01
endloop
endfacet
facet normal 0 0 0
outer loop
vertex -1.827425e+00 1.235365e+01 2.082697e+01
vertex -2.530315e+00 1.139350e+01 1.908760e+01
vertex -2.506891e+00 1.153513e+01 1.994817e+01
endloop
endfacet
facet normal 0 0 0
outer loop
vertex -9.258779e-01 1.182062e+01 1.939804e+01
vertex -2.530315e+00 1.139350e+01 1.908760e+01
vertex -1.827425e+00 1.235365e+01 2.082697e+01
endloop
endfacet
facet normal 0 0 0
outer loop
vertex -5.348214e+00 3.525853e+00 2.001078e+01
vertex -4.628734e+00 5.073672e+00 2.070803e+01
vertex -5.841505e+00 5.723358e+00 1.961725e+01
endloop
endfacet
facet normal 0 0 0
outer loop
vertex 5.948194e+00 -2.146091e+00 3.566108e+00
vertex 6.219694e+00 -3.431385e+00 4.112420e+00
vertex 5.441676e+00 -3.029281e+00 3.162161e+00
endloop
endfacet
facet normal 0 0 0
outer loop
vertex -6.905760e-01 -1.250854e+00 -1.640135e+00
vertex 2.577770e-01 -1.487457e+00 -1.808825e+00
vertex -7.402740e-01 -1.895363e+00 -7.261673e-01
endloop
endfacet
facet normal 0 0 0
outer loop
vertex -5.085539e+00 3.000610e+00 3.212908e+00
vertex -5.049754e+00 2.678468e+00 2.882212e+00
vertex -5.473805e+00 3.246818e+00 3.811876e+00
endloop
endfacet
facet normal 0 0 0
outer loop
vertex -1.163029e+01 -5.919338e+00 1.073325e+01
vertex -1.088000e+01 -5.825091e+00 1.012100e+01
vertex -1.058360e+01 -6.559602e+00 1.108217e+01
endloop
endfacet
facet normal 0 0 0
outer loop
vertex -3.626631e+00 -9.515019e+00 1.876165e+01
vertex -1.677758e+00 -8.915844e+00 1.965707e+01
vertex -4.335106e+00 -8.201956e+00 1.874706e+01
endloop
endfacet
facet normal 0 0 0
outer loop
vertex -3.626631e+00 -9.515019e+00 1.876165e+01
vertex -4.335106e+00 -8.201956e+00 1.874706e+01
vertex -4.823560e+00 -1.039910e+01 1.810690e+01
endloop
endfacet
facet normal 0 0 0
outer loop
vertex -7.715071e+00 -9.402999e+00 1.671965e+01
vertex -8.215635e+00 -9.098511e+00 1.621971e+01
vertex -7.581141e+00 -9.266151e+00 1.587714e+01
endloop
endfacet
facet normal 0 0 0
outer loop
vertex 4.659916e-01 1.412804e+01 2.412350e+01
vertex -3.091753e-02 1.421940e+01 2.410420e+01
vertex -1.106176e-01 1.469881e+01 2.507536e+01
endloop
endfacet
facet normal 0 0 0
outer loop
vertex 1.359425e+01 -7.177847e+00 1.305338e+01
vertex 1.354852e+01 -6.253484e+00 1.332658e+01
vertex 1.391833e+01 -6.431518e+00 1.428420e+01
endloop
endfacet
facet normal 0 0 0
outer loop
vertex 1.267773e+01 -6.696172e+00 1.192581e+01
vertex 1.202055e+01 -4.390023e+00 1.080208e+01
vertex 1.309693e+01 -5.753880e+00 1.231037e+01
endloop
endfacet
facet normal 0 0 0
outer loop
vertex 4.659916e-01 1.412804e+01 2.412350e+01
vertex -1.106176e-01 1.469881e+01 2.507536e+01
vertex 5.013152e-01 1.366174e+01 2.478915e+01
endloop
endfacet
facet normal 0 0 0
outer loop
vertex -6.049459e+00 2.004059e+00 3.964101e+00
vertex -5.388404e+00 1.893666e+00 3.077920e+00
vertex -5.939319e+00 6.755025e-01 3.461934e+00
endloop
endfacet
facet normal 0 0 0
outer loop
vertex -5.174679e+00 -1.039572e+01 1.692739e+01
vertex -4.823560e+00 -1.039910e+01 1.810690e+01
vertex -5.854757e+00 -1.013604e+01 1.775093e+01
endloop
endfacet
facet normal 0 0 0
outer loop
vertex -3.124881e+00 3.571193e-01 -2.487833e-01
vertex -2.883744e+00 -1.412309e+00 -2.736332e-01
vertex -4.210662e+00 -3.400275e-01 9.721511e-01
endloop
endfacet
facet normal 0 0 0
outer loop
vertex -1.194693e+01 -3.563278e+00 1.247276e+01
vertex -1.255118e+01 -4.776984e+00 1.318812e+01
vertex -1.159605e+01 -3.281723e+00 1.410076e+01
endloop
endfacet
facet normal 0 0 0
outer loop
vertex -7.311479e+00 3.819215e+00 6.090051e+00
vertex -6.409005e+00 3.332107e+00 4.789206e+00
vertex -7.286124e+00 2.560921e+00 5.716723e+00
endloop
endfacet
facet normal 0 0 0
outer loop
vertex -8.551640e+00 -6.757275e+00 1.650541e+01
vertex -8.039063e+00 -6.111197e+00 1.694817e+01
vertex -9.200788e+00 -6.412820e+00 1.608211e+01
endloop
endfacet
facet normal 0 0 0
outer loop
vertex -4.743492e+00 2.426088e+00 2.386589e+00
vertex -4.424674e+00 2.559087e+00 2.172904e+00
vertex -4.477908e+00 2.188958e+00 1.978394e+00
endloop
endfacet
facet normal 0 0 0
outer loop
vertex -4.477908e+00 2.188958e+00 1.978394e+00
vertex -4.424674e+00 2.559087e+00 2.172904e+00
vertex -4.152075e+00 2.363772e+00 1.731869e+00
endloop
endfacet
facet normal 0 0 0
outer loop
vertex -6.250338e+00 3.739233e+00 5.009813e+00
vertex -5.962789e+00 4.643517e+00 6.434644e+00
vertex -4.688016e+00 4.546337e+00 5.731777e+00
endloop
endfacet
facet normal 0 0 0
outer loop
vertex 1.202736e+01 -2.786341e+00 1.437795e+01
vertex 1.104169e+01 -1.827532e+00 1.603387e+01
vertex 1.179000e+01 -3.281160e+00 1.600979e+01
endloop
endfacet
facet normal 0 0 0
outer loop
vertex -9.679746e+00 -8.236108e+00 1.552422e+01
vertex -9.145071e+00 -8.553256e+00 1.586892e+01
vertex -9.211556e+00 -7.778344e+00 1.591300e+01
endloop
endfacet
facet normal 0 0 0
outer loop
vertex -8.146811e+00 -7.437100e+00 1.671441e+01
vertex -8.681159e+00 -8.164511e+00 1.624648e+01
vertex -7.975203e+00 -8.186112e+00 1.674854e+01
endloop
endfacet
facet normal 0 0 0
outer loop
vertex -9.398687e+00 -7.744318e+00 1.220051e+01
vertex -9.298282e+00 -8.147700e+00 1.383152e+01
vertex -1.063236e+01 -7.482160e+00 1.315184e+01
endloop
endfacet
facet normal 0 0 0
outer loop
vertex -1.159605e+01 -3.281723e+00 1.410076e+01
vertex -1.156535e+01 -5.272753e+00 1.411533e+01
vertex -1.039787e+01 -4.076457e+00 1.522631e+01
endloop
endfacet
facet normal 0 0 0
outer loop
vertex -8.077157e+00 -7.471911e+00 1.094983e+01
vertex -9.398687e+00 -7.744318e+00 1.220051e+01
vertex -1.058360e+01 -6.559602e+00 1.108217e+01
endloop
endfacet
facet normal 0 0 0
outer loop
vertex -1.039787e+01 -4.076457e+00 1.522631e+01
vertex -1.156535e+01 -5.272753e+00 1.411533e+01
vertex -1.082394e+01 -5.639334e+00 1.481270e+01
endloop
endfacet
facet normal 0 0 0
outer loop
vertex -1.263441e+01 -4.605583e+00 1.165198e+01
vertex -1.305877e+01 -5.465180e+00 1.196125e+01
vertex -1.298617e+01 -5.457956e+00 1.277248e+01
endloop
endfacet
facet normal 0 0 0
outer loop
vertex -4.394587e-01 1.424961e+01 2.426161e+01
vertex -1.106176e-01 1.469881e+01 2.507536e+01
vertex -3.091753e-02 1.421940e+01 2.410420e+01
endloop
endfacet
facet normal 0 0 0
outer loop
vertex -7.461999e+00 -7.350067e+00 1.721420e+01
vertex -8.039063e+00 -6.111197e+00 1.694817e+01
vertex -8.146811e+00 -7.437100e+00 1.671441e+01
endloop
endfacet
facet normal 0 0 0
outer loop
vertex -1.287063e+01 -5.767717e+00 1.131810e+01
vertex -1.252912e+01 -5.515643e+00 1.074326e+01
vertex -1.230059e+01 -5.782558e+00 1.093575e+01
endloop
endfacet
facet normal 0 0 0
outer loop
vertex -1.037650e+01 -6.710713e+00 1.520650e+01
vertex -9.899631e+00 -5.490369e+00 1.568649e+01
vertex -1.082394e+01 -5.639334e+00 1.481270e+01
endloop
endfacet
facet normal 0 0 0
outer loop
vertex -2.695375e+00 2.017953e+00 4.513727e-01
vertex -2.963342e+00 1.835940e+00 2.475238e-01
vertex -3.555503e+00 1.941390e+00 7.727499e-01
endloop
endfacet
facet normal 0 0 0
outer loop
vertex 4.178765e-02 -1.936215e-01 -3.478882e+00
vertex 2.999389e-02 3.085318e-01 -2.736390e+00
vertex 7.043450e-01 1.024775e-01 -2.777586e+00
endloop
endfacet
facet normal 0 0 0
outer loop
vertex 1.167001e+01 -2.806705e-01 1.079728e+01
vertex 1.174653e+01 -1.623672e+00 1.048139e+01
vertex 1.127670e+01 -1.450475e-01 9.829719e+00
endloop
endfacet
facet normal 0 0 0
outer loop
vertex 7.043450e-01 1.024775e-01 -2.777586e+00
vertex 1.007281e-01 6.692968e-01 -2.139760e+00
vertex 1.353527e+00 4.161632e-01 -2.094399e+00
endloop
endfacet
facet normal 0 0 0
outer loop
vertex 4.178765e-02 -1.936215e-01 -3.478882e+00
vertex -4.002438e-01 1.099501e-01 -3.017630e+00
vertex 2.999389e-02 3.085318e-01 -2.736390e+00
endloop
endfacet
facet normal 0 0 0
outer loop
vertex -1.218762e+01 -5.263568e+00 1.016842e+01
vertex -1.252912e+01 -5.515643e+00 1.074326e+01
vertex -1.238664e+01 -4.968471e+00 1.082194e+01
endloop
endfacet
facet normal 0 0 0
outer loop
vertex -1.252912e+01 -5.515643e+00 1.074326e+01
vertex -1.218762e+01 -5.263568e+00 1.016842e+01
vertex -1.207335e+01 -5.583498e+00 1.048451e+01
endloop
endfacet
facet normal 0 0 0
outer loop
vertex 8.360232e-01 1.376176e+01 2.351266e+01
vertex 5.013152e-01 1.366174e+01 2.478915e+01
vertex 1.113248e+00 1.262467e+01 2.450295e+01
endloop
endfacet
facet normal 0 0 0
outer loop
vertex 1.309693e+01 -5.753880e+00 1.231037e+01
vertex 1.319127e+01 -5.069790e+00 1.287684e+01
vertex 1.332836e+01 -5.576010e+00 1.303096e+01
endloop
endfacet
facet normal 0 0 0
outer loop
vertex 1.354852e+01 -6.253484e+00 1.332658e+01
vertex 1.309693e+01 -5.753880e+00 1.231037e+01
vertex 1.332836e+01 -5.576010e+00 1.303096e+01
endloop
endfacet
facet normal 0 0 0
outer loop
vertex -1.247044e+01 -6.580883e+00 1.228557e+01
vertex -1.198239e+01 -6.292742e+00 1.153371e+01
vertex -1.138092e+01 -7.009319e+00 1.232595e+01
endloop
endfacet
facet normal 0 0 0
outer loop
vertex -1.287063e+01 -5.767717e+00 1.131810e+01
vertex -1.198239e+01 -6.292742e+00 1.153371e+01
vertex -1.275123e+01 -6.190436e+00 1.185106e+01
endloop
endfacet
facet normal 0 0 0
outer loop
vertex -1.210030e+01 -5.653578e+00 1.360749e+01
vertex -1.156535e+01 -5.272753e+00 1.411533e+01
vertex -1.255118e+01 -4.776984e+00 1.318812e+01
endloop
endfacet
facet normal 0 0 0
outer loop
vertex -1.210030e+01 -5.653578e+00 1.360749e+01
vertex -1.181061e+01 -6.253403e+00 1.387665e+01
vertex -1.156535e+01 -5.272753e+00 1.411533e+01
endloop
endfacet
facet normal 0 0 0
outer loop
vertex 2.026023e-01 -6.281844e-01 -2.917747e+00
vertex 3.485994e-01 -9.776518e-01 -2.466454e+00
vertex -4.338018e-02 -8.380366e-01 -2.546541e+00
endloop
endfacet
facet normal 0 0 0
outer loop
vertex -7.865707e-01 -5.158618e-01 -2.574244e+00
vertex -3.598324e-01 -3.609242e-01 -3.038862e+00
vertex -4.338018e-02 -8.380366e-01 -2.546541e+00
endloop
endfacet
facet normal 0 0 0
outer loop
vertex -1.297862e+00 1.307703e+01 2.213741e+01
vertex -1.089190e-01 1.377016e+01 2.318235e+01
vertex 3.105986e-02 1.297327e+01 2.152606e+01
endloop
endfacet
facet normal 0 0 0
outer loop
vertex -8.277373e-01 1.372996e+01 2.337938e+01
vertex -1.089190e-01 1.377016e+01 2.318235e+01
vertex -1.297862e+00 1.307703e+01 2.213741e+01
endloop
endfacet
facet normal 0 0 0
outer loop
vertex -3.991500e+00 -1.873767e+00 9.400386e-01
vertex -5.295968e+00 -2.417169e+00 2.369229e+00
vertex -5.551340e+00 -1.075121e+00 2.485653e+00
endloop
endfacet
facet normal 0 0 0
outer loop
vertex -5.854757e+00 -1.013604e+01 1.775093e+01
vertex -5.449039e+00 -9.334829e+00 1.807473e+01
vertex -6.402781e+00 -9.226261e+00 1.771814e+01
endloop
endfacet
facet normal 0 0 0
outer loop
vertex -1.138092e+01 -7.009319e+00 1.232595e+01
vertex -1.198239e+01 -6.292742e+00 1.153371e+01
vertex -1.058360e+01 -6.559602e+00 1.108217e+01
endloop
endfacet
facet normal 0 0 0
outer loop
vertex 1.302499e+01 -4.041476e+00 1.318802e+01
vertex 1.308725e+01 -4.226723e+00 1.291537e+01
vertex 1.272721e+01 -3.244795e+00 1.282263e+01
endloop
endfacet
facet normal 0 0 0
outer loop
vertex 1.273649e+01 -3.984144e+00 1.405397e+01
vertex 1.302499e+01 -4.041476e+00 1.318802e+01
vertex 1.272721e+01 -3.244795e+00 1.282263e+01
endloop
endfacet
facet normal 0 0 0
outer loop
vertex -1.297862e+00 1.307703e+01 2.213741e+01
vertex -1.560584e+00 1.274626e+01 2.215753e+01
vertex -8.277373e-01 1.372996e+01 2.337938e+01
endloop
endfacet
facet normal 0 0 0
outer loop
vertex -8.681159e+00 -8.164511e+00 1.624648e+01
vertex -8.339313e+00 -8.607786e+00 1.643843e+01
vertex -7.975203e+00 -8.186112e+00 1.674854e+01
endloop
endfacet
facet normal 0 0 0
outer loop
vertex -3.685813e+00 9.072397e+00 2.165896e+01
vertex -4.556318e+00 7.680200e+00 2.082697e+01
vertex -3.591905e+00 7.502437e+00 2.173626e+01
endloop
endfacet
facet normal 0 0 0
outer loop
vertex -4.035525e+00 8.734871e+00 2.045338e+01
vertex -4.556318e+00 7.680200e+00 2.082697e+01
vertex -3.685813e+00 9.072397e+00 2.165896e+01
endloop
endfacet
facet normal 0 0 0
outer loop
vertex 1.230967e+01 -2.033887e+00 1.180695e+01
vertex 1.221637e+01 -3.102296e+00 1.113307e+01
vertex 1.174653e+01 -1.623672e+00 1.048139e+01
endloop
endfacet
facet normal 0 0 0
outer loop
vertex -2.511602e+00 1.266864e+00 -8.036827e-01
vertex -2.146511e+00 1.031438e+00 -1.354843e+00
vertex -2.570589e+00 7.065101e-01 -8.712395e-01
endloop
endfacet
facet normal 0 0 0
outer loop
vertex 1.174653e+01 -1.623672e+00 1.048139e+01
vertex 1.221637e+01 -3.102296e+00 1.113307e+01
vertex 1.095730e+01 -2.506474e+00 9.281034e+00
endloop
endfacet
facet normal 0 0 0
outer loop
vertex -1.037650e+01 -6.710713e+00 1.520650e+01
vertex -9.896544e+00 -7.546449e+00 1.545078e+01
vertex -9.450449e+00 -7.148636e+00 1.581667e+01
endloop
endfacet
facet normal 0 0 0
outer loop
vertex -8.277373e-01 1.372996e+01 2.337938e+01
vertex -1.560584e+00 1.274626e+01 2.215753e+01
vertex -1.289872e+00 1.285268e+01 2.394855e+01
endloop
endfacet
facet normal 0 0 0
outer loop
vertex -2.963342e+00 1.835940e+00 2.475238e-01
vertex -2.876694e+00 1.502290e+00 -2.525221e-01
vertex -3.247177e+00 1.655947e+00 2.427926e-01
endloop
endfacet
facet normal 0 0 0
outer loop
vertex -1.207335e+01 -5.583498e+00 1.048451e+01
vertex -1.218762e+01 -5.263568e+00 1.016842e+01
vertex -1.169524e+01 -5.333163e+00 9.859771e+00
endloop
endfacet
facet normal 0 0 0
outer loop
vertex -1.114108e+00 4.534756e-01 -2.356929e+00
vertex -1.630309e+00 7.424567e-01 -1.855886e+00
vertex -1.347331e+00 7.603764e-01 -2.029362e+00
endloop
endfacet
facet normal 0 0 0
outer loop
vertex -4.152075e+00 2.363772e+00 1.731869e+00
vertex -3.853789e+00 2.152581e+00 1.252310e+00
vertex -4.041027e+00 2.005342e+00 1.362786e+00
endloop
endfacet
facet normal 0 0 0
outer loop
vertex -1.238664e+01 -4.968471e+00 1.082194e+01
vertex -1.263441e+01 -4.605583e+00 1.165198e+01
vertex -1.233423e+01 -4.536951e+00 1.102809e+01
endloop
endfacet
facet normal 0 0 0
outer loop
vertex -5.018149e-01 1.323434e+01 2.462262e+01
vertex -1.334560e+00 1.194164e+01 2.387456e+01
vertex -8.930122e-01 1.176987e+01 2.416987e+01
endloop
endfacet
facet normal 0 0 0
outer loop
vertex -5.018149e-01 1.323434e+01 2.462262e+01
vertex -1.289872e+00 1.285268e+01 2.394855e+01
vertex -1.334560e+00 1.194164e+01 2.387456e+01
endloop
endfacet
facet normal 0 0 0
outer loop
vertex -4.617746e+00 6.582968e+00 2.076101e+01
vertex -4.628734e+00 5.073672e+00 2.070803e+01
vertex -4.015908e+00 6.304482e+00 2.129157e+01
endloop
endfacet
facet normal 0 0 0
outer loop
vertex -4.150395e+00 -1.043846e+01 1.521377e+01
vertex -3.119471e+00 -1.099739e+01 1.629477e+01
vertex -5.174679e+00 -1.039572e+01 1.692739e+01
endloop
endfacet
facet normal 0 0 0
outer loop
vertex -3.119471e+00 -1.099739e+01 1.629477e+01
vertex -4.823560e+00 -1.039910e+01 1.810690e+01
vertex -5.174679e+00 -1.039572e+01 1.692739e+01
endloop
endfacet
facet normal 0 0 0
outer loop
vertex -2.570589e+00 7.065101e-01 -8.712395e-01
vertex -2.146511e+00 1.031438e+00 -1.354843e+00
vertex -1.874985e+00 1.212021e-01 -1.521343e+00
endloop
endfacet
facet normal 0 0 0
outer loop
vertex -1.021672e+01 -8.010901e+00 1.480081e+01
vertex -1.071134e+01 -7.732093e+00 1.440546e+01
vertex -9.298282e+00 -8.147700e+00 1.383152e+01
endloop
endfacet
facet normal 0 0 0
outer loop
vertex 3.513412e+00 -5.101249e+00 3.935576e+00
vertex 4.989447e+00 -4.470343e+00 4.317357e+00
vertex 4.270359e+00 -5.878953e+00 5.254148e+00
endloop
endfacet
facet normal 0 0 0
outer loop
vertex 2.436808e+00 -6.396079e+00 4.508087e+00
vertex 3.513412e+00 -5.101249e+00 3.935576e+00
vertex 4.270359e+00 -5.878953e+00 5.254148e+00
endloop
endfacet
facet normal 0 0 0
outer loop
vertex 1.007281e-01 6.692968e-01 -2.139760e+00
vertex 2.960591e-01 1.112329e+00 -1.344691e+00
vertex 1.353527e+00 4.161632e-01 -2.094399e+00
endloop
endfacet
facet normal 0 0 0
outer loop
vertex -1.139941e+01 -7.350425e+00 1.388316e+01
vertex -1.140660e+01 -7.282977e+00 1.425065e+01
vertex -1.191079e+01 -7.018861e+00 1.377652e+01
endloop
endfacet
facet normal 0 0 0
outer loop
vertex 1.247992e+01 -6.591738e+00 1.911118e+01
vertex 1.232321e+01 -8.456944e+00 2.027300e+01
vertex 1.376933e+01 -8.824169e+00 1.858361e+01
endloop
endfacet
facet normal 0 0 0
outer loop
vertex 1.279660e+01 -8.266755e+00 1.444931e+01
vertex 1.227104e+01 -9.222393e+00 1.601606e+01
vertex 1.141109e+01 -9.283586e+00 1.449823e+01
endloop
endfacet
facet normal 0 0 0
outer loop
vertex -4.477908e+00 2.188958e+00 1.978394e+00
vertex -4.630920e+00 1.717516e+00 2.049033e+00
vertex -4.930337e+00 1.961644e+00 2.502948e+00
endloop
endfacet
facet normal 0 0 0
outer loop
vertex -1.067967e+01 -1.150771e+00 1.161441e+01
vertex -1.127067e+01 -2.331045e+00 1.228112e+01
vertex -1.080892e+01 -1.726280e+00 1.329256e+01
endloop
endfacet
facet normal 0 0 0
outer loop
vertex -8.811240e+00 -7.339609e+00 1.625101e+01
vertex -8.681159e+00 -8.164511e+00 1.624648e+01
vertex -8.146811e+00 -7.437100e+00 1.671441e+01
endloop
endfacet
facet normal 0 0 0
outer loop
vertex -1.071134e+01 -7.732093e+00 1.440546e+01
vertex -1.021672e+01 -8.010901e+00 1.480081e+01
vertex -1.087831e+01 -7.559718e+00 1.474745e+01
endloop
endfacet
facet normal 0 0 0
outer loop
vertex 1.569505e+00 -4.097570e+00 1.562332e+00
vertex 7.903839e-01 -4.677919e+00 2.309355e+00
vertex 5.087785e-01 -2.991025e+00 1.319484e-01
endloop
endfacet
facet normal 0 0 0
outer loop
vertex 1.131007e+01 -8.975832e-01 1.354950e+01
vertex 1.019823e+01 4.318219e-01 1.499419e+01
vertex 1.104169e+01 -1.827532e+00 1.603387e+01
endloop
endfacet
facet normal 0 0 0
outer loop
vertex -9.145071e+00 -8.553256e+00 1.586892e+01
vertex -9.679746e+00 -8.236108e+00 1.552422e+01
vertex -9.163141e+00 -8.565909e+00 1.546906e+01
endloop
endfacet
facet normal 0 0 0
outer loop
vertex 1.819254e+00 1.110477e+01 2.432998e+01
vertex 8.080613e-01 1.202416e+01 2.489686e+01
vertex 1.193444e+00 1.083897e+01 2.480915e+01
endloop
endfacet
facet normal 0 0 0
outer loop
vertex -8.215635e+00 -9.098511e+00 1.621971e+01
vertex -8.732872e+00 -8.847326e+00 1.598683e+01
vertex -8.076451e+00 -8.957409e+00 1.534913e+01
endloop
endfacet
facet normal 0 0 0
outer loop
vertex -1.206354e+01 -3.504188e+00 1.119467e+01
vertex -1.263441e+01 -4.605583e+00 1.165198e+01
vertex -1.194693e+01 -3.563278e+00 1.247276e+01
endloop
endfacet
facet normal 0 0 0
outer loop
vertex -1.233423e+01 -4.536951e+00 1.102809e+01
vertex -1.263441e+01 -4.605583e+00 1.165198e+01
vertex -1.206354e+01 -3.504188e+00 1.119467e+01
endloop
endfacet
facet normal 0 0 0
outer loop
vertex -6.409005e+00 3.332107e+00 4.789206e+00
vertex -6.049459e+00 2.004059e+00 3.964101e+00
vertex -6.727092e+00 2.230975e+00 4.903290e+00
endloop
endfacet
facet normal 0 0 0
outer loop
vertex -6.049459e+00 2.004059e+00 3.964101e+00
vertex -5.939319e+00 6.755025e-01 3.461934e+00
vertex -7.308512e+00 8.642447e-01 5.286617e+00
endloop
endfacet
facet normal 0 0 0
outer loop
vertex -7.724137e+00 -8.742041e+00 1.377956e+01
vertex -5.600276e+00 -9.584301e+00 1.388996e+01
vertex -7.036162e+00 -9.256810e+00 1.489723e+01
endloop
endfacet
facet normal 0 0 0
outer loop
vertex 1.308725e+01 -4.226723e+00 1.291537e+01
vertex 1.328139e+01 -4.767533e+00 1.357107e+01
vertex 1.329502e+01 -4.777921e+00 1.325758e+01
endloop
endfacet
facet normal 0 0 0
outer loop
vertex 1.319127e+01 -5.069790e+00 1.287684e+01
vertex 1.308725e+01 -4.226723e+00 1.291537e+01
vertex 1.329502e+01 -4.777921e+00 1.325758e+01
endloop
endfacet
facet normal 0 0 0
outer loop
vertex 7.971766e-02 7.225904e+00 2.363318e+01
vertex 2.482203e+00 7.077116e+00 2.455678e+01
vertex 9.837093e-01 8.264805e+00 2.420308e+01
endloop
endfacet
facet normal 0 0 0
outer loop
vertex -4.630920e+00 1.717516e+00 2.049033e+00
vertex -4.357399e+00 1.027515e+00 1.508014e+00
vertex -4.963818e+00 9.102664e-01 2.261823e+00
endloop
endfacet
facet normal 0 0 0
outer loop
vertex -4.630920e+00 1.717516e+00 2.049033e+00
vertex -4.963818e+00 9.102664e-01 2.261823e+00
vertex -4.930337e+00 1.961644e+00 2.502948e+00
endloop
endfacet
facet normal 0 0 0
outer loop
vertex 5.603487e+00 2.391830e+00 2.391243e+00
vertex 4.033619e+00 1.662050e+00 7.343184e-01
vertex 2.471485e+00 2.771733e+00 2.053727e+00
endloop
endfacet
facet normal 0 0 0
outer loop
vertex -7.311479e+00 3.819215e+00 6.090051e+00
vertex -8.147923e+00 2.295043e+00 6.808063e+00
vertex -8.086855e+00 4.168198e+00 8.008994e+00
endloop
endfacet
facet normal 0 0 0
outer loop
vertex 2.943336e+00 7.624724e+00 1.145827e+01
vertex 3.364023e-01 8.373683e+00 1.208167e+01
vertex 2.144439e+00 8.730947e+00 1.346560e+01
endloop
endfacet
facet normal 0 0 0
outer loop
vertex -1.229900e+01 -6.815501e+00 1.341145e+01
vertex -1.191079e+01 -7.018861e+00 1.377652e+01
vertex -1.181061e+01 -6.253403e+00 1.387665e+01
endloop
endfacet
facet normal 0 0 0
outer loop
vertex -6.250338e+00 3.739233e+00 5.009813e+00
vertex -4.688016e+00 4.546337e+00 5.731777e+00
vertex -4.602539e+00 3.805310e+00 4.392179e+00
endloop
endfacet
facet normal 0 0 0
outer loop
vertex -1.982916e+00 1.767083e+00 -2.575906e-01
vertex -2.291010e+00 1.323709e+00 -9.143090e-01
vertex -2.729632e+00 1.540187e+00 -3.262729e-01
endloop
endfacet
facet normal 0 0 0
outer loop
vertex -3.210336e+00 1.046459e+01 1.740483e+01
vertex -3.801311e+00 9.657323e+00 1.594241e+01
vertex -4.210669e+00 9.285723e+00 1.630268e+01
endloop
endfacet
facet normal 0 0 0
outer loop
vertex 1.267773e+01 -6.696172e+00 1.192581e+01
vertex 1.359425e+01 -7.177847e+00 1.305338e+01
vertex 1.207291e+01 -8.322020e+00 1.318220e+01
endloop
endfacet
facet normal 0 0 0
outer loop
vertex -1.021672e+01 -8.010901e+00 1.480081e+01
vertex -1.021682e+01 -7.939261e+00 1.517541e+01
vertex -1.087831e+01 -7.559718e+00 1.474745e+01
endloop
endfacet
facet normal 0 0 0
outer loop
vertex -1.691059e+00 -8.394497e+00 8.724691e+00
vertex -2.361671e+00 -9.313796e+00 1.034117e+01
vertex -3.522813e+00 -7.726698e+00 8.760072e+00
endloop
endfacet
facet normal 0 0 0
outer loop
vertex -1.207335e+01 -5.583498e+00 1.048451e+01
vertex -1.163029e+01 -5.919338e+00 1.073325e+01
vertex -1.230059e+01 -5.782558e+00 1.093575e+01
endloop
endfacet
facet normal 0 0 0
outer loop
vertex -7.865707e-01 -5.158618e-01 -2.574244e+00
vertex -1.415179e+00 -2.362457e-01 -1.954841e+00
vertex -1.114108e+00 4.534756e-01 -2.356929e+00
endloop
endfacet
facet normal 0 0 0
outer loop
vertex -4.556318e+00 7.680200e+00 2.082697e+01
vertex -4.015908e+00 6.304482e+00 2.129157e+01
vertex -3.591905e+00 7.502437e+00 2.173626e+01
endloop
endfacet
facet normal 0 0 0
outer loop
vertex -4.150395e+00 -1.043846e+01 1.521377e+01
vertex -5.899075e+00 -9.974093e+00 1.614741e+01
vertex -5.600276e+00 -9.584301e+00 1.388996e+01
endloop
endfacet
facet normal 0 0 0
outer loop
vertex -8.732872e+00 -8.790706e+00 1.613549e+01
vertex -8.215635e+00 -9.098511e+00 1.621971e+01
vertex -8.223971e+00 -9.082697e+00 1.646473e+01
endloop
endfacet
facet normal 0 0 0
outer loop
vertex 9.187178e+00 3.749121e+00 1.270811e+01
vertex 8.888680e+00 3.119998e+00 1.477948e+01
vertex 1.023473e+01 1.792074e+00 1.254980e+01
endloop
endfacet
facet normal 0 0 0
outer loop
vertex 1.351217e+01 -5.994995e+00 1.487682e+01
vertex 1.317176e+01 -5.076844e+00 1.446545e+01
vertex 1.293441e+01 -5.552017e+00 1.600441e+01
endloop
endfacet
facet normal 0 0 0
outer loop
vertex -7.581141e+00 -9.266151e+00 1.587714e+01
vertex -8.215635e+00 -9.098511e+00 1.621971e+01
vertex -8.076451e+00 -8.957409e+00 1.534913e+01
endloop
endfacet
facet normal 0 0 0
outer loop
vertex 6.035187e+00 -8.953429e+00 2.271156e+01
vertex 7.655873e+00 -8.131078e+00 2.352201e+01
vertex 5.477029e+00 -7.420774e+00 2.280125e+01
endloop
endfacet
facet normal 0 0 0
outer loop
vertex -8.811240e+00 -7.339609e+00 1.625101e+01
vertex -8.146811e+00 -7.437100e+00 1.671441e+01
vertex -8.551640e+00 -6.757275e+00 1.650541e+01
endloop
endfacet
facet normal 0 0 0
outer loop
vertex 2.026023e-01 -6.281844e-01 -2.917747e+00
vertex 4.178765e-02 -1.936215e-01 -3.478882e+00
vertex 5.840566e-01 -4.362153e-01 -2.823566e+00
endloop
endfacet
facet normal 0 0 0
outer loop
vertex 3.485994e-01 -9.776518e-01 -2.466454e+00
vertex 6.554111e-01 -1.761682e+00 -1.454027e+00
vertex 2.577770e-01 -1.487457e+00 -1.808825e+00
endloop
endfacet
facet normal 0 0 0
outer loop
vertex 6.554111e-01 -1.761682e+00 -1.454027e+00
vertex 3.485994e-01 -9.776518e-01 -2.466454e+00
vertex 1.137799e+00 -7.480675e-01 -2.143631e+00
endloop
endfacet
facet normal 0 0 0
outer loop
vertex -1.169862e+01 -4.966009e+00 9.407701e+00
vertex -1.218762e+01 -5.263568e+00 1.016842e+01
vertex -1.187536e+01 -4.945506e+00 9.688755e+00
endloop
endfacet
facet normal 0 0 0
outer loop
vertex -6.875250e+00 -9.597915e+00 1.614560e+01
vertex -7.715071e+00 -9.402999e+00 1.671965e+01
vertex -7.581141e+00 -9.266151e+00 1.587714e+01
endloop
endfacet
facet normal 0 0 0
outer loop
vertex -8.223971e+00 -9.082697e+00 1.646473e+01
vertex -7.715071e+00 -9.402999e+00 1.671965e+01
vertex -7.715071e+00 -9.374689e+00 1.679398e+01
endloop
endfacet
facet normal 0 0 0
outer loop
vertex -1.169862e+01 -4.966009e+00 9.407701e+00
vertex -1.169524e+01 -5.333163e+00 9.859771e+00
vertex -1.218762e+01 -5.263568e+00 1.016842e+01
endloop
endfacet
facet normal 0 0 0
outer loop
vertex -1.021672e+01 -8.010901e+00 1.480081e+01
vertex -9.163141e+00 -8.565909e+00 1.546906e+01
vertex -9.679746e+00 -8.236108e+00 1.552422e+01
endloop
endfacet
facet normal 0 0 0
outer loop
vertex -1.021672e+01 -8.010901e+00 1.480081e+01
vertex -9.679746e+00 -8.236108e+00 1.552422e+01
vertex -1.021682e+01 -7.939261e+00 1.517541e+01
endloop
endfacet
facet normal 0 0 0
outer loop
vertex 7.051587e+00 -1.253532e+01 1.479412e+01
vertex 8.227355e+00 -1.119487e+01 1.345535e+01
vertex 8.490533e+00 -1.210221e+01 1.643554e+01
endloop
endfacet
facet normal 0 0 0
outer loop
vertex -2.963342e+00 1.835940e+00 2.475238e-01
vertex -3.247177e+00 1.655947e+00 2.427926e-01
vertex -3.555503e+00 1.941390e+00 7.727499e-01
endloop
endfacet
facet normal 0 0 0
outer loop
vertex -3.247177e+00 1.655947e+00 2.427926e-01
vertex -3.388827e+00 1.327051e+00 3.489336e-01
vertex -3.555503e+00 1.941390e+00 7.727499e-01
endloop
endfacet
facet normal 0 0 0
outer loop
vertex -1.630309e+00 7.424567e-01 -1.855886e+00
vertex -1.852387e+00 1.107231e+00 -1.502345e+00
vertex -1.347331e+00 7.603764e-01 -2.029362e+00
endloop
endfacet
facet normal 0 0 0
outer loop
vertex -5.962789e+00 4.643517e+00 6.434644e+00
vertex -7.056023e+00 4.135334e+00 6.149549e+00
vertex -7.052575e+00 5.216101e+00 7.896866e+00
endloop
endfacet
facet normal 0 0 0
outer loop
vertex -1.347331e+00 7.603764e-01 -2.029362e+00
vertex -1.119178e+00 1.225907e+00 -1.264734e+00
vertex -7.237589e-01 9.067906e-01 -1.787233e+00
endloop
endfacet
facet normal 0 0 0
outer loop
vertex -1.298617e+01 -5.457956e+00 1.277248e+01
vertex -1.346363e+01 -6.205420e+00 1.231626e+01
vertex -1.296680e+01 -6.066740e+00 1.278636e+01
endloop
endfacet
facet normal 0 0 0
outer loop
vertex -1.307542e+01 -6.408781e+00 1.268132e+01
vertex -1.268721e+01 -6.612141e+00 1.304639e+01
vertex -1.296680e+01 -6.066740e+00 1.278636e+01
endloop
endfacet
facet normal 0 0 0
outer loop
vertex -4.697273e+00 2.754402e+00 2.613939e+00
vertex -4.743492e+00 2.426088e+00 2.386589e+00
vertex -5.049754e+00 2.678468e+00 2.882212e+00
endloop
endfacet
facet normal 0 0 0
outer loop
vertex -4.743492e+00 2.426088e+00 2.386589e+00
vertex -4.930337e+00 1.961644e+00 2.502948e+00
vertex -5.049754e+00 2.678468e+00 2.882212e+00
endloop
endfacet
facet normal 0 0 0
outer loop
vertex -1.592574e+00 1.463157e+00 -8.851035e-01
vertex -1.119178e+00 1.225907e+00 -1.264734e+00
vertex -1.852387e+00 1.107231e+00 -1.502345e+00
endloop
endfacet
facet normal 0 0 0
outer loop
vertex -7.206170e+00 -9.680836e+00 1.708606e+01
vertex -6.651031e+00 -9.969541e+00 1.746862e+01
vertex -6.859511e+00 -9.365780e+00 1.740658e+01
endloop
endfacet
facet normal 0 0 0
outer loop
vertex -1.187536e+01 -4.945506e+00 9.688755e+00
vertex -1.124141e+01 -4.274102e+00 8.990780e+00
vertex -1.169862e+01 -4.966009e+00 9.407701e+00
endloop
endfacet
facet normal 0 0 0
outer loop
vertex -1.187536e+01 -4.945506e+00 9.688755e+00
vertex -1.135264e+01 -3.952262e+00 9.269889e+00
vertex -1.124141e+01 -4.274102e+00 8.990780e+00
endloop
endfacet
facet normal 0 0 0
outer loop
vertex 1.354852e+01 -6.253484e+00 1.332658e+01
vertex 1.371056e+01 -5.880319e+00 1.394200e+01
vertex 1.391833e+01 -6.431518e+00 1.428420e+01
endloop
endfacet
facet normal 0 0 0
outer loop
vertex -1.124141e+01 -4.274102e+00 8.990780e+00
vertex -1.118187e+01 -4.869060e+00 8.817902e+00
vertex -1.169862e+01 -4.966009e+00 9.407701e+00
endloop
endfacet
facet normal 0 0 0
outer loop
vertex 2.112582e+00 -1.260800e+00 -9.527798e-01
vertex 2.281779e+00 -2.179586e+00 1.014738e-01
vertex 1.119614e+00 -2.947912e+00 7.776485e-02
endloop
endfacet
facet normal 0 0 0
outer loop
vertex 2.112582e+00 -1.260800e+00 -9.527798e-01
vertex 3.383956e+00 -1.915999e+00 5.981329e-01
vertex 2.281779e+00 -2.179586e+00 1.014738e-01
endloop
endfacet
facet normal 0 0 0
outer loop
vertex 1.086574e+01 -1.150342e+01 1.946038e+01
vertex 1.153395e+01 -1.147041e+01 2.101293e+01
vertex 9.897872e+00 -1.279970e+01 2.108631e+01
endloop
endfacet
facet normal 0 0 0
outer loop
vertex 9.897872e+00 -1.279970e+01 2.108631e+01
vertex 9.085821e+00 -1.264265e+01 1.906941e+01
vertex 1.086574e+01 -1.150342e+01 1.946038e+01
endloop
endfacet
facet normal 0 0 0
outer loop
vertex 1.671480e+00 9.460264e+00 2.471893e+01
vertex 2.482203e+00 7.077116e+00 2.455678e+01
vertex 2.906547e+00 9.079886e+00 2.391003e+01
endloop
endfacet
facet normal 0 0 0
outer loop
vertex 8.785378e+00 6.021607e-01 1.934790e+01
vertex 9.875382e+00 -1.344693e-01 1.703964e+01
vertex 8.802745e+00 1.495823e+00 1.783964e+01
endloop
endfacet
facet normal 0 0 0
outer loop
vertex -1.232518e+00 1.757547e+00 -3.674354e-01
vertex -4.753602e-01 1.716084e+00 -4.006072e-01
vertex -1.119178e+00 1.225907e+00 -1.264734e+00
endloop
endfacet
facet normal 0 0 0
outer loop
vertex -7.913119e+00 -8.807004e+00 1.671952e+01
vertex -7.975203e+00 -8.186112e+00 1.674854e+01
vertex -8.339313e+00 -8.607786e+00 1.643843e+01
endloop
endfacet
facet normal 0 0 0
outer loop
vertex -1.114108e+00 4.534756e-01 -2.356929e+00
vertex -1.347331e+00 7.603764e-01 -2.029362e+00
vertex -8.422753e-01 4.135217e-01 -2.556378e+00
endloop
endfacet
facet normal 0 0 0
outer loop
vertex 7.971766e-02 7.225904e+00 2.363318e+01
vertex 9.837093e-01 8.264805e+00 2.420308e+01
vertex -2.428160e-01 8.997169e+00 2.386488e+01
endloop
endfacet
facet normal 0 0 0
outer loop
vertex -7.724137e+00 -8.742041e+00 1.377956e+01
vertex -8.825704e+00 -8.575241e+00 1.492991e+01
vertex -9.298282e+00 -8.147700e+00 1.383152e+01
endloop
endfacet
facet normal 0 0 0
outer loop
vertex 1.009183e+01 -5.372883e+00 8.780872e+00
vertex 9.191972e+00 -7.278371e+00 1.009873e+01
vertex 7.648724e+00 -6.390506e+00 8.121795e+00
endloop
endfacet
facet normal 0 0 0
outer loop
vertex -7.364202e+00 -8.157414e+00 1.718867e+01
vertex -6.843188e+00 -8.014160e+00 1.757803e+01
vertex -7.461999e+00 -7.350067e+00 1.721420e+01
endloop
endfacet
facet normal 0 0 0
outer loop
vertex 8.360232e-01 1.376176e+01 2.351266e+01
vertex -1.089190e-01 1.377016e+01 2.318235e+01
vertex 4.659916e-01 1.412804e+01 2.412350e+01
endloop
endfacet
facet normal 0 0 0
outer loop
vertex 4.659916e-01 1.412804e+01 2.412350e+01
vertex -1.089190e-01 1.377016e+01 2.318235e+01
vertex -3.091753e-02 1.421940e+01 2.410420e+01
endloop
endfacet
facet normal 0 0 0
outer loop
vertex -6.466341e+00 6.016894e+00 9.347552e+00
vertex -5.880108e+00 6.817688e+00 1.079824e+01
vertex -4.459056e+00 6.465157e+00 9.526718e+00
endloop
endfacet
facet normal 0 0 0
outer loop
vertex 6.889016e+00 -1.332899e+01 2.004554e+01
vertex 6.566625e+00 -1.307642e+01 2.208517e+01
vertex 5.263019e+00 -1.296307e+01 1.927938e+01
endloop
endfacet
facet normal 0 0 0
outer loop
vertex -1.247044e+01 -6.580883e+00 1.228557e+01
vertex -1.222058e+01 -6.787389e+00 1.277893e+01
vertex -1.262892e+01 -6.625219e+00 1.275666e+01
endloop
endfacet
facet normal 0 0 0
outer loop
vertex -7.402740e-01 -1.895363e+00 -7.261673e-01
vertex 3.832778e-01 -2.239242e+00 -8.384386e-01
vertex 5.087785e-01 -2.991025e+00 1.319484e-01
endloop
endfacet
facet normal 0 0 0
outer loop
vertex 3.705178e+00 7.592580e+00 2.360157e+01
vertex 2.906547e+00 9.079886e+00 2.391003e+01
vertex 2.482203e+00 7.077116e+00 2.455678e+01
endloop
endfacet
facet normal 0 0 0
outer loop
vertex 3.705178e+00 7.592580e+00 2.360157e+01
vertex 3.638097e+00 8.364668e+00 2.329171e+01
vertex 2.906547e+00 9.079886e+00 2.391003e+01
endloop
endfacet
facet normal 0 0 0
outer loop
vertex -3.210336e+00 1.046459e+01 1.740483e+01
vertex -2.530315e+00 1.139350e+01 1.908760e+01
vertex -1.334966e+00 1.081057e+01 1.743470e+01
endloop
endfacet
facet normal 0 0 0
outer loop
vertex 4.980718e-01 1.588016e+00 -4.932676e-01
vertex 2.960591e-01 1.112329e+00 -1.344691e+00
vertex -4.230600e-01 1.209219e+00 -1.258834e+00
endloop
endfacet
facet normal 0 0 0
outer loop
vertex 1.293441e+01 -5.552017e+00 1.600441e+01
vertex 1.317176e+01 -5.076844e+00 1.446545e+01
vertex 1.247709e+01 -4.275068e+00 1.541576e+01
endloop
endfacet
facet normal 0 0 0
outer loop
vertex -1.852387e+00 1.107231e+00 -1.502345e+00
vertex -2.146511e+00 1.031438e+00 -1.354843e+00
vertex -2.291010e+00 1.323709e+00 -9.143090e-01
endloop
endfacet
facet normal 0 0 0
outer loop
vertex -6.905760e-01 -1.250854e+00 -1.640135e+00
vertex -2.518377e-01 -1.007842e+00 -2.203834e+00
vertex 2.577770e-01 -1.487457e+00 -1.808825e+00
endloop
endfacet
facet normal 0 0 0
outer loop
vertex -2.506891e+00 1.153513e+01 1.994817e+01
vertex -2.815308e+00 1.046459e+01 2.249096e+01
vertex -1.889732e+00 1.234993e+01 2.126867e+01
endloop
endfacet
facet normal 0 0 0
outer loop
vertex -6.250338e+00 3.739233e+00 5.009813e+00
vertex -5.473805e+00 3.246818e+00 3.811876e+00
vertex -6.409005e+00 3.332107e+00 4.789206e+00
endloop
endfacet
facet normal 0 0 0
outer loop
vertex -8.825704e+00 -8.575241e+00 1.492991e+01
vertex -1.021672e+01 -8.010901e+00 1.480081e+01
vertex -9.298282e+00 -8.147700e+00 1.383152e+01
endloop
endfacet
facet normal 0 0 0
outer loop
vertex -9.145071e+00 -8.553256e+00 1.586892e+01
vertex -8.732872e+00 -8.790706e+00 1.613549e+01
vertex -8.681159e+00 -8.164511e+00 1.624648e+01
endloop
endfacet
facet normal 0 0 0
outer loop
vertex 7.605968e+00 4.925825e-01 4.979484e+00
vertex 8.644129e+00 1.779819e+00 5.960914e+00
vertex 8.571454e+00 -6.940774e-01 6.272839e+00
endloop
endfacet
facet normal 0 0 0
outer loop
vertex -2.883744e+00 -1.412309e+00 -2.736332e-01
vertex -3.991500e+00 -1.873767e+00 9.400386e-01
vertex -4.210662e+00 -3.400275e-01 9.721511e-01
endloop
endfacet
facet normal 0 0 0
outer loop
vertex -7.286124e+00 2.560921e+00 5.716723e+00
vertex -6.727092e+00 2.230975e+00 4.903290e+00
vertex -7.308512e+00 8.642447e-01 5.286617e+00
endloop
endfacet
facet normal 0 0 0
outer loop
vertex -6.727092e+00 2.230975e+00 4.903290e+00
vertex -6.049459e+00 2.004059e+00 3.964101e+00
vertex -7.308512e+00 8.642447e-01 5.286617e+00
endloop
endfacet
facet normal 0 0 0
outer loop
vertex -1.158187e+01 -3.356858e+00 1.022150e+01
vertex -1.197163e+01 -4.379381e+00 1.033055e+01
vertex -1.206354e+01 -3.504188e+00 1.119467e+01
endloop
endfacet
facet normal 0 0 0
outer loop
vertex -6.594748e+00 -9.847132e+00 1.677720e+01
vertex -6.651031e+00 -9.969541e+00 1.746862e+01
vertex -7.206170e+00 -9.680836e+00 1.708606e+01
endloop
endfacet
facet normal 0 0 0
outer loop
vertex -1.316713e+01 -5.986569e+00 1.181718e+01
vertex -1.275123e+01 -6.190436e+00 1.185106e+01
vertex -1.346363e+01 -6.205420e+00 1.231626e+01
endloop
endfacet
facet normal 0 0 0
outer loop
vertex -3.092711e+00 4.932777e+00 5.917293e+00
vertex -1.415701e+00 5.401632e+00 6.431048e+00
vertex -2.735813e+00 4.100970e+00 4.202873e+00
endloop
endfacet
facet normal 0 0 0
outer loop
vertex 4.178765e-02 -1.936215e-01 -3.478882e+00
vertex -3.598324e-01 -3.609242e-01 -3.038862e+00
vertex -4.002438e-01 1.099501e-01 -3.017630e+00
endloop
endfacet
facet normal 0 0 0
outer loop
vertex -3.598324e-01 -3.609242e-01 -3.038862e+00
vertex 2.026023e-01 -6.281844e-01 -2.917747e+00
vertex -4.338018e-02 -8.380366e-01 -2.546541e+00
endloop
endfacet
facet normal 0 0 0
outer loop
vertex -2.688384e+00 -6.894443e+00 7.178070e+00
vertex -3.522813e+00 -7.726698e+00 8.760072e+00
vertex -4.772748e+00 -6.273738e+00 7.410109e+00
endloop
endfacet
facet normal 0 0 0
outer loop
vertex 2.233575e+00 1.150105e+01 2.270355e+01
vertex 2.020358e+00 1.256069e+01 2.149169e+01
vertex 1.574373e+00 1.239701e+01 2.337609e+01
endloop
endfacet
facet normal 0 0 0
outer loop
vertex 3.372649e+00 5.458386e+00 7.096042e+00
vertex 3.429689e+00 6.570087e+00 9.439968e+00
vertex 5.553643e+00 5.469933e+00 7.981736e+00
endloop
endfacet
facet normal 0 0 0
outer loop
vertex -1.238664e+01 -4.968471e+00 1.082194e+01
vertex -1.287063e+01 -5.767717e+00 1.131810e+01
vertex -1.263441e+01 -4.605583e+00 1.165198e+01
endloop
endfacet
facet normal 0 0 0
outer loop
vertex -1.287063e+01 -5.767717e+00 1.131810e+01
vertex -1.305877e+01 -5.465180e+00 1.196125e+01
vertex -1.263441e+01 -4.605583e+00 1.165198e+01
endloop
endfacet
facet normal 0 0 0
outer loop
vertex -9.450449e+00 -7.148636e+00 1.581667e+01
vertex -9.896544e+00 -7.546449e+00 1.545078e+01
vertex -9.211556e+00 -7.778344e+00 1.591300e+01
endloop
endfacet
facet normal 0 0 0
outer loop
vertex 1.230967e+01 -2.033887e+00 1.180695e+01
vertex 1.272721e+01 -3.244795e+00 1.282263e+01
vertex 1.269846e+01 -3.130305e+00 1.236116e+01
endloop
endfacet
facet normal 0 0 0
outer loop
vertex 1.350279e+01 -5.329120e+00 1.359979e+01
vertex 1.350666e+01 -5.517610e+00 1.409915e+01
vertex 1.371056e+01 -5.880319e+00 1.394200e+01
endloop
endfacet
facet normal 0 0 0
outer loop
vertex -3.275969e+00 5.593504e+00 2.173643e+01
vertex -4.628734e+00 5.073672e+00 2.070803e+01
vertex -2.952004e+00 4.061925e+00 2.178695e+01
endloop
endfacet
facet normal 0 0 0
outer loop
vertex -4.628734e+00 5.073672e+00 2.070803e+01
vertex -3.275969e+00 5.593504e+00 2.173643e+01
vertex -4.015908e+00 6.304482e+00 2.129157e+01
endloop
endfacet
facet normal 0 0 0
outer loop
vertex -2.235702e+00 9.850041e+00 2.298318e+01
vertex -2.110771e+00 1.156755e+01 2.316417e+01
vertex -2.815308e+00 1.046459e+01 2.249096e+01
endloop
endfacet
facet normal 0 0 0
outer loop
vertex -1.163029e+01 -5.919338e+00 1.073325e+01
vertex -1.169524e+01 -5.333163e+00 9.859771e+00
vertex -1.088000e+01 -5.825091e+00 1.012100e+01
endloop
endfacet
facet normal 0 0 0
outer loop
vertex 1.119614e+00 -2.947912e+00 7.776485e-02
vertex 2.945172e+00 -2.954601e+00 1.352335e+00
vertex 1.569505e+00 -4.097570e+00 1.562332e+00
endloop
endfacet
facet normal 0 0 0
outer loop
vertex -7.237589e-01 9.067906e-01 -1.787233e+00
vertex -4.230600e-01 1.209219e+00 -1.258834e+00
vertex 1.007281e-01 6.692968e-01 -2.139760e+00
endloop
endfacet
facet normal 0 0 0
outer loop
vertex 2.960591e-01 1.112329e+00 -1.344691e+00
vertex 1.007281e-01 6.692968e-01 -2.139760e+00
vertex -4.230600e-01 1.209219e+00 -1.258834e+00
endloop
endfacet
facet normal 0 0 0
outer loop
vertex -9.145071e+00 -8.553256e+00 1.586892e+01
vertex -9.163141e+00 -8.565909e+00 1.546906e+01
vertex -8.732872e+00 -8.847326e+00 1.598683e+01
endloop
endfacet
facet normal 0 0 0
outer loop
vertex -5.388404e+00 1.893666e+00 3.077920e+00
vertex -6.049459e+00 2.004059e+00 3.964101e+00
vertex -5.729380e+00 3.005288e+00 3.835709e+00
endloop
endfacet
facet normal 0 0 0
outer loop
vertex -1.268721e+01 -6.612141e+00 1.304639e+01
vertex -1.229900e+01 -6.815501e+00 1.341145e+01
vertex -1.255782e+01 -5.964996e+00 1.317324e+01
endloop
endfacet
facet normal 0 0 0
outer loop
vertex -1.187536e+01 -4.945506e+00 9.688755e+00
vertex -1.218762e+01 -5.263568e+00 1.016842e+01
vertex -1.197163e+01 -4.379381e+00 1.033055e+01
endloop
endfacet
facet normal 0 0 0
outer loop
vertex -1.127067e+01 -2.331045e+00 1.228112e+01
vertex -1.159605e+01 -3.281723e+00 1.410076e+01
vertex -1.080892e+01 -1.726280e+00 1.329256e+01
endloop
endfacet
facet normal 0 0 0
outer loop
vertex -1.159605e+01 -3.281723e+00 1.410076e+01
vertex -1.127067e+01 -2.331045e+00 1.228112e+01
vertex -1.194693e+01 -3.563278e+00 1.247276e+01
endloop
endfacet
facet normal 0 0 0
outer loop
vertex 5.980421e+00 8.669536e+00 1.502039e+01
vertex 5.095953e+00 9.522313e+00 1.642836e+01
vertex 6.166641e+00 7.229345e+00 1.685719e+01
endloop
endfacet
facet normal 0 0 0
outer loop
vertex -3.555503e+00 1.941390e+00 7.727499e-01
vertex -3.853789e+00 2.152581e+00 1.252310e+00
vertex -3.170096e+00 2.335546e+00 1.208286e+00
endloop
endfacet
facet normal 0 0 0
outer loop
vertex -3.853789e+00 2.152581e+00 1.252310e+00
vertex -3.555503e+00 1.941390e+00 7.727499e-01
vertex -4.041027e+00 2.005342e+00 1.362786e+00
endloop
endfacet
facet normal 0 0 0
outer loop
vertex -1.018418e+01 -5.498092e+00 9.179702e+00
vertex -1.118187e+01 -4.869060e+00 8.817902e+00
vertex -9.509092e+00 -5.144872e+00 8.325346e+00
endloop
endfacet
facet normal 0 0 0
outer loop
vertex -1.138092e+01 -7.009319e+00 1.232595e+01
vertex -1.208748e+01 -6.968757e+00 1.336086e+01
vertex -1.222058e+01 -6.787389e+00 1.277893e+01
endloop
endfacet
facet normal 0 0 0
outer loop
vertex -7.402740e-01 -1.895363e+00 -7.261673e-01
vertex -2.052744e+00 -2.625756e+00 9.648451e-01
vertex -2.883744e+00 -1.412309e+00 -2.736332e-01
endloop
endfacet
facet normal 0 0 0
outer loop
vertex -6.402781e+00 -9.226261e+00 1.771814e+01
vertex -6.254140e+00 -8.384614e+00 1.794809e+01
vertex -7.130226e+00 -8.754804e+00 1.728530e+01
endloop
endfacet
facet normal 0 0 0
outer loop
vertex -1.262892e+01 -6.625219e+00 1.275666e+01
vertex -1.307542e+01 -6.408781e+00 1.268132e+01
vertex -1.291503e+01 -6.419418e+00 1.232886e+01
endloop
endfacet
facet normal 0 0 0
outer loop
vertex 2.099702e-01 1.223270e+01 2.004564e+01
vertex 3.105986e-02 1.297327e+01 2.152606e+01
vertex 2.020358e+00 1.256069e+01 2.149169e+01
endloop
endfacet
facet normal 0 0 0
outer loop
vertex 2.099702e-01 1.223270e+01 2.004564e+01
vertex 2.020358e+00 1.256069e+01 2.149169e+01
vertex 1.386181e+00 1.185958e+01 1.971303e+01
endloop
endfacet
facet normal 0 0 0
outer loop
vertex -1.658781e+00 -6.863485e+00 2.008144e+01
vertex 3.318514e-01 -8.598165e+00 2.051943e+01
vertex 1.417774e-01 -6.877463e+00 2.079344e+01
endloop
endfacet
facet normal 0 0 0
outer loop
vertex 1.272843e+01 -4.356448e+00 1.191247e+01
vertex 1.269846e+01 -3.130305e+00 1.236116e+01
vertex 1.308725e+01 -4.226723e+00 1.291537e+01
endloop
endfacet
facet normal 0 0 0
outer loop
vertex 1.269846e+01 -3.130305e+00 1.236116e+01
vertex 1.272721e+01 -3.244795e+00 1.282263e+01
vertex 1.308725e+01 -4.226723e+00 1.291537e+01
endloop
endfacet
facet normal 0 0 0
outer loop
vertex -1.106176e-01 1.469881e+01 2.507536e+01
vertex -6.316411e-01 1.388314e+01 2.457751e+01
vertex -5.018149e-01 1.323434e+01 2.462262e+01
endloop
endfacet
facet normal 0 0 0
outer loop
vertex 3.487219e-01 1.336148e+01 2.498611e+01
vertex -1.106176e-01 1.469881e+01 2.507536e+01
vertex -5.018149e-01 1.323434e+01 2.462262e+01
endloop
endfacet
facet normal 0 0 0
outer loop
vertex 1.371056e+01 -5.880319e+00 1.394200e+01
vertex 1.351217e+01 -5.994995e+00 1.487682e+01
vertex 1.391833e+01 -6.431518e+00 1.428420e+01
endloop
endfacet
facet normal 0 0 0
outer loop
vertex -1.852387e+00 1.107231e+00 -1.502345e+00
vertex -2.291010e+00 1.323709e+00 -9.143090e-01
vertex -1.592574e+00 1.463157e+00 -8.851035e-01
endloop
endfacet
facet normal 0 0 0
outer loop
vertex 2.020358e+00 1.256069e+01 2.149169e+01
vertex 3.105986e-02 1.297327e+01 2.152606e+01
vertex 1.428647e+00 1.317809e+01 2.252934e+01
endloop
endfacet
facet normal 0 0 0
outer loop
vertex 1.428647e+00 1.317809e+01 2.252934e+01
vertex 1.574373e+00 1.239701e+01 2.337609e+01
vertex 2.020358e+00 1.256069e+01 2.149169e+01
endloop
endfacet
facet normal 0 0 0
outer loop
vertex -4.228051e+00 1.647292e+00 1.508166e+00
vertex -4.357399e+00 1.027515e+00 1.508014e+00
vertex -4.630920e+00 1.717516e+00 2.049033e+00
endloop
endfacet
facet normal 0 0 0
outer loop
vertex -1.520326e+00 2.424371e-01 -1.906519e+00
vertex -1.874985e+00 1.212021e-01 -1.521343e+00
vertex -1.630309e+00 7.424567e-01 -1.855886e+00
endloop
endfacet
facet normal 0 0 0
outer loop
vertex 6.728815e-01 5.307060e+00 5.754360e+00
vertex -1.415701e+00 5.401632e+00 6.431048e+00
vertex 6.049191e-01 6.121719e+00 7.430304e+00
endloop
endfacet
facet normal 0 0 0
outer loop
vertex -1.520326e+00 2.424371e-01 -1.906519e+00
vertex -1.415179e+00 -2.362457e-01 -1.954841e+00
vertex -1.874985e+00 1.212021e-01 -1.521343e+00
endloop
endfacet
facet normal 0 0 0
outer loop
vertex -7.286124e+00 2.560921e+00 5.716723e+00
vertex -8.147923e+00 2.295043e+00 6.808063e+00
vertex -7.311479e+00 3.819215e+00 6.090051e+00
endloop
endfacet
facet normal 0 0 0
outer loop
vertex -4.697273e+00 2.754402e+00 2.613939e+00
vertex -5.049754e+00 2.678468e+00 2.882212e+00
vertex -5.085539e+00 3.000610e+00 3.212908e+00
endloop
endfacet
facet normal 0 0 0
outer loop
vertex -1.852387e+00 1.107231e+00 -1.502345e+00
vertex -1.630309e+00 7.424567e-01 -1.855886e+00
vertex -2.146511e+00 1.031438e+00 -1.354843e+00
endloop
endfacet
facet normal 0 0 0
outer loop
vertex -4.152075e+00 2.363772e+00 1.731869e+00
vertex -4.424674e+00 2.559087e+00 2.172904e+00
vertex -3.656799e+00 2.733210e+00 2.111091e+00
endloop
endfacet
facet normal 0 0 0
outer loop
vertex -7.206170e+00 -9.680836e+00 1.708606e+01
vertex -7.715071e+00 -9.402999e+00 1.671965e+01
vertex -6.875250e+00 -9.597915e+00 1.614560e+01
endloop
endfacet
facet normal 0 0 0
outer loop
vertex -3.036741e+00 9.809855e-01 -2.153169e-01
vertex -2.570589e+00 7.065101e-01 -8.712395e-01
vertex -3.124881e+00 3.571193e-01 -2.487833e-01
endloop
endfacet
facet normal 0 0 0
outer loop
vertex -3.507299e+00 7.709748e-01 3.374025e-01
vertex -3.036741e+00 9.809855e-01 -2.153169e-01
vertex -3.124881e+00 3.571193e-01 -2.487833e-01
endloop
endfacet
facet normal 0 0 0
outer loop
vertex 1.350666e+01 -5.517610e+00 1.409915e+01
vertex 1.317176e+01 -5.076844e+00 1.446545e+01
vertex 1.351217e+01 -5.994995e+00 1.487682e+01
endloop
endfacet
facet normal 0 0 0
outer loop
vertex -4.394587e-01 1.424961e+01 2.426161e+01
vertex -8.277373e-01 1.372996e+01 2.337938e+01
vertex -6.316411e-01 1.388314e+01 2.457751e+01
endloop
endfacet
facet normal 0 0 0
outer loop
vertex 1.354852e+01 -6.253484e+00 1.332658e+01
vertex 1.332836e+01 -5.576010e+00 1.303096e+01
vertex 1.350279e+01 -5.329120e+00 1.359979e+01
endloop
endfacet
facet normal 0 0 0
outer loop
vertex 1.354852e+01 -6.253484e+00 1.332658e+01
vertex 1.350279e+01 -5.329120e+00 1.359979e+01
vertex 1.371056e+01 -5.880319e+00 1.394200e+01
endloop
endfacet
facet normal 0 0 0
outer loop
vertex -3.507299e+00 7.709748e-01 3.374025e-01
vertex -3.388827e+00 1.327051e+00 3.489336e-01
vertex -3.036741e+00 9.809855e-01 -2.153169e-01
endloop
endfacet
facet normal 0 0 0
outer loop
vertex -4.035525e+00 8.734871e+00 2.045338e+01
vertex -4.217730e+00 8.769598e+00 1.873445e+01
vertex -4.541156e+00 7.944551e+00 1.996422e+01
endloop
endfacet
facet normal 0 0 0
outer loop
vertex -4.035525e+00 8.734871e+00 2.045338e+01
vertex -4.541156e+00 7.944551e+00 1.996422e+01
vertex -4.556318e+00 7.680200e+00 2.082697e+01
endloop
endfacet
facet normal 0 0 0
outer loop
vertex -7.461999e+00 -7.350067e+00 1.721420e+01
vertex -6.903442e+00 -6.179179e+00 1.775187e+01
vertex -8.039063e+00 -6.111197e+00 1.694817e+01
endloop
endfacet
facet normal 0 0 0
outer loop
vertex 1.780500e+00 1.151524e+01 2.418047e+01
vertex 2.233575e+00 1.150105e+01 2.270355e+01
vertex 1.574373e+00 1.239701e+01 2.337609e+01
endloop
endfacet
facet normal 0 0 0
outer loop
vertex -6.905760e-01 -1.250854e+00 -1.640135e+00
vertex -7.865707e-01 -5.158618e-01 -2.574244e+00
vertex -2.518377e-01 -1.007842e+00 -2.203834e+00
endloop
endfacet
facet normal 0 0 0
outer loop
vertex -1.229900e+01 -6.815501e+00 1.341145e+01
vertex -1.208748e+01 -6.968757e+00 1.336086e+01
vertex -1.191079e+01 -7.018861e+00 1.377652e+01
endloop
endfacet
facet normal 0 0 0
outer loop
vertex -1.346363e+01 -6.205420e+00 1.231626e+01
vertex -1.307542e+01 -6.408781e+00 1.268132e+01
vertex -1.296680e+01 -6.066740e+00 1.278636e+01
endloop
endfacet
facet normal 0 0 0
outer loop
vertex -1.135264e+01 -3.952262e+00 9.269889e+00
vertex -1.087464e+01 -3.029464e+00 8.896023e+00
vertex -1.124141e+01 -4.274102e+00 8.990780e+00
endloop
endfacet
facet normal 0 0 0
outer loop
vertex -9.145071e+00 -8.553256e+00 1.586892e+01
vertex -8.681159e+00 -8.164511e+00 1.624648e+01
vertex -9.211556e+00 -7.778344e+00 1.591300e+01
endloop
endfacet
facet normal 0 0 0
outer loop
vertex -2.735813e+00 4.100970e+00 4.202873e+00
vertex -4.688016e+00 4.546337e+00 5.731777e+00
vertex -3.092711e+00 4.932777e+00 5.917293e+00
endloop
endfacet
facet normal 0 0 0
outer loop
vertex -1.163029e+01 -5.919338e+00 1.073325e+01
vertex -1.198239e+01 -6.292742e+00 1.153371e+01
vertex -1.230059e+01 -5.782558e+00 1.093575e+01
endloop
endfacet
facet normal 0 0 0
outer loop
vertex -3.275969e+00 5.593504e+00 2.173643e+01
vertex -2.342179e+00 6.344838e+00 2.249272e+01
vertex -3.591905e+00 7.502437e+00 2.173626e+01
endloop
endfacet
facet normal 0 0 0
outer loop
vertex -4.015908e+00 6.304482e+00 2.129157e+01
vertex -3.275969e+00 5.593504e+00 2.173643e+01
vertex -3.591905e+00 7.502437e+00 2.173626e+01
endloop
endfacet
facet normal 0 0 0
outer loop
vertex -7.364202e+00 -8.157414e+00 1.718867e+01
vertex -7.568668e+00 -8.559715e+00 1.699496e+01
vertex -7.130226e+00 -8.754804e+00 1.728530e+01
endloop
endfacet
facet normal 0 0 0
outer loop
vertex -7.481321e+00 -9.009537e+00 1.700423e+01
vertex -7.130226e+00 -8.754804e+00 1.728530e+01
vertex -7.568668e+00 -8.559715e+00 1.699496e+01
endloop
endfacet
facet normal 0 0 0
outer loop
vertex 1.247709e+01 -4.275068e+00 1.541576e+01
vertex 1.273649e+01 -3.984144e+00 1.405397e+01
vertex 1.202736e+01 -2.786341e+00 1.437795e+01
endloop
endfacet
facet normal 0 0 0
outer loop
vertex 1.202736e+01 -2.786341e+00 1.437795e+01
vertex 1.273649e+01 -3.984144e+00 1.405397e+01
vertex 1.272721e+01 -3.244795e+00 1.282263e+01
endloop
endfacet
facet normal 0 0 0
outer loop
vertex -7.481321e+00 -9.009537e+00 1.700423e+01
vertex -7.206170e+00 -9.680836e+00 1.708606e+01
vertex -7.130226e+00 -8.754804e+00 1.728530e+01
endloop
endfacet
facet normal 0 0 0
outer loop
vertex 8.506388e-01 1.259805e+01 2.475778e+01
vertex 5.013152e-01 1.366174e+01 2.478915e+01
vertex 3.487219e-01 1.336148e+01 2.498611e+01
endloop
endfacet
facet normal 0 0 0
outer loop
vertex -1.169524e+01 -5.333163e+00 9.859771e+00
vertex -1.169862e+01 -4.966009e+00 9.407701e+00
vertex -1.118187e+01 -4.869060e+00 8.817902e+00
endloop
endfacet
facet normal 0 0 0
outer loop
vertex 8.360232e-01 1.376176e+01 2.351266e+01
vertex 4.659916e-01 1.412804e+01 2.412350e+01
vertex 5.013152e-01 1.366174e+01 2.478915e+01
endloop
endfacet
facet normal 0 0 0
outer loop
vertex -7.865707e-01 -5.158618e-01 -2.574244e+00
vertex -4.338018e-02 -8.380366e-01 -2.546541e+00
vertex -2.518377e-01 -1.007842e+00 -2.203834e+00
endloop
endfacet
facet normal 0 0 0
outer loop
vertex -1.229900e+01 -6.815501e+00 1.341145e+01
vertex -1.181061e+01 -6.253403e+00 1.387665e+01
vertex -1.210030e+01 -5.653578e+00 1.360749e+01
endloop
endfacet
facet normal 0 0 0
outer loop
vertex -1.247044e+01 -6.580883e+00 1.228557e+01
vertex -1.262892e+01 -6.625219e+00 1.275666e+01
vertex -1.291503e+01 -6.419418e+00 1.232886e+01
endloop
endfacet
facet normal 0 0 0
outer loop
vertex -3.413838e+00 9.867642e+00 2.027727e+01
vertex -4.035525e+00 8.734871e+00 2.045338e+01
vertex -3.685813e+00 9.072397e+00 2.165896e+01
endloop
endfacet
facet normal 0 0 0
outer loop
vertex -7.311479e+00 3.819215e+00 6.090051e+00
vertex -6.250338e+00 3.739233e+00 5.009813e+00
vertex -6.409005e+00 3.332107e+00 4.789206e+00
endloop
endfacet
facet normal 0 0 0
outer loop
vertex -7.975203e+00 -8.186112e+00 1.674854e+01
vertex -7.461999e+00 -7.350067e+00 1.721420e+01
vertex -8.146811e+00 -7.437100e+00 1.671441e+01
endloop
endfacet
facet normal 0 0 0
outer loop
vertex -7.461999e+00 -7.350067e+00 1.721420e+01
vertex -7.975203e+00 -8.186112e+00 1.674854e+01
vertex -7.364202e+00 -8.157414e+00 1.718867e+01
endloop
endfacet
facet normal 0 0 0
outer loop
vertex -2.695375e+00 2.017953e+00 4.513727e-01
vertex -2.729632e+00 1.540187e+00 -3.262729e-01
vertex -2.963342e+00 1.835940e+00 2.475238e-01
endloop
endfacet
facet normal 0 0 0
outer loop
vertex -2.729632e+00 1.540187e+00 -3.262729e-01
vertex -2.511602e+00 1.266864e+00 -8.036827e-01
vertex -2.876694e+00 1.502290e+00 -2.525221e-01
endloop
endfacet
facet normal 0 0 0
outer loop
vertex -2.291010e+00 1.323709e+00 -9.143090e-01
vertex -2.511602e+00 1.266864e+00 -8.036827e-01
vertex -2.729632e+00 1.540187e+00 -3.262729e-01
endloop
endfacet
facet normal 0 0 0
outer loop
vertex 4.346715e+00 -1.421348e+00 1.606382e+00
vertex 5.201640e+00 -1.898155e+00 2.655357e+00
vertex 4.585249e+00 -2.535082e+00 2.063556e+00
endloop
endfacet
facet normal 0 0 0
outer loop
vertex -1.230059e+01 -5.782558e+00 1.093575e+01
vertex -1.252912e+01 -5.515643e+00 1.074326e+01
vertex -1.207335e+01 -5.583498e+00 1.048451e+01
endloop
endfacet
facet normal 0 0 0
outer loop
vertex 7.318531e+00 -1.359438e+01 1.819380e+01
vertex 6.693515e+00 -1.354180e+01 1.682699e+01
vertex 8.490533e+00 -1.210221e+01 1.643554e+01
endloop
endfacet
facet normal 0 0 0
outer loop
vertex 1.574373e+00 1.239701e+01 2.337609e+01
vertex 1.113248e+00 1.262467e+01 2.450295e+01
vertex 1.780500e+00 1.151524e+01 2.418047e+01
endloop
endfacet
facet normal 0 0 0
outer loop
vertex -6.250338e+00 3.739233e+00 5.009813e+00
vertex -7.311479e+00 3.819215e+00 6.090051e+00
vertex -7.056023e+00 4.135334e+00 6.149549e+00
endloop
endfacet
facet normal 0 0 0
outer loop
vertex -6.859511e+00 -9.365780e+00 1.740658e+01
vertex -6.402781e+00 -9.226261e+00 1.771814e+01
vertex -7.130226e+00 -8.754804e+00 1.728530e+01
endloop
endfacet
facet normal 0 0 0
outer loop
vertex -5.729380e+00 3.005288e+00 3.835709e+00
vertex -6.049459e+00 2.004059e+00 3.964101e+00
vertex -6.409005e+00 3.332107e+00 4.789206e+00
endloop
endfacet
facet normal 0 0 0
outer loop
vertex -5.473805e+00 3.246818e+00 3.811876e+00
vertex -5.729380e+00 3.005288e+00 3.835709e+00
vertex -6.409005e+00 3.332107e+00 4.789206e+00
endloop
endfacet
facet normal 0 0 0
outer loop
vertex -9.145071e+00 -8.553256e+00 1.586892e+01
vertex -8.732872e+00 -8.847326e+00 1.598683e+01
vertex -8.732872e+00 -8.790706e+00 1.613549e+01
endloop
endfacet
facet normal 0 0 0
outer loop
vertex 2.112582e+00 -1.260800e+00 -9.527798e-01
vertex 1.119614e+00 -2.947912e+00 7.776485e-02
vertex 6.554111e-01 -1.761682e+00 -1.454027e+00
endloop
endfacet
facet normal 0 0 0
outer loop
vertex -1.346363e+01 -6.205420e+00 1.231626e+01
vertex -1.275123e+01 -6.190436e+00 1.185106e+01
vertex -1.291503e+01 -6.419418e+00 1.232886e+01
endloop
endfacet
facet normal 0 0 0
outer loop
vertex -5.291962e+00 6.587376e+00 2.012447e+01
vertex -4.617746e+00 6.582968e+00 2.076101e+01
vertex -4.556318e+00 7.680200e+00 2.082697e+01
endloop
endfacet
facet normal 0 0 0
outer loop
vertex -4.556318e+00 7.680200e+00 2.082697e+01
vertex -4.617746e+00 6.582968e+00 2.076101e+01
vertex -4.015908e+00 6.304482e+00 2.129157e+01
endloop
endfacet
facet normal 0 0 0
outer loop
vertex -3.598324e-01 -3.609242e-01 -3.038862e+00
vertex 4.178765e-02 -1.936215e-01 -3.478882e+00
vertex 2.026023e-01 -6.281844e-01 -2.917747e+00
endloop
endfacet
facet normal 0 0 0
outer loop
vertex -1.138092e+01 -7.009319e+00 1.232595e+01
vertex -1.063236e+01 -7.482160e+00 1.315184e+01
vertex -1.208748e+01 -6.968757e+00 1.336086e+01
endloop
endfacet
facet normal 0 0 0
outer loop
vertex -1.198239e+01 -6.292742e+00 1.153371e+01
vertex -1.287063e+01 -5.767717e+00 1.131810e+01
vertex -1.230059e+01 -5.782558e+00 1.093575e+01
endloop
endfacet
facet normal 0 0 0
outer loop
vertex -2.291010e+00 1.323709e+00 -9.143090e-01
vertex -2.146511e+00 1.031438e+00 -1.354843e+00
vertex -2.511602e+00 1.266864e+00 -8.036827e-01
endloop
endfacet
facet normal 0 0 0
outer loop
vertex -1.347331e+00 7.603764e-01 -2.029362e+00
vertex -1.852387e+00 1.107231e+00 -1.502345e+00
vertex -1.119178e+00 1.225907e+00 -1.264734e+00
endloop
endfacet
facet normal 0 0 0
outer loop
vertex -8.223971e+00 -9.082697e+00 1.646473e+01
vertex -7.715071e+00 -9.374689e+00 1.679398e+01
vertex -7.913119e+00 -8.807004e+00 1.671952e+01
endloop
endfacet
facet normal 0 0 0
outer loop
vertex -7.715071e+00 -9.374689e+00 1.679398e+01
vertex -7.481321e+00 -9.009537e+00 1.700423e+01
vertex -7.913119e+00 -8.807004e+00 1.671952e+01
endloop
endfacet
facet normal 0 0 0
outer loop
vertex -7.715071e+00 -9.374689e+00 1.679398e+01
vertex -7.715071e+00 -9.402999e+00 1.671965e+01
vertex -7.206170e+00 -9.680836e+00 1.708606e+01
endloop
endfacet
facet normal 0 0 0
outer loop
vertex -1.118187e+01 -4.869060e+00 8.817902e+00
vertex -1.018418e+01 -5.498092e+00 9.179702e+00
vertex -1.088000e+01 -5.825091e+00 1.012100e+01
endloop
endfacet
facet normal 0 0 0
outer loop
vertex -1.238664e+01 -4.968471e+00 1.082194e+01
vertex -1.252912e+01 -5.515643e+00 1.074326e+01
vertex -1.287063e+01 -5.767717e+00 1.131810e+01
endloop
endfacet
facet normal 0 0 0
outer loop
vertex -4.477908e+00 2.188958e+00 1.978394e+00
vertex -4.152075e+00 2.363772e+00 1.731869e+00
vertex -4.041027e+00 2.005342e+00 1.362786e+00
endloop
endfacet
facet normal 0 0 0
outer loop
vertex -4.477908e+00 2.188958e+00 1.978394e+00
vertex -4.041027e+00 2.005342e+00 1.362786e+00
vertex -4.228051e+00 1.647292e+00 1.508166e+00
endloop
endfacet
facet normal 0 0 0
outer loop
vertex -4.477908e+00 2.188958e+00 1.978394e+00
vertex -4.228051e+00 1.647292e+00 1.508166e+00
vertex -4.630920e+00 1.717516e+00 2.049033e+00
endloop
endfacet
facet normal 0 0 0
outer loop
vertex -8.930122e-01 1.176987e+01 2.416987e+01
vertex -1.179618e+00 1.046459e+01 2.381071e+01
vertex 1.215855e-01 1.042110e+01 2.429875e+01
endloop
endfacet
facet normal 0 0 0
outer loop
vertex -8.681159e+00 -8.164511e+00 1.624648e+01
vertex -8.732872e+00 -8.790706e+00 1.613549e+01
vertex -8.339313e+00 -8.607786e+00 1.643843e+01
endloop
endfacet
facet normal 0 0 0
outer loop
vertex -8.223971e+00 -9.082697e+00 1.646473e+01
vertex -8.339313e+00 -8.607786e+00 1.643843e+01
vertex -8.732872e+00 -8.790706e+00 1.613549e+01
endloop
endfacet
facet normal 0 0 0
outer loop
vertex -3.036741e+00 9.809855e-01 -2.153169e-01
vertex -2.511602e+00 1.266864e+00 -8.036827e-01
vertex -2.570589e+00 7.065101e-01 -8.712395e-01
endloop
endfacet
facet normal 0 0 0
outer loop
vertex -1.268721e+01 -6.612141e+00 1.304639e+01
vertex -1.208748e+01 -6.968757e+00 1.336086e+01
vertex -1.229900e+01 -6.815501e+00 1.341145e+01
endloop
endfacet
facet normal 0 0 0
outer loop
vertex -7.715071e+00 -9.374689e+00 1.679398e+01
vertex -7.206170e+00 -9.680836e+00 1.708606e+01
vertex -7.481321e+00 -9.009537e+00 1.700423e+01
endloop
endfacet
facet normal 0 0 0
outer loop
vertex -2.729632e+00 1.540187e+00 -3.262729e-01
vertex -2.876694e+00 1.502290e+00 -2.525221e-01
vertex -2.963342e+00 1.835940e+00 2.475238e-01
endloop
endfacet
facet normal 0 0 0
outer loop
vertex 4.585249e+00 -2.535082e+00 2.063556e+00
vertex 3.383956e+00 -1.915999e+00 5.981329e-01
vertex 4.346715e+00 -1.421348e+00 1.606382e+00
endloop
endfacet
facet normal 0 0 0
outer loop
vertex 2.999389e-02 3.085318e-01 -2.736390e+00
vertex -4.002438e-01 1.099501e-01 -3.017630e+00
vertex -8.422753e-01 4.135217e-01 -2.556378e+00
endloop
endfacet
facet normal 0 0 0
outer loop
vertex -1.316713e+01 -5.986569e+00 1.181718e+01
vertex -1.346363e+01 -6.205420e+00 1.231626e+01
vertex -1.305877e+01 -5.465180e+00 1.196125e+01
endloop
endfacet
facet normal 0 0 0
outer loop
vertex -1.291503e+01 -6.419418e+00 1.232886e+01
vertex -1.307542e+01 -6.408781e+00 1.268132e+01
vertex -1.346363e+01 -6.205420e+00 1.231626e+01
endloop
endfacet
facet normal 0 0 0
outer loop
vertex -4.743492e+00 2.426088e+00 2.386589e+00
vertex -4.697273e+00 2.754402e+00 2.613939e+00
vertex -4.424674e+00 2.559087e+00 2.172904e+00
endloop
endfacet
facet normal 0 0 0
outer loop
vertex -6.250338e+00 3.739233e+00 5.009813e+00
vertex -4.602539e+00 3.805310e+00 4.392179e+00
vertex -5.473805e+00 3.246818e+00 3.811876e+00
endloop
endfacet
facet normal 0 0 0
outer loop
vertex 1.350666e+01 -5.517610e+00 1.409915e+01
vertex 1.351217e+01 -5.994995e+00 1.487682e+01
vertex 1.371056e+01 -5.880319e+00 1.394200e+01
endloop
endfacet
facet normal 0 0 0
outer loop
vertex 1.272843e+01 -4.356448e+00 1.191247e+01
vertex 1.319127e+01 -5.069790e+00 1.287684e+01
vertex 1.309693e+01 -5.753880e+00 1.231037e+01
endloop
endfacet
facet normal 0 0 0
outer loop
vertex 1.359425e+01 -7.177847e+00 1.305338e+01
vertex 1.267773e+01 -6.696172e+00 1.192581e+01
vertex 1.309693e+01 -5.753880e+00 1.231037e+01
endloop
endfacet
facet normal 0 0 0
outer loop
vertex -4.002438e-01 1.099501e-01 -3.017630e+00
vertex -7.571761e-01 2.817128e-01 -2.687279e+00
vertex -8.422753e-01 4.135217e-01 -2.556378e+00
endloop
endfacet
facet normal 0 0 0
outer loop
vertex 3.487219e-01 1.336148e+01 2.498611e+01
vertex 5.013152e-01 1.366174e+01 2.478915e+01
vertex -1.106176e-01 1.469881e+01 2.507536e+01
endloop
endfacet
facet normal 0 0 0
outer loop
vertex -7.481321e+00 -9.009537e+00 1.700423e+01
vertex -7.568668e+00 -8.559715e+00 1.699496e+01
vertex -7.913119e+00 -8.807004e+00 1.671952e+01
endloop
endfacet
facet normal 0 0 0
outer loop
vertex -1.307542e+01 -6.408781e+00 1.268132e+01
vertex -1.262892e+01 -6.625219e+00 1.275666e+01
vertex -1.268721e+01 -6.612141e+00 1.304639e+01
endloop
endfacet
facet normal 0 0 0
outer loop
vertex -7.402740e-01 -1.895363e+00 -7.261673e-01
vertex 2.577770e-01 -1.487457e+00 -1.808825e+00
vertex 3.832778e-01 -2.239242e+00 -8.384386e-01
endloop
endfacet
facet normal 0 0 0
outer loop
vertex -2.110771e+00 1.156755e+01 2.316417e+01
vertex -2.235702e+00 9.850041e+00 2.298318e+01
vertex -1.687819e+00 1.089584e+01 2.349843e+01
endloop
endfacet
facet normal 0 0 0
outer loop
vertex -1.687819e+00 1.089584e+01 2.349843e+01
vertex -2.235702e+00 9.850041e+00 2.298318e+01
vertex -1.179618e+00 1.046459e+01 2.381071e+01
endloop
endfacet
facet normal 0 0 0
outer loop
vertex -4.753602e-01 1.716084e+00 -4.006072e-01
vertex -4.230600e-01 1.209219e+00 -1.258834e+00
vertex -1.119178e+00 1.225907e+00 -1.264734e+00
endloop
endfacet
facet normal 0 0 0
outer loop
vertex 4.980718e-01 1.588016e+00 -4.932676e-01
vertex -4.230600e-01 1.209219e+00 -1.258834e+00
vertex -4.753602e-01 1.716084e+00 -4.006072e-01
endloop
endfacet
facet normal 0 0 0
outer loop
vertex -6.316411e-01 1.388314e+01 2.457751e+01
vertex -1.289872e+00 1.285268e+01 2.394855e+01
vertex -5.018149e-01 1.323434e+01 2.462262e+01
endloop
endfacet
facet normal 0 0 0
outer loop
vertex 1.780500e+00 1.151524e+01 2.418047e+01
vertex 1.299737e+00 1.197103e+01 2.454813e+01
vertex 1.819254e+00 1.110477e+01 2.432998e+01
endloop
endfacet
facet normal 0 0 0
outer loop
vertex -5.291962e+00 6.587376e+00 2.012447e+01
vertex -4.541156e+00 7.944551e+00 1.996422e+01
vertex -5.100980e+00 7.192949e+00 1.882672e+01
endloop
endfacet
facet normal 0 0 0
outer loop
vertex -4.556318e+00 7.680200e+00 2.082697e+01
vertex -4.541156e+00 7.944551e+00 1.996422e+01
vertex -5.291962e+00 6.587376e+00 2.012447e+01
endloop
endfacet
facet normal 0 0 0
outer loop
vertex 1.137799e+00 -7.480675e-01 -2.143631e+00
vertex 2.112582e+00 -1.260800e+00 -9.527798e-01
vertex 6.554111e-01 -1.761682e+00 -1.454027e+00
endloop
endfacet
facet normal 0 0 0
outer loop
vertex -5.841505e+00 5.723358e+00 1.961725e+01
vertex -5.100980e+00 7.192949e+00 1.882672e+01
vertex -5.851222e+00 6.014360e+00 1.812954e+01
endloop
endfacet
facet normal 0 0 0
outer loop
vertex -1.275123e+01 -6.190436e+00 1.185106e+01
vertex -1.198239e+01 -6.292742e+00 1.153371e+01
vertex -1.247044e+01 -6.580883e+00 1.228557e+01
endloop
endfacet
facet normal 0 0 0
outer loop
vertex -1.087831e+01 -7.559718e+00 1.474745e+01
vertex -1.037650e+01 -6.710713e+00 1.520650e+01
vertex -1.120798e+01 -6.633883e+00 1.444289e+01
endloop
endfacet
facet normal 0 0 0
outer loop
vertex -1.037650e+01 -6.710713e+00 1.520650e+01
vertex -1.082394e+01 -5.639334e+00 1.481270e+01
vertex -1.120798e+01 -6.633883e+00 1.444289e+01
endloop
endfacet
facet normal 0 0 0
outer loop
vertex -1.232518e+00 1.757547e+00 -3.674354e-01
vertex -1.592574e+00 1.463157e+00 -8.851035e-01
vertex -1.982916e+00 1.767083e+00 -2.575906e-01
endloop
endfacet
facet normal 0 0 0
outer loop
vertex -2.876694e+00 1.502290e+00 -2.525221e-01
vertex -3.388827e+00 1.327051e+00 3.489336e-01
vertex -3.247177e+00 1.655947e+00 2.427926e-01
endloop
endfacet
facet normal 0 0 0
outer loop
vertex 8.080613e-01 1.202416e+01 2.489686e+01
vertex 3.487219e-01 1.336148e+01 2.498611e+01
vertex -5.018149e-01 1.323434e+01 2.462262e+01
endloop
endfacet
facet normal 0 0 0
outer loop
vertex -2.424413e+00 -1.608425e-01 -9.125768e-01
vertex -2.570589e+00 7.065101e-01 -8.712395e-01
vertex -1.874985e+00 1.212021e-01 -1.521343e+00
endloop
endfacet
facet normal 0 0 0
outer loop
vertex 3.832778e-01 -2.239242e+00 -8.384386e-01
vertex 1.119614e+00 -2.947912e+00 7.776485e-02
vertex 5.087785e-01 -2.991025e+00 1.319484e-01
endloop
endfacet
facet normal 0 0 0
outer loop
vertex -2.110771e+00 1.156755e+01 2.316417e+01
vertex -1.334560e+00 1.194164e+01 2.387456e+01
vertex -1.289872e+00 1.285268e+01 2.394855e+01
endloop
endfacet
facet normal 0 0 0
outer loop
vertex -2.110771e+00 1.156755e+01 2.316417e+01
vertex -1.289872e+00 1.285268e+01 2.394855e+01
vertex -1.560584e+00 1.274626e+01 2.215753e+01
endloop
endfacet
facet normal 0 0 0
outer loop
vertex -1.297862e+00 1.307703e+01 2.213741e+01
vertex -7.621334e-01 1.246864e+01 2.068095e+01
vertex -1.827425e+00 1.235365e+01 2.082697e+01
endloop
endfacet
facet normal 0 0 0
outer loop
vertex -8.277373e-01 1.372996e+01 2.337938e+01
vertex -4.394587e-01 1.424961e+01 2.426161e+01
vertex -1.089190e-01 1.377016e+01 2.318235e+01
endloop
endfacet
facet normal 0 0 0
outer loop
vertex -1.106176e-01 1.469881e+01 2.507536e+01
vertex -4.394587e-01 1.424961e+01 2.426161e+01
vertex -6.316411e-01 1.388314e+01 2.457751e+01
endloop
endfacet
facet normal 0 0 0
outer loop
vertex -4.394587e-01 1.424961e+01 2.426161e+01
vertex -3.091753e-02 1.421940e+01 2.410420e+01
vertex -1.089190e-01 1.377016e+01 2.318235e+01
endloop
endfacet
facet normal 0 0 0
outer loop
vertex 1.819254e+00 1.110477e+01 2.432998e+01
vertex 1.299737e+00 1.197103e+01 2.454813e+01
vertex 8.080613e-01 1.202416e+01 2.489686e+01
endloop
endfacet
facet normal 0 0 0
outer loop
vertex -1.297862e+00 1.307703e+01 2.213741e+01
vertex -1.889732e+00 1.234993e+01 2.126867e+01
vertex -1.560584e+00 1.274626e+01 2.215753e+01
endloop
endfacet
facet normal 0 0 0
outer loop
vertex -7.913119e+00 -8.807004e+00 1.671952e+01
vertex -7.568668e+00 -8.559715e+00 1.699496e+01
vertex -7.975203e+00 -8.186112e+00 1.674854e+01
endloop
endfacet
facet normal 0 0 0
outer loop
vertex 1.299737e+00 1.197103e+01 2.454813e+01
vertex 8.506388e-01 1.259805e+01 2.475778e+01
vertex 8.080613e-01 1.202416e+01 2.489686e+01
endloop
endfacet
facet normal 0 0 0
outer loop
vertex 1.299737e+00 1.197103e+01 2.454813e+01
vertex 1.113248e+00 1.262467e+01 2.450295e+01
vertex 8.506388e-01 1.259805e+01 2.475778e+01
endloop
endfacet
facet normal 0 0 0
outer loop
vertex 5.201640e+00 -1.898155e+00 2.655357e+00
vertex 5.441676e+00 -3.029281e+00 3.162161e+00
vertex 4.585249e+00 -2.535082e+00 2.063556e+00
endloop
endfacet
facet normal 0 0 0
outer loop
vertex -7.536885e+00 1.510221e+00 1.796807e+01
vertex -8.626371e+00 1.304995e+00 1.693791e+01
vertex -7.160601e+00 -1.952122e-01 1.827542e+01
endloop
endfacet
facet normal 0 0 0
outer loop
vertex -7.494789e+00 3.138835e+00 1.801962e+01
vertex -8.626371e+00 1.304995e+00 1.693791e+01
vertex -7.536885e+00 1.510221e+00 1.796807e+01
endloop
endfacet
facet normal 0 0 0
outer loop
vertex -9.258779e-01 1.182062e+01 1.939804e+01
vertex -7.621334e-01 1.246864e+01 2.068095e+01
vertex 2.099702e-01 1.223270e+01 2.004564e+01
endloop
endfacet
facet normal 0 0 0
outer loop
vertex 5.263019e+00 -1.296307e+01 1.927938e+01
vertex 7.318531e+00 -1.359438e+01 1.819380e+01
vertex 6.889016e+00 -1.332899e+01 2.004554e+01
endloop
endfacet
facet normal 0 0 0
outer loop
vertex -7.359752e+00 4.110519e+00 1.447795e+01
vertex -6.849086e+00 5.403051e+00 1.258528e+01
vertex -7.730886e+00 3.839443e+00 1.262692e+01
endloop
endfacet
facet normal 0 0 0
outer loop
vertex -1.894990e+00 2.264477e-01 2.142762e+01
vertex -1.544531e+00 2.255774e+00 2.197891e+01
vertex -3.415348e+00 2.327375e+00 2.125072e+01
endloop
endfacet
facet normal 0 0 0
outer loop
vertex 8.877193e+00 3.679474e+00 6.459167e+00
vertex 8.644129e+00 1.779819e+00 5.960914e+00
vertex 7.654141e+00 3.345112e+00 4.555618e+00
endloop
endfacet
facet normal 0 0 0
outer loop
vertex -4.210662e+00 -3.400275e-01 9.721511e-01
vertex -3.991500e+00 -1.873767e+00 9.400386e-01
vertex -5.551340e+00 -1.075121e+00 2.485653e+00
endloop
endfacet
facet normal 0 0 0
outer loop
vertex 1.115357e+01 -4.372955e+00 1.977798e+01
vertex 1.247992e+01 -6.591738e+00 1.911118e+01
vertex 1.234958e+01 -5.511768e+00 1.779846e+01
endloop
endfacet
facet normal 0 0 0
outer loop
vertex 6.868083e+00 -1.660885e+00 2.296136e+01
vertex 5.923480e+00 -3.038646e+00 2.386850e+01
vertex 7.780006e+00 -3.314571e+00 2.260143e+01
endloop
endfacet
facet normal 0 0 0
outer loop
vertex 7.605968e+00 4.925825e-01 4.979484e+00
vertex 8.571454e+00 -6.940774e-01 6.272839e+00
vertex 7.450615e+00 -1.686547e+00 5.168918e+00
endloop
endfacet
facet normal 0 0 0
outer loop
vertex -4.823560e+00 -1.039910e+01 1.810690e+01
vertex -4.335106e+00 -8.201956e+00 1.874706e+01
vertex -5.449039e+00 -9.334829e+00 1.807473e+01
endloop
endfacet
facet normal 0 0 0
outer loop
vertex 2.022697e+00 -1.205982e+01 1.183775e+01
vertex 1.694456e+00 -1.055362e+01 9.933649e+00
vertex 4.103689e+00 -1.064143e+01 1.001243e+01
endloop
endfacet
facet normal 0 0 0
outer loop
vertex 4.103689e+00 -1.064143e+01 1.001243e+01
vertex 4.637125e+00 -1.198192e+01 1.174344e+01
vertex 2.022697e+00 -1.205982e+01 1.183775e+01
endloop
endfacet
facet normal 0 0 0
outer loop
vertex 4.068255e+00 -5.288103e+00 2.267509e+01
vertex 5.923480e+00 -3.038646e+00 2.386850e+01
vertex 3.756590e+00 -2.679392e+00 2.308118e+01
endloop
endfacet
endsolid __tracked_surface.stl
