GRID    1       0       5.4739471.09498013.70664
GRID    2       0       5.7704221.18688813.38874
GRID    3       0       5.9124601.16788814.19379
GRID    4       0       4.6342582.98221022.15834
GRID    5       0       4.6402532.93551622.08610
GRID    6       0       4.6885402.98591022.09708
GRID    7       0       4.3492211.23402512.89694
GRID    8       0       4.0206801.38942712.68419
GRID    9       0       4.3290921.35337912.18991
GRID    10      0       5.9173693.10691118.48611
GRID    11      0       5.8624483.13114118.57889
GRID    12      0       5.8966163.23661418.46690
GRID    13      0       4.4653301.50037411.34885
GRID    14      0       4.0479561.54103911.76998
GRID    15      0       4.2185671.45384418.76728
GRID    16      0       4.3289001.52237719.19933
GRID    17      0       3.9105471.72091919.03374
GRID    18      0       4.1725301.23110913.46669
GRID    19      0       4.0442771.21642514.30824
GRID    20      0       3.7742441.40246413.65247
GRID    21      0       5.6893904.67348117.87007
GRID    22      0       5.9723834.61453117.46957
GRID    23      0       5.4196984.80764717.45792
GRID    24      0       5.0286761.57773620.21826
GRID    25      0       4.6713201.63232120.09915
GRID    26      0       4.9052501.45392619.73491
GRID    27      0       5.0340512.46688021.30164
GRID    28      0       5.1009752.45795621.40577
GRID    29      0       5.1682612.46313721.32067
GRID    30      0       4.9880434.64501818.51139
GRID    31      0       4.5845074.61230718.42948
GRID    32      0       4.5799804.48588718.97028
GRID    33      0       4.6519191.11066713.46818
GRID    34      0       3.4990891.96529811.63078
GRID    35      0       3.6621271.93299611.07346
GRID    36      0       3.7476791.72527211.65665
GRID    37      0       1.2750560.82090215.97437
GRID    38      0       1.4818180.96033615.96770
GRID    39      0       1.2805440.85681815.71580
GRID    40      0       3.0076113.14144614.53331
GRID    41      0       3.0198192.77106213.98776
GRID    42      0       3.0302772.59286914.53606
GRID    43      0       5.5351091.05380416.25930
GRID    44      0       5.1058470.97688716.11432
GRID    45      0       5.5159881.02739615.62555
GRID    46      0       5.8313761.82719620.01768
GRID    47      0       5.5427721.57118119.76205
GRID    48      0       5.8495651.65484519.51529
GRID    49      0       6.5485684.07140718.10084
GRID    50      0       6.5917483.96430118.39927
GRID    51      0       6.7179123.78395518.28601
GRID    52      0       3.8182484.58456715.99568
GRID    53      0       3.5224344.34172315.81679
GRID    54      0       3.4708924.28485116.41353
GRID    55      0       5.8441031.30472112.60614
GRID    56      0       6.1806461.33188313.53710
GRID    57      0       3.3431542.29306411.70727
GRID    58      0       3.4665562.20542611.15622
GRID    59      0       6.3839663.18123819.78230
GRID    60      0       6.4397703.19777819.82981
GRID    61      0       6.4045853.09689219.73432
GRID    62      0       5.2003432.8115795.906482
GRID    63      0       4.9700332.8517365.582814
GRID    64      0       5.1621722.8649905.580813
GRID    65      0       4.2710392.2241448.960843
GRID    66      0       4.0969722.4792128.797991
GRID    67      0       4.2861502.4253358.361621
GRID    68      0       6.9746041.96671615.25967
GRID    69      0       7.0621181.95499515.46353
GRID    70      0       7.0155231.87851115.35721
GRID    71      0       5.3577294.63108511.18678
GRID    72      0       5.2708144.73963311.69778
GRID    73      0       5.6409914.60184311.52876
GRID    74      0       5.6076144.49353310.86464
GRID    75      0       6.1319792.97398319.25169
GRID    76      0       6.2268842.97005819.28669
GRID    77      0       6.1357653.06180619.32084
GRID    78      0       6.1258222.86455519.31975
GRID    79      0       5.3720473.1543523.960056
GRID    80      0       5.5559883.1781734.181458
GRID    81      0       5.1873213.0769304.181099
GRID    82      0       4.5147882.31127720.88103
GRID    83      0       4.5198842.22323420.75043
GRID    84      0       4.4831232.40902720.72095
GRID    85      0       3.2996042.11323412.42940
GRID    86      0       3.4842721.84860412.17304
GRID    87      0       5.3733374.86415412.57450
GRID    88      0       5.0417214.83712212.13522
GRID    89      0       6.5277783.05367818.98466
GRID    90      0       6.5236482.83012218.85107
GRID    91      0       6.5991332.95976318.78089
GRID    92      0       6.3276092.95425219.64277
GRID    93      0       6.2311203.04390219.66576
GRID    94      0       6.2894423.14790719.93367
GRID    95      0       6.4016043.18161919.92575
GRID    96      0       6.4028573.23596719.93847
GRID    97      0       6.6607213.44267118.24546
GRID    98      0       6.7636573.18192318.21954
GRID    99      0       6.6534793.23312218.32101
GRID    100     0       4.3869572.48367220.40042
GRID    101     0       4.3531342.41426320.19132
GRID    102     0       4.3104102.65988320.11002
GRID    103     0       6.7857363.54197018.38778
GRID    104     0       6.8540053.39226318.25989
GRID    105     0       6.7993563.57525418.26926
GRID    106     0       6.8370111.81183117.06852
GRID    107     0       6.8201891.66793916.91179
GRID    108     0       6.9847601.77124416.88926
GRID    109     0       6.0445432.87960119.25366
GRID    110     0       6.0836553.06300619.23113
GRID    111     0       5.9994653.15049419.33946
GRID    112     0       6.0461033.24725219.16241
GRID    113     0       5.0619655.10333316.22440
GRID    114     0       4.8612585.19416616.09604
GRID    115     0       4.8491615.04919016.30165
GRID    116     0       3.7089133.45419023.61119
GRID    117     0       3.6183633.46698323.67214
GRID    118     0       3.6880853.46297523.71869
GRID    119     0       4.5141253.4204083.930154
GRID    120     0       4.4194783.4762594.346422
GRID    121     0       4.7524593.5362673.937470
GRID    122     0       4.6642991.79155520.54366
GRID    123     0       4.7894201.67029020.36083
GRID    124     0       4.9727171.70613520.57575
GRID    125     0       0.9125750.53235515.89411
GRID    126     0       0.7282940.43644115.72325
GRID    127     0       0.8067020.41281415.80160
GRID    128     0       3.3041252.64226919.06043
GRID    129     0       3.3402682.40246718.98387
GRID    130     0       3.4295372.55172119.32947
GRID    131     0       5.2735423.5958974.528948
GRID    132     0       5.0504063.6073564.215796
GRID    133     0       4.9374393.6078774.492100
GRID    134     0       6.6996943.75652818.51660
GRID    135     0       6.6202543.77865918.78866
GRID    136     0       4.1703084.56515812.16139
GRID    137     0       4.1535534.47167711.52639
GRID    138     0       3.9242644.30017711.38098
GRID    139     0       5.3190635.34119715.40268
GRID    140     0       5.2200845.60540415.24841
GRID    141     0       5.2265905.50400315.51313
GRID    142     0       4.1442832.17450220.52665
GRID    143     0       4.3036422.03324220.56454
GRID    144     0       4.3449052.14112620.83307
GRID    145     0       3.3615903.85232917.57963
GRID    146     0       3.4104664.03289017.62513
GRID    147     0       3.3361563.86450717.46868
GRID    148     0       3.7533192.94555223.90115
GRID    149     0       3.7492673.00868423.82206
GRID    150     0       3.7545153.07195423.82238
GRID    151     0       6.4369702.96209419.68317
GRID    152     0       6.3676602.80697819.60889
GRID    153     0       5.2158873.5919064.180712
GRID    154     0       5.0680703.5823404.097325
GRID    155     0       5.0500492.90955622.86101
GRID    156     0       5.1478433.02536222.91846
GRID    157     0       5.0366353.04606722.99139
GRID    158     0       4.5439433.2488303.883976
GRID    159     0       4.3679003.3292394.011374
GRID    160     0       4.5554283.3371983.773085
GRID    161     0       5.8212494.0920019.103948
GRID    162     0       5.5134184.3390289.809710
GRID    163     0       5.8122324.1984979.829237
GRID    164     0       3.6771832.70552423.98340
GRID    165     0       3.6987492.82960923.96232
GRID    166     0       3.6070312.70809723.97875
GRID    167     0       5.4912311.96131620.88173
GRID    168     0       5.4481201.84044320.65486
GRID    169     0       5.7166482.04611320.74162
GRID    170     0       4.6302094.93067213.49014
GRID    171     0       4.5766654.94600313.81973
GRID    172     0       4.8327194.98875513.63749
GRID    173     0       5.7970152.61188521.13308
GRID    174     0       5.8609342.67777121.22354
GRID    175     0       5.7917012.58475921.22005
GRID    176     0       6.3272921.56009417.80883
GRID    177     0       6.0140641.38457517.92315
GRID    178     0       6.1250161.38679117.47185
GRID    179     0       5.3767474.08724220.65241
GRID    180     0       5.0430114.10864420.76165
GRID    181     0       5.3216573.96181921.07344
GRID    182     0       5.3136431.49558811.22638
GRID    183     0       5.4638591.30637912.12795
GRID    184     0       5.0553161.36897611.71944
GRID    185     0       5.9055911.54650110.17624
GRID    186     0       5.7569341.69761410.35640
GRID    187     0       5.7200991.55953710.23747
GRID    188     0       5.1011993.96395021.20379
GRID    189     0       5.3157763.80018821.49705
GRID    190     0       4.9211481.86827220.89062
GRID    191     0       4.6276991.99036820.94684
GRID    192     0       4.6800181.86160820.72449
GRID    193     0       4.0808322.34879519.70650
GRID    194     0       4.1676972.25024819.78794
GRID    195     0       4.0307802.30410919.72091
GRID    196     0       6.0822883.12008319.90970
GRID    197     0       6.1896603.11913419.89344
GRID    198     0       6.1400833.16412419.93861
GRID    199     0       6.1565363.17303219.82029
GRID    200     0       6.1401682.64109519.63934
GRID    201     0       6.2859562.67063219.59573
GRID    202     0       6.2968412.49257919.61363
GRID    203     0       4.5920745.16050615.29365
GRID    204     0       4.4403045.02382514.87430
GRID    205     0       4.3553565.00610715.32376
GRID    206     0       5.1085993.6313734.009376
GRID    207     0       5.0072123.6222504.025424
GRID    208     0       5.3194361.6994449.653731
GRID    209     0       5.2661441.7434419.479348
GRID    210     0       5.4401221.7048649.545882
GRID    211     0       6.2654093.18304719.80545
GRID    212     0       6.3495833.18086319.85364
GRID    213     0       6.6350873.19047018.77864
GRID    214     0       6.6955112.91370718.77106
GRID    215     0       6.7475372.25940218.72794
GRID    216     0       6.8302802.49939618.62920
GRID    217     0       6.7763512.43631718.91387
GRID    218     0       4.7497213.28536019.92798
GRID    219     0       4.5552983.24756419.67343
GRID    220     0       4.8835663.25602319.67414
GRID    221     0       3.6210121.56433423.83505
GRID    222     0       3.6703491.53643223.78550
GRID    223     0       3.6878501.53643223.82206
GRID    224     0       4.7010873.4567223.785724
GRID    225     0       5.4519782.60111919.72820
GRID    226     0       5.1730522.57326219.93152
GRID    227     0       5.4537782.58614219.95776
GRID    228     0       3.1748643.30320717.32863
GRID    229     0       3.2094763.24305717.30001
GRID    230     0       3.1666503.07764817.35897
GRID    231     0       3.8001494.37252317.84468
GRID    232     0       4.0885744.59623817.45733
GRID    233     0       3.7749164.41100917.36517
GRID    234     0       3.9702054.24384618.88000
GRID    235     0       4.2834704.32003419.28483
GRID    236     0       4.2077784.48419018.44322
GRID    237     0       6.0455754.08917110.28947
GRID    238     0       5.8048614.30312210.38298
GRID    239     0       5.4936551.03750814.44638
GRID    240     0       3.4365132.62153318.38876
GRID    241     0       3.3239202.57716318.25931
GRID    242     0       3.3504192.77710618.29129
GRID    243     0       5.2026423.3009873.532173
GRID    244     0       5.1327023.1829533.565328
GRID    245     0       5.1173493.2318263.396404
GRID    246     0       6.7379122.73571417.18036
GRID    247     0       6.8802982.69008817.10336
GRID    248     0       6.7428262.53250217.20957
GRID    249     0       4.9135583.87791021.41230
GRID    250     0       4.7806653.95302121.09835
GRID    251     0       4.9863973.1614923.562891
GRID    252     0       4.8160553.2060163.715957
GRID    253     0       4.9130603.2573123.550427
GRID    254     0       4.0942282.87137319.95396
GRID    255     0       4.0556893.01433520.01675
GRID    256     0       3.9322512.93493419.92976
GRID    257     0       3.9307954.66355314.10954
GRID    258     0       3.7914184.49376213.47042
GRID    259     0       3.5311924.34538414.21691
GRID    260     0       6.0865213.50996920.24611
GRID    261     0       6.1360503.46169320.11633
GRID    262     0       5.9949473.37375220.14679
GRID    263     0       4.6636882.20005221.04685
GRID    264     0       4.7572342.28895721.20140
GRID    265     0       4.8419212.24647221.15679
GRID    266     0       6.1123132.97906819.56168
GRID    267     0       6.2098813.03218019.46379
GRID    268     0       6.2145022.87799119.41410
GRID    269     0       5.9781163.26487918.78262
GRID    270     0       6.1300693.14344318.58010
GRID    271     0       5.9878013.11945918.75514
GRID    272     0       5.9746493.13882318.68801
GRID    273     0       5.5054463.19464420.07290
GRID    274     0       5.6332313.29784819.91975
GRID    275     0       5.7027653.24190320.03007
GRID    276     0       5.8550551.78043410.42673
GRID    277     0       5.6498481.70390210.37403
GRID    278     0       6.4090842.53236218.55370
GRID    279     0       6.3415662.72908618.61164
GRID    280     0       6.2409062.58956018.77733
GRID    281     0       6.3814472.66595218.68220
GRID    282     0       5.1938781.97177121.08028
GRID    283     0       5.2518131.86030020.85302
GRID    284     0       6.8270942.74901418.97979
GRID    285     0       6.7364652.80708219.25219
GRID    286     0       6.7029222.53582319.23442
GRID    287     0       5.2182952.62338022.34941
GRID    288     0       5.3531812.75014622.37370
GRID    289     0       5.1752492.70092822.52177
GRID    290     0       3.2982533.76984617.90298
GRID    291     0       3.3472263.86118918.01239
GRID    292     0       3.3962454.01241417.86868
GRID    293     0       4.2096342.43436219.99383
GRID    294     0       4.2374572.32168819.97945
GRID    295     0       4.2816842.35066020.11540
GRID    296     0       6.6545824.16299317.09025
GRID    297     0       6.6370964.24862816.71461
GRID    298     0       6.3455034.44279217.02289
GRID    299     0       5.6488072.41502721.16550
GRID    300     0       5.7389802.52066920.97904
GRID    301     0       5.6626732.52139721.01400
GRID    302     0       5.6286902.51942221.16221
GRID    303     0       5.0151832.42643621.39339
GRID    304     0       5.0226242.35817821.43291
GRID    305     0       4.9813992.36175921.34122
GRID    306     0       4.0866014.83282214.91978
GRID    307     0       3.7195604.56041514.80413
GRID    308     0       5.0062973.33959124.96890
GRID    309     0       4.9824303.41180025.00436
GRID    310     0       5.0582773.38548924.96664
GRID    311     0       5.8924383.10445217.97294
GRID    312     0       6.0271493.09538717.85949
GRID    313     0       6.0342123.23656017.85238
GRID    314     0       5.0895193.45972925.12331
GRID    315     0       4.9887053.44765225.11208
GRID    316     0       5.0534723.41209625.18803
GRID    317     0       5.1318572.64543621.85261
GRID    318     0       5.3040862.65910121.87804
GRID    319     0       5.1815772.70989821.91594
GRID    320     0       5.3859764.23674320.12922
GRID    321     0       5.6434664.28430419.69621
GRID    322     0       5.3304834.40806019.50712
GRID    323     0       3.8712133.13960019.92115
GRID    324     0       3.7602603.13289219.90260
GRID    325     0       3.8610583.11071819.87535
GRID    326     0       4.5817941.63489810.21162
GRID    327     0       4.6930591.70982910.33115
GRID    328     0       4.4760071.72283710.39901
GRID    329     0       5.6306882.62200021.01938
GRID    330     0       5.6493952.65409420.95442
GRID    331     0       5.5751322.65791320.94868
GRID    332     0       5.6258542.57942520.94177
GRID    333     0       5.5529232.54367121.22431
GRID    334     0       5.6067372.50268121.20640
GRID    335     0       5.5806122.50945621.29840
GRID    336     0       5.0766112.36618025.10159
GRID    337     0       5.1184542.25980625.16276
GRID    338     0       5.0552652.43218725.18625
GRID    339     0       6.1615582.66896918.03131
GRID    340     0       6.1269382.57678818.10579
GRID    341     0       6.2177192.55154317.97922
GRID    342     0       6.1991852.61447918.09954
GRID    343     0       5.0725772.72392421.90370
GRID    344     0       5.1436843.42393625.05858
GRID    345     0       5.0527823.45732825.02773
GRID    346     0       4.4901002.77022621.06751
GRID    347     0       4.5134572.74813421.16983
GRID    348     0       4.5002812.71144721.04721
GRID    349     0       4.1195754.73507516.35717
GRID    350     0       3.7819904.52638116.46018
GRID    351     0       3.9358364.57515016.94420
GRID    352     0       6.2186753.08655819.38764
GRID    353     0       5.2850642.83558022.58689
GRID    354     0       5.2597652.98017722.73594
GRID    355     0       5.1684062.83284322.72081
GRID    356     0       5.0342434.2298736.972996
GRID    357     0       5.0562804.2717176.889575
GRID    358     0       5.0270814.1934116.924610
GRID    359     0       5.5918802.29475721.11177
GRID    360     0       5.5038022.15895621.11879
GRID    361     0       5.5957882.18452420.97540
GRID    362     0       4.6281512.34963821.31624
GRID    363     0       4.6787822.22789221.26558
GRID    364     0       4.7075682.32762721.35755
GRID    365     0       5.0658032.34555321.45851
GRID    366     0       5.0697252.35861221.39026
GRID    367     0       5.1162472.30417521.42284
GRID    368     0       5.0637562.26061321.35309
GRID    369     0       5.0909152.32691921.32337
GRID    370     0       5.0304642.31653821.38300
GRID    371     0       4.4030572.73380521.01266
GRID    372     0       4.4291332.70664020.96782
GRID    373     0       4.4210572.69304121.02226
GRID    374     0       3.6742732.44249823.99632
GRID    375     0       3.6846372.57764523.99276
GRID    376     0       3.6153702.47703523.99317
GRID    377     0       5.0694872.58685521.75483
GRID    378     0       5.1319952.56715821.68904
GRID    379     0       5.1305792.56553121.75906
GRID    380     0       5.0890192.64355821.72989
GRID    381     0       5.1236672.73822821.94256
GRID    382     0       5.0988652.77061121.92808
GRID    383     0       5.1099962.79956821.86510
GRID    384     0       3.5844063.14339123.81825
GRID    385     0       3.6460163.12027023.86326
GRID    386     0       3.6891353.15834223.77811
GRID    387     0       5.0828360.9921081.781189
GRID    388     0       5.0792050.8517651.690064
GRID    389     0       5.0857341.0032881.596453
GRID    390     0       7.0152371.41663414.82641
GRID    391     0       7.0365861.40173414.65017
GRID    392     0       7.1181461.37777714.77121
GRID    393     0       3.8569952.94914618.83299
GRID    394     0       3.9709492.89471918.94388
GRID    395     0       3.9333112.95731518.90031
GRID    396     0       5.4214792.79750722.28162
GRID    397     0       5.4392092.89581422.28175
GRID    398     0       5.3858492.93034722.46543
GRID    399     0       5.3607241.19344118.45722
GRID    400     0       5.7341041.36677418.67256
GRID    401     0       5.3964911.29989918.93969
GRID    402     0       4.3642512.75689021.11340
GRID    403     0       4.3911932.70912421.13184
GRID    404     0       4.3926262.64476021.22972
GRID    405     0       3.5952162.01067423.48475
GRID    406     0       3.5773232.01087223.55094
GRID    407     0       3.5886612.20070723.47548
GRID    408     0       4.6308452.73706921.39161
GRID    409     0       4.5824642.66042221.40099
GRID    410     0       4.5642322.75661121.38529
GRID    411     0       6.5807903.37489217.95576
GRID    412     0       6.5423043.45129017.92543
GRID    413     0       6.4901213.44661918.03959
GRID    414     0       3.7353092.25618423.47969
GRID    415     0       3.6686012.26546223.45895
GRID    416     0       3.7137732.35935323.47169
GRID    417     0       3.3068593.83853717.68968
GRID    418     0       3.6387742.93085523.94631
GRID    419     0       3.5519912.94741023.90064
GRID    420     0       3.5678562.80596923.93474
GRID    421     0       6.4990632.45096817.36252
GRID    422     0       6.6033562.33289217.32238
GRID    423     0       6.5903272.43987217.23692
GRID    424     0       5.6682412.69959918.47023
GRID    425     0       5.8148802.73952818.30361
GRID    426     0       5.7397392.71805018.32906
GRID    427     0       5.0567932.1923539.900594
GRID    428     0       5.0337722.2028719.760342
GRID    429     0       5.1264952.1996169.788909
GRID    430     0       4.5377073.02382621.74598
GRID    431     0       4.5233572.94617721.78479
GRID    432     0       4.6076083.00869721.84669
GRID    433     0       4.8952643.4595713.596751
GRID    434     0       4.9214763.3578173.497007
GRID    435     0       4.7646163.3799103.637068
GRID    436     0       4.5058032.62089921.54060
GRID    437     0       4.5594872.56010821.54428
GRID    438     0       4.5486272.55251121.61221
GRID    439     0       4.4482012.58765521.51729
GRID    440     0       3.5790133.01361523.91073
GRID    441     0       5.1248362.18362325.00720
GRID    442     0       5.1950852.21290224.97881
GRID    443     0       5.1358762.07880925.01037
GRID    444     0       6.9129182.80819617.15410
GRID    445     0       6.8854172.95476617.24050
GRID    446     0       6.8513612.81169917.26852
GRID    447     0       3.5948643.41644023.76824
GRID    448     0       5.6104792.28359621.20256
GRID    449     0       5.5137002.21438821.24214
GRID    450     0       5.5535582.07324621.03728
GRID    451     0       5.3929822.11625120.77724
GRID    452     0       5.2941112.15524220.88613
GRID    453     0       5.4834112.16678920.83260
GRID    454     0       6.2704523.12264518.82605
GRID    455     0       6.2830343.20570618.72151
GRID    456     0       6.1997013.26880218.83993
GRID    457     0       4.3573352.65327019.69687
GRID    458     0       4.2600672.57765319.69661
GRID    459     0       4.4471212.64799519.90792
GRID    460     0       4.3448092.71877619.85923
GRID    461     0       4.2339953.09207720.37474
GRID    462     0       4.2559103.19232420.44007
GRID    463     0       4.2129833.26084820.31028
GRID    464     0       5.9841141.90192710.24726
GRID    465     0       5.8242781.75086810.28339
GRID    466     0       5.8408071.80142910.17506
GRID    467     0       5.8602381.69117410.13983
GRID    468     0       5.2519512.51621421.68157
GRID    469     0       5.4008912.53750321.64262
GRID    470     0       5.2942542.44193321.66512
GRID    471     0       4.1418862.34998720.68456
GRID    472     0       4.2670022.57093220.85527
GRID    473     0       4.1090492.50912220.64644
GRID    474     0       4.7553432.65100125.14222
GRID    475     0       4.7978572.68930025.13911
GRID    476     0       4.7561002.76688925.14280
GRID    477     0       6.4058303.86617919.32073
GRID    478     0       6.2529083.90862719.74282
GRID    479     0       6.4366473.62543519.64822
GRID    480     0       5.9947982.63911019.73715
GRID    481     0       5.9200332.89639419.88648
GRID    482     0       6.0829012.83870819.68224
GRID    483     0       4.1050893.10978918.29618
GRID    484     0       4.0462792.95983718.25974
GRID    485     0       4.1328393.05939018.28145
GRID    486     0       4.3842732.56949521.47995
GRID    487     0       4.3062492.60644721.29390
GRID    488     0       4.4377062.53395521.39548
GRID    489     0       4.9805962.1448839.987930
GRID    490     0       5.0810772.12469110.01159
GRID    491     0       4.9288112.05593210.04454
GRID    492     0       6.3816493.13775317.53807
GRID    493     0       6.3704482.96449517.53329
GRID    494     0       6.2849693.09207117.65959
GRID    495     0       5.5587322.04191820.64395
GRID    496     0       5.5907132.08204720.75760
GRID    497     0       5.4907972.03829420.77725
GRID    498     0       5.3671793.39651921.74378
GRID    499     0       5.3659843.36625721.59896
GRID    500     0       5.4457663.43489721.62494
GRID    501     0       5.7650442.89508220.98108
GRID    502     0       5.7363622.82376020.85917
GRID    503     0       5.7650382.97170720.86644
GRID    504     0       5.4735592.83034422.14216
GRID    505     0       5.4992072.87001022.22631
GRID    506     0       5.5125782.80690522.18599
GRID    507     0       4.7038733.17105520.10495
GRID    508     0       4.5465583.26511419.99211
GRID    509     0       4.7171963.26179520.03710
GRID    510     0       5.0540493.7591463.890455
GRID    511     0       5.5171733.44862621.68041
GRID    512     0       5.5578243.46456421.55693
GRID    513     0       3.6123302.76188619.70538
GRID    514     0       3.6698762.70097719.60684
GRID    515     0       3.6626162.62635719.65695
GRID    516     0       3.3017492.20953517.78995
GRID    517     0       3.2461682.30307917.86436
GRID    518     0       3.2818682.38958217.79416
GRID    519     0       6.4729383.08108119.79191
GRID    520     0       6.4618953.17390619.87518
GRID    521     0       4.4614222.45209620.54577
GRID    522     0       4.4299682.59050720.51196
GRID    523     0       4.4493432.58855620.65429
GRID    524     0       4.2969002.17814219.93865
GRID    525     0       4.1987542.23998619.87734
GRID    526     0       3.5110012.73356218.49214
GRID    527     0       3.4316092.87544818.38634
GRID    528     0       4.3063812.81682220.64685
GRID    529     0       4.1732772.68894520.65129
GRID    530     0       4.3068872.73028120.77244
GRID    531     0       3.3022631.85893313.36751
GRID    532     0       3.1067352.37101813.63936
GRID    533     0       3.5116833.69163311.08097
GRID    534     0       3.6376673.63833510.42572
GRID    535     0       3.3629423.39215311.25073
GRID    536     0       2.9499321.69051515.22117
GRID    537     0       2.9556991.82646515.45430
GRID    538     0       3.1319181.81444515.24392
GRID    539     0       5.0437323.25723724.99688
GRID    540     0       5.0984823.23655525.04431
GRID    541     0       4.9968513.24040225.06172
GRID    542     0       5.1079812.06356610.04920
GRID    543     0       5.0604421.96318110.03381
GRID    544     0       3.4450652.00389618.49620
GRID    545     0       3.4376332.11456418.65247
GRID    546     0       3.3949582.15509518.56192
GRID    547     0       6.2599632.77264619.84651
GRID    548     0       6.3181542.62140819.74536
GRID    549     0       6.4727392.71050619.71645
GRID    550     0       5.0526342.7603363.896395
GRID    551     0       5.0117282.7737103.862256
GRID    552     0       5.0530072.6651863.845785
GRID    553     0       3.7103173.29161919.99850
GRID    554     0       3.6827053.19221119.91547
GRID    555     0       3.8211593.20513219.97528
GRID    556     0       2.9729441.97465115.74855
GRID    557     0       3.0318741.94778915.49207
GRID    558     0       2.8310661.81412115.65679
GRID    559     0       5.1271363.5395303.506530
GRID    560     0       5.1303823.3859693.396666
GRID    561     0       5.1265153.5367733.110173
GRID    562     0       4.3427512.74765418.71856
GRID    563     0       4.3281542.74699618.84184
GRID    564     0       4.4658682.69951918.87062
GRID    565     0       3.8216993.01064919.94931
GRID    566     0       3.9131313.08717919.97871
GRID    567     0       3.7621233.11841519.95340
GRID    568     0       3.1388053.13466712.50395
GRID    569     0       3.2358933.15576111.75817
GRID    570     0       3.1680162.82086512.24281
GRID    571     0       4.4382832.88173320.73160
GRID    572     0       4.4394532.94840520.82943
GRID    573     0       4.4439602.86925720.82137
GRID    574     0       4.2263413.15843518.34790
GRID    575     0       4.1778623.18597818.38270
GRID    576     0       3.5212672.83807318.27800
GRID    577     0       3.3502342.73435018.04517
GRID    578     0       3.4639142.63481718.20385
GRID    579     0       3.8614663.58935620.30360
GRID    580     0       3.9032413.60140820.42100
GRID    581     0       3.9396763.56419320.28088
GRID    582     0       6.1252271.3776209.970523
GRID    583     0       6.0955971.3378549.925469
GRID    584     0       6.2161931.3187049.886864
GRID    585     0       3.7446832.52355617.94287
GRID    586     0       3.6330382.54769717.85207
GRID    587     0       3.6916742.74139217.92038
GRID    588     0       4.7457013.19774218.58409
GRID    589     0       4.4622373.19615018.51855
GRID    590     0       4.6847343.13922118.21248
GRID    591     0       4.7481143.00247221.63247
GRID    592     0       4.7207502.96111121.48009
GRID    593     0       4.6460832.97846621.53348
GRID    594     0       4.6003992.99648121.79557
GRID    595     0       4.7162972.97200821.85442
GRID    596     0       4.6811843.01420021.80184
GRID    597     0       4.7000142.92396122.17164
GRID    598     0       4.6425282.88374522.16807
GRID    599     0       4.6990082.84555722.17389
GRID    600     0       4.7088602.90194822.20639
GRID    601     0       4.1115862.63714119.55656
GRID    602     0       4.1699732.50750919.54853
GRID    603     0       4.2578742.66787019.57635
GRID    604     0       4.1184523.31631319.89610
GRID    605     0       4.1446203.25262819.93937
GRID    606     0       4.0726933.29042719.81937
GRID    607     0       5.6819022.95292020.58415
GRID    608     0       5.6619712.86149920.61411
GRID    609     0       5.7004692.86703320.68670
GRID    610     0       5.4666612.94089722.10502
GRID    611     0       5.4109112.92003722.09660
GRID    612     0       5.4241902.88566822.19683
GRID    613     0       5.3987843.01059722.21005
GRID    614     0       4.4254052.97221720.56541
GRID    615     0       4.3932332.91311620.59860
GRID    616     0       4.3927102.90709020.52403
GRID    617     0       5.4266702.93748222.03298
GRID    618     0       5.3900652.97764022.07022
GRID    619     0       4.7276482.97913121.92504
GRID    620     0       4.7953342.86085621.95372
GRID    621     0       4.8059532.99775921.95253
GRID    622     0       4.7972063.20202721.70856
GRID    623     0       4.6878913.09567421.68931
GRID    624     0       4.7434623.18566321.76790
GRID    625     0       4.7443101.9776379.180530
GRID    626     0       4.8830311.9587299.024853
GRID    627     0       4.6837501.9667828.988422
GRID    628     0       4.7256892.0270959.022976
GRID    629     0       4.1151443.12152820.01163
GRID    630     0       3.9965313.12263319.92551
GRID    631     0       4.0160853.08320620.02564
GRID    632     0       4.0257753.20692420.03680
GRID    633     0       4.3404002.85613420.58786
GRID    634     0       4.4122692.85161120.63372
GRID    635     0       4.3395272.84738020.52601
GRID    636     0       4.7837832.70031121.89583
GRID    637     0       4.6088342.73977521.83539
GRID    638     0       4.6072282.65678821.72538
GRID    639     0       4.9657633.29678925.14452
GRID    640     0       5.0252563.34700725.20479
GRID    641     0       4.9710023.41240525.14899
GRID    642     0       4.9663963.28374625.03225
GRID    643     0       3.6693072.37199723.68298
GRID    644     0       3.6668642.33146223.63929
GRID    645     0       3.7413902.37125623.64013
GRID    646     0       4.1571203.23567720.22186
GRID    647     0       4.2057373.17202420.26619
GRID    648     0       3.7502333.33015323.75957
GRID    649     0       3.6496323.32624623.78658
GRID    650     0       3.6799203.24623623.74484
GRID    651     0       5.7008063.06265821.22396
GRID    652     0       5.7488533.18801921.09295
GRID    653     0       5.7012453.15474021.28129
GRID    654     0       4.7290622.84468821.17969
GRID    655     0       4.5872312.87313021.16873
GRID    656     0       4.6639862.89908321.06288
GRID    657     0       5.2035472.80023925.11715
GRID    658     0       5.1926312.90189025.01669
GRID    659     0       5.2153222.98886725.10641
GRID    660     0       5.7312963.40597421.22132
GRID    661     0       5.6783453.31948221.29019
GRID    662     0       5.7432493.31312521.16270
GRID    663     0       5.1166643.41066424.99506
GRID    664     0       5.1181003.24321725.10517
GRID    665     0       5.0545943.22554125.09882
GRID    666     0       5.4162062.93296021.85598
GRID    667     0       5.5112703.02100321.79307
GRID    668     0       5.4094463.01004721.81753
GRID    669     0       3.6653513.23585619.74129
GRID    670     0       3.8767163.28324719.79892
GRID    671     0       3.7682473.19701919.74129
GRID    672     0       5.3732843.00822021.64300
GRID    673     0       5.3459762.97167021.53026
GRID    674     0       5.1948772.98944921.56861
GRID    675     0       5.7128873.30096521.35606
GRID    676     0       5.6593153.15975321.37339
GRID    677     0       5.7496693.19274021.37364
GRID    678     0       6.8931062.45651616.97506
GRID    679     0       6.8219822.29795917.01841
GRID    680     0       6.8968682.21880017.02500
GRID    681     0       5.8308703.42701721.02608
GRID    682     0       5.9663113.58691120.92300
GRID    683     0       5.8507043.51320321.07503
GRID    684     0       5.3232382.93264521.85597
GRID    685     0       5.3421162.85559321.89178
GRID    686     0       5.5197303.40082421.61230
GRID    687     0       5.4315013.33834121.57968
GRID    688     0       5.5065923.36948221.52345
GRID    689     0       6.8952722.58472217.17488
GRID    690     0       6.8136732.67277017.31038
GRID    691     0       5.3562792.97455021.78141
GRID    692     0       5.4040182.97373621.71707
GRID    693     0       5.3072722.87059521.72728
GRID    694     0       5.6115693.01584721.61274
GRID    695     0       5.5550633.10118021.75474
GRID    696     0       5.6350403.08412721.65442
GRID    697     0       5.5166333.03638921.63252
GRID    698     0       5.7572993.49645120.97056
GRID    699     0       5.6889463.44045821.09540
GRID    700     0       5.7226843.49978821.13949
GRID    701     0       6.1228212.50798719.21047
GRID    702     0       5.9999002.60310719.39788
GRID    703     0       6.0818162.40862019.33324
GRID    704     0       5.5672143.06894120.67841
GRID    705     0       5.6465083.02271420.75821
GRID    706     0       5.5438153.01101320.81858
GRID    707     0       3.6470123.03162518.67918
GRID    708     0       3.7125983.26004518.64098
GRID    709     0       3.7730263.13199418.82012
GRID    710     0       5.6230212.68827520.89419
GRID    711     0       5.6842622.61841520.93532
GRID    712     0       5.3192772.97811521.95198
GRID    713     0       5.4331552.99158121.88595
GRID    714     0       5.3776263.06473921.87624
GRID    715     0       5.7396423.25753521.50625
GRID    716     0       5.6471893.33404821.49294
GRID    717     0       5.6334823.21176121.45974
GRID    718     0       5.4268623.08468322.34274
GRID    719     0       5.4782033.01597922.19633
GRID    720     0       5.4087872.98351322.31021
GRID    721     0       5.0858553.17289225.12099
GRID    722     0       5.1817853.16636025.10306
GRID    723     0       5.1239813.15877325.04189
GRID    724     0       5.2074472.99531525.00780
GRID    725     0       5.1871603.08916224.98622
GRID    726     0       5.2646143.00572924.98463
GRID    727     0       5.1366852.95591524.95498
GRID    728     0       5.0449673.25462925.16639
GRID    729     0       5.1154152.75435221.99074
GRID    730     0       5.2563332.76075421.95457
GRID    731     0       5.2427782.89085721.98657
GRID    732     0       5.4392122.87365621.64143
GRID    733     0       5.3769703.17581121.77322
GRID    734     0       5.4669533.05713921.68742
GRID    735     0       5.3630853.12245521.65458
GRID    736     0       5.4746033.01997321.74032
GRID    737     0       5.1324912.44148221.68930
GRID    738     0       4.9991462.43727321.70607
GRID    739     0       5.0646672.54138021.67962
GRID    740     0       5.1078952.49232121.69711
GRID    741     0       4.2687823.12522618.00157
GRID    742     0       4.4229543.14327718.14959
GRID    743     0       4.2418953.24471818.02680
GRID    744     0       5.4751742.92966222.22406
GRID    745     0       5.2532852.93289525.04214
GRID    746     0       5.6143542.47985820.81041
GRID    747     0       5.5882542.34173220.85958
GRID    748     0       5.5940572.45935720.95384
GRID    749     0       5.5630222.90229321.79204
GRID    750     0       5.1385343.27139525.03418
GRID    751     0       5.1570863.33023125.11350
GRID    752     0       5.1254673.27146325.15914
GRID    753     0       5.0064653.23665725.11518
GRID    754     0       4.7726252.91072622.19888
GRID    755     0       4.7004562.98699722.18115
GRID    756     0       5.0039853.15789725.17151
GRID    757     0       5.0174003.16615225.06543
GRID    758     0       4.9246083.16498325.10544
GRID    759     0       5.1269473.33649625.18419
GRID    760     0       5.0096943.08505424.97986
GRID    761     0       5.7530532.91852920.72951
GRID    762     0       5.7765472.82792920.77545
GRID    763     0       5.2460513.10859325.04435
GRID    764     0       5.1090353.15781225.17150
GRID    765     0       5.1031853.32421124.97142
GRID    766     0       4.6107683.45041121.60320
GRID    767     0       4.7417473.39157121.73966
GRID    768     0       4.6351163.43381721.71771
GRID    769     0       6.7372282.26005718.62088
GRID    770     0       6.6084872.26253418.70138
GRID    771     0       6.6046052.36418518.72755
GRID    772     0       5.4226373.25808421.84403
GRID    773     0       5.3047873.28518221.79473
GRID    774     0       5.3727463.35981121.81629
GRID    775     0       4.9853582.78520221.92068
GRID    776     0       4.9894572.74253621.93528
GRID    777     0       5.0224012.75061421.87156
GRID    778     0       4.4750232.78739020.88551
GRID    779     0       4.4909402.84732320.96819
GRID    780     0       4.4750312.78163620.94779
GRID    781     0       5.1406693.40980525.14769
GRID    782     0       4.0576192.80763118.71945
GRID    783     0       4.1069252.89529918.80815
GRID    784     0       4.1675022.83852618.94898
GRID    785     0       4.2866933.19589118.28081
GRID    786     0       4.3476323.22121618.32627
GRID    787     0       4.3024023.17831918.37488
GRID    788     0       5.5455203.42084921.75900
GRID    789     0       5.4938953.40216121.80717
GRID    790     0       5.6067372.75720220.91430
GRID    791     0       5.6103852.78639021.01677
GRID    792     0       5.6464382.84089720.94568
GRID    793     0       5.1533353.35586625.03084
GRID    794     0       5.2255813.12289321.88612
GRID    795     0       5.3970073.06006921.75849
GRID    796     0       5.1796043.07881921.73251
GRID    797     0       4.2667223.24465318.18829
GRID    798     0       4.4843702.80297921.01638
GRID    799     0       4.4351332.79844720.98289
GRID    800     0       4.4549352.81858921.08399
GRID    801     0       4.4471812.86022421.00521
GRID    802     0       4.4880012.90079921.07379
GRID    803     0       5.5078953.12110821.48186
GRID    804     0       5.6392973.13378321.52276
GRID    805     0       5.6939533.79290221.04245
GRID    806     0       5.7153743.89797820.79038
GRID    807     0       4.5280352.68101821.23812
GRID    808     0       4.5461852.61107221.33937
GRID    809     0       4.5036472.62864221.17713
GRID    810     0       5.5759513.22282421.78850
GRID    811     0       5.6243383.16942021.73362
GRID    812     0       4.9802703.16195321.84295
GRID    813     0       4.7243233.08722021.86231
GRID    814     0       4.8604483.12088221.91424
GRID    815     0       5.7013613.14136221.59226
GRID    816     0       5.6016453.14986921.66719
GRID    817     0       5.6134313.15454121.60730
GRID    818     0       5.5792723.38546221.51665
GRID    819     0       5.5790483.31734021.46996
GRID    820     0       5.6948343.43762521.22023
GRID    821     0       5.6379713.36775621.22076
GRID    822     0       4.7898183.29970021.80198
GRID    823     0       4.8154773.29134921.70711
GRID    824     0       5.3043333.33340021.69957
GRID    825     0       5.6291863.42985721.40444
GRID    826     0       5.4677273.32513521.44361
GRID    827     0       5.5756593.26869521.38668
GRID    828     0       5.6807303.10912921.43048
GRID    829     0       5.3248162.97354221.37129
GRID    830     0       5.5691833.21013521.62379
GRID    831     0       5.6068723.20906821.56669
GRID    832     0       5.1796142.1707329.918383
GRID    833     0       5.1987202.0948529.993140
GRID    834     0       5.2231352.1041649.877584
GRID    835     0       5.8228363.04106220.05004
GRID    836     0       5.7984013.03816320.16566
GRID    837     0       5.8694013.09082220.13277
GRID    838     0       5.6056851.44252219.19569
GRID    839     0       5.2387351.36980719.38609
GRID    840     0       5.7012663.04989420.50718
GRID    841     0       5.7073142.93547020.47957
GRID    842     0       5.4642743.13705720.87011
GRID    843     0       5.5822733.08192521.07418
GRID    844     0       5.6303323.13450320.89408
GRID    845     0       6.6837883.85940318.08242
GRID    846     0       6.7741053.69151517.91190
GRID    847     0       6.6684293.98375917.83752
GRID    848     0       6.4061354.09266418.54424
GRID    849     0       6.7398463.71633018.15302
GRID    850     0       6.6766063.75130718.13459
GRID    851     0       6.7075923.66893018.04476
GRID    852     0       6.6360633.38324418.12305
GRID    853     0       6.8047033.43214617.93836
GRID    854     0       6.2062302.83534919.62563
GRID    855     0       6.3158263.15315519.72052
GRID    856     0       5.9370683.28910820.23278
GRID    857     0       6.0372973.34377020.17195
GRID    858     0       5.9746693.37395120.32686
GRID    859     0       6.4998042.76838918.97321
GRID    860     0       6.0978103.17339419.49767
GRID    861     0       6.4218683.17957617.40846
GRID    862     0       6.5340353.40137517.31279
GRID    863     0       6.4116513.41386217.43665
GRID    864     0       6.3913593.31848017.53466
GRID    865     0       6.4855603.21540018.33527
GRID    866     0       6.5145243.41059218.25337
GRID    867     0       6.3714603.34383018.48203
GRID    868     0       6.9025723.84013914.34758
GRID    869     0       6.8954733.76517213.25896
GRID    870     0       6.7097194.12574713.93119
GRID    871     0       6.1076694.38130018.32843
GRID    872     0       6.4951163.50521218.45061
GRID    873     0       6.6307313.65851618.22536
GRID    874     0       6.5444133.56906718.27241
GRID    875     0       5.9205223.26184918.04513
GRID    876     0       5.8229543.24333918.16569
GRID    877     0       5.8643163.23581218.01196
GRID    878     0       6.1489054.11009619.39457
GRID    879     0       5.9671704.10839319.83792
GRID    880     0       6.5177563.30445418.43882
GRID    881     0       6.4223953.48405018.42933
GRID    882     0       5.8476073.44808120.73848
GRID    883     0       5.7489763.30164520.83660
GRID    884     0       5.9783283.23535020.15813
GRID    885     0       6.0341143.33931120.00887
GRID    886     0       6.1507353.39554519.99559
GRID    887     0       6.1042253.32273619.89551
GRID    888     0       6.0195073.12719519.92201
GRID    889     0       6.0233233.11276919.99340
GRID    890     0       6.0725773.01479319.73918
GRID    891     0       5.9624503.03384519.89258
GRID    892     0       5.8562733.11756520.40660
GRID    893     0       5.8127633.10957620.49428
GRID    894     0       5.8508303.06149820.44365
GRID    895     0       5.8582523.07591320.50896
GRID    896     0       5.8978983.09806319.89095
GRID    897     0       5.9321503.21014819.94798
GRID    898     0       5.9856343.20898919.79630
GRID    899     0       5.5796303.21746920.39139
GRID    900     0       5.7238683.19161620.43160
GRID    901     0       5.6477403.18803520.39007
GRID    902     0       5.0739974.80931417.72798
GRID    903     0       5.3493214.69500618.19038
GRID    904     0       5.7555852.91036720.12346
GRID    905     0       5.8225772.92827819.92987
GRID    906     0       4.0894133.25977319.92652
GRID    907     0       4.0542693.20626919.91781
GRID    908     0       4.0268323.26810319.85445
GRID    909     0       6.0553953.11574118.28923
GRID    910     0       5.9214883.14261118.33949
GRID    911     0       5.6608233.19752018.53153
GRID    912     0       5.4770813.19968918.65948
GRID    913     0       5.4574503.17449518.44999
GRID    914     0       5.7147763.11096718.06934
GRID    915     0       3.6157883.44072023.58132
GRID    916     0       6.2125583.22169919.47748
GRID    917     0       6.1743533.08758019.07089
GRID    918     0       4.1093761.71816419.43619
GRID    919     0       6.2405282.83847619.24703
GRID    920     0       6.1077692.76000319.33607
GRID    921     0       6.1101632.67090219.29783
GRID    922     0       5.7979463.30627619.90359
GRID    923     0       5.8577603.29329619.74083
GRID    924     0       5.9579093.30866619.93203
GRID    925     0       6.0469344.29657218.85172
GRID    926     0       6.3395434.05217618.94390
GRID    927     0       5.9345643.24359818.09732
GRID    928     0       6.0465773.27030317.92137
GRID    929     0       5.2899555.41579815.10188
GRID    930     0       5.4424215.19170015.06210
GRID    931     0       5.4991055.11519215.64509
GRID    932     0       5.1862515.27427415.97370
GRID    933     0       5.2925715.12717016.09212
GRID    934     0       5.6307092.69144520.02188
GRID    935     0       5.8014202.77912619.82138
GRID    936     0       5.7033052.62869019.84594
GRID    937     0       5.5670732.63133119.84938
GRID    938     0       5.3142895.27587614.75319
GRID    939     0       5.6165604.86662616.46979
GRID    940     0       5.1350664.91259917.01147
GRID    941     0       5.6196394.80441517.07148
GRID    942     0       5.1210753.6349873.853565
GRID    943     0       5.2561333.5849913.980392
GRID    944     0       5.3297015.00604316.29328
GRID    945     0       4.9822614.95970616.66446
GRID    946     0       3.2731713.99452316.37063
GRID    947     0       3.3157974.05889315.86239
GRID    948     0       3.7115503.33202519.85816
GRID    949     0       3.7577503.42819319.97503
GRID    950     0       4.4496383.09741418.06100
GRID    951     0       4.6763223.07370018.01038
GRID    952     0       4.5256302.98411518.06471
GRID    953     0       3.9912114.75471815.48690
GRID    954     0       3.6799064.51572915.41793
GRID    955     0       5.0292253.9103576.607329
GRID    956     0       5.0102573.9459136.708649
GRID    957     0       5.0456984.0986796.699262
GRID    958     0       4.7255953.8645776.633161
GRID    959     0       5.4457813.3631933.708515
GRID    960     0       5.2536893.4980113.706492
GRID    961     0       5.4889173.4729413.942979
GRID    962     0       5.0454413.0701974.081374
GRID    963     0       5.1449813.0774204.007707
GRID    964     0       5.0956122.9814963.969000
GRID    965     0       4.8815243.5739104.077560
GRID    966     0       6.6695504.00517117.65424
GRID    967     0       6.7693713.80184117.74610
GRID    968     0       6.7102663.86193517.61309
GRID    969     0       7.0019652.16664216.84781
GRID    970     0       6.9512461.95184516.98953
GRID    971     0       7.0448951.88458316.84145
GRID    972     0       5.1346611.9885949.731931
GRID    973     0       5.2084032.1477199.803789
GRID    974     0       5.1678302.1460959.693578
GRID    975     0       7.1452181.92570116.66049
GRID    976     0       7.2059221.81215916.74789
GRID    977     0       6.9089243.59117716.87166
GRID    978     0       6.9967853.54052816.71701
GRID    979     0       6.9370003.70668316.80902
GRID    980     0       6.8520092.44022218.21986
GRID    981     0       6.7486172.47429818.45545
GRID    982     0       6.7794582.30460918.33272
GRID    983     0       6.8171033.05241818.99734
GRID    984     0       6.9637582.77720612.57780
GRID    985     0       6.8301522.66804011.82021
GRID    986     0       6.9247083.07400312.22367
GRID    987     0       6.7629753.94143212.84604
GRID    988     0       6.7431402.19141711.93759
GRID    989     0       7.0275293.51595913.94890
GRID    990     0       7.0211093.40270813.34168
GRID    991     0       4.2502973.06603020.17607
GRID    992     0       4.2894632.99719420.16880
GRID    993     0       4.2783853.03818620.04191
GRID    994     0       5.5470711.72386910.46123
GRID    995     0       5.2320411.63142310.67382
GRID    996     0       5.1172221.70092310.32582
GRID    997     0       7.0711393.02820013.34982
GRID    998     0       7.0557532.72078413.41917
GRID    999     0       6.6183093.08324918.16867
GRID    1000    0       6.7724713.21596717.98368
GRID    1001    0       6.4999383.07043519.88362
GRID    1002    0       6.3865513.01894819.93469
GRID    1003    0       6.4224302.91809919.86562
GRID    1004    0       6.1529453.11189019.95168
GRID    1005    0       6.3057143.12036019.87702
GRID    1006    0       6.3770923.14838119.85901
GRID    1007    0       5.8444153.03447120.39167
GRID    1008    0       5.7729752.99268620.44219
GRID    1009    0       5.8086733.08779920.36030
GRID    1010    0       5.9965963.00176118.62439
GRID    1011    0       5.9834042.91340118.64880
GRID    1012    0       6.0640593.01229418.61531
GRID    1013    0       5.9668053.04646418.63114
GRID    1014    0       5.8597873.13410418.68548
GRID    1015    0       5.9757213.00725919.73013
GRID    1016    0       6.0951093.12183519.60773
GRID    1017    0       6.4444773.13134619.94000
GRID    1018    0       6.4770462.81157319.66537
GRID    1019    0       6.6304263.21398717.84898
GRID    1020    0       6.6631593.01316217.81196
GRID    1021    0       6.5620573.16655817.97147
GRID    1022    0       5.4573953.13325718.19473
GRID    1023    0       5.6823413.16261218.22745
GRID    1024    0       5.6137152.93205418.09025
GRID    1025    0       5.5168563.06214018.03192
GRID    1026    0       6.0103343.1752656.866179
GRID    1027    0       5.9720803.2127136.476744
GRID    1028    0       6.0648393.3382536.528427
GRID    1029    0       6.5872072.80520017.20546
GRID    1030    0       6.5892832.57894117.18831
GRID    1031    0       6.7037922.66343017.05562
GRID    1032    0       6.6026881.57005016.84004
GRID    1033    0       6.8901811.60198616.46757
GRID    1034    0       6.9265721.64059616.71792
GRID    1035    0       5.3939493.2776943.695077
GRID    1036    0       5.7428312.51285720.28730
GRID    1037    0       5.7803212.75713820.24789
GRID    1038    0       5.7931012.55845520.03877
GRID    1039    0       5.6989402.75649020.67989
GRID    1040    0       5.7256192.81383920.65998
GRID    1041    0       5.7195872.70805420.73046
GRID    1042    0       6.8459973.21394218.37681
GRID    1043    0       6.8247253.08436518.41660
GRID    1044    0       6.9170483.09478018.24736
GRID    1045    0       5.6916572.79041520.75826
GRID    1046    0       5.6636312.83208120.71157
GRID    1047    0       5.5686412.63450220.75392
GRID    1048    0       5.3628852.53637920.78769
GRID    1049    0       5.5402422.58738220.87291
GRID    1050    0       5.8651492.87782420.25988
GRID    1051    0       5.8676753.02815220.21667
GRID    1052    0       5.8193882.99955920.28864
GRID    1053    0       5.7122462.88573620.54616
GRID    1054    0       5.7307002.82833620.50943
GRID    1055    0       5.6858942.87400420.50029
GRID    1056    0       5.7350292.73482218.74307
GRID    1057    0       5.6814472.63344118.79034
GRID    1058    0       5.6473532.70214218.85781
GRID    1059    0       5.2736093.10199518.00339
GRID    1060    0       5.1571902.94108418.00051
GRID    1061    0       5.3852902.93763918.05015
GRID    1062    0       5.1187301.8307449.324912
GRID    1063    0       5.1323751.7746079.416950
GRID    1064    0       5.0719161.8143669.402123
GRID    1065    0       5.1258991.7962519.338166
GRID    1066    0       5.8151192.72161819.47105
GRID    1067    0       5.6704192.66462319.64321
GRID    1068    0       5.8177932.67321019.59062
GRID    1069    0       5.6670902.69995618.63233
GRID    1070    0       5.8163362.70328218.53477
GRID    1071    0       5.7744102.75772018.48159
GRID    1072    0       6.2870982.44469219.69565
GRID    1073    0       6.3684542.50224219.65274
GRID    1074    0       5.7256062.79782320.01530
GRID    1075    0       6.6572542.10578418.79528
GRID    1076    0       6.6659682.23439319.03915
GRID    1077    0       6.0914092.99200219.17607
GRID    1078    0       5.0713422.1646059.667812
GRID    1079    0       6.0225172.78679419.57465
GRID    1080    0       6.7500364.11029115.03889
GRID    1081    0       6.5483874.36004415.24616
GRID    1082    0       6.7138104.24708816.20604
GRID    1083    0       5.9639072.94590220.02990
GRID    1084    0       5.8839112.79058120.09031
GRID    1085    0       5.9693912.80537319.94664
GRID    1086    0       6.5657382.42293218.29145
GRID    1087    0       6.5626082.49087118.39616
GRID    1088    0       6.6307842.42644218.30280
GRID    1089    0       5.2373122.76986621.92371
GRID    1090    0       6.0245012.85433518.65773
GRID    1091    0       5.4783772.75514821.84869
GRID    1092    0       6.5730381.62552317.12002
GRID    1093    0       6.6386862.64654218.79071
GRID    1094    0       6.4509622.53477018.94314
GRID    1095    0       5.1707142.00879010.01993
GRID    1096    0       3.1937432.41177817.08362
GRID    1097    0       3.0752112.14883016.90124
GRID    1098    0       3.1822602.19074517.14082
GRID    1099    0       5.0496361.7502119.804385
GRID    1100    0       5.0170181.7953459.931704
GRID    1101    0       5.0848111.8666789.968746
GRID    1102    0       4.9774281.9092689.788458
GRID    1103    0       5.9156731.77211610.59525
GRID    1104    0       5.5530951.63975010.79075
GRID    1105    0       2.5930141.60365815.38930
GRID    1106    0       6.7007883.49691411.43954
GRID    1107    0       6.5219063.74550811.13700
GRID    1108    0       6.6172183.90612211.88508
GRID    1109    0       5.1726061.01838717.40274
GRID    1110    0       4.8632771.03317617.51858
GRID    1111    0       4.9484100.99732316.98701
GRID    1112    0       7.0021301.67470316.82840
GRID    1113    0       7.0406812.09470215.37636
GRID    1114    0       7.1541011.85303515.51711
GRID    1115    0       7.0520301.76234615.26609
GRID    1116    0       6.9020781.81894415.16836
GRID    1117    0       6.7785271.81423115.02314
GRID    1118    0       6.8779202.02411915.10485
GRID    1119    0       6.7756171.79776815.19289
GRID    1120    0       6.8749981.89554115.17848
GRID    1121    0       7.1182031.98044015.65777
GRID    1122    0       7.2294001.73424115.35077
GRID    1123    0       7.4827701.65357615.52160
GRID    1124    0       6.8352491.79090115.20895
GRID    1125    0       5.6457252.34007420.81596
GRID    1126    0       5.7035852.45775720.58925
GRID    1127    0       5.6915652.59082720.71518
GRID    1128    0       4.7280121.30947812.05259
GRID    1129    0       4.6407201.22713112.53071
GRID    1130    0       4.9659261.9150609.998434
GRID    1131    0       4.9709561.68870910.12844
GRID    1132    0       5.1074241.6934969.953805
GRID    1133    0       5.2661871.66881610.11488
GRID    1134    0       5.5329281.61516010.22301
GRID    1135    0       5.7343111.52987210.04694
GRID    1136    0       4.9041722.0169119.859272
GRID    1137    0       4.8817262.1319169.790751
GRID    1138    0       4.8789012.1064139.973461
GRID    1139    0       4.9132812.1708819.918594
GRID    1140    0       5.1107582.5582806.747678
GRID    1141    0       5.0603532.4962346.651262
GRID    1142    0       5.0815832.5573716.549620
GRID    1143    0       5.0714442.5935676.207148
GRID    1144    0       5.0435892.6301696.190896
GRID    1145    0       5.0843602.6755856.269701
GRID    1146    0       5.0979781.07940613.54305
GRID    1147    0       4.9021521.14100312.97499
GRID    1148    0       5.1706151.19665812.58407
GRID    1149    0       5.5713742.09533720.51654
GRID    1150    0       5.6501922.08700820.25291
GRID    1151    0       5.6128052.06286520.47803
GRID    1152    0       5.9822851.5879259.781693
GRID    1153    0       5.9103991.6777609.486609
GRID    1154    0       5.7951361.7751119.654804
GRID    1155    0       5.4055261.69468910.28449
GRID    1156    0       5.5003161.6161679.980876
GRID    1157    0       5.1053062.0699429.585632
GRID    1158    0       5.9054361.9267529.975718
GRID    1159    0       5.7170271.49794811.47397
GRID    1160    0       6.1332021.49359312.25693
GRID    1161    0       5.8416321.7357999.936686
GRID    1162    0       6.1106352.40088319.66644
GRID    1163    0       5.9579072.41285019.75457
GRID    1164    0       5.0500491.00094514.40271
GRID    1165    0       5.3986081.8132339.340612
GRID    1166    0       5.2736741.8173539.319303
GRID    1167    0       5.5173291.18643312.87449
GRID    1168    0       5.8571032.54905619.65385
GRID    1169    0       3.0837862.32635516.62382
GRID    1170    0       3.0680812.51130516.02823
GRID    1171    0       3.0565902.08777916.38559
GRID    1172    0       5.9138721.56066619.05369
GRID    1173    0       6.2022381.73305319.02226
GRID    1174    0       6.1505391.81564919.35227
GRID    1175    0       4.5525302.62324119.76485
GRID    1176    0       4.4338122.66448219.63428
GRID    1177    0       6.1190892.67256219.83963
GRID    1178    0       6.0089242.55785819.85713
GRID    1179    0       5.3400311.02292316.85547
GRID    1180    0       5.5739251.11983717.44793
GRID    1181    0       5.3510181.63482420.20800
GRID    1182    0       5.2173781.69425820.50682
GRID    1183    0       5.3653081.10513417.87867
GRID    1184    0       5.6818392.60871121.23504
GRID    1185    0       5.6870312.54499621.35887
GRID    1186    0       5.6439872.57972921.35529
GRID    1187    0       5.6878131.25126618.11392
GRID    1188    0       5.3646582.06264520.88030
GRID    1189    0       5.4823032.59485120.12889
GRID    1190    0       5.2254232.54146520.23026
GRID    1191    0       6.1123863.20587420.79757
GRID    1192    0       6.0655822.96411120.94868
GRID    1193    0       6.1776222.95972520.66055
GRID    1194    0       5.8680952.47387119.86890
GRID    1195    0       5.8570922.28950919.85565
GRID    1196    0       5.7845102.36111819.98514
GRID    1197    0       5.6543302.54158620.54013
GRID    1198    0       5.6364672.55878220.68843
GRID    1199    0       5.6547192.72036320.64305
GRID    1200    0       6.1730051.59896318.64831
GRID    1201    0       6.6811372.13246618.60775
GRID    1202    0       6.6237412.17748518.66163
GRID    1203    0       6.6348342.15032518.57850
GRID    1204    0       6.5042242.92399819.78123
GRID    1205    0       6.5884552.16495218.64306
GRID    1206    0       6.5551812.17071618.71229
GRID    1207    0       6.5754562.22484018.63312
GRID    1208    0       6.8629622.39418917.16524
GRID    1209    0       6.7557362.35469717.21597
GRID    1210    0       7.1247031.56500016.57989
GRID    1211    0       7.0949762.38168015.55478
GRID    1212    0       7.0914472.12860515.83357
GRID    1213    0       6.5635942.56237918.43016
GRID    1214    0       6.7234992.60650218.23818
GRID    1215    0       5.8852352.59492720.00073
GRID    1216    0       5.9194842.96200820.13425
GRID    1217    0       6.0965162.91765519.94199
GRID    1218    0       6.6885892.77925918.05967
GRID    1219    0       6.5508172.60669118.26893
GRID    1220    0       6.6443132.50436418.09701
GRID    1221    0       6.2498552.40825019.65666
GRID    1222    0       6.7327632.22645217.20620
GRID    1223    0       6.8084052.18238717.08947
GRID    1224    0       7.3047641.81489615.83696
GRID    1225    0       7.0537442.16745416.63007
GRID    1226    0       7.0236702.47179116.55124
GRID    1227    0       6.9524102.50067216.82259
GRID    1228    0       6.8463112.33184817.42267
GRID    1229    0       6.9360192.42019717.26684
GRID    1230    0       6.8536582.54872017.41857
GRID    1231    0       7.0995051.99506716.25290
GRID    1232    0       7.1736731.93637815.94954
GRID    1233    0       6.9021402.21551417.27355
GRID    1234    0       6.8871982.19537317.36413
GRID    1235    0       6.8538322.06981017.28614
GRID    1236    0       6.2800841.38651216.65857
GRID    1237    0       6.2273131.39698317.06207
GRID    1238    0       5.8085371.16961816.69621
GRID    1239    0       5.7994382.66511420.99562
GRID    1240    0       5.7257272.65073021.13227
GRID    1241    0       5.6358192.60009520.80562
GRID    1242    0       5.6520202.72773520.91394
GRID    1243    0       5.7095182.70796320.87914
GRID    1244    0       5.6684582.73917820.96233
GRID    1245    0       5.5428252.31020721.01294
GRID    1246    0       5.4617682.18509020.98399
GRID    1247    0       5.4454602.27692621.13369
GRID    1248    0       5.6166762.54508420.87986
GRID    1249    0       5.5915952.58689021.05550
GRID    1250    0       5.2595572.34193621.47841
GRID    1251    0       5.3707602.31150521.42069
GRID    1252    0       5.3349482.41110021.49617
GRID    1253    0       5.3329502.44431721.30972
GRID    1254    0       5.3698342.48777321.18069
GRID    1255    0       5.1781142.37968621.46962
GRID    1256    0       5.2559322.40568821.41418
GRID    1257    0       5.5778272.55997121.15085
GRID    1258    0       5.6544202.55711221.21441
GRID    1259    0       5.6622242.60910621.18930
GRID    1260    0       5.6658032.84861720.84156
GRID    1261    0       5.5409212.88298320.91736
GRID    1262    0       5.5883432.64488221.17551
GRID    1263    0       5.6894992.66894321.01656
GRID    1264    0       5.5884842.64035821.69538
GRID    1265    0       5.6433362.64899721.62596
GRID    1266    0       5.6093132.72746821.72264
GRID    1267    0       5.7234932.64744821.37039
GRID    1268    0       5.7151832.70077321.51093
GRID    1269    0       5.6373222.58676221.52028
GRID    1270    0       6.1047472.78093920.78482
GRID    1271    0       5.9147662.68624020.75387
GRID    1272    0       5.8353772.69271720.88573
GRID    1273    0       5.8422532.72271420.80469
GRID    1274    0       5.6312212.66818620.83722
GRID    1275    0       5.6159762.77222320.84175
GRID    1276    0       5.3137712.67031421.64041
GRID    1277    0       5.3655412.75060821.47066
GRID    1278    0       5.4070592.70068821.51861
GRID    1279    0       5.4228132.75958521.37537
GRID    1280    0       5.5685462.77827021.15604
GRID    1281    0       5.5392162.72592921.29272
GRID    1282    0       5.4711912.82435321.12595
GRID    1283    0       5.5611582.82520121.06035
GRID    1284    0       5.3517722.32842021.15647
GRID    1285    0       5.3319852.30368621.21854
GRID    1286    0       5.4402882.35149421.20345
GRID    1287    0       5.2721622.10843521.11082
GRID    1288    0       5.2657052.16911721.25377
GRID    1289    0       5.1665122.14780121.13808
GRID    1290    0       5.6129712.40160320.69959
GRID    1291    0       5.2364652.11633121.01023
GRID    1292    0       5.5017912.10401620.63871
GRID    1293    0       5.5690892.21386420.71262
GRID    1294    0       5.5482322.21031320.87826
GRID    1295    0       5.1138402.71913121.71371
GRID    1296    0       5.0676422.72786821.78515
GRID    1297    0       5.1018612.78869521.76936
GRID    1298    0       5.5556512.89458621.47375
GRID    1299    0       5.5248252.69516721.49230
GRID    1300    0       5.4554952.79085221.54768
GRID    1301    0       5.4903662.92063722.16609
GRID    1302    0       5.2727682.83616425.08529
GRID    1303    0       5.3040792.88192924.98898
GRID    1304    0       5.0206072.84048522.01672
GRID    1305    0       4.8931522.77795021.97549
GRID    1306    0       4.9692892.67823621.94725
GRID    1307    0       5.1314732.91127422.01099
GRID    1308    0       5.1420292.80475521.94635
GRID    1309    0       5.1999602.81464021.76273
GRID    1310    0       5.1763662.78915221.67968
GRID    1311    0       5.0609652.67171621.82013
GRID    1312    0       4.9749802.47667325.21411
GRID    1313    0       5.1027442.61292125.21961
GRID    1314    0       4.9424612.63027025.21400
GRID    1315    0       4.8676192.97260425.01852
GRID    1316    0       4.8945692.98725225.06855
GRID    1317    0       4.8514852.89198625.07932
GRID    1318    0       5.0085152.68518921.86726
GRID    1319    0       5.0039072.59104321.77895
GRID    1320    0       5.0207032.63262421.75220
GRID    1321    0       5.1111402.19604825.07045
GRID    1322    0       5.1150772.27781725.00745
GRID    1323    0       5.1450332.51842521.75322
GRID    1324    0       5.2021412.55605821.80236
GRID    1325    0       5.0743422.57365521.82914
GRID    1326    0       5.5543722.73895521.73184
GRID    1327    0       5.4233382.66340421.78059
GRID    1328    0       5.5720032.67515221.64485
GRID    1329    0       5.4204912.70968422.17731
GRID    1330    0       5.4824382.67232922.01482
GRID    1331    0       5.1353192.66468121.92921
GRID    1332    0       5.4950192.58594021.62159
GRID    1333    0       5.3477882.62076525.15311
GRID    1334    0       5.3505932.42771825.13215
GRID    1335    0       5.3829872.56272925.09162
GRID    1336    0       4.9926902.42473021.47913
GRID    1337    0       5.0214182.33313921.51094
GRID    1338    0       4.8825372.61434025.00315
GRID    1339    0       4.8651162.47058924.99442
GRID    1340    0       4.8637202.50765925.05170
GRID    1341    0       4.9032382.13329721.12730
GRID    1342    0       4.8279542.09409621.01536
GRID    1343    0       4.8856242.19024920.99230
GRID    1344    0       5.2502352.41606021.46164
GRID    1345    0       5.3251652.39613921.40558
GRID    1346    0       5.2967252.46373421.38838
GRID    1347    0       5.3644292.42345121.42756
GRID    1348    0       5.5314192.56247421.65392
GRID    1349    0       5.4498722.55210721.70662
GRID    1350    0       5.3366792.17796621.30778
GRID    1351    0       5.4318852.27882221.35101
GRID    1352    0       4.9522962.39161821.41138
GRID    1353    0       5.1395082.24501821.38556
GRID    1354    0       5.0928232.20273921.28429
GRID    1355    0       5.4087252.20571521.24805
GRID    1356    0       5.3433032.27788021.34581
GRID    1357    0       4.7177792.08531821.05210
GRID    1358    0       5.4078442.39752921.26917
GRID    1359    0       5.3631322.39498421.19322
GRID    1360    0       5.5296462.31364721.23420
GRID    1361    0       5.4496082.30135121.30206
GRID    1362    0       5.1281732.27271821.12768
GRID    1363    0       5.3670922.20749721.07171
GRID    1364    0       5.3947482.06470120.97419
GRID    1365    0       5.4494642.44176821.24331
GRID    1366    0       5.4777232.44626321.12736
GRID    1367    0       5.4261922.39142121.07702
GRID    1368    0       5.5278612.39907621.11904
GRID    1369    0       5.2501192.24370921.14320
GRID    1370    0       5.3446522.83726621.18517
GRID    1371    0       5.1800172.83012521.12938
GRID    1372    0       5.3207392.88021521.00255
GRID    1373    0       4.5150282.11699520.90354
GRID    1374    0       4.4494552.19505720.63787
GRID    1375    0       4.5175692.06607720.76302
GRID    1376    0       4.7312132.06149120.87284
GRID    1377    0       4.7481572.12988520.82225
GRID    1378    0       4.6190462.36041721.17399
GRID    1379    0       4.8490532.42667821.44866
GRID    1380    0       4.7716222.42472121.39433
GRID    1381    0       4.7905842.51854821.40577
GRID    1382    0       4.8577792.34180421.24414
GRID    1383    0       4.6981912.35254121.26455
GRID    1384    0       4.6559472.40129421.24706
GRID    1385    0       4.7265832.38204021.15429
GRID    1386    0       4.9929632.32697221.41075
GRID    1387    0       5.0019562.27754021.41645
GRID    1388    0       4.8910872.31576221.41873
GRID    1389    0       4.9978972.30385925.17949
GRID    1390    0       5.0235552.33711325.06289
GRID    1391    0       5.0016702.23831221.36999
GRID    1392    0       4.7990552.32990621.38430
GRID    1393    0       4.8400012.41440721.36490
GRID    1394    0       4.8617282.16954821.25778
GRID    1395    0       4.7533942.12834521.16592
GRID    1396    0       5.0811492.41778321.46896
GRID    1397    0       4.9245071.53633725.04992
GRID    1398    0       4.9394371.55232125.11335
GRID    1399    0       4.8904411.55610025.11654
GRID    1400    0       5.1071592.35914424.98758
GRID    1401    0       4.9128182.38993721.47279
GRID    1402    0       4.9041452.39210221.54370
GRID    1403    0       4.9562202.52471521.44235
GRID    1404    0       4.9447642.58698821.85398
GRID    1405    0       4.9231492.63182521.84130
GRID    1406    0       4.8389892.54428721.78389
GRID    1407    0       4.8617222.76530021.91404
GRID    1408    0       4.7789042.87609021.88757
GRID    1409    0       4.6745512.84238921.90033
GRID    1410    0       4.7370692.58749821.74418
GRID    1411    0       4.9354482.41909724.96256
GRID    1412    0       5.0228992.48762324.95271
GRID    1413    0       5.0333122.39396724.99228
GRID    1414    0       5.0542692.53539221.76509
GRID    1415    0       4.9476142.51668721.76292
GRID    1416    0       5.0140032.57898921.69646
GRID    1417    0       4.9181602.91350622.79388
GRID    1418    0       5.0153492.76382822.66462
GRID    1419    0       5.0225382.71519021.80149
GRID    1420    0       4.8680392.58777025.07615
GRID    1421    0       4.9726872.76631221.72118
GRID    1422    0       4.9530873.34700825.04132
GRID    1423    0       4.9223672.97435621.45208
GRID    1424    0       4.7069482.98373721.29374
GRID    1425    0       4.6515132.73527821.47059
GRID    1426    0       4.5924712.70470821.46023
GRID    1427    0       4.4289902.61257421.30570
GRID    1428    0       4.4679762.56706721.37763
GRID    1429    0       4.3920222.62003221.38693
GRID    1430    0       4.7233832.44970921.39576
GRID    1431    0       4.7549822.46782021.33294
GRID    1432    0       4.5136112.50704221.29331
GRID    1433    0       4.4631182.41674621.19640
GRID    1434    0       4.5690552.42594821.34086
GRID    1435    0       4.6239792.57635121.63641
GRID    1436    0       4.7230862.41540221.30449
GRID    1437    0       4.7795262.35208421.28710
GRID    1438    0       4.6310772.62617921.49222
GRID    1439    0       4.7525303.16261321.63010
GRID    1440    0       4.4301492.53148120.85550
GRID    1441    0       4.3874812.61544120.88751
GRID    1442    0       4.4310872.62684820.90380
GRID    1443    0       4.4096002.57991720.74626
GRID    1444    0       4.3882472.65959120.91479
GRID    1445    0       4.4265912.68047420.89229
GRID    1446    0       4.3914122.67793420.82455
GRID    1447    0       3.6481343.17281923.62071
GRID    1448    0       3.6884453.15870623.56462
GRID    1449    0       3.6450783.15060123.50975
GRID    1450    0       4.6406131.42417819.35555
GRID    1451    0       4.5253401.57961919.74378
GRID    1452    0       5.0136483.05408221.65602
GRID    1453    0       4.7744693.06821621.74782
GRID    1454    0       4.3267632.90907720.97753
GRID    1455    0       4.3449032.76801920.92798
GRID    1456    0       4.3611562.78437520.99159
GRID    1457    0       4.4696102.67677321.18637
GRID    1458    0       4.4467832.77359021.24089
GRID    1459    0       4.4767462.72976421.33091
GRID    1460    0       4.4830192.73462821.23910
GRID    1461    0       4.6051663.01959621.60577
GRID    1462    0       4.6454052.79187622.18946
GRID    1463    0       4.6272302.82651221.28089
GRID    1464    0       4.5050192.82342321.23045
GRID    1465    0       3.7533983.00811623.46143
GRID    1466    0       3.6757952.94958623.39997
GRID    1467    0       3.7138383.08979123.46847
GRID    1468    0       3.6437752.73991423.90971
GRID    1469    0       3.7409052.80970923.92766
GRID    1470    0       3.7210202.66056123.94872
GRID    1471    0       3.7097713.40603023.77418
GRID    1472    0       3.7176912.93133523.46799
GRID    1473    0       3.6888172.84621123.44920
GRID    1474    0       3.7430852.82517823.40904
GRID    1475    0       3.6131393.25706323.75557
GRID    1476    0       3.5820473.32046223.77279
GRID    1477    0       3.5492303.29290723.70091
GRID    1478    0       4.9177803.13974825.02998
GRID    1479    0       4.4690842.63562721.47242
GRID    1480    0       4.4660432.74855621.61852
GRID    1481    0       4.4236772.68344221.41209
GRID    1482    0       4.3798952.80762121.38031
GRID    1483    0       3.6570732.58096723.85954
GRID    1484    0       3.6481312.47597723.88046
GRID    1485    0       3.7387442.55013223.85096
GRID    1486    0       3.4060662.32556818.70357
GRID    1487    0       3.5436212.17075418.78901
GRID    1488    0       3.4098972.14564518.69687
GRID    1489    0       3.5812952.84930223.80617
GRID    1490    0       3.5659502.66159823.83173
GRID    1491    0       3.6742902.69760623.83797
GRID    1492    0       4.3777472.69735821.06928
GRID    1493    0       4.4151682.72077021.05298
GRID    1494    0       4.4291542.70884721.09768
GRID    1495    0       4.4506792.62002821.38513
GRID    1496    0       4.4678612.57752721.43737
GRID    1497    0       4.5231112.57714221.43353
GRID    1498    0       3.3530622.35085118.28335
GRID    1499    0       3.3425822.13365118.22694
GRID    1500    0       3.3193772.19019918.27035
GRID    1501    0       3.6980371.71531023.56208
GRID    1502    0       3.7057891.83239323.56804
GRID    1503    0       3.6298301.74747623.57060
GRID    1504    0       3.7386172.32090523.71787
GRID    1505    0       3.7542712.41159023.70012
GRID    1506    0       3.5559802.41119523.64800
GRID    1507    0       3.5850572.27631823.61323
GRID    1508    0       4.4794332.51535721.51632
GRID    1509    0       4.5324962.52287221.48988
GRID    1510    0       4.6162572.47912221.57733
GRID    1511    0       4.4067272.56149621.30493
GRID    1512    0       3.6892932.43532223.34640
GRID    1513    0       3.6639232.40773923.38209
GRID    1514    0       3.6132952.39211523.36136
GRID    1515    0       3.7234592.61534623.37685
GRID    1516    0       3.6607902.58767023.34315
GRID    1517    0       4.4951072.48769621.13962
GRID    1518    0       4.4242952.61941921.18184
GRID    1519    0       4.4309332.52447721.10655
GRID    1520    0       4.3826712.46795021.04936
GRID    1521    0       4.5398962.54252821.17114
GRID    1522    0       4.5922302.48469921.18288
GRID    1523    0       4.6398292.51397021.14710
GRID    1524    0       4.5017072.48031520.92576
GRID    1525    0       4.5496892.58545420.94733
GRID    1526    0       4.5492512.46220620.84057
GRID    1527    0       4.4740362.54872420.85915
GRID    1528    0       4.7970552.21059921.01900
GRID    1529    0       3.3630162.22311018.70417
GRID    1530    0       3.2758902.47030418.66651
GRID    1531    0       3.2985984.04523616.76365
GRID    1532    0       3.1960313.82499216.66285
GRID    1533    0       4.0858941.18393615.32224
GRID    1534    0       4.1876761.13985914.78469
GRID    1535    0       4.5253731.03243215.10011
GRID    1536    0       3.2811332.08467317.84572
GRID    1537    0       3.2826691.99105717.73624
GRID    1538    0       3.2204312.16105517.68100
GRID    1539    0       3.2422452.06404917.59408
GRID    1540    0       3.4828382.70368517.39032
GRID    1541    0       3.6414582.81912617.51558
GRID    1542    0       3.5751372.57761017.51781
GRID    1543    0       3.0056571.99629716.63343
GRID    1544    0       3.2073782.19321917.55929
GRID    1545    0       3.2296042.29506517.52086
GRID    1546    0       3.2698682.17766417.50205
GRID    1547    0       3.4619942.05230318.75137
GRID    1548    0       3.5045842.62318517.72858
GRID    1549    0       3.3205192.66270017.56175
GRID    1550    0       3.4267802.80555117.65202
GRID    1551    0       4.1974902.81121118.74248
GRID    1552    0       4.2268792.71888918.80737
GRID    1553    0       4.0255213.16400317.80222
GRID    1554    0       3.8947133.29478917.67279
GRID    1555    0       3.9199673.07422817.69541
GRID    1556    0       3.5721892.69069918.79653
GRID    1557    0       3.7019112.76150019.02849
GRID    1558    0       3.5396713.00822118.91229
GRID    1559    0       3.9830262.83536119.33998
GRID    1560    0       4.1091092.77875119.40144
GRID    1561    0       4.0038852.89609219.28321
GRID    1562    0       3.7341792.55913319.59870
GRID    1563    0       3.4260744.25206015.05731
GRID    1564    0       3.6970862.15028619.48008
GRID    1565    0       3.4975922.23862319.21121
GRID    1566    0       3.6619572.05010019.24594
GRID    1567    0       3.5440592.54886018.33666
GRID    1568    0       3.5076542.38727418.38782
GRID    1569    0       3.5903842.47396318.48557
GRID    1570    0       3.4649272.45660318.39943
GRID    1571    0       3.4844912.42472218.31336
GRID    1572    0       3.4220152.38634318.18572
GRID    1573    0       3.4340382.16719518.96068
GRID    1574    0       3.7128732.52168319.97621
GRID    1575    0       3.8832152.21502719.99304
GRID    1576    0       3.8143402.57029920.27145
GRID    1577    0       3.5041932.57311818.83008
GRID    1578    0       3.6525812.38545818.94967
GRID    1579    0       3.8003302.35021518.98153
GRID    1580    0       3.7690612.46754318.95180
GRID    1581    0       3.6416342.34362418.80104
GRID    1582    0       3.8786872.33611619.20653
GRID    1583    0       3.7844412.26690919.05896
GRID    1584    0       3.7683792.38925019.09360
GRID    1585    0       3.9044492.36911819.14731
GRID    1586    0       3.9943052.34728820.43566
GRID    1587    0       4.4535062.70530420.71346
GRID    1588    0       4.4667452.62976320.81486
GRID    1589    0       4.5712002.27581021.02181
GRID    1590    0       4.5577282.18349220.83928
GRID    1591    0       5.1993821.50120519.90575
GRID    1592    0       4.5789152.16197720.72559
GRID    1593    0       4.9074651.31464119.17885
GRID    1594    0       4.7443561.25268018.79442
GRID    1595    0       5.1004001.21599118.80923
GRID    1596    0       4.9778371.06396517.86911
GRID    1597    0       4.5634171.16121317.94833
GRID    1598    0       4.4124972.76861520.60475
GRID    1599    0       4.3743692.75816220.47281
GRID    1600    0       4.5173852.68326220.15256
GRID    1601    0       4.3795232.79038520.01999
GRID    1602    0       4.3456062.19887520.18840
GRID    1603    0       4.3151222.16786120.06108
GRID    1604    0       4.1628932.85206717.97795
GRID    1605    0       4.0916632.73498417.96951
GRID    1606    0       4.3256362.81451018.09450
GRID    1607    0       4.6519801.02744816.24101
GRID    1608    0       3.8741331.46802417.78778
GRID    1609    0       4.2036211.26041617.54271
GRID    1610    0       4.2558511.33487518.23266
GRID    1611    0       3.0968932.03526215.32765
GRID    1612    0       4.2186461.74547010.14063
GRID    1613    0       4.2388151.80338910.03110
GRID    1614    0       4.1663131.66046610.06621
GRID    1615    0       3.7480152.15451310.26468
GRID    1616    0       3.9227192.01387910.22892
GRID    1617    0       3.8425261.94959710.55759
GRID    1618    0       4.1939041.60467910.23023
GRID    1619    0       4.2248951.72499910.25609
GRID    1620    0       4.9444132.0332819.676650
GRID    1621    0       4.9513750.96994515.36094
GRID    1622    0       4.8604440.98472314.75946
GRID    1623    0       5.3027500.98372615.06543
GRID    1624    0       4.4843491.08495914.13982
GRID    1625    0       4.9486851.7838679.579573
GRID    1626    0       5.0469401.8736039.560927
GRID    1627    0       5.0231511.8062219.663198
GRID    1628    0       5.0628401.8125019.579563
GRID    1629    0       5.2770851.6997499.855071
GRID    1630    0       4.5756661.9770779.186095
GRID    1631    0       4.5464412.0313509.166899
GRID    1632    0       3.7650811.60670812.24263
GRID    1633    0       5.0297922.5049906.500097
GRID    1634    0       5.0619342.4354356.506655
GRID    1635    0       3.6547552.11230210.62102
GRID    1636    0       3.2130561.82417715.17092
GRID    1637    0       3.1943071.78708415.14463
GRID    1638    0       3.1670661.88639515.21980
GRID    1639    0       3.2447111.89291315.17820
GRID    1640    0       3.3100891.82688115.19401
GRID    1641    0       3.1303741.68694415.08683
GRID    1642    0       4.5465991.09078817.20119
GRID    1643    0       4.1587571.21826816.70668
GRID    1644    0       3.1231752.14167115.18721
GRID    1645    0       3.1138121.99734417.05587
GRID    1646    0       2.9874071.94767616.82723
GRID    1647    0       3.1432523.65506016.03730
GRID    1648    0       3.3005141.67204914.94392
GRID    1649    0       3.2569571.75837315.12869
GRID    1650    0       3.2716371.74926215.23885
GRID    1651    0       3.3363431.61706815.00972
GRID    1652    0       4.1922012.72327818.45562
GRID    1653    0       4.2060392.85045618.36379
GRID    1654    0       4.1412562.82591618.36782
GRID    1655    0       4.2020462.73022718.09997
GRID    1656    0       4.3312212.73166718.24655
GRID    1657    0       4.1440562.74938218.13757
GRID    1658    0       3.3024143.93833113.40578
GRID    1659    0       3.2032343.67709413.13235
GRID    1660    0       3.1463733.67401613.81192
GRID    1661    0       4.1148632.86097018.68238
GRID    1662    0       4.1331612.95280118.61617
GRID    1663    0       4.0622462.97677918.62256
GRID    1664    0       3.6250512.88301819.67801
GRID    1665    0       3.7411562.87778919.61785
GRID    1666    0       4.7610205.37695315.39399
GRID    1667    0       4.5952365.15623415.59678
GRID    1668    0       4.7819505.36436015.62104
GRID    1669    0       3.5863363.04296619.85097
GRID    1670    0       3.6946023.12575819.74915
GRID    1671    0       3.6643883.01275519.70401
GRID    1672    0       4.6981452.91199218.05996
GRID    1673    0       4.8845002.95315417.99413
GRID    1674    0       4.6927712.85232621.63684
GRID    1675    0       4.8213732.79481121.63540
GRID    1676    0       4.6422242.79438321.54992
GRID    1677    0       4.8237672.83365521.70834
GRID    1678    0       4.3379022.62567520.89927
GRID    1679    0       3.9288902.53924920.44887
GRID    1680    0       3.9712952.65690720.55577
GRID    1681    0       3.9072662.80085620.58816
GRID    1682    0       4.0432632.70646920.75052
GRID    1683    0       3.9795742.81421920.77722
GRID    1684    0       4.0963752.77368320.99106
GRID    1685    0       4.3163282.83820620.73510
GRID    1686    0       4.2057352.70844220.77964
GRID    1687    0       4.3810062.74789620.69556
GRID    1688    0       4.3853272.79461920.67147
GRID    1689    0       5.1677443.1107343.840915
GRID    1690    0       4.2909102.87017420.46089
GRID    1691    0       4.3017012.91730120.51433
GRID    1692    0       4.3281762.96159820.47219
GRID    1693    0       3.9405323.00959819.98148
GRID    1694    0       4.1628293.01729918.50898
GRID    1695    0       4.1476353.03875918.61673
GRID    1696    0       4.2170423.10851218.55129
GRID    1697    0       4.2080123.10366618.18837
GRID    1698    0       3.6864762.90904019.85922
GRID    1699    0       3.7427752.70742819.77572
GRID    1700    0       3.2491943.75138216.93892
GRID    1701    0       3.3159073.63422216.97816
GRID    1702    0       3.2021403.52009416.99973
GRID    1703    0       4.0642282.71991019.88512
GRID    1704    0       4.1140993.04892918.79053
GRID    1705    0       4.1772883.11261718.83648
GRID    1706    0       4.1509993.07548718.94702
GRID    1707    0       4.2663212.88054220.01879
GRID    1708    0       4.3029842.87589320.16627
GRID    1709    0       4.1959463.16932018.74469
GRID    1710    0       4.2948653.18921918.81957
GRID    1711    0       4.1247443.24968118.78136
GRID    1712    0       4.1315052.93788818.29903
GRID    1713    0       3.6064703.32509618.45003
GRID    1714    0       3.5028513.19365518.41425
GRID    1715    0       3.4722573.33948718.29162
GRID    1716    0       3.8039822.82558017.61852
GRID    1717    0       3.7323112.82117917.54996
GRID    1718    0       3.8186802.69129417.66302
GRID    1719    0       4.0481122.86085418.63379
GRID    1720    0       3.0483283.08477115.78674
GRID    1721    0       3.0835123.52809815.26028
GRID    1722    0       3.0221333.15163815.25674
GRID    1723    0       3.2535033.75491517.30530
GRID    1724    0       3.2662513.72654117.40464
GRID    1725    0       3.3285113.94769117.34972
GRID    1726    0       3.2395473.46023312.18630
GRID    1727    0       3.3937713.66031211.62806
GRID    1728    0       3.1308483.38336616.47104
GRID    1729    0       4.6506854.90259416.72473
GRID    1730    0       3.3683394.04473217.10957
GRID    1731    0       3.4710154.11492717.44241
GRID    1732    0       3.1769713.57386816.74121
GRID    1733    0       3.2792103.82797817.17856
GRID    1734    0       4.1746083.3568664.632967
GRID    1735    0       4.2250783.3391764.326419
GRID    1736    0       4.3638803.2290944.343979
GRID    1737    0       4.4496433.2222224.125284
GRID    1738    0       4.9971133.6446383.866674
GRID    1739    0       4.7598935.14731514.51356
GRID    1740    0       4.5599635.02885114.48499
GRID    1741    0       4.7022775.20925714.89860
GRID    1742    0       4.4881334.2920199.675402
GRID    1743    0       4.6094774.2003978.844243
GRID    1744    0       4.3852704.1479839.035044
GRID    1745    0       4.9447394.2087098.512976
GRID    1746    0       4.8422724.3466679.380778
GRID    1747    0       5.2236734.3205409.215438
GRID    1748    0       4.8784495.45661515.74614
GRID    1749    0       4.7348285.22814815.87675
GRID    1750    0       5.0080205.46355915.86699
GRID    1751    0       4.3120274.93800715.81694
GRID    1752    0       4.2897443.23085418.55450
GRID    1753    0       4.1353833.08055418.42322
GRID    1754    0       4.0968782.92151218.38425
GRID    1755    0       3.7861543.06659819.67488
GRID    1756    0       4.1802472.98298118.26798
GRID    1757    0       4.1826693.07449118.26966
GRID    1758    0       4.3488642.97841718.04330
GRID    1759    0       4.3272212.93982720.07820
GRID    1760    0       4.2751502.80818219.80839
GRID    1761    0       4.8220062.81329418.21785
GRID    1762    0       4.1810653.00549317.97402
GRID    1763    0       4.4860392.87647618.11789
GRID    1764    0       5.0787222.82394318.16305
GRID    1765    0       4.9850022.87483618.08266
GRID    1766    0       4.9005893.10645517.98960
GRID    1767    0       4.4316882.64486718.73036
GRID    1768    0       4.4628172.63157018.82251
GRID    1769    0       4.6343962.66064218.70430
GRID    1770    0       4.3435343.03057420.29565
GRID    1771    0       4.2942493.09196820.15403
GRID    1772    0       4.0372703.13188019.88919
GRID    1773    0       4.1517153.09912820.07807
GRID    1774    0       4.2246743.09056020.10414
GRID    1775    0       4.1670763.09590020.01614
GRID    1776    0       4.2611843.01369520.24953
GRID    1777    0       4.1379213.29445420.06591
GRID    1778    0       4.1349073.22460720.00297
GRID    1779    0       4.1704453.15989720.08034
GRID    1780    0       4.1221583.47220820.35223
GRID    1781    0       4.1970423.44128120.48789
GRID    1782    0       4.2131013.32358120.30309
GRID    1783    0       3.9555452.99021619.25973
GRID    1784    0       3.8761452.94884519.28466
GRID    1785    0       3.9408693.03774919.30465
GRID    1786    0       3.3130713.60070318.56872
GRID    1787    0       3.3790283.57880518.53448
GRID    1788    0       3.2879723.38561218.55520
GRID    1789    0       3.6404202.74716318.46059
GRID    1790    0       3.7705872.64797818.65295
GRID    1791    0       3.7241192.81781018.58480
GRID    1792    0       4.0116422.97086118.88355
GRID    1793    0       3.9678273.01329618.91761
GRID    1794    0       3.9034813.12452419.42384
GRID    1795    0       4.0684783.15544719.42609
GRID    1796    0       3.6666903.21012419.84175
GRID    1797    0       3.6245023.15907219.91605
GRID    1798    0       3.6861813.13671719.93946
GRID    1799    0       3.5825313.23973518.26842
GRID    1800    0       3.5045813.38385618.15738
GRID    1801    0       3.4886393.13879418.17440
GRID    1802    0       3.5679273.05756018.33466
GRID    1803    0       3.6304293.35000018.30950
GRID    1804    0       3.5600583.53539518.25678
GRID    1805    0       3.4124743.39491718.07647
GRID    1806    0       3.4182163.24074118.08224
GRID    1807    0       3.4752303.40951417.88834
GRID    1808    0       3.4095953.36754417.77199
GRID    1809    0       3.4799403.31998917.92178
GRID    1810    0       3.4201113.70038218.15331
GRID    1811    0       3.4176023.55871218.09232
GRID    1812    0       3.3454843.77832918.11620
GRID    1813    0       3.3204853.65485418.12114
GRID    1814    0       3.3158183.73690418.21398
GRID    1815    0       3.5728554.32460016.84786
GRID    1816    0       3.8145484.28120318.32861
GRID    1817    0       4.0772444.52251217.94309
GRID    1818    0       3.5256734.10502018.14246
GRID    1819    0       3.5536594.20409017.71151
GRID    1820    0       3.3804163.93723218.08521
GRID    1821    0       3.3457223.75430218.37182
GRID    1822    0       3.4098273.91150018.35955
GRID    1823    0       3.2732053.56738218.23990
GRID    1824    0       3.3009593.57472218.37646
GRID    1825    0       4.2527373.26978820.57838
GRID    1826    0       4.1914213.35782320.48272
GRID    1827    0       4.3565203.12879320.84825
GRID    1828    0       4.3491163.14625920.64340
GRID    1829    0       4.2954483.12839720.74342
GRID    1830    0       4.5867432.65518120.63913
GRID    1831    0       4.7656883.30653121.58606
GRID    1832    0       4.6741643.40175521.55949
GRID    1833    0       4.6621003.30224521.46768
GRID    1834    0       4.5404163.43922721.45545
GRID    1835    0       4.4392663.40220621.38344
GRID    1836    0       4.5506083.35213421.40181
GRID    1837    0       4.5484053.17136421.42639
GRID    1838    0       4.6591783.01424821.73973
GRID    1839    0       4.6230742.97347321.68101
GRID    1840    0       4.5988363.01014721.72530
GRID    1841    0       4.3858233.22370121.50218
GRID    1842    0       4.4119303.16813721.54468
GRID    1843    0       4.3695963.13680421.54578
GRID    1844    0       4.6821543.26973321.84689
GRID    1845    0       3.5357903.08916223.80176
GRID    1846    0       3.5874393.16409523.69022
GRID    1847    0       5.3051423.66563421.84726
GRID    1848    0       5.0739573.80405421.66999
GRID    1849    0       4.5953442.96039322.16734
GRID    1850    0       4.5867732.85196922.08416
GRID    1851    0       4.6233872.92164122.17665
GRID    1852    0       4.9675783.15044423.00147
GRID    1853    0       5.0560223.19253123.08666
GRID    1854    0       5.0312123.13687521.92454
GRID    1855    0       4.9169583.04749621.97130
GRID    1856    0       4.6660012.91196422.10592
GRID    1857    0       4.7990022.88086621.83149
GRID    1858    0       4.6419303.18232821.80362
GRID    1859    0       4.8432043.03226624.99797
GRID    1860    0       4.8216303.05440725.07696
GRID    1861    0       3.6096393.16592123.55816
GRID    1862    0       3.5788503.16044323.59994
GRID    1863    0       4.5887992.88453821.60131
GRID    1864    0       4.5370863.03076821.51187
GRID    1865    0       4.4442882.86403921.68230
GRID    1866    0       4.4558782.97211621.64874
GRID    1867    0       4.3820912.89619221.51455
GRID    1868    0       4.4541032.92056821.27523
GRID    1869    0       4.5122092.95410021.45183
GRID    1870    0       4.5306062.84764021.44745
GRID    1871    0       5.1235972.46815120.76239
GRID    1872    0       4.8157552.51063320.73392
GRID    1873    0       5.0108222.44118821.08054
GRID    1874    0       4.9177962.80910821.93855
GRID    1875    0       4.8026652.86413024.99084
GRID    1876    0       4.7179782.99141221.77423
GRID    1877    0       4.9189002.91221025.01036
GRID    1878    0       4.9026632.77873725.00174
GRID    1879    0       4.9079552.79396725.12910
GRID    1880    0       4.9233812.98315424.97727
GRID    1881    0       5.0297223.01627821.99131
GRID    1882    0       4.9048472.92514221.99366
GRID    1883    0       4.6729842.94097922.20168
GRID    1884    0       4.6701152.94834522.25143
GRID    1885    0       4.6879172.95697622.34509
GRID    1886    0       4.6820783.10366822.36955
GRID    1887    0       4.6559143.02985422.22013
GRID    1888    0       4.4334602.99997021.55017
GRID    1889    0       4.3635923.29863421.45208
GRID    1890    0       4.3183853.29409521.42055
GRID    1891    0       3.5882312.96999223.85775
GRID    1892    0       3.5498792.97217223.79555
GRID    1893    0       5.2562492.6445706.630157
GRID    1894    0       5.4413502.7334916.722162
GRID    1895    0       4.0198393.11063020.89476
GRID    1896    0       3.9029143.09404920.61266
GRID    1897    0       3.7089052.89051423.53050
GRID    1898    0       3.6584062.98241123.50550
GRID    1899    0       3.7492673.00868423.51767
GRID    1900    0       4.3469032.90974320.65773
GRID    1901    0       4.3260812.97864220.69962
GRID    1902    0       4.3045472.99884720.57737
GRID    1903    0       4.3774463.00888220.78497
GRID    1904    0       4.3936122.91862720.91974
GRID    1905    0       4.4032082.90557420.81139
GRID    1906    0       5.3263772.7347836.494654
GRID    1907    0       3.6553843.24816123.58446
GRID    1908    0       3.6469443.22824023.68334
GRID    1909    0       3.5978843.26145023.59134
GRID    1910    0       3.6808952.91989923.86943
GRID    1911    0       3.6704122.98749423.83046
GRID    1912    0       3.7813433.00225923.71763
GRID    1913    0       3.5208692.84784023.73467
GRID    1914    0       3.7484052.84069523.79976
GRID    1915    0       3.1992853.72862416.80152
GRID    1916    0       3.2145063.84887416.83954
GRID    1917    0       3.5271743.06069423.66358
GRID    1918    0       3.7010333.23534023.64237
GRID    1919    0       3.7337113.25699123.70968
GRID    1920    0       3.7525673.30811623.58531
GRID    1921    0       3.7549323.41816123.71184
GRID    1922    0       3.7721323.30161723.66604
GRID    1923    0       4.4046953.21664321.31358
GRID    1924    0       4.4478923.11100821.39333
GRID    1925    0       4.4557313.23322121.31048
GRID    1926    0       4.8492132.48306321.19478
GRID    1927    0       4.6806282.57107220.88251
GRID    1928    0       3.9817063.48227120.51862
GRID    1929    0       3.9517223.45483720.39381
GRID    1930    0       4.0648513.46420420.53848
GRID    1931    0       4.3739113.43219421.40697
GRID    1932    0       4.3935013.32387321.35843
GRID    1933    0       4.4567553.46957021.46367
GRID    1934    0       3.5444353.39791423.70522
GRID    1935    0       3.5384303.32784823.64007
GRID    1936    0       5.3821621.8794669.201633
GRID    1937    0       5.2535381.8502039.226384
GRID    1938    0       5.2590221.8965339.138527
GRID    1939    0       4.4251043.08226021.16038
GRID    1940    0       4.4059543.03480921.36859
GRID    1941    0       4.4965093.04317321.37118
GRID    1942    0       4.3664663.38298521.48367
GRID    1943    0       5.0386383.28132323.07349
GRID    1944    0       3.7285943.12907623.68585
GRID    1945    0       3.7166083.07175123.88581
GRID    1946    0       4.7247792.53962625.08359
GRID    1947    0       4.7550892.53509525.14466
GRID    1948    0       5.1557301.7608599.652337
GRID    1949    0       5.1170431.7834769.511916
GRID    1950    0       3.6639103.32935423.55287
GRID    1951    0       3.5502783.40871723.63904
GRID    1952    0       4.6742613.2970923.678700
GRID    1953    0       5.4706892.53113721.00228
GRID    1954    0       5.5218022.52355321.10868
GRID    1955    0       5.5746532.55156021.00129
GRID    1956    0       5.9372892.72383918.06145
GRID    1957    0       6.0633412.71117717.93502
GRID    1958    0       5.9281942.78781217.97820
GRID    1959    0       6.0575832.72935418.01761
GRID    1960    0       5.8648832.81902618.24976
GRID    1961    0       5.8910082.93755818.25252
GRID    1962    0       5.9753292.89348918.09960
GRID    1963    0       5.3974253.15981820.22986
GRID    1964    0       5.4857513.16486420.41940
GRID    1965    0       5.1940993.12465220.33381
GRID    1966    0       6.6352872.77569318.63778
GRID    1967    0       6.6021922.51444718.61347
GRID    1968    0       4.3742342.64690321.16546
GRID    1969    0       4.4164942.67579021.13851
GRID    1970    0       6.9432563.88978916.18382
GRID    1971    0       6.8590124.01135616.59094
GRID    1972    0       5.5245522.39255821.33775
GRID    1973    0       5.4834162.35944021.30495
GRID    1974    0       5.5129382.41914321.26743
GRID    1975    0       7.4560091.65668516.68725
GRID    1976    0       7.4138551.72711716.57112
GRID    1977    0       5.9085072.86225218.51432
GRID    1978    0       5.8903042.85793618.64986
GRID    1979    0       5.9392892.94156718.58938
GRID    1980    0       4.5532003.12178221.77094
GRID    1981    0       4.5688823.24254321.84204
GRID    1982    0       4.5253643.24172321.79115
GRID    1983    0       5.6072663.39439721.58012
GRID    1984    0       5.7197023.04557820.54564
GRID    1985    0       5.6290433.01368120.57013
GRID    1986    0       5.6569923.11106720.58766
GRID    1987    0       4.6898612.48369021.23373
GRID    1988    0       4.3971542.58046920.99793
GRID    1989    0       4.4346632.53426821.02863
GRID    1990    0       4.4386022.60162921.01693
GRID    1991    0       4.3964012.63014621.09242
GRID    1992    0       3.4153842.36059017.62595
GRID    1993    0       3.2611582.48790017.52442
GRID    1994    0       3.3828712.55554217.62650
GRID    1995    0       4.1214932.48122819.74033
GRID    1996    0       3.9561062.65395919.63448
GRID    1997    0       4.0951162.66619719.72761
GRID    1998    0       3.4989052.73401817.90482
GRID    1999    0       3.4758572.97590617.90174
GRID    2000    0       3.6288552.91348618.09157
GRID    2001    0       5.3778912.88926921.93022
GRID    2002    0       7.0745883.53844015.96767
GRID    2003    0       6.9453403.80525515.29745
GRID    2004    0       5.9159872.74651118.17655
GRID    2005    0       5.8112382.73650118.18789
GRID    2006    0       4.0997313.61590020.61311
GRID    2007    0       4.2071113.57421420.76085
GRID    2008    0       4.2029773.50991320.63443
GRID    2009    0       5.4320462.34638721.36123
GRID    2010    0       5.4743462.33899621.34849
GRID    2011    0       5.2210312.80058421.84089
GRID    2012    0       5.4110642.48136321.37250
GRID    2013    0       3.9245683.15766319.83335
GRID    2014    0       3.8709333.16614819.85097
GRID    2015    0       3.5827133.17174018.02309
GRID    2016    0       3.6193723.05444118.10213
GRID    2017    0       3.5785193.23410618.07166
GRID    2018    0       4.4531793.04674921.54207
GRID    2019    0       4.4938403.05021521.67185
GRID    2020    0       4.5183793.04200321.58768
GRID    2021    0       4.4482803.09530321.63443
GRID    2022    0       4.4360232.09133420.23162
GRID    2023    0       4.3566312.13406220.04246
GRID    2024    0       5.3522262.34757421.38517
GRID    2025    0       5.2157402.26542421.45081
GRID    2026    0       5.1935812.30541221.42709
GRID    2027    0       4.1601793.00469819.77488
GRID    2028    0       4.2413172.97536719.92156
GRID    2029    0       4.2028672.75615619.87367
GRID    2030    0       4.1664783.04952419.94065
GRID    2031    0       4.2343133.13033620.01558
GRID    2032    0       4.5051442.67800721.30230
GRID    2033    0       4.5162522.61288721.39209
GRID    2034    0       4.6847732.61613621.79959
GRID    2035    0       6.7651583.69980212.09114
GRID    2036    0       3.2630003.88571616.99743
GRID    2037    0       5.3844883.32912022.42846
GRID    2038    0       5.3801333.11578922.49887
GRID    2039    0       3.7047803.17634019.79203
GRID    2040    0       3.7641273.18476019.83544
GRID    2041    0       4.4960892.57111921.05762
GRID    2042    0       6.7152412.90773317.17133
GRID    2043    0       6.6112662.76701717.28904
GRID    2044    0       6.5487742.89002917.33333
GRID    2045    0       6.6097623.09378517.22114
GRID    2046    0       6.5056652.99947017.30593
GRID    2047    0       5.9832363.05004018.82408
GRID    2048    0       5.9028323.11127818.88298
GRID    2049    0       7.0079323.18075912.86727
GRID    2050    0       4.9656912.33907621.44679
GRID    2051    0       4.6660162.44262321.36007
GRID    2052    0       4.6583972.41442121.30535
GRID    2053    0       4.6365582.50839921.32069
GRID    2054    0       4.0150953.34568020.82781
GRID    2055    0       3.9707823.28710620.74224
GRID    2056    0       5.9334534.68334316.84776
GRID    2057    0       6.3825564.49794116.36793
GRID    2058    0       5.5844902.69666721.38599
GRID    2059    0       4.0696923.21876719.55978
GRID    2060    0       4.0348623.32266119.70817
GRID    2061    0       3.9173923.23999519.51795
GRID    2062    0       3.9627063.07321919.55075
GRID    2063    0       5.7996163.36973921.38853
GRID    2064    0       5.4186112.40199021.35641
GRID    2065    0       5.2103362.35562221.30111
GRID    2066    0       5.2314632.38326621.38182
GRID    2067    0       5.1726782.41533421.42388
GRID    2068    0       5.1483402.34900221.36489
GRID    2069    0       4.5299853.23136921.63694
GRID    2070    0       4.4928393.15195521.64094
GRID    2071    0       4.4923013.19332721.58131
GRID    2072    0       7.1126373.23801014.82838
GRID    2073    0       7.1281963.17569015.66920
GRID    2074    0       7.1051922.89332914.78352
GRID    2075    0       4.5751432.90986820.84817
GRID    2076    0       4.6373902.96022120.72014
GRID    2077    0       4.7446812.93444320.91060
GRID    2078    0       4.5516832.64282220.78712
GRID    2079    0       5.7877783.47956221.14660
GRID    2080    0       4.5589132.73947821.29138
GRID    2081    0       4.6269222.79962321.20809
GRID    2082    0       4.6399272.87963020.95856
GRID    2083    0       4.1919052.77691719.25587
GRID    2084    0       4.1066152.73602519.13106
GRID    2085    0       4.0502142.89496919.15389
GRID    2086    0       4.5345312.32237621.19685
GRID    2087    0       4.4741902.37859121.08612
GRID    2088    0       4.5386232.21466721.11406
GRID    2089    0       5.1050642.30643121.49843
GRID    2090    0       4.8067532.78593321.31247
GRID    2091    0       4.6926092.78355421.38793
GRID    2092    0       4.2789703.2433394.662665
GRID    2093    0       3.8746913.30381220.09624
GRID    2094    0       4.5958152.51692921.24133
GRID    2095    0       4.5351162.51837821.21445
GRID    2096    0       5.5775142.57487121.44185
GRID    2097    0       5.5151202.48565821.55400
GRID    2098    0       4.4407792.79152920.70525
GRID    2099    0       4.4990352.80877520.72833
GRID    2100    0       4.4570372.70010620.82920
GRID    2101    0       4.5139142.92232721.63770
GRID    2102    0       4.4748012.98418421.49950
GRID    2103    0       4.4191822.90816221.51093
GRID    2104    0       3.5596092.65958117.67732
GRID    2105    0       3.4093362.59998217.56969
GRID    2106    0       3.6236752.44075417.79039
GRID    2107    0       3.3732742.55373218.71881
GRID    2108    0       5.9628152.73079519.44548
GRID    2109    0       5.9166312.64700219.50197
GRID    2110    0       4.3851902.77857520.86753
GRID    2111    0       4.4104922.77120020.92587
GRID    2112    0       3.9216013.08468919.68665
GRID    2113    0       4.0135423.12667219.76641
GRID    2114    0       3.9179432.88575719.63843
GRID    2115    0       3.8083612.89448219.33156
GRID    2116    0       3.7886853.13306419.35659
GRID    2117    0       3.9387092.87572519.47231
GRID    2118    0       4.0371432.88656219.70279
GRID    2119    0       5.1987232.68080921.67882
GRID    2120    0       5.0736272.65806321.66006
GRID    2121    0       3.8042232.67747719.59004
GRID    2122    0       3.2192031.58261016.37798
GRID    2123    0       3.2370491.59751215.74570
GRID    2124    0       3.6818751.39270115.95256
GRID    2125    0       2.9354461.50478116.17483
GRID    2126    0       5.5950421.9328309.243192
GRID    2127    0       5.7426451.8385899.142340
GRID    2128    0       5.5648501.9558599.035932
GRID    2129    0       6.3582321.38078614.17961
GRID    2130    0       6.5070071.47348514.48623
GRID    2131    0       6.2275601.28288714.73067
GRID    2132    0       4.6350183.06342021.77005
GRID    2133    0       4.5816573.07480221.71074
GRID    2134    0       5.3058742.80216721.62468
GRID    2135    0       5.9464632.81196018.72099
GRID    2136    0       3.9538692.76512817.81298
GRID    2137    0       5.5366762.90302621.58076
GRID    2138    0       5.6007242.94111321.57497
GRID    2139    0       5.6306623.02973821.46609
GRID    2140    0       4.6702463.07930721.58980
GRID    2141    0       4.6368123.04037021.68649
GRID    2142    0       5.4952843.41880321.49424
GRID    2143    0       5.4648803.32746421.72558
GRID    2144    0       5.6112653.39375521.68620
GRID    2145    0       6.2295122.64524317.81367
GRID    2146    0       6.3203372.58347417.69724
GRID    2147    0       6.1505142.65277017.81971
GRID    2148    0       6.3214862.54502617.57877
GRID    2149    0       6.2399762.60543417.67975
GRID    2150    0       6.2205282.69095517.66610
GRID    2151    0       4.9491872.10000824.99683
GRID    2152    0       4.9929232.13026625.07343
GRID    2153    0       4.9701971.96151425.05453
GRID    2154    0       4.7786691.61987910.72445
GRID    2155    0       6.8761591.97477414.41964
GRID    2156    0       6.8952452.02984314.77548
GRID    2157    0       6.7612591.77232914.76978
GRID    2158    0       6.7310941.71719614.53343
GRID    2159    0       6.4140871.38194215.10886
GRID    2160    0       6.5615981.50325314.83609
GRID    2161    0       5.7593792.70623721.04065
GRID    2162    0       5.7361022.72932220.93592
GRID    2163    0       5.7491942.76061721.03072
GRID    2164    0       5.9435833.14056219.24385
GRID    2165    0       6.0431383.11417319.15064
GRID    2166    0       5.6534455.01725414.54964
GRID    2167    0       5.4204755.04689714.08964
GRID    2168    0       5.3181695.18168414.41327
GRID    2169    0       4.6731313.17277121.51657
GRID    2170    0       4.6838493.26765521.56311
GRID    2171    0       5.7098184.95475414.12804
GRID    2172    0       4.1561962.68931920.90041
GRID    2173    0       3.2923292.00410217.42948
GRID    2174    0       3.3850321.86169417.57650
GRID    2175    0       6.7776062.49468016.99318
GRID    2176    0       6.0221772.67811819.04696
GRID    2177    0       6.0158332.73147519.10450
GRID    2178    0       6.0781892.76395019.04475
GRID    2179    0       5.9707112.78759419.10241
GRID    2180    0       4.7037272.55637121.33957
GRID    2181    0       5.8037882.62957218.65179
GRID    2182    0       5.7036542.62958018.67379
GRID    2183    0       4.3991723.46315621.10128
GRID    2184    0       4.3207333.53710621.04865
GRID    2185    0       4.3637463.48855921.16945
GRID    2186    0       5.6676883.07794821.70856
GRID    2187    0       5.7103942.95427121.67997
GRID    2188    0       5.7501273.01680821.58091
GRID    2189    0       5.6926683.24020321.59070
GRID    2190    0       6.8743781.61835615.46377
GRID    2191    0       6.8158301.74965015.28382
GRID    2192    0       6.8310541.60557015.25198
GRID    2193    0       4.3732812.69318020.96556
GRID    2194    0       4.4028582.73161220.90739
GRID    2195    0       4.5225762.84924521.77273
GRID    2196    0       4.5721142.87833721.82258
GRID    2197    0       4.5288932.93179421.69847
GRID    2198    0       5.6825934.14217820.15939
GRID    2199    0       5.8844664.01478020.27817
GRID    2200    0       5.4603772.65327121.57050
GRID    2201    0       3.5887102.87415523.38947
GRID    2202    0       3.5647452.92795123.44794
GRID    2203    0       3.5806662.97295323.42169
GRID    2204    0       6.5545784.26541713.20208
GRID    2205    0       6.3812624.48979914.04623
GRID    2206    0       5.1927831.7806689.369365
GRID    2207    0       5.6622172.71274521.09566
GRID    2208    0       5.6572672.78640321.13461
GRID    2209    0       4.5212203.19286721.69417
GRID    2210    0       3.2272623.75800017.05106
GRID    2211    0       4.4578633.12034921.74112
GRID    2212    0       4.4254523.15488921.63692
GRID    2213    0       4.4135123.23323621.64853
GRID    2214    0       4.4602383.25332521.36643
GRID    2215    0       4.3843023.24026721.35450
GRID    2216    0       4.4857072.61142321.27688
GRID    2217    0       4.3957383.31274021.53580
GRID    2218    0       4.3809113.22973521.55363
GRID    2219    0       5.0022626.8659420.102268
GRID    2220    0       5.0135316.7744360.101789
GRID    2221    0       4.9940666.7868670.186096
GRID    2222    0       6.8073312.09799712.53421
GRID    2223    0       5.0071936.8816270.212525
GRID    2224    0       4.0008462.97242118.26026
GRID    2225    0       4.0674313.02902818.33786
GRID    2226    0       4.5953292.65496521.54138
GRID    2227    0       4.5650492.65349021.44664
GRID    2228    0       4.5435922.74645421.46242
GRID    2229    0       4.6494832.45231621.40432
GRID    2230    0       4.6392852.41132021.42024
GRID    2231    0       4.7053762.39009621.40456
GRID    2232    0       4.7215852.38101721.47294
GRID    2233    0       4.5508872.84084220.99336
GRID    2234    0       4.6218412.83031121.06123
GRID    2235    0       4.5707172.83023421.09975
GRID    2236    0       4.5189952.80184621.07621
GRID    2237    0       4.4858672.91539720.77725
GRID    2238    0       4.2386873.46818020.70069
GRID    2239    0       4.2702623.36214620.64054
GRID    2240    0       4.3164403.41088220.82543
GRID    2241    0       3.2750922.26756517.20129
GRID    2242    0       3.2776782.02984517.26552
GRID    2243    0       3.2950222.12706117.32203
GRID    2244    0       3.4091873.73519317.63403
GRID    2245    0       3.3136963.73370317.62907
GRID    2246    0       5.2304442.41967521.34670
GRID    2247    0       5.2226652.44326121.39046
GRID    2248    0       4.2817722.95350220.21413
GRID    2249    0       4.3100622.94915220.38084
GRID    2250    0       4.3492842.91164920.27889
GRID    2251    0       3.2427633.47571717.46695
GRID    2252    0       3.2160283.54272217.34767
GRID    2253    0       4.3284172.70307621.14964
GRID    2254    0       4.3338902.61301521.14385
GRID    2255    0       4.3406092.68710821.05917
GRID    2256    0       5.6526173.34281521.61481
GRID    2257    0       5.5972423.30042321.58544
GRID    2258    0       5.6005493.34055821.64088
GRID    2259    0       5.7489603.06956320.43836
GRID    2260    0       6.0447993.6786938.427399
GRID    2261    0       6.1647693.4354418.579777
GRID    2262    0       6.1519373.3456478.154117
GRID    2263    0       8.8379630.64330515.33334
GRID    2264    0       9.1951910.45759915.30906
GRID    2265    0       9.0191900.54636015.48921
GRID    2266    0       4.4305602.66900521.07756
GRID    2267    0       4.4647982.63545321.18423
GRID    2268    0       5.5635523.21898121.70013
GRID    2269    0       5.5626443.28586521.67162
GRID    2270    0       6.6564423.68762318.13167
GRID    2271    0       3.1737221.59247815.54368
GRID    2272    0       2.8383641.42998115.62528
GRID    2273    0       3.4512941.52120115.34102
GRID    2274    0       3.7044951.36876415.46662
GRID    2275    0       6.4393833.21511419.76995
GRID    2276    0       6.3947563.23731319.74839
GRID    2277    0       5.6538091.9022639.428972
GRID    2278    0       5.6462151.9831029.308546
GRID    2279    0       5.8098912.0497189.414660
GRID    2280    0       5.6939393.46203621.46218
GRID    2281    0       5.6477803.46473921.55334
GRID    2282    0       5.6258813.46330021.50956
GRID    2283    0       5.6732783.40242521.53849
GRID    2284    0       4.5279293.17703820.70514
GRID    2285    0       4.7283823.25050920.59689
GRID    2286    0       4.5984383.23234020.54872
GRID    2287    0       5.1614312.28871821.23888
GRID    2288    0       5.0771332.28714321.26294
GRID    2289    0       1.5652140.79111515.52210
GRID    2290    0       1.7773610.89676215.21695
GRID    2291    0       1.8555790.94229315.51778
GRID    2292    0       4.3999562.63587720.99255
GRID    2293    0       4.3995422.66786821.04088
GRID    2294    0       4.4429352.64832820.98291
GRID    2295    0       4.2321761.14472915.86282
GRID    2296    0       4.7706352.52755521.68296
GRID    2297    0       4.8726022.55314921.65017
GRID    2298    0       5.9434843.20524819.50994
GRID    2299    0       6.0905193.12096919.76103
GRID    2300    0       6.6727682.84728618.36309
GRID    2301    0       6.7742892.76656618.20790
GRID    2302    0       6.2703312.6360009.295445
GRID    2303    0       6.2784642.9358428.976446
GRID    2304    0       6.4118922.8717819.607954
GRID    2305    0       6.3570273.1184189.331344
GRID    2306    0       4.9889393.0582333.958900
GRID    2307    0       5.0411012.9191493.976152
GRID    2308    0       4.4666783.36870621.51210
GRID    2309    0       4.5409753.38738621.53778
GRID    2310    0       4.4539273.42055021.60196
GRID    2311    0       6.9150673.06535817.01786
GRID    2312    0       6.7635543.08779317.06015
GRID    2313    0       6.9209583.24910216.98332
GRID    2314    0       3.4341803.23230218.72463
GRID    2315    0       3.3670202.94795118.72743
GRID    2316    0       3.2386313.08543318.58378
GRID    2317    0       6.8033221.84782913.71698
GRID    2318    0       6.7105481.80296312.95851
GRID    2319    0       6.8422782.02205713.06277
GRID    2320    0       4.7475941.8226009.320569
GRID    2321    0       4.9411191.7767189.406049
GRID    2322    0       4.7985531.7484289.458317
GRID    2323    0       5.6996232.79351420.47766
GRID    2324    0       5.6920352.73022420.55148
GRID    2325    0       7.0084122.91647316.56233
GRID    2326    0       6.9344992.81488016.78528
GRID    2327    0       5.7055862.78388620.60659
GRID    2328    0       4.0091352.73126118.00252
GRID    2329    0       3.9415232.78752417.89671
GRID    2330    0       4.0089712.92093017.94936
GRID    2331    0       6.1166413.58046520.33380
GRID    2332    0       5.9930313.52302120.41348
GRID    2333    0       6.0546773.61411120.51707
GRID    2334    0       6.8944823.59800412.63873
GRID    2335    0       5.6921693.12379120.97802
GRID    2336    0       5.7153003.14694420.82240
GRID    2337    0       4.4796911.9337499.309477
GRID    2338    0       4.3646682.0670959.231261
GRID    2339    0       6.8826212.93028518.59509
GRID    2340    0       6.8586522.65115018.61617
GRID    2341    0       4.3655282.80451720.74659
GRID    2342    0       4.3403832.78217320.85699
GRID    2343    0       4.6067152.46484121.26019
GRID    2344    0       5.4320813.21492921.71974
GRID    2345    0       3.8409003.5600039.433140
GRID    2346    0       3.8424543.88224910.21019
GRID    2347    0       5.7788072.93522620.53750
GRID    2348    0       5.8138752.92099320.63570
GRID    2349    0       5.7423872.87423220.62844
GRID    2350    0       5.4710442.95099421.67244
GRID    2351    0       4.3163822.89714321.26324
GRID    2352    0       4.3246662.70492521.27135
GRID    2353    0       4.3320762.74318221.38427
GRID    2354    0       4.5251182.45788821.06472
GRID    2355    0       5.9303813.10213619.07487
GRID    2356    0       4.3414592.82696721.19812
GRID    2357    0       6.5195153.07997218.58319
GRID    2358    0       6.5092952.81783018.57482
GRID    2359    0       3.9128463.26361918.86316
GRID    2360    0       3.7870453.23508818.63761
GRID    2361    0       3.8066833.07967718.80092
GRID    2362    0       3.8481902.80702018.76424
GRID    2363    0       3.6823243.06322618.56029
GRID    2364    0       5.6193352.16360520.81497
GRID    2365    0       5.6280272.13803920.63374
GRID    2366    0       4.4640992.60469121.60501
GRID    2367    0       4.6364712.54413721.60457
GRID    2368    0       4.6689832.53769821.70323
GRID    2369    0       5.8995043.20087019.36052
GRID    2370    0       5.1055872.40070721.34556
GRID    2371    0       7.0964953.18331416.22454
GRID    2372    0       7.0569363.45025116.45290
GRID    2373    0       7.0289863.21726916.61555
GRID    2374    0       3.5523931.69276217.74956
GRID    2375    0       3.5492461.65167417.46422
GRID    2376    0       6.4622421.73573418.30745
GRID    2377    0       6.6622711.98800518.27153
GRID    2378    0       6.5760571.94276218.57843
GRID    2379    0       4.5620202.75696021.75061
GRID    2380    0       4.8285702.38239121.48330
GRID    2381    0       5.2890893.24327921.74498
GRID    2382    0       5.2863853.9938487.143466
GRID    2383    0       5.1139594.0020366.921499
GRID    2384    0       5.0912394.0577757.063414
GRID    2385    0       5.3134263.9306056.882220
GRID    2386    0       5.9218152.98472118.17108
GRID    2387    0       6.0362383.08359417.99783
GRID    2388    0       6.0685982.89183117.97687
GRID    2389    0       5.9080263.10860518.16541
GRID    2390    0       5.9232723.03599018.26464
GRID    2391    0       6.6266261.58318914.61100
GRID    2392    0       5.4669722.98172221.47816
GRID    2393    0       5.5019133.00543521.29971
GRID    2394    0       6.6587501.61551914.74689
GRID    2395    0       3.5137173.92761911.76769
GRID    2396    0       3.3944223.93439812.58221
GRID    2397    0       3.5941454.19809412.58689
GRID    2398    0       5.5793263.04957521.41754
GRID    2399    0       5.5483563.05874721.52753
GRID    2400    0       5.6162813.07055421.48752
GRID    2401    0       5.7839572.82285220.62192
GRID    2402    0       5.7701542.82412220.69833
GRID    2403    0       3.2729532.99484718.43944
GRID    2404    0       3.1847412.85753718.32427
GRID    2405    0       3.3054492.70085818.48649
GRID    2406    0       6.6616171.62601714.32517
GRID    2407    0       5.1617772.7050946.276345
GRID    2408    0       5.2847212.7579456.300035
GRID    2409    0       5.1760502.6851786.363239
GRID    2410    0       4.7145352.54496621.62043
GRID    2411    0       3.7198923.37914623.56310
GRID    2412    0       5.7244752.83853620.57004
GRID    2413    0       4.6504992.85579322.26067
GRID    2414    0       6.7678853.03288711.31631
GRID    2415    0       6.8531963.35172312.01049
GRID    2416    0       6.5616933.36628810.67754
GRID    2417    0       3.3688133.76341518.07137
GRID    2418    0       4.5772952.53362821.02748
GRID    2419    0       4.3525062.61516820.52246
GRID    2420    0       4.3032882.88794020.63059
GRID    2421    0       4.2592432.95559920.55717
GRID    2422    0       4.3018692.86160620.55062
GRID    2423    0       6.7629971.54450414.83640
GRID    2424    0       6.8214131.49587614.69048
GRID    2425    0       6.8700291.48060614.88306
GRID    2426    0       3.4906534.23624413.61444
GRID    2427    0       3.3060644.03682814.09764
GRID    2428    0       4.4489282.81857720.84762
GRID    2429    0       4.4234832.81183620.74849
GRID    2430    0       4.4823682.61224720.93662
GRID    2431    0       4.4941682.72815720.99084
GRID    2432    0       4.5278543.26844721.70389
GRID    2433    0       4.3908123.10552621.00431
GRID    2434    0       4.4067303.16232321.08034
GRID    2435    0       3.8395231.93670919.41771
GRID    2436    0       4.4192483.25074321.12617
GRID    2437    0       4.4538573.21916421.21310
GRID    2438    0       5.7309992.63742420.57241
GRID    2439    0       4.5710702.60516721.72775
GRID    2440    0       8.8252200.64828915.69372
GRID    2441    0       8.8063610.66069415.97358
GRID    2442    0       8.5288140.80586615.88736
GRID    2443    0       4.7242682.65618821.61051
GRID    2444    0       4.6982892.57721821.56561
GRID    2445    0       5.0130112.83247821.24305
GRID    2446    0       4.8681782.84438021.15377
GRID    2447    0       4.9728122.85089721.05785
GRID    2448    0       4.7859822.58842321.61636
GRID    2449    0       5.5549162.09144320.90262
GRID    2450    0       5.4984442.11082121.01828
GRID    2451    0       5.5732563.34773421.85163
GRID    2452    0       5.5421803.42200221.86822
GRID    2453    0       5.5142283.37753521.97449
GRID    2454    0       5.8343162.39194720.84571
GRID    2455    0       5.7119392.18126820.95059
GRID    2456    0       5.9633642.22440920.58085
GRID    2457    0       3.9640223.18174118.99800
GRID    2458    0       3.9900903.09346619.06083
GRID    2459    0       4.0599193.24437419.16915
GRID    2460    0       3.8362413.33646918.71382
GRID    2461    0       3.8905523.32442118.91708
GRID    2462    0       3.8124233.37759818.77606
GRID    2463    0       3.8985073.05579519.03055
GRID    2464    0       3.8094462.98638518.89679
GRID    2465    0       4.5252602.61654920.86866
GRID    2466    0       4.2020214.0686639.189110
GRID    2467    0       5.7234422.35879021.01312
GRID    2468    0       4.4091982.79589420.24011
GRID    2469    0       4.4059982.80428320.34983
GRID    2470    0       4.5196032.70938620.40578
GRID    2471    0       5.0082243.23884119.00138
GRID    2472    0       4.6689433.24323919.37537
GRID    2473    0       4.5776473.23458719.09032
GRID    2474    0       3.5593442.88698818.56766
GRID    2475    0       3.4871803.02165718.47422
GRID    2476    0       4.9632752.0281868.816214
GRID    2477    0       5.1521812.0433438.768198
GRID    2478    0       5.0855552.0097458.871187
GRID    2479    0       6.0547113.20735620.05562
GRID    2480    0       4.6918082.40831921.36084
GRID    2481    0       6.7372803.05714718.55375
GRID    2482    0       6.7152233.24385918.58947
GRID    2483    0       5.9646393.12145520.05951
GRID    2484    0       5.9179283.08736820.02361
GRID    2485    0       3.3310702.42825017.31511
GRID    2486    0       3.3717442.23331517.34480
GRID    2487    0       3.2650342.27840417.30490
GRID    2488    0       3.8156353.05137617.99004
GRID    2489    0       3.8814763.18729918.12191
GRID    2490    0       3.7928533.29918917.96793
GRID    2491    0       5.7665382.95056720.61411
GRID    2492    0       5.1654861.66724525.04321
GRID    2493    0       5.1721091.53696025.05183
GRID    2494    0       5.1684411.60912625.12013
GRID    2495    0       5.2221615.50031214.52666
GRID    2496    0       5.2020965.43383214.22438
GRID    2497    0       5.1637212.7328966.191773
GRID    2498    0       6.3444772.3967779.877015
GRID    2499    0       6.3404542.13602810.42363
GRID    2500    0       6.1852882.10213110.13094
GRID    2501    0       3.6991773.05187819.21928
GRID    2502    0       3.7522613.35960119.27007
GRID    2503    0       5.2778122.55507121.77217
GRID    2504    0       5.3451242.55104921.73997
GRID    2505    0       4.2124061.7119549.782899
GRID    2506    0       4.2464501.7416009.455317
GRID    2507    0       4.0617211.5706879.616110
GRID    2508    0       4.6620313.22310418.86217
GRID    2509    0       4.3668052.72701618.55697
GRID    2510    0       4.4243283.21223118.77713
GRID    2511    0       5.0156352.5502476.733961
GRID    2512    0       4.9944612.5957606.553441
GRID    2513    0       4.1786682.91786218.59236
GRID    2514    0       4.2326482.83451318.66894
GRID    2515    0       3.5561293.40863818.00578
GRID    2516    0       3.6454013.34809718.15600
GRID    2517    0       2.6749171.51170815.03314
GRID    2518    0       2.3566861.43214715.17680
GRID    2519    0       3.1764353.41095217.16187
GRID    2520    0       3.2021633.63221617.10879
GRID    2521    0       2.3947711.37373914.92896
GRID    2522    0       4.6559881.7201389.510585
GRID    2523    0       4.5687113.08872921.63218
GRID    2524    0       4.5242083.10245021.68747
GRID    2525    0       4.8040321.7099449.669796
GRID    2526    0       3.3563662.86797518.54127
GRID    2527    0       4.2228863.52480621.18283
GRID    2528    0       4.3232753.49390121.38024
GRID    2529    0       4.3814723.64399721.27872
GRID    2530    0       4.8638812.66822121.67521
GRID    2531    0       6.7993531.68537815.13885
GRID    2532    0       4.7555203.15027520.23609
GRID    2533    0       4.8515923.15471720.12795
GRID    2534    0       4.8533763.12530220.36829
GRID    2535    0       4.7241643.14881520.36055
GRID    2536    0       5.5673832.69127620.53831
GRID    2537    0       5.4132532.57097720.49424
GRID    2538    0       6.8286712.26347617.17789
GRID    2539    0       5.9288432.82530219.01036
GRID    2540    0       5.8415772.72108019.05900
GRID    2541    0       5.8735822.76700219.13169
GRID    2542    0       3.6765133.27767019.87935
GRID    2543    0       5.6771693.32972521.55761
GRID    2544    0       5.6529073.22366021.54579
GRID    2545    0       5.5207952.89546021.11303
GRID    2546    0       5.5153762.82545321.28323
GRID    2547    0       4.3802773.06778621.24321
GRID    2548    0       5.4327813.5457674.227839
GRID    2549    0       3.4764523.47646517.81729
GRID    2550    0       4.4647843.19998020.52001
GRID    2551    0       4.3895253.17052920.53557
GRID    2552    0       6.8085854.00175416.88763
GRID    2553    0       6.7970893.93695817.14504
GRID    2554    0       6.8568143.84551216.99451
GRID    2555    0       5.5630482.0210589.192483
GRID    2556    0       3.5703844.02014418.54017
GRID    2557    0       7.0435193.52448814.68004
GRID    2558    0       4.9612512.1292759.638063
GRID    2559    0       4.2005003.15801620.14700
GRID    2560    0       4.2222083.20237620.16346
GRID    2561    0       4.2246703.12904920.22294
GRID    2562    0       5.5923452.82009421.23988
GRID    2563    0       5.6114982.86218821.14575
GRID    2564    0       4.5099822.80925821.12875
GRID    2565    0       4.4635392.74316921.14367
GRID    2566    0       5.8016253.06865920.41462
GRID    2567    0       5.7789973.12556920.41110
GRID    2568    0       5.8376922.99938620.46546
GRID    2569    0       4.9573975.02810513.59118
GRID    2570    0       4.9807345.01713113.51114
GRID    2571    0       4.9274532.71304221.92129
GRID    2572    0       6.3282593.39345618.60221
GRID    2573    0       6.3920583.43841618.61272
GRID    2574    0       6.2566153.36199318.82342
GRID    2575    0       6.3967363.27795418.62167
GRID    2576    0       4.4511622.56165920.96496
GRID    2577    0       4.5830032.59422521.43851
GRID    2578    0       3.8867562.86892918.94077
GRID    2579    0       3.9982862.77288019.02545
GRID    2580    0       4.0091082.99165819.17174
GRID    2581    0       4.3670822.73525320.97109
GRID    2582    0       4.3542132.84265820.85538
GRID    2583    0       3.3276643.71490312.22236
GRID    2584    0       3.9254423.18337519.80784
GRID    2585    0       3.9008223.17598719.72761
GRID    2586    0       5.7247822.84109820.77083
GRID    2587    0       5.8226212.60772420.82435
GRID    2588    0       5.6938632.64065220.86169
GRID    2589    0       4.4384523.21268521.54877
GRID    2590    0       4.4970883.26359421.57339
GRID    2591    0       4.2124083.19254118.16225
GRID    2592    0       5.7076042.98080520.75082
GRID    2593    0       8.6205280.99776915.46326
GRID    2594    0       8.1332241.25995715.31531
GRID    2595    0       8.3503771.16058215.71465
GRID    2596    0       5.8026923.54878121.07523
GRID    2597    0       3.0580743.43118014.09473
GRID    2598    0       3.1914493.85784214.56225
GRID    2599    0       3.0859273.29189213.23273
GRID    2600    0       8.6448200.96452615.86800
GRID    2601    0       4.3364973.13962620.49262
GRID    2602    0       4.2911513.13596920.56717
GRID    2603    0       4.5154592.27894320.59192
GRID    2604    0       3.6736192.57390318.88277
GRID    2605    0       6.0369673.3436316.139777
GRID    2606    0       3.2742081.63082115.29095
GRID    2607    0       3.2850561.70704415.37588
GRID    2608    0       4.9879005.8830181.791311
GRID    2609    0       4.9988115.8222091.489946
GRID    2610    0       4.9931365.6247271.783689
GRID    2611    0       3.7188243.41591818.48347
GRID    2612    0       3.7342933.43077518.63504
GRID    2613    0       3.5863343.52749118.40485
GRID    2614    0       5.9723822.48656519.47556
GRID    2615    0       3.8981182.1519749.952950
GRID    2616    0       3.7651722.4374199.674522
GRID    2617    0       4.1187262.0245599.796527
GRID    2618    0       6.4158722.63521319.60968
GRID    2619    0       3.7807692.99539423.60169
GRID    2620    0       3.7461193.10736123.58440
GRID    2621    0       3.8478483.02866419.31905
GRID    2622    0       3.7912903.00882019.28008
GRID    2623    0       3.6570483.45639018.05805
GRID    2624    0       4.8725751.7433319.537922
GRID    2625    0       5.5493102.63634621.29057
GRID    2626    0       5.5369352.60465321.37011
GRID    2627    0       5.4970782.67433021.41540
GRID    2628    0       3.5391132.39739823.71738
GRID    2629    0       3.5848742.31060223.71407
GRID    2630    0       4.9859463.2358523.366617
GRID    2631    0       4.6264123.12946821.67238
GRID    2632    0       4.0604052.97037018.71312
GRID    2633    0       4.0706343.11809418.69666
GRID    2634    0       4.1311463.12132618.67475
GRID    2635    0       4.0918432.92051618.86736
GRID    2636    0       4.0725612.98537118.81682
GRID    2637    0       5.2748873.0638524.590575
GRID    2638    0       5.0069153.0646134.287580
GRID    2639    0       5.4883265.00262213.76308
GRID    2640    0       5.2989705.03980713.85816
GRID    2641    0       6.2050393.16079719.71385
GRID    2642    0       4.8346672.0492628.890898
GRID    2643    0       4.9491081.9878918.968597
GRID    2644    0       4.4744993.15996221.70276
GRID    2645    0       5.9624722.93002818.29825
GRID    2646    0       5.8421532.83420018.33921
GRID    2647    0       5.9904893.05164118.27393
GRID    2648    0       6.0917432.89801818.20922
GRID    2649    0       4.4243703.46736921.57597
GRID    2650    0       4.4782653.36166921.72271
GRID    2651    0       4.4167093.35459321.62608
GRID    2652    0       4.3678133.13522021.40955
GRID    2653    0       3.6652512.61122818.50991
GRID    2654    0       3.6903272.53226918.59572
GRID    2655    0       3.5105981.63722913.27794
GRID    2656    0       3.5020551.57897013.99401
GRID    2657    0       5.0771121.2461652.264294
GRID    2658    0       5.0751851.3697592.455521
GRID    2659    0       5.0737641.1722742.402252
GRID    2660    0       5.5675132.43247221.20625
GRID    2661    0       5.5411312.47997521.18703
GRID    2662    0       6.3793193.00440619.24343
GRID    2663    0       6.3141112.73458519.21552
GRID    2664    0       5.3243592.8294746.080032
GRID    2665    0       5.0794462.7180106.100455
GRID    2666    0       4.5671912.84525922.19099
GRID    2667    0       4.2573413.13659118.66770
GRID    2668    0       5.6376352.84394721.64170
GRID    2669    0       5.6447942.92362621.64836
GRID    2670    0       5.6163402.84507121.72578
GRID    2671    0       5.5759063.00811321.70833
GRID    2672    0       6.5506631.44773115.36974
GRID    2673    0       6.1733711.25671415.37000
GRID    2674    0       5.6761532.69487620.79331
GRID    2675    0       5.6294012.60427820.87675
GRID    2676    0       5.6774573.06438821.51697
GRID    2677    0       5.6167422.66377621.26258
GRID    2678    0       5.6549362.65538921.32896
GRID    2679    0       4.9498485.83246514.50100
GRID    2680    0       4.9069245.67789214.69068
GRID    2681    0       4.9627625.96482214.63426
GRID    2682    0       5.6104043.32043821.75814
GRID    2683    0       4.2581422.71501020.27590
GRID    2684    0       4.3081532.74301020.45531
GRID    2685    0       3.2449823.00650018.16268
GRID    2686    0       3.3336983.29286718.18398
GRID    2687    0       4.2961652.51456520.28595
GRID    2688    0       4.6627763.19819721.71008
GRID    2689    0       4.6023643.08615821.51938
GRID    2690    0       4.4423663.27840421.54839
GRID    2691    0       4.4829723.32280421.59217
GRID    2692    0       6.3724232.76648119.04909
GRID    2693    0       6.4239592.62323818.87910
GRID    2694    0       4.9101165.75938515.05109
GRID    2695    0       4.8360975.48915214.93325
GRID    2696    0       5.2024752.75670325.00942
GRID    2697    0       5.1248942.77444024.95025
GRID    2698    0       4.1723053.14858320.15872
GRID    2699    0       4.8182262.73011321.52272
GRID    2700    0       3.6633382.67588623.41863
GRID    2701    0       3.5912972.78816623.43052
GRID    2702    0       5.9248772.57181920.68937
GRID    2703    0       4.5262642.64317721.00771
GRID    2704    0       5.9844401.19622715.88869
GRID    2705    0       4.3745163.15056020.47701
GRID    2706    0       4.3646273.11281820.39234
GRID    2707    0       4.3542333.18788520.35983
GRID    2708    0       4.3259043.12761820.40152
GRID    2709    0       3.7237562.69195723.51029
GRID    2710    0       3.5568442.74156523.53052
GRID    2711    0       3.5997372.67321123.41259
GRID    2712    0       6.7993463.57526317.66367
GRID    2713    0       6.8841323.48646417.71211
GRID    2714    0       6.8567793.45851817.65482
GRID    2715    0       5.4562342.43409221.41398
GRID    2716    0       3.5551313.02377623.49018
GRID    2717    0       3.5792833.00239623.51517
GRID    2718    0       5.0822896.7652840.572125
GRID    2719    0       5.1008966.6462370.728069
GRID    2720    0       5.0970516.5527320.564625
GRID    2721    0       5.0662696.7803680.691705
GRID    2722    0       4.4970691.9437779.052017
GRID    2723    0       4.3588231.8364209.146239
GRID    2724    0       3.6482551.91121523.58581
GRID    2725    0       3.7085742.02364023.58545
GRID    2726    0       1.4800370.92105614.97419
GRID    2727    0       1.3018790.83808315.06752
GRID    2728    0       1.5267240.99213515.24200
GRID    2729    0       4.7256002.38360521.34537
GRID    2730    0       4.2112773.07565620.45780
GRID    2731    0       4.2896113.03625220.38806
GRID    2732    0       4.2221503.01900620.47295
GRID    2733    0       4.2607953.08426720.30682
GRID    2734    0       5.7909334.86772313.74424
GRID    2735    0       5.1727522.73801225.19928
GRID    2736    0       5.2111742.63529625.18310
GRID    2737    0       4.4535022.64477121.24265
GRID    2738    0       4.2842702.83134921.08985
GRID    2739    0       4.5592564.97352114.14376
GRID    2740    0       4.2735264.88395014.34243
GRID    2741    0       5.4778262.2294528.428591
GRID    2742    0       5.5857802.1761408.748318
GRID    2743    0       5.2867202.1236978.582077
GRID    2744    0       6.4018783.26002819.20462
GRID    2745    0       6.3153513.16134119.35697
GRID    2746    0       6.3224173.15512718.81605
GRID    2747    0       6.3046883.01019118.88699
GRID    2748    0       6.2308113.18438018.94490
GRID    2749    0       5.6155873.46025221.60923
GRID    2750    0       5.5817803.44316421.68511
GRID    2751    0       4.2276092.88307918.25668
GRID    2752    0       4.1019472.87908418.07436
GRID    2753    0       4.0551802.90651517.91394
GRID    2754    0       4.0385333.03391517.84252
GRID    2755    0       4.1566903.16013817.91067
GRID    2756    0       4.4266372.65314221.30679
GRID    2757    0       3.5385742.57479318.49983
GRID    2758    0       3.6617122.60154618.63655
GRID    2759    0       5.8905632.70184420.64451
GRID    2760    0       6.0098422.62606820.55029
GRID    2761    0       6.0563312.66312120.64579
GRID    2762    0       4.4722843.13596821.28482
GRID    2763    0       4.5689162.99451221.36102
GRID    2764    0       4.6127323.05325921.07753
GRID    2765    0       2.0580751.06242414.59392
GRID    2766    0       1.9235220.97663314.71274
GRID    2767    0       1.8620880.97332914.57387
GRID    2768    0       6.1188863.89990620.15880
GRID    2769    0       5.7885971.7886109.340288
GRID    2770    0       4.9791053.4931063.423036
GRID    2771    0       4.9777813.3550873.166513
GRID    2772    0       4.4098733.20748421.56711
GRID    2773    0       3.1238332.22353214.45873
GRID    2774    0       3.1995162.06802214.84564
GRID    2775    0       3.0739972.35181615.01538
GRID    2776    0       5.5090791.8984359.111331
GRID    2777    0       5.4331581.9567688.998419
GRID    2778    0       3.6802673.22604018.44498
GRID    2779    0       5.1915132.43845421.75202
GRID    2780    0       3.5413582.86410817.31352
GRID    2781    0       3.4433252.99508817.19959
GRID    2782    0       3.4291702.82046117.20384
GRID    2783    0       6.9207483.26613517.42299
GRID    2784    0       6.8158393.32548917.59007
GRID    2785    0       6.8628663.16993517.52229
GRID    2786    0       9.2506550.59706414.99442
GRID    2787    0       9.5611500.42504915.11173
GRID    2788    0       9.5217720.43720414.84957
GRID    2789    0       5.2953722.45761721.84142
GRID    2790    0       5.0830962.43657021.85006
GRID    2791    0       4.4762513.1447544.836620
GRID    2792    0       4.2405003.2390225.022995
GRID    2793    0       4.1403203.3711485.172224
GRID    2794    0       5.1368462.73325321.55432
GRID    2795    0       5.3574192.60119921.58613
GRID    2796    0       4.0618893.41865420.15746
GRID    2797    0       4.0288213.50786420.26231
GRID    2798    0       4.1403803.38229620.23488
GRID    2799    0       4.1774623.29810020.16401
GRID    2800    0       5.9042583.59963420.80396
GRID    2801    0       7.1046842.85438013.96992
GRID    2802    0       7.1015383.17026014.05270
GRID    2803    0       7.0632992.52610214.03490
GRID    2804    0       5.7526703.45489521.42292
GRID    2805    0       4.6428392.39199721.36095
GRID    2806    0       5.7784913.08787121.47693
GRID    2807    0       3.3764473.78269318.50892
GRID    2808    0       5.4533963.07199121.57409
GRID    2809    0       5.5681773.08298321.62555
GRID    2810    0       4.2668512.88757620.83950
GRID    2811    0       6.8219192.37489617.59377
GRID    2812    0       6.8126012.17807217.52860
GRID    2813    0       6.7334692.30580717.59295
GRID    2814    0       4.4216843.08542520.57750
GRID    2815    0       4.4923563.11601120.59153
GRID    2816    0       4.5149631.6234689.779060
GRID    2817    0       4.8182401.6892539.994209
GRID    2818    0       5.0790626.59758514.16612
GRID    2819    0       5.0892536.39394414.32776
GRID    2820    0       5.0874596.35970414.07948
GRID    2821    0       9.0459550.70042715.85405
GRID    2822    0       8.8077840.81742616.08500
GRID    2823    0       6.4993243.21508017.39313
GRID    2824    0       4.8230042.81983125.14966
GRID    2825    0       4.8362502.90293925.16335
GRID    2826    0       4.4562873.03246521.44842
GRID    2827    0       5.8561743.18199720.09145
GRID    2828    0       5.8898603.28259420.02117
GRID    2829    0       5.1287945.16789713.53245
GRID    2830    0       5.0674625.04737513.38765
GRID    2831    0       5.0501755.12477713.38626
GRID    2832    0       5.2658312.22522325.07238
GRID    2833    0       5.2518462.26477325.01640
GRID    2834    0       5.2646562.33469325.06612
GRID    2835    0       5.1264843.1218973.689528
GRID    2836    0       3.8512612.6169829.175449
GRID    2837    0       4.3633783.8057216.882072
GRID    2838    0       4.7764303.9882767.147374
GRID    2839    0       4.8197893.9383316.859715
GRID    2840    0       4.4014603.00313721.67336
GRID    2841    0       4.4770343.05725521.82479
GRID    2842    0       4.9932874.0086836.978227
GRID    2843    0       6.4141143.69883910.66262
GRID    2844    0       6.2549463.99430610.77187
GRID    2845    0       3.9893362.7414138.604649
GRID    2846    0       6.5475171.55688313.43632
GRID    2847    0       4.5892932.11110721.03350
GRID    2848    0       4.6438862.13352921.10718
GRID    2849    0       3.7582743.13557419.84866
GRID    2850    0       3.8373413.14763319.81365
GRID    2851    0       3.8261273.19047319.77888
GRID    2852    0       3.9380913.24015320.03597
GRID    2853    0       3.9412273.18111819.94449
GRID    2854    0       3.2519413.65045916.88248
GRID    2855    0       3.2617223.76074616.91133
GRID    2856    0       4.3565343.30563621.48477
GRID    2857    0       5.7355812.74338920.42623
GRID    2858    0       3.6910803.97116011.00265
GRID    2859    0       3.7180284.18418611.77072
GRID    2860    0       3.9422114.14875610.66188
GRID    2861    0       6.4708051.41344815.80478
GRID    2862    0       5.0693552.29534021.41447
GRID    2863    0       5.1155322.38881321.40310
GRID    2864    0       6.6033172.30083618.58884
GRID    2865    0       5.7915152.86258720.50493
GRID    2866    0       5.7577192.75274420.54471
GRID    2867    0       5.4998512.58785821.46318
GRID    2868    0       4.3856882.82756420.69436
GRID    2869    0       4.3578722.85437620.71886
GRID    2870    0       5.0691753.6694565.128031
GRID    2871    0       4.6784373.6534775.390333
GRID    2872    0       5.0333283.7785175.927536
GRID    2873    0       5.4101203.6643905.463575
GRID    2874    0       4.4293132.99303120.67183
GRID    2875    0       4.4604812.95275820.67151
GRID    2876    0       5.8219683.19622318.46490
GRID    2877    0       5.7995133.17946618.34450
GRID    2878    0       2.1268081.31765715.18167
GRID    2879    0       1.8048041.17351615.41423
GRID    2880    0       2.2044421.40918615.47422
GRID    2881    0       5.3900353.17224121.55690
GRID    2882    0       5.3025773.23530021.65328
GRID    2883    0       3.3091061.61309115.13064
GRID    2884    0       4.9905443.5868933.643432
GRID    2885    0       4.4565533.15293321.59725
GRID    2886    0       4.4872742.2285408.597751
GRID    2887    0       4.6110092.1163118.832297
GRID    2888    0       6.0299424.76554914.16058
GRID    2889    0       5.9199784.87144314.79387
GRID    2890    0       5.7127653.38039421.52855
GRID    2891    0       6.2417852.95488019.92905
GRID    2892    0       6.8220361.66568615.46587
GRID    2893    0       6.7842891.57609815.61019
GRID    2894    0       6.7234941.59952415.33608
GRID    2895    0       5.3573681.9218639.080014
GRID    2896    0       5.2421261.9454839.046324
GRID    2897    0       5.6044302.69495621.02070
GRID    2898    0       5.6920832.66046921.17406
GRID    2899    0       5.6455032.68792120.73906
GRID    2900    0       5.7293752.73291520.63479
GRID    2901    0       5.6760143.29327221.68918
GRID    2902    0       5.0017723.9772986.843438
GRID    2903    0       6.9479612.14954613.97676
GRID    2904    0       7.0634752.42981214.83895
GRID    2905    0       3.1985402.69240018.19587
GRID    2906    0       3.2435782.51984518.36565
GRID    2907    0       3.9953002.43113819.37052
GRID    2908    0       4.1049082.49873919.50285
GRID    2909    0       4.0833272.45816819.42335
GRID    2910    0       4.0166262.55866819.41995
GRID    2911    0       3.8600163.20528217.74858
GRID    2912    0       3.8610523.33140917.70070
GRID    2913    0       3.9891223.27084117.87554
GRID    2914    0       3.8084892.9837818.919029
GRID    2915    0       5.4837524.94737913.35448
GRID    2916    0       3.8707703.12240818.89735
GRID    2917    0       6.2723623.46424920.28462
GRID    2918    0       6.2480313.54776520.20806
GRID    2919    0       6.2212533.57321620.37496
GRID    2920    0       6.0101352.87995218.36035
GRID    2921    0       4.0687433.09238517.99792
GRID    2922    0       4.9854332.28594021.17084
GRID    2923    0       3.7539903.42061523.63040
GRID    2924    0       6.8036013.33837418.44014
GRID    2925    0       6.6959493.39232718.63099
GRID    2926    0       7.0028183.73494816.47795
GRID    2927    0       7.1117551.50740014.81447
GRID    2928    0       7.2203531.45345114.75245
GRID    2929    0       7.0919051.43506814.63647
GRID    2930    0       7.2082651.41195814.64329
GRID    2931    0       4.2876182.72604520.91555
GRID    2932    0       4.2766822.77452920.79304
GRID    2933    0       4.3916122.79750020.78242
GRID    2934    0       4.5730321.8991149.106704
GRID    2935    0       6.5531333.29460517.65042
GRID    2936    0       6.4676723.19675617.79137
GRID    2937    0       6.4014213.33658817.81226
GRID    2938    0       4.3295382.96298920.85970
GRID    2939    0       5.5679682.92592521.66306
GRID    2940    0       5.5273532.96439621.70330
GRID    2941    0       4.2439543.09353720.43376
GRID    2942    0       4.4503183.22747721.47317
GRID    2943    0       4.4810563.31156321.46232
GRID    2944    0       4.9223252.48422121.69057
GRID    2945    0       6.4501832.74580618.44736
GRID    2946    0       6.4862492.57730218.38186
GRID    2947    0       4.4054652.56563120.93373
GRID    2948    0       4.0606883.3691856.580930
GRID    2949    0       4.0479473.2227476.894656
GRID    2950    0       4.0458763.3785866.974725
GRID    2951    0       1.5094620.76211415.17480
GRID    2952    0       6.6010844.10866112.52295
GRID    2953    0       5.7884653.11127520.82824
GRID    2954    0       4.2628753.8810687.830364
GRID    2955    0       4.4836504.0224667.957752
GRID    2956    0       4.3105173.8539157.403923
GRID    2957    0       4.8527772.55979020.02155
GRID    2958    0       4.9364292.32858225.20104
GRID    2959    0       5.1109253.8011633.251372
GRID    2960    0       5.0976283.9667153.435438
GRID    2961    0       5.1012493.7534463.581077
GRID    2962    0       6.6405722.93683219.50463
GRID    2963    0       6.5655082.64464419.62064
GRID    2964    0       4.3872582.99976020.44776
GRID    2965    0       6.3499023.08306218.69639
GRID    2966    0       6.3681863.21419018.55249
GRID    2967    0       4.3879872.76887420.76370
GRID    2968    0       3.4654952.73697810.41256
GRID    2969    0       3.6833942.7193699.569981
GRID    2970    0       3.5806462.39501610.30269
GRID    2971    0       3.9034341.4022039.787618
GRID    2972    0       3.9112191.4327249.634944
GRID    2973    0       3.8047081.3323759.641266
GRID    2974    0       6.6395291.86872212.23894
GRID    2975    0       6.5888722.01765811.54341
GRID    2976    0       6.6565862.31999211.27094
GRID    2977    0       3.1019822.86920416.39024
GRID    2978    0       3.1384242.62943116.72814
GRID    2979    0       4.4594852.33753720.95119
GRID    2980    0       5.9220593.18482520.08200
GRID    2981    0       5.9718193.14419520.00445
GRID    2982    0       4.6624572.34017721.40759
GRID    2983    0       5.8219683.00560420.81691
GRID    2984    0       5.8067472.91832121.00899
GRID    2985    0       5.8156802.88572220.79457
GRID    2986    0       4.5532172.78426418.26859
GRID    2987    0       5.1413142.40080621.52698
GRID    2988    0       3.6787473.03507219.92599
GRID    2989    0       4.9975362.20171921.27434
GRID    2990    0       4.9198082.21093721.33477
GRID    2991    0       5.5243062.56803921.54046
GRID    2992    0       5.4370662.58553921.52889
GRID    2993    0       4.5807363.9654337.366932
GRID    2994    0       5.2656952.42240925.07286
GRID    2995    0       5.2462532.41723325.17023
GRID    2996    0       6.1066553.05908519.00261
GRID    2997    0       6.1726373.08736418.98011
GRID    2998    0       5.0199546.12426313.87814
GRID    2999    0       5.0163596.40925013.97531
GRID    3000    0       5.0241296.34335313.71926
GRID    3001    0       5.9399102.83536518.36095
GRID    3002    0       5.4636022.80732622.19981
GRID    3003    0       4.9149072.26325221.39658
GRID    3004    0       4.9390382.30538121.49782
GRID    3005    0       4.2450862.74225318.26578
GRID    3006    0       4.2799382.81062818.33659
GRID    3007    0       5.7731902.99158720.76270
GRID    3008    0       5.7544113.06269721.03753
GRID    3009    0       5.0892131.9482472.002086
GRID    3010    0       5.0920012.2200882.200868
GRID    3011    0       5.0853072.0035732.380875
GRID    3012    0       4.9809072.79854821.81615
GRID    3013    0       6.8639063.25219918.59825
GRID    3014    0       6.8217283.40242418.56054
GRID    3015    0       6.8294673.29511218.75984
GRID    3016    0       5.2297895.10907514.03256
GRID    3017    0       4.4019892.83755020.75985
GRID    3018    0       4.4057532.83385120.86561
GRID    3019    0       6.7577703.56715318.69134
GRID    3020    0       4.5135333.02450620.56042
GRID    3021    0       6.4560751.78128518.58289
GRID    3022    0       6.0466531.46700018.31829
GRID    3023    0       6.4421153.1734549.851591
GRID    3024    0       6.5027282.93077610.00607
GRID    3025    0       6.4832372.64571610.08674
GRID    3026    0       6.6944332.39249217.12184
GRID    3027    0       4.6522742.92877321.89259
GRID    3028    0       5.5365802.83913022.03202
GRID    3029    0       5.0444596.31780615.14629
GRID    3030    0       5.0465156.46885715.00350
GRID    3031    0       5.0099436.28699215.02878
GRID    3032    0       4.2550721.76912819.85579
GRID    3033    0       4.3676631.80440720.12333
GRID    3034    0       4.1219801.97217320.09138
GRID    3035    0       4.3027851.91971920.29646
GRID    3036    0       5.7559792.85289421.13395
GRID    3037    0       3.9601552.74086919.30574
GRID    3038    0       3.8117802.87025719.22543
GRID    3039    0       5.9632113.9382308.995399
GRID    3040    0       6.0291183.9337759.525608
GRID    3041    0       6.0765913.7477638.933608
GRID    3042    0       3.5251603.01556810.04814
GRID    3043    0       4.2736332.48336819.93829
GRID    3044    0       5.5765053.3454213.813747
GRID    3045    0       4.2166453.29018119.72480
GRID    3046    0       4.7328724.1149748.110150
GRID    3047    0       5.0460113.9961971.578366
GRID    3048    0       5.0861664.1451961.811130
GRID    3049    0       5.0554353.6100191.760508
GRID    3050    0       3.5238512.50937323.76863
GRID    3051    0       3.5663402.44865523.86036
GRID    3052    0       3.5665832.54861123.84706
GRID    3053    0       6.2658623.01531418.83652
GRID    3054    0       4.6939602.50130121.62396
GRID    3055    0       4.1877052.98753518.17976
GRID    3056    0       4.6293763.36768821.64879
GRID    3057    0       4.5772163.37659721.70851
GRID    3058    0       4.5470183.40309421.63223
GRID    3059    0       4.6127943.31078721.85880
GRID    3060    0       4.5765743.40133221.79998
GRID    3061    0       4.6637243.38244321.82264
GRID    3062    0       3.6489372.59800617.77687
GRID    3063    0       6.1327822.70155619.41274
GRID    3064    0       5.9389162.78683319.37029
GRID    3065    0       5.9747512.50135419.52653
GRID    3066    0       3.3365123.18789217.06671
GRID    3067    0       3.4549473.45535317.15505
GRID    3068    0       3.2458503.44509716.90639
GRID    3069    0       5.0254622.27478121.31304
GRID    3070    0       5.0060934.0410387.103806
GRID    3071    0       4.7690993.0612054.760469
GRID    3072    0       4.6017083.0475765.259902
GRID    3073    0       6.0080493.28746718.31877
GRID    3074    0       6.3810863.46326418.15312
GRID    3075    0       6.3467993.30902018.23113
GRID    3076    0       6.2840103.42303818.31580
GRID    3077    0       4.9128073.02688425.18739
GRID    3078    0       4.8067532.99228025.15861
GRID    3079    0       4.8357132.97926425.18930
GRID    3080    0       5.4190562.0709068.921336
GRID    3081    0       5.3278862.0773338.796857
GRID    3082    0       4.4030093.08192021.48002
GRID    3083    0       4.4769873.09158021.45893
GRID    3084    0       4.9025362.45497321.38680
GRID    3085    0       4.0223933.07694818.62757
GRID    3086    0       3.2373982.25646317.39871
GRID    3087    0       6.1125722.80822417.82595
GRID    3088    0       6.0700562.72669817.82538
GRID    3089    0       5.4655502.48115421.28830
GRID    3090    0       4.2828603.25463220.47763
GRID    3091    0       4.4687882.68095721.04452
GRID    3092    0       4.4254542.85146521.16951
GRID    3093    0       6.7154963.44941717.73097
GRID    3094    0       4.0214823.15510918.26240
GRID    3095    0       3.2470382.42339117.95177
GRID    3096    0       3.2778842.26518817.99324
GRID    3097    0       3.3364872.41827818.06251
GRID    3098    0       6.7365083.19887018.67309
GRID    3099    0       6.7812373.07824718.65538
GRID    3100    0       3.2575913.14876317.40092
GRID    3101    0       3.2429862.97091217.35943
GRID    3102    0       3.3274992.95371317.45159
GRID    3103    0       3.2441903.00071517.44423
GRID    3104    0       3.2124342.80531617.45363
GRID    3105    0       3.1689862.83093117.45529
GRID    3106    0       3.1675302.95030017.40264
GRID    3107    0       6.4805691.44470716.22889
GRID    3108    0       4.5026612.05266520.54741
GRID    3109    0       4.3936132.20077520.40582
GRID    3110    0       4.4693422.07199920.38952
GRID    3111    0       5.0508424.0889923.636277
GRID    3112    0       5.1029774.1746243.280405
GRID    3113    0       6.8275833.38812818.13664
GRID    3114    0       6.8815953.19445118.12613
GRID    3115    0       4.9817564.1364228.054495
GRID    3116    0       4.8929924.0589717.541288
GRID    3117    0       5.2568214.1209358.059216
GRID    3118    0       4.5531383.73441721.35003
GRID    3119    0       4.7970233.77494821.57487
GRID    3120    0       6.8107812.79285617.89219
GRID    3121    0       6.8609913.00248117.85040
GRID    3122    0       4.8498092.9726055.181091
GRID    3123    0       5.0911282.9554305.041139
GRID    3124    0       5.5996212.73035720.96369
GRID    3125    0       5.6655022.72459920.84851
GRID    3126    0       0.7772310.37942115.15409
GRID    3127    0       1.0257820.51590014.92011
GRID    3128    0       1.0652210.52982715.21599
GRID    3129    0       3.4712912.83173918.69694
GRID    3130    0       3.4461122.62245318.62452
GRID    3131    0       6.1475832.90403618.55642
GRID    3132    0       6.0447542.99614618.70037
GRID    3133    0       3.1836353.27981616.82038
GRID    3134    0       3.2133603.28263817.03399
GRID    3135    0       3.1669713.34225717.06899
GRID    3136    0       3.9061823.0935178.272063
GRID    3137    0       3.8604183.2684428.642223
GRID    3138    0       4.3825963.01559620.54725
GRID    3139    0       4.5137463.31712821.64616
GRID    3140    0       4.9830685.11748513.48529
GRID    3141    0       5.0501085.30449913.45843
GRID    3142    0       5.0233655.03025413.40639
GRID    3143    0       4.2166513.42817220.85007
GRID    3144    0       4.2969353.31087720.92672
GRID    3145    0       4.2295523.47035721.00465
GRID    3146    0       4.4727463.24067321.74477
GRID    3147    0       3.2547073.63877817.66866
GRID    3148    0       8.0734491.32384515.84515
GRID    3149    0       8.4334891.08703215.98464
GRID    3150    0       4.4508612.80384020.79359
GRID    3151    0       6.8774432.45281117.25949
GRID    3152    0       4.7739063.17778920.46249
GRID    3153    0       4.6358703.21220920.40477
GRID    3154    0       4.6776953.28689520.39940
GRID    3155    0       4.9115803.12323820.57012
GRID    3156    0       5.0243323.22592920.48113
GRID    3157    0       4.7069963.12091120.46192
GRID    3158    0       6.8329222.65313717.63318
GRID    3159    0       6.8705072.44533917.63230
GRID    3160    0       3.3228282.98778511.08618
GRID    3161    0       3.3245602.60087311.33447
GRID    3162    0       5.5032302.65406421.08199
GRID    3163    0       5.0307543.19047418.37219
GRID    3164    0       5.1276672.88889521.05894
GRID    3165    0       5.1958422.94014920.91039
GRID    3166    0       6.0420012.86545919.13952
GRID    3167    0       5.9316062.72532919.19258
GRID    3168    0       6.1955513.00648818.90333
GRID    3169    0       6.1770202.89674718.90201
GRID    3170    0       5.9347132.79853719.26140
GRID    3171    0       5.7441412.66879019.34056
GRID    3172    0       6.1093423.37744620.19590
GRID    3173    0       3.8626082.70438618.87250
GRID    3174    0       5.8539623.18830220.21501
GRID    3175    0       5.8916823.29160520.22881
GRID    3176    0       6.6428233.10545918.40372
GRID    3177    0       5.8071683.14176920.64643
GRID    3178    0       5.7893243.13682120.57185
GRID    3179    0       5.7386673.16900720.67328
GRID    3180    0       5.6260752.81108920.76401
GRID    3181    0       3.7418513.16401919.79692
GRID    3182    0       4.0569753.02644418.89633
GRID    3183    0       4.4456313.39520521.22092
GRID    3184    0       4.4594173.35000921.19782
GRID    3185    0       3.7716892.45508819.64761
GRID    3186    0       5.8767283.13542619.99332
GRID    3187    0       4.4946153.12851520.86564
GRID    3188    0       4.5736243.01850220.78571
GRID    3189    0       4.4886012.97231420.91838
GRID    3190    0       4.4586713.04985620.71678
GRID    3191    0       5.7600902.74105418.85592
GRID    3192    0       5.9447082.72181718.72454
GRID    3193    0       4.5418012.42913121.23483
GRID    3194    0       6.9377531.55115214.79880
GRID    3195    0       7.0342581.49120614.72414
GRID    3196    0       3.7527721.34954614.92963
GRID    3197    0       4.5546303.04499221.67377
GRID    3198    0       6.5101991.64363312.75866
GRID    3199    0       6.4109671.67421212.19092
GRID    3200    0       4.1150733.18253420.11164
GRID    3201    0       3.5356474.24602017.19414
GRID    3202    0       1.7633520.89928515.79355
GRID    3203    0       1.5178620.77029715.94809
GRID    3204    0       3.6479272.56130223.93723
GRID    3205    0       3.7021632.49350023.96146
GRID    3206    0       5.7557033.15586720.34921
GRID    3207    0       5.7398883.09499520.37191
GRID    3208    0       5.6251883.09975820.44696
GRID    3209    0       5.0344901.9290169.494743
GRID    3210    0       6.0342963.89864120.33316
GRID    3211    0       3.6131593.14730919.04877
GRID    3212    0       3.5912083.33518118.93736
GRID    3213    0       5.5814852.61692521.54379
GRID    3214    0       5.6561212.61361021.41157
GRID    3215    0       6.7775281.58207715.03612
GRID    3216    0       5.0026606.5915830.560993
GRID    3217    0       5.0164436.7490350.712326
GRID    3218    0       5.0186826.8035390.583765
GRID    3219    0       4.6624802.67057422.09435
GRID    3220    0       4.7078572.86467522.40763
GRID    3221    0       6.1573813.58419520.53564
GRID    3222    0       7.1285171.63126116.81081
GRID    3223    0       6.2187083.24083520.02903
GRID    3224    0       6.8933123.56447716.97048
GRID    3225    0       6.8787403.66335616.96910
GRID    3226    0       6.9165973.60564817.01664
GRID    3227    0       5.4381663.14163521.62177
GRID    3228    0       5.5239283.10333821.68017
GRID    3229    0       5.3998293.24550221.61976
GRID    3230    0       6.2191433.31717020.52035
GRID    3231    0       6.3154833.25573520.30499
GRID    3232    0       6.2481023.38103720.40016
GRID    3233    0       4.5743932.54762321.25935
GRID    3234    0       4.6010532.60501821.24691
GRID    3235    0       6.1926403.50147220.46960
GRID    3236    0       3.2241173.92518215.17006
GRID    3237    0       5.4942182.60811521.24462
GRID    3238    0       4.5000183.09983221.54509
GRID    3239    0       3.9855823.12116019.14908
GRID    3240    0       4.0925463.14495519.30655
GRID    3241    0       4.1531632.79804919.33328
GRID    3242    0       4.1763273.13071119.20590
GRID    3243    0       4.2129863.11580519.10775
GRID    3244    0       4.2791083.15716119.28314
GRID    3245    0       6.4400134.19273412.07228
GRID    3246    0       6.3252374.12774211.38763
GRID    3247    0       6.1960684.35453111.79151
GRID    3248    0       4.2320424.78002713.68549
GRID    3249    0       5.2963903.8457136.468307
GRID    3250    0       5.5746393.8154496.668027
GRID    3251    0       5.6455423.7211676.294454
GRID    3252    0       4.5109332.7439996.935992
GRID    3253    0       4.3654712.7453597.238390
GRID    3254    0       4.3388782.9357656.738018
GRID    3255    0       6.8673292.25739017.22320
GRID    3256    0       4.2699892.80120720.37454
GRID    3257    0       4.2553872.88735820.34060
GRID    3258    0       3.0616042.81253513.21096
GRID    3259    0       3.1866602.50519612.49799
GRID    3260    0       4.4191712.96307721.11285
GRID    3261    0       4.1967943.36223521.19061
GRID    3262    0       4.2509143.29234021.31797
GRID    3263    0       4.2702823.40726521.30252
GRID    3264    0       5.7408613.20651420.30999
GRID    3265    0       4.8021852.59339519.70512
GRID    3266    0       5.7448042.94254521.30488
GRID    3267    0       5.7012162.99522121.38681
GRID    3268    0       5.7339362.91090321.38338
GRID    3269    0       4.8272942.25710721.36133
GRID    3270    0       5.6842312.63168220.47691
GRID    3271    0       5.1683682.45578021.45979
GRID    3272    0       4.3497342.96173121.10651
GRID    3273    0       3.3923592.46282717.23131
GRID    3274    0       3.5140822.43898817.37709
GRID    3275    0       3.6694182.64137417.49228
GRID    3276    0       3.4739322.63447217.26683
GRID    3277    0       5.6394912.75120621.24929
GRID    3278    0       5.4146022.10267721.08972
GRID    3279    0       3.0362132.59389115.21660
GRID    3280    0       3.8939272.37613319.69868
GRID    3281    0       3.9229702.41313319.63666
GRID    3282    0       5.0708640.8245351.909830
GRID    3283    0       5.0753310.8647521.839819
GRID    3284    0       5.0722770.9343162.035754
GRID    3285    0       6.6411051.56820615.07530
GRID    3286    0       5.2990962.75559725.03325
GRID    3287    0       6.4772643.05289417.40671
GRID    3288    0       6.4530282.91754217.44204
GRID    3289    0       4.8252552.0928378.676900
GRID    3290    0       4.9896382.1452288.363378
GRID    3291    0       5.0380162.0725588.628355
GRID    3292    0       4.5048002.3649078.121643
GRID    3293    0       4.5800032.4985597.583055
GRID    3294    0       4.7906572.3004167.954985
GRID    3295    0       4.3576882.64654318.65716
GRID    3296    0       5.4379222.0392499.055322
GRID    3297    0       5.3862851.9953269.156301
GRID    3298    0       4.6225333.37313621.57113
GRID    3299    0       5.6613512.95648121.50090
GRID    3300    0       6.4498342.06582110.90592
GRID    3301    0       6.5177942.38030510.55400
GRID    3302    0       3.2820062.59943717.65289
GRID    3303    0       3.2330132.74261117.57178
GRID    3304    0       3.1689852.66169517.47619
GRID    3305    0       7.8245371.46691315.60227
GRID    3306    0       7.7031481.48804315.31079
GRID    3307    0       7.6141111.60224115.91588
GRID    3308    0       3.2301752.91358417.55629
GRID    3309    0       3.2993252.80357417.65460
GRID    3310    0       3.3048993.01150217.66278
GRID    3311    0       5.9526151.26313317.17853
GRID    3312    0       6.3893861.80784611.50118
GRID    3313    0       5.0120492.1887322.059564
GRID    3314    0       5.0023551.9818221.966607
GRID    3315    0       5.0117142.0897832.306342
GRID    3316    0       4.6188022.06178520.92422
GRID    3317    0       4.6143442.04097920.77605
GRID    3318    0       5.8566482.64773220.73838
GRID    3319    0       4.9706842.69146621.63848
GRID    3320    0       4.6824592.94826722.02162
GRID    3321    0       4.7082692.94398322.09950
GRID    3322    0       5.1323755.99021614.61299
GRID    3323    0       5.1237995.99627414.40926
GRID    3324    0       5.1032036.22546014.49000
GRID    3325    0       5.1569505.05027213.68021
GRID    3326    0       5.1846025.28963113.85911
GRID    3327    0       3.8934683.04496018.92332
GRID    3328    0       4.0362143.38165220.05032
GRID    3329    0       5.7058572.71391421.25181
GRID    3330    0       5.6518282.67615621.19006
GRID    3331    0       5.7170442.73191121.14381
GRID    3332    0       6.8366542.78216517.35083
GRID    3333    0       6.7396242.83642817.44196
GRID    3334    0       6.9648953.10077916.78949
GRID    3335    0       6.9625673.31479216.83938
GRID    3336    0       6.8963583.08431216.91456
GRID    3337    0       6.8761893.47779316.93704
GRID    3338    0       6.8025613.27939217.03052
GRID    3339    0       5.8857323.11202518.27345
GRID    3340    0       7.2519321.84050316.44621
GRID    3341    0       5.8258732.76167020.35531
GRID    3342    0       5.0812056.54140814.37407
GRID    3343    0       5.0737626.69915614.32947
GRID    3344    0       6.1754302.91941119.01875
GRID    3345    0       5.7073462.95227220.88574
GRID    3346    0       5.7786402.58290020.39820
GRID    3347    0       5.6363902.88700721.05698
GRID    3348    0       5.5246793.9012347.030159
GRID    3349    0       5.8532383.6965096.707664
GRID    3350    0       4.4386822.76275920.76366
GRID    3351    0       5.5055742.62066221.75158
GRID    3352    0       3.7626272.56787618.71530
GRID    3353    0       3.7515012.80695518.77250
GRID    3354    0       5.1185372.35176221.44595
GRID    3355    0       6.7894603.55408618.14869
GRID    3356    0       3.8162342.87155218.05847
GRID    3357    0       3.6977212.95981917.90382
GRID    3358    0       5.7274382.97280320.51317
GRID    3359    0       5.7172613.11583821.45155
GRID    3360    0       6.3871072.72818717.54694
GRID    3361    0       6.5012082.74140317.40559
GRID    3362    0       6.4973462.54821117.45713
GRID    3363    0       6.5895072.64174217.33256
GRID    3364    0       6.1865353.10499317.67582
GRID    3365    0       6.3111413.03164517.53511
GRID    3366    0       6.2632033.22215717.60371
GRID    3367    0       4.7737402.42734421.45538
GRID    3368    0       5.0022723.21836618.65876
GRID    3369    0       5.2359203.21225318.64531
GRID    3370    0       3.6441811.80025918.73482
GRID    3371    0       3.6146611.74344518.37084
GRID    3372    0       4.9332292.1895459.770698
GRID    3373    0       5.4742802.8450816.299012
GRID    3374    0       5.7760133.0445166.255112
GRID    3375    0       4.8060202.36794721.45317
GRID    3376    0       4.4745742.63170321.32827
GRID    3377    0       4.0625103.59455520.49204
GRID    3378    0       4.2749983.00960820.48170
GRID    3379    0       3.6875072.52735623.39314
GRID    3380    0       5.2412293.24913919.31004
GRID    3381    0       5.4495693.24101719.16702
GRID    3382    0       5.8987643.5754346.125395
GRID    3383    0       6.0090953.3490095.751127
GRID    3384    0       5.8944883.4918205.548952
GRID    3385    0       3.3178582.88492319.14610
GRID    3386    0       3.2443382.75507418.84076
GRID    3387    0       4.4328592.56340721.22264
GRID    3388    0       6.2936433.66339310.11659
GRID    3389    0       6.0110194.30600910.97848
GRID    3390    0       6.5308052.25791718.78663
GRID    3391    0       6.4853522.33170018.85559
GRID    3392    0       5.6245962.92637820.72890
GRID    3393    0       5.8107682.76462020.84004
GRID    3394    0       5.8111412.77174420.72626
GRID    3395    0       5.6997072.78953220.80772
GRID    3396    0       5.8034562.74525920.66072
GRID    3397    0       4.4072752.62068720.93757
GRID    3398    0       4.9430402.52280920.41205
GRID    3399    0       4.9894292.84577225.21707
GRID    3400    0       4.9639792.77248125.21519
GRID    3401    0       5.0491552.80660425.21532
GRID    3402    0       4.2471412.94760120.65034
GRID    3403    0       4.6865932.57435620.39677
GRID    3404    0       5.7637872.87352320.41184
GRID    3405    0       4.2470482.64937721.17070
GRID    3406    0       5.5596282.51901421.66606
GRID    3407    0       5.6281262.59012121.68443
GRID    3408    0       5.5847222.61284921.78160
GRID    3409    0       6.8964902.89364717.05518
GRID    3410    0       5.2979742.88483025.17898
GRID    3411    0       5.3274052.76372125.16611
GRID    3412    0       5.2185902.59227121.65526
GRID    3413    0       5.8185042.3226538.693078
GRID    3414    0       5.7763752.4218408.298076
GRID    3415    0       6.8166612.59127516.98079
GRID    3416    0       6.9045182.63246916.90529
GRID    3417    0       4.9972612.5615173.551935
GRID    3418    0       4.9931652.8614873.530974
GRID    3419    0       4.9898982.6102623.347771
GRID    3420    0       4.9379722.89892921.04289
GRID    3421    0       1.9185191.21903316.26373
GRID    3422    0       1.9477911.26258515.97507
GRID    3423    0       1.7204591.10492016.08412
GRID    3424    0       5.6659452.77150020.26268
GRID    3425    0       3.2732162.36341517.52842
GRID    3426    0       3.2901982.38432317.49770
GRID    3427    0       3.3271542.27879017.54912
GRID    3428    0       3.0545272.23652015.30287
GRID    3429    0       4.2427224.37678510.72937
GRID    3430    0       3.0197133.07080613.83264
GRID    3431    0       3.3772581.68632315.15781
GRID    3432    0       3.7545232.53919619.09823
GRID    3433    0       3.4596203.55455418.25143
GRID    3434    0       3.5033773.61690618.27639
GRID    3435    0       2.1346061.09068015.66936
GRID    3436    0       5.3577782.98295220.76936
GRID    3437    0       3.5050501.53341614.96641
GRID    3438    0       5.1343831.8707049.187457
GRID    3439    0       5.1194221.8178959.259381
GRID    3440    0       4.2048242.66879821.03269
GRID    3441    0       4.2036462.74705721.22709
GRID    3442    0       3.5658492.41918423.48193
GRID    3443    0       3.6486402.43569023.45814
GRID    3444    0       3.7469882.46690023.48542
GRID    3445    0       3.3700443.08943819.24386
GRID    3446    0       3.3199873.22038519.05250
GRID    3447    0       3.4963073.07300419.58424
GRID    3448    0       5.7378612.99920020.35971
GRID    3449    0       5.6874313.00195820.47019
GRID    3450    0       5.6510193.04245221.42136
GRID    3451    0       4.5301863.45758121.64397
GRID    3452    0       3.2350462.42974917.28777
GRID    3453    0       3.3110862.65683917.26238
GRID    3454    0       3.4259762.51851617.37992
GRID    3455    0       4.9291132.29810521.24992
GRID    3456    0       6.8349933.22180418.57418
GRID    3457    0       3.2633023.23552318.56949
GRID    3458    0       5.6631962.53339520.86766
GRID    3459    0       6.4853243.23199919.84732
GRID    3460    0       6.5323733.20446519.72125
GRID    3461    0       5.6310032.36181521.01615
GRID    3462    0       3.6665791.44120016.67892
GRID    3463    0       5.7511592.89974120.49353
GRID    3464    0       4.1124943.34043621.04678
GRID    3465    0       4.1691463.23636321.20013
GRID    3466    0       5.7027043.16401620.52185
GRID    3467    0       5.6566363.19637320.50879
GRID    3468    0       4.9974306.4772040.397102
GRID    3469    0       4.9939326.7296170.270466
GRID    3470    0       5.0251996.4932480.251090
GRID    3471    0       4.9991976.7035320.427488
GRID    3472    0       4.9466522.59288621.70118
GRID    3473    0       4.8821892.36594821.43414
GRID    3474    0       5.8262982.92251220.39349
GRID    3475    0       6.0482652.86965218.98247
GRID    3476    0       4.9770294.3111312.591730
GRID    3477    0       4.9879464.0801642.298664
GRID    3478    0       4.9773023.9132202.655396
GRID    3479    0       6.1102542.84485218.97154
GRID    3480    0       5.0031104.5376932.083476
GRID    3481    0       4.9962044.6885782.225235
GRID    3482    0       5.0087334.7799491.881355
GRID    3483    0       4.9965314.3876562.195064
GRID    3484    0       5.0071954.0244091.936084
GRID    3485    0       4.1662373.66399920.91718
GRID    3486    0       4.2614423.70944921.00946
GRID    3487    0       4.2467323.78686720.84489
GRID    3488    0       5.9263593.03647718.56269
GRID    3489    0       3.3031362.80242417.07555
GRID    3490    0       3.2001572.66574516.96210
GRID    3491    0       3.2647782.60974517.10031
GRID    3492    0       6.7294512.72384417.62558
GRID    3493    0       6.7386922.52014917.58019
GRID    3494    0       6.5637922.91350017.93076
GRID    3495    0       6.4907662.99669718.04349
GRID    3496    0       5.6491342.30374720.46605
GRID    3497    0       5.5767872.27190420.59436
GRID    3498    0       4.1505753.54509721.02696
GRID    3499    0       4.2229983.61806721.09369
GRID    3500    0       4.1781363.63406820.99557
GRID    3501    0       4.8997852.0078169.982858
GRID    3502    0       3.7223322.15347123.59707
GRID    3503    0       3.6177132.11518123.60071
GRID    3504    0       3.6723202.91329317.45147
GRID    3505    0       3.8046202.98554317.59028
GRID    3506    0       4.6887353.14526020.84472
GRID    3507    0       3.2599992.40288818.25571
GRID    3508    0       3.2119722.66927117.22603
GRID    3509    0       3.2054512.89835317.16386
GRID    3510    0       3.3567942.89188317.24280
GRID    3511    0       3.5044472.96568217.35159
GRID    3512    0       5.6923902.77670120.91831
GRID    3513    0       4.1488562.04853920.30371
GRID    3514    0       5.0481134.3273053.452299
GRID    3515    0       5.0973114.3864103.231652
GRID    3516    0       4.8531762.80585821.84940
GRID    3517    0       5.0970584.5328063.151075
GRID    3518    0       5.0481634.5454043.294035
GRID    3519    0       5.2261612.60888624.99232
GRID    3520    0       5.2311952.67219625.09546
GRID    3521    0       5.2571272.52308925.07026
GRID    3522    0       5.6641672.94219420.78501
GRID    3523    0       3.6450992.78420420.00904
GRID    3524    0       3.7782162.81602720.32941
GRID    3525    0       6.9178992.88924918.28400
GRID    3526    0       6.8259552.93187618.41377
GRID    3527    0       6.8472602.71347518.38380
GRID    3528    0       6.6778012.08153718.51078
GRID    3529    0       6.7289782.15936618.38776
GRID    3530    0       6.2551052.60807819.09656
GRID    3531    0       6.2992552.51730418.98539
GRID    3532    0       6.0176553.19554919.93406
GRID    3533    0       1.3069660.65525115.29318
GRID    3534    0       1.2010740.59828715.57217
GRID    3535    0       5.6279603.21438221.23633
GRID    3536    0       5.7042673.29294021.03438
GRID    3537    0       3.4346771.80279312.68445
GRID    3538    0       7.1850631.58985515.04050
GRID    3539    0       7.3905221.46239514.88431
GRID    3540    0       5.6344902.89475121.29169
GRID    3541    0       5.0353572.4958466.351434
GRID    3542    0       5.0348912.5603626.321598
GRID    3543    0       5.0384642.4908276.281659
GRID    3544    0       5.7725104.96269015.21266
GRID    3545    0       4.2985632.77872420.99654
GRID    3546    0       3.5978742.93418118.41390
GRID    3547    0       4.3917843.35622021.04839
GRID    3548    0       3.2212023.14982918.12528
GRID    3549    0       5.8054262.87535520.08316
GRID    3550    0       4.9390715.86549714.84008
GRID    3551    0       3.3934953.46427518.19742
GRID    3552    0       3.3811733.62083518.16868
GRID    3553    0       3.1340181.50131415.20908
GRID    3554    0       2.9089131.42493015.32143
GRID    3555    0       5.8218113.25652320.11031
GRID    3556    0       4.1418532.77189919.63278
GRID    3557    0       6.3999471.82097118.85874
GRID    3558    0       5.6848242.85937521.03918
GRID    3559    0       5.8331363.29797420.71414
GRID    3560    0       5.7810033.23766020.90792
GRID    3561    0       5.7922843.19504520.75407
GRID    3562    0       6.3128583.15738319.80775
GRID    3563    0       8.2628961.18092016.13267
GRID    3564    0       6.6041343.00984010.49522
GRID    3565    0       5.7508422.34879620.37854
GRID    3566    0       5.5147863.29908421.85661
GRID    3567    0       6.2394083.5333719.487282
GRID    3568    0       5.7978423.1120045.749122
GRID    3569    0       4.0756473.40970320.34182
GRID    3570    0       4.1930493.41067720.66700
GRID    3571    0       4.1143963.47464320.66868
GRID    3572    0       4.3130632.68048119.02661
GRID    3573    0       3.9758192.75463418.92867
GRID    3574    0       4.0534012.62680419.03207
GRID    3575    0       4.1400562.78689819.10446
GRID    3576    0       4.2345722.72562519.22021
GRID    3577    0       4.1774342.64058719.17632
GRID    3578    0       4.3035032.67198919.30868
GRID    3579    0       5.8413793.9602048.375875
GRID    3580    0       3.7179341.54335912.81217
GRID    3581    0       4.9830884.98449713.15789
GRID    3582    0       5.0134134.95225312.86678
GRID    3583    0       4.6984824.89997612.98189
GRID    3584    0       4.6325804.83827812.66972
GRID    3585    0       5.7375273.10562820.53168
GRID    3586    0       5.7102843.06096320.62871
GRID    3587    0       5.7459603.13414020.58613
GRID    3588    0       3.7461132.74095017.86407
GRID    3589    0       3.6566612.76626517.76011
GRID    3590    0       5.9569642.65993318.78001
GRID    3591    0       5.1605445.77494614.49953
GRID    3592    0       5.1940015.69649814.81547
GRID    3593    0       4.3228492.78687720.89302
GRID    3594    0       4.2972802.83516820.79954
GRID    3595    0       4.4756252.72207720.94053
GRID    3596    0       4.3394492.84130720.38662
GRID    3597    0       5.0983096.7501980.452544
GRID    3598    0       5.0614936.8575200.476050
GRID    3599    0       5.4515813.23210820.59527
GRID    3600    0       3.3423721.56799314.80457
GRID    3601    0       3.2843251.60563814.83020
GRID    3602    0       5.4798952.76129821.41730
GRID    3603    0       4.9631312.6818436.339087
GRID    3604    0       4.9629792.7328896.188438
GRID    3605    0       5.9334053.05800820.12133
GRID    3606    0       5.8582663.12890220.24166
GRID    3607    0       5.8519753.09676720.31141
GRID    3608    0       5.8109503.18546620.33327
GRID    3609    0       5.0136873.8385406.289616
GRID    3610    0       4.7670923.8085706.296321
GRID    3611    0       5.3644522.9536835.498518
GRID    3612    0       5.5207452.9472895.890909
GRID    3613    0       2.2665661.12557414.95647
GRID    3614    0       1.9171000.96397114.96574
GRID    3615    0       2.1040951.06673814.77109
GRID    3616    0       4.2965162.78974421.18288
GRID    3617    0       3.4970502.79917219.59862
GRID    3618    0       5.7362182.78478120.81219
GRID    3619    0       5.6316853.23673221.29589
GRID    3620    0       4.3325532.76698720.59675
GRID    3621    0       4.3118622.81034220.54111
GRID    3622    0       4.9707006.04682014.89907
GRID    3623    0       3.2681371.53922814.71648
GRID    3624    0       3.2674301.48487914.68658
GRID    3625    0       3.6900221.40772014.35556
GRID    3626    0       4.3146652.93868320.53188
GRID    3627    0       3.5613973.33885219.62337
GRID    3628    0       3.4582143.31593019.35986
GRID    3629    0       3.9797622.23053720.25306
GRID    3630    0       5.0241560.8497421.810925
GRID    3631    0       5.0245720.9148131.915426
GRID    3632    0       5.0190220.9423271.781327
GRID    3633    0       5.0756874.1421436.944057
GRID    3634    0       5.0458654.1845606.798748
GRID    3635    0       5.2433685.02096213.52371
GRID    3636    0       2.6460551.38609716.46174
GRID    3637    0       2.2706781.18238916.29582
GRID    3638    0       2.5305571.30496915.96415
GRID    3639    0       4.7808472.36952221.40643
GRID    3640    0       4.7696062.39804621.47279
GRID    3641    0       5.7739052.87275821.57239
GRID    3642    0       5.7923882.70528821.45397
GRID    3643    0       5.8214232.83682221.46429
GRID    3644    0       3.1881693.04449317.25182
GRID    3645    0       6.2811863.30809518.66883
GRID    3646    0       3.5305772.39588223.57843
GRID    3647    0       5.3445623.23129822.57336
GRID    3648    0       5.3948173.08569020.53617
GRID    3649    0       5.1281312.99562520.63696
GRID    3650    0       5.2182712.60516119.62734
GRID    3651    0       5.1112342.63430819.18432
GRID    3652    0       4.7870762.62547519.35851
GRID    3653    0       3.7917532.55607717.67662
GRID    3654    0       3.6989792.52217617.67972
GRID    3655    0       3.7825452.58449917.77113
GRID    3656    0       3.7490592.71996517.67077
GRID    3657    0       7.0945452.72296815.69916
GRID    3658    0       7.0672822.79698016.24815
GRID    3659    0       6.8700272.86646418.12809
GRID    3660    0       6.7458083.00511718.27276
GRID    3661    0       6.8569673.02454818.13938
GRID    3662    0       5.0723980.7923081.813110
GRID    3663    0       4.5287942.53790320.73442
GRID    3664    0       7.0433092.23112415.23744
GRID    3665    0       7.3468231.76939016.20779
GRID    3666    0       4.5729582.80073521.14215
GRID    3667    0       2.8265351.48370116.59102
GRID    3668    0       4.5283621.80056420.37310
GRID    3669    0       4.4596593.82698721.03979
GRID    3670    0       4.3139623.67673221.13307
GRID    3671    0       5.5147192.29481121.30558
GRID    3672    0       4.9985296.13078214.09407
GRID    3673    0       4.8766333.11799425.16871
GRID    3674    0       3.9837704.08143519.60115
GRID    3675    0       4.2338254.02635420.26825
GRID    3676    0       4.4039174.22276919.86313
GRID    3677    0       5.6697962.96578721.16268
GRID    3678    0       3.9674163.88476520.16063
GRID    3679    0       6.0826363.07634320.01570
GRID    3680    0       4.2293522.77292920.15645
GRID    3681    0       4.1883612.77520120.01545
GRID    3682    0       4.2474462.56684620.08699
GRID    3683    0       4.5526752.29225421.28700
GRID    3684    0       6.4911613.29904119.78058
GRID    3685    0       5.6988421.89797620.42299
GRID    3686    0       6.4830002.82205117.71667
GRID    3687    0       6.4235512.92655917.78927
GRID    3688    0       6.4749153.01009517.75395
GRID    3689    0       6.2994983.08028419.97433
GRID    3690    0       3.5202892.57312223.59807
GRID    3691    0       5.1005273.9537026.720959
GRID    3692    0       5.0490213.0100214.664360
GRID    3693    0       4.2303043.27992020.03472
GRID    3694    0       4.3474403.30500719.89578
GRID    3695    0       4.2794603.17742520.31535
GRID    3696    0       6.9263003.43713017.32871
GRID    3697    0       6.9151193.26221117.23173
GRID    3698    0       6.8658693.49369617.27128
GRID    3699    0       6.9235973.50852417.16525
GRID    3700    0       5.1385756.03704514.87166
GRID    3701    0       6.7581591.62483614.91398
GRID    3702    0       6.6906841.65836514.88354
GRID    3703    0       4.3461162.73512518.39399
GRID    3704    0       5.1543075.87756615.04364
GRID    3705    0       5.7787363.11685620.24337
GRID    3706    0       5.3019082.64243618.90221
GRID    3707    0       5.3710772.63869019.09925
GRID    3708    0       5.4899632.65368918.97620
GRID    3709    0       4.7944942.38494721.51755
GRID    3710    0       4.7442872.42726821.53161
GRID    3711    0       5.9309443.16006720.16036
GRID    3712    0       4.1730682.66951818.85287
GRID    3713    0       4.0988362.66224818.70972
GRID    3714    0       4.2743883.26820420.71757
GRID    3715    0       3.8900784.44568412.51369
GRID    3716    0       3.9391172.51368919.17956
GRID    3717    0       3.8377852.66714619.14006
GRID    3718    0       6.7258303.45798118.96098
GRID    3719    0       7.7328421.22615716.00896
GRID    3720    0       7.9369061.13300316.31464
GRID    3721    0       7.7360781.24217316.36740
GRID    3722    0       3.9792193.34936019.92830
GRID    3723    0       2.9379191.90859216.35770
GRID    3724    0       6.2784962.66460718.00476
GRID    3725    0       6.3744722.73845117.86710
GRID    3726    0       6.3831462.59257117.81651
GRID    3727    0       4.4796982.9781166.048187
GRID    3728    0       4.6349192.8609036.342301
GRID    3729    0       4.4118492.9669716.404595
GRID    3730    0       5.7829783.8912247.696302
GRID    3731    0       5.9830983.6921567.998674
GRID    3732    0       5.1076125.02110313.45887
GRID    3733    0       5.9738752.99308918.42118
GRID    3734    0       6.2698253.26120718.37586
GRID    3735    0       6.3276283.12733318.29996
GRID    3736    0       5.5633124.0385518.017257
GRID    3737    0       4.5425102.79042221.96284
GRID    3738    0       4.4983352.87698821.91681
GRID    3739    0       4.4764992.78557021.84445
GRID    3740    0       4.3925353.06826920.49154
GRID    3741    0       5.4403725.14374614.68008
GRID    3742    0       4.9747623.1062423.805022
GRID    3743    0       4.8173043.1250583.971784
GRID    3744    0       6.0673721.68498311.19185
GRID    3745    0       4.3072502.36160120.92107
GRID    3746    0       4.3307002.51679220.96077
GRID    3747    0       4.3668873.17410821.18387
GRID    3748    0       6.5827182.29689719.30078
GRID    3749    0       6.9336842.72790217.25970
GRID    3750    0       4.4422492.73057221.02707
GRID    3751    0       5.7639501.61984911.02193
GRID    3752    0       4.6804053.30008421.63944
GRID    3753    0       6.2396394.62484015.29992
GRID    3754    0       5.9605874.76345215.90925
GRID    3755    0       6.1967691.86137510.79948
GRID    3756    0       6.0073023.26946019.93846
GRID    3757    0       3.5470892.25430023.79163
GRID    3758    0       3.5758722.24761723.86351
GRID    3759    0       3.5351232.37331023.80291
GRID    3760    0       3.6579152.21201218.90893
GRID    3761    0       5.7603402.70154521.12788
GRID    3762    0       5.7944092.79978821.14957
GRID    3763    0       5.3166313.3875283.618836
GRID    3764    0       5.7280342.73348920.80214
GRID    3765    0       3.5653013.55518617.90157
GRID    3766    0       8.6243010.95513115.16518
GRID    3767    0       8.4581341.05306615.20710
GRID    3768    0       6.1582083.30564418.99000
GRID    3769    0       4.2806442.69131318.56089
GRID    3770    0       5.1797933.22247120.77381
GRID    3771    0       6.7976133.43085917.60468
GRID    3772    0       6.8020413.03990817.58464
GRID    3773    0       6.8875382.96913317.44296
GRID    3774    0       3.4690813.30901210.56978
GRID    3775    0       5.1240465.39763613.64746
GRID    3776    0       5.1482845.57622813.87345
GRID    3777    0       4.0157361.85204419.62396
GRID    3778    0       5.6082851.6027389.798316
GRID    3779    0       5.0649626.5300020.215478
GRID    3780    0       5.1011726.6597200.268058
GRID    3781    0       5.1040996.5464180.383600
GRID    3782    0       5.7902652.1524599.111648
GRID    3783    0       6.0117502.4201138.992616
GRID    3784    0       6.0652292.87403118.69275
GRID    3785    0       4.6076982.96526020.91230
GRID    3786    0       5.5611472.65943519.29109
GRID    3787    0       5.5830372.63338319.55399
GRID    3788    0       4.3873202.70322021.54734
GRID    3789    0       5.8338233.32652920.56565
GRID    3790    0       5.8406983.28844720.38946
GRID    3791    0       5.7976523.22162120.48617
GRID    3792    0       5.1224792.36340621.25346
GRID    3793    0       5.6644283.11617621.16887
GRID    3794    0       4.8546922.31138921.45548
GRID    3795    0       4.8617922.36996221.47516
GRID    3796    0       4.8079072.29414421.46000
GRID    3797    0       4.7486152.63738519.06801
GRID    3798    0       5.7277422.81169421.27404
GRID    3799    0       5.0228021.0031421.982962
GRID    3800    0       5.0190401.0131561.870189
GRID    3801    0       5.0181981.0933581.937833
GRID    3802    0       5.0222851.0952272.085915
GRID    3803    0       5.0143441.2245301.956238
GRID    3804    0       4.2887071.71725310.64864
GRID    3805    0       4.1856741.61616711.14578
GRID    3806    0       6.3520013.68318219.85549
GRID    3807    0       4.3076611.73485710.42389
GRID    3808    0       4.1836331.79258110.35759
GRID    3809    0       5.6431183.19957320.32131
GRID    3810    0       4.1416694.1297009.851205
GRID    3811    0       3.6670992.89453919.11723
GRID    3812    0       6.2676631.98711119.49829
GRID    3813    0       6.4011242.04220619.29136
GRID    3814    0       3.3009703.28124418.47040
GRID    3815    0       3.4287673.42365118.66022
GRID    3816    0       2.3060481.21850214.61802
GRID    3817    0       2.1126211.13861314.60952
GRID    3818    0       2.1889861.22926414.78936
GRID    3819    0       4.2670043.04651520.82329
GRID    3820    0       4.2513963.06872920.70483
GRID    3821    0       6.4871642.29750118.71762
GRID    3822    0       3.7841612.89663223.57848
GRID    3823    0       3.4380083.79055218.72925
GRID    3824    0       3.3144743.48162218.79840
GRID    3825    0       3.4370673.54957419.11075
GRID    3826    0       3.2015642.95938916.85390
GRID    3827    0       3.6358993.82620919.28397
GRID    3828    0       5.1847543.35538120.40716
GRID    3829    0       5.2667063.21121220.44921
GRID    3830    0       5.1281813.14963520.55197
GRID    3831    0       5.3629092.74929625.10791
GRID    3832    0       5.9719052.6522388.344277
GRID    3833    0       6.1489182.8367028.583429
GRID    3834    0       2.2665771.44725016.25481
GRID    3835    0       2.2179281.43693915.82809
GRID    3836    0       3.2419963.86526416.92937
GRID    3837    0       3.7121373.2128169.419597
GRID    3838    0       9.1791580.47892414.92015
GRID    3839    0       9.5199360.30654714.91868
GRID    3840    0       9.3799030.36719515.12567
GRID    3841    0       6.8524142.66756118.12854
GRID    3842    0       5.7950983.21880918.96580
GRID    3843    0       5.7650023.18877918.78616
GRID    3844    0       5.8699233.18641918.79272
GRID    3845    0       3.5198492.88502623.61460
GRID    3846    0       3.5238652.97773123.75050
GRID    3847    0       4.4325372.77347721.04683
GRID    3848    0       6.5684201.76664117.86752
GRID    3849    0       6.6386491.89518818.04422
GRID    3850    0       4.2198632.90454320.22031
GRID    3851    0       4.1710732.88634520.06479
GRID    3852    0       5.6381292.95590720.92298
GRID    3853    0       4.1449112.99810920.10276
GRID    3854    0       5.7997472.95573121.50005
GRID    3855    0       5.8751152.96595621.35498
GRID    3856    0       5.4138873.22524618.87325
GRID    3857    0       3.6451852.39210323.98795
GRID    3858    0       3.6815612.37930123.98841
GRID    3859    0       7.2974211.35540915.12718
GRID    3860    0       7.4948391.31578915.53441
GRID    3861    0       7.0404251.48303215.29478
GRID    3862    0       5.7850323.31585820.70251
GRID    3863    0       5.1327105.04168713.53856
GRID    3864    0       5.0698455.00201413.56223
GRID    3865    0       5.1246285.01398013.31099
GRID    3866    0       5.4412643.34713621.84956
GRID    3867    0       6.9009172.95600217.62650
GRID    3868    0       6.8029073.07349617.68025
GRID    3869    0       6.9504703.10779017.63017
GRID    3870    0       3.8608761.54351018.18278
GRID    3871    0       4.2184783.22318520.05666
GRID    3872    0       6.0640993.32481519.71171
GRID    3873    0       6.3064133.41077519.34450
GRID    3874    0       4.7030093.6050504.925107
GRID    3875    0       3.6181131.82703723.48942
GRID    3876    0       3.5887531.82468223.53502
GRID    3877    0       3.7350692.14419923.74652
GRID    3878    0       3.6490442.22699123.72053
GRID    3879    0       6.0881142.63786318.13049
GRID    3880    0       6.0730252.72596218.19599
GRID    3881    0       4.9956136.20408614.44900
GRID    3882    0       4.9878976.17221614.72750
GRID    3883    0       5.0063456.35308614.67494
GRID    3884    0       7.0961712.73554615.22521
GRID    3885    0       2.5136981.61648415.81650
GRID    3886    0       4.3235182.30988020.25327
GRID    3887    0       4.3930842.39506820.55849
GRID    3888    0       4.4389002.33864520.75019
GRID    3889    0       4.9990584.0605037.269738
GRID    3890    0       3.0350572.12122415.59037
GRID    3891    0       6.5977751.52533616.54914
GRID    3892    0       4.5962721.8400409.268250
GRID    3893    0       4.4029541.6616529.475972
GRID    3894    0       4.6003363.29266321.75875
GRID    3895    0       4.6503123.31066421.71448
GRID    3896    0       6.6066812.51157917.35539
GRID    3897    0       5.2124172.79402321.31894
GRID    3898    0       4.9735232.75606721.45348
GRID    3899    0       2.0628811.04063015.25918
GRID    3900    0       4.9996144.1146593.334210
GRID    3901    0       5.0023823.8501923.465506
GRID    3902    0       4.1024592.77639318.67588
GRID    3903    0       5.8738802.67572418.92641
GRID    3904    0       5.0439436.13669413.63347
GRID    3905    0       5.1072555.84965113.83227
GRID    3906    0       5.0438965.87130913.60792
GRID    3907    0       5.2204842.68568318.58640
GRID    3908    0       5.0331572.74039618.34852
GRID    3909    0       4.8462802.69119218.55921
GRID    3910    0       5.1223844.5694692.569569
GRID    3911    0       5.1113724.8496372.308724
GRID    3912    0       5.1250614.8757872.667324
GRID    3913    0       5.9797952.40636520.65430
GRID    3914    0       4.9833952.21224924.99537
GRID    3915    0       4.7911102.44433221.66361
GRID    3916    0       4.8441932.43694921.78250
GRID    3917    0       4.6813132.46123521.69972
GRID    3918    0       4.9898753.3771642.051954
GRID    3919    0       5.0417753.2360521.819691
GRID    3920    0       4.1560303.18117219.86449
GRID    3921    0       4.9947532.76679024.94908
GRID    3922    0       4.9582582.84862124.97077
GRID    3923    0       5.0323642.4764686.433916
GRID    3924    0       5.0517032.4118036.430060
GRID    3925    0       4.6544673.7167645.893138
GRID    3926    0       5.0247392.7848735.841634
GRID    3927    0       4.7997802.8507855.972412
GRID    3928    0       5.0098721.8665112.181343
GRID    3929    0       5.0167651.7892212.368729
GRID    3930    0       5.6705063.00595321.75877
GRID    3931    0       5.6175643.06486521.83603
GRID    3932    0       2.6575691.44067616.81793
GRID    3933    0       5.6151753.08116721.32366
GRID    3934    0       6.5193634.37008914.47266
GRID    3935    0       4.5111604.98025916.15982
GRID    3936    0       4.3687564.82190916.59683
GRID    3937    0       6.4095904.35380512.75640
GRID    3938    0       6.2090744.45312112.38100
GRID    3939    0       6.1969624.59864713.54173
GRID    3940    0       3.4693361.59180214.61428
GRID    3941    0       4.4140742.29168321.09072
GRID    3942    0       3.8233112.44363619.17048
GRID    3943    0       5.8674022.04392020.46391
GRID    3944    0       6.0180702.06281520.19609
GRID    3945    0       5.0714924.0936587.198193
GRID    3946    0       5.1898854.0420587.371254
GRID    3947    0       6.4551032.44501618.76971
GRID    3948    0       3.7362782.41721323.86208
GRID    3949    0       5.3463473.28424821.56694
GRID    3950    0       4.5065161.89797020.58870
GRID    3951    0       5.1331262.61308524.94971
GRID    3952    0       5.1211432.51669424.96077
GRID    3953    0       3.2917033.38853717.36584
GRID    3954    0       3.3864113.63384717.34769
GRID    3955    0       3.5308383.46501417.58622
GRID    3956    0       3.4624072.84068517.57515
GRID    3957    0       3.6037502.90961617.69644
GRID    3958    0       3.5252293.07296917.63350
GRID    3959    0       3.8407493.17354217.59078
GRID    3960    0       4.0248383.08380019.26164
GRID    3961    0       4.0612753.11794419.14800
GRID    3962    0       4.1663353.17396719.28939
GRID    3963    0       4.2177913.11203821.30112
GRID    3964    0       4.1131843.13711921.10935
GRID    3965    0       5.8619784.29765319.30009
GRID    3966    0       5.4828754.46107419.12890
GRID    3967    0       1.4831770.99118315.61801
GRID    3968    0       5.6927672.75047321.42480
GRID    3969    0       1.6686001.09875515.80603
GRID    3970    0       5.6065822.60371921.30919
GRID    3971    0       4.2712103.20504521.36355
GRID    3972    0       4.5203602.53961221.68316
GRID    3973    0       3.5424803.38779817.90656
GRID    3974    0       5.7363282.35100320.14054
GRID    3975    0       5.6733522.25663520.30225
GRID    3976    0       4.7706862.89775725.07132
GRID    3977    0       4.7804472.88696025.15363
GRID    3978    0       6.1415822.77280318.10714
GRID    3979    0       6.0300762.80170718.28355
GRID    3980    0       3.5680632.87198023.52284
GRID    3981    0       4.3360632.73893020.34290
GRID    3982    0       4.8975403.5414813.754279
GRID    3983    0       5.0910961.1604201.682337
GRID    3984    0       4.8252742.96420820.77260
GRID    3985    0       6.0347593.29531619.79463
GRID    3986    0       5.9747663.31951919.80209
GRID    3987    0       6.0230433.29908019.86191
GRID    3988    0       5.0571112.5274376.254174
GRID    3989    0       5.0420202.6260146.272011
GRID    3990    0       3.5029272.81680218.88011
GRID    3991    0       3.9319242.64613219.35307
GRID    3992    0       5.0728031.8256999.479009
GRID    3993    0       3.9842923.68265720.54123
GRID    3994    0       4.0515773.71525020.64992
GRID    3995    0       4.1272803.82541120.59502
GRID    3996    0       4.1228293.73314420.75613
GRID    3997    0       3.9889883.19554618.60263
GRID    3998    0       3.9569692.99781818.56154
GRID    3999    0       4.3573311.8756999.604656
GRID    4000    0       5.0337966.9595440.124527
GRID    4001    0       5.0500496.9540500.00E+00
GRID    4002    0       3.2959721.84489314.35089
GRID    4003    0       4.5320154.18145320.16045
GRID    4004    0       4.7344944.28688819.96123
GRID    4005    0       4.0190093.58071920.37861
GRID    4006    0       5.9558913.6590767.576484
GRID    4007    0       6.0553443.4802327.759270
GRID    4008    0       5.0288580.6055401.544283
GRID    4009    0       5.0459720.4377321.505771
GRID    4010    0       5.0500490.4951371.674285
GRID    4011    0       3.8874032.89092017.75999
GRID    4012    0       3.8661112.64682217.86253
GRID    4013    0       8.0334181.32008816.23817
GRID    4014    0       1.7695371.11948816.25944
GRID    4015    0       4.4581143.22667020.04012
GRID    4016    0       4.5739333.20042120.06881
GRID    4017    0       4.5009353.20527220.19728
GRID    4018    0       5.3101512.65482425.09457
GRID    4019    0       5.3484462.61344525.01479
GRID    4020    0       5.3223092.56264325.08457
GRID    4021    0       6.7791552.84926017.01978
GRID    4022    0       4.3544413.10164421.06824
GRID    4023    0       4.3178113.10094520.91123
GRID    4024    0       4.2932792.99605121.02822
GRID    4025    0       4.4721092.68972319.08065
GRID    4026    0       4.4435222.65403719.33253
GRID    4027    0       6.2165513.01006818.45044
GRID    4028    0       4.4858673.19773120.39929
GRID    4029    0       4.4724733.14454720.40057
GRID    4030    0       4.4008143.16060020.38875
GRID    4031    0       4.3933932.83128720.45883
GRID    4032    0       3.9042612.54594119.75667
GRID    4033    0       5.1041042.6225746.443386
GRID    4034    0       5.0410452.6318346.358703
GRID    4035    0       4.4852443.7351166.288644
GRID    4036    0       5.6106413.03960121.39335
GRID    4037    0       3.9221692.59319318.87536
GRID    4038    0       4.8102203.07012320.51648
GRID    4039    0       4.6575983.04778920.57858
GRID    4040    0       4.6219903.11394820.49123
GRID    4041    0       4.5771653.17130820.41403
GRID    4042    0       5.9244702.62737518.51575
GRID    4043    0       6.0281712.61114518.36563
GRID    4044    0       5.9338482.60796018.39747
GRID    4045    0       5.9573782.70195418.35797
GRID    4046    0       3.5987362.60959623.94650
GRID    4047    0       3.3399963.60598917.57984
GRID    4048    0       5.3556682.75870025.02490
GRID    4049    0       3.7695362.91554217.63424
GRID    4050    0       7.7979581.47328916.20943
GRID    4051    0       7.9267521.37830216.40684
GRID    4052    0       8.0274931.27025416.52547
GRID    4053    0       4.9852295.34732313.58952
GRID    4054    0       4.9571715.51722513.80882
GRID    4055    0       5.0529455.64301613.56927
GRID    4056    0       4.3876124.77871513.05493
GRID    4057    0       4.8731783.34285220.40199
GRID    4058    0       4.9194365.04577913.83611
GRID    4059    0       4.7458175.00444313.99177
GRID    4060    0       4.3996041.92291720.46775
GRID    4061    0       3.6389632.58774423.47755
GRID    4062    0       3.5574512.58811823.50426
GRID    4063    0       5.1365963.14619518.14150
GRID    4064    0       5.1066883.11216218.01147
GRID    4065    0       5.7805612.9555596.702202
GRID    4066    0       4.4549754.61895811.60903
GRID    4067    0       4.6562404.59245611.01944
GRID    4068    0       6.5644742.90315618.27427
GRID    4069    0       6.4681292.60186618.55670
GRID    4070    0       8.7067050.88939216.10359
GRID    4071    0       3.2015423.13918618.30886
GRID    4072    0       8.5676690.78272115.55580
GRID    4073    0       3.3979373.00853218.62425
GRID    4074    0       6.7087722.92753117.69930
GRID    4075    0       6.5979842.74956817.81648
GRID    4076    0       6.9471022.79780317.63966
GRID    4077    0       6.9642332.95889217.64780
GRID    4078    0       5.0395952.20888121.42541
GRID    4079    0       4.9299382.23228921.43980
GRID    4080    0       4.9116472.16694421.35751
GRID    4081    0       5.0760326.75642714.00412
GRID    4082    0       5.0821236.61630113.93571
GRID    4083    0       8.9483890.58648715.91893
GRID    4084    0       8.9509700.60310916.07599
GRID    4085    0       4.4195953.33571621.28097
GRID    4086    0       4.3152702.70623019.52017
GRID    4087    0       4.0304782.54643519.30649
GRID    4088    0       4.1112072.63524619.42259
GRID    4089    0       3.5663653.35418823.57598
GRID    4090    0       5.0246832.3051443.603651
GRID    4091    0       5.0029162.3856943.434368
GRID    4092    0       5.0970675.4054011.344779
GRID    4093    0       5.0860675.2711261.184394
GRID    4094    0       5.0998995.5484711.105251
GRID    4095    0       4.5373922.69718318.50729
GRID    4096    0       2.7932721.79521816.74014
GRID    4097    0       2.9946791.83991616.92056
GRID    4098    0       6.8474062.72119817.45279
GRID    4099    0       3.5283942.36114117.47995
GRID    4100    0       3.2308972.46618917.38583
GRID    4101    0       3.3138422.58552217.48851
GRID    4102    0       5.7529544.80036513.11870
GRID    4103    0       5.7912844.70159312.55319
GRID    4104    0       6.1164762.62058420.51720
GRID    4105    0       6.1103982.50257220.49796
GRID    4106    0       6.2336112.66666120.43293
GRID    4107    0       6.8827233.02210518.69589
GRID    4108    0       4.9893475.4816741.957969
GRID    4109    0       4.9905475.2880912.070701
GRID    4110    0       4.9835075.4903372.202162
GRID    4111    0       6.0481372.95277917.88028
GRID    4112    0       4.3728112.63358818.75214
GRID    4113    0       4.2625932.61476318.63526
GRID    4114    0       4.2990083.06159720.63907
GRID    4115    0       3.3410863.64949117.65504
GRID    4116    0       5.9901912.75112420.99226
GRID    4117    0       5.9510122.68272520.85141
GRID    4118    0       4.0906563.26451117.89139
GRID    4119    0       4.1213463.26196418.03693
GRID    4120    0       5.3552763.04089821.13329
GRID    4121    0       3.7795823.09252818.00588
GRID    4122    0       3.5119173.05861017.72198
GRID    4123    0       3.6615723.15608617.88448
GRID    4124    0       5.7488413.22180918.36005
GRID    4125    0       4.4258214.70156517.76100
GRID    4126    0       5.0217874.1051956.946639
GRID    4127    0       5.3913503.6003184.877967
GRID    4128    0       4.3228913.7375396.637569
GRID    4129    0       4.9872832.8423172.258512
GRID    4130    0       4.9799212.8645062.603672
GRID    4131    0       4.9849693.1510522.389688
GRID    4132    0       4.8984272.68464725.17427
GRID    4133    0       4.8525152.54851925.14129
GRID    4134    0       6.8258303.65199517.71334
GRID    4135    0       4.4861472.54111121.42690
GRID    4136    0       4.8521385.42619714.59960
GRID    4137    0       4.7124343.1116174.431284
GRID    4138    0       4.6315913.1460444.170682
GRID    4139    0       6.4169583.03372918.73013
GRID    4140    0       6.1684842.15721820.01394
GRID    4141    0       6.1255991.94863219.75279
GRID    4142    0       6.2705062.21993819.86295
GRID    4143    0       3.9788513.26012419.00416
GRID    4144    0       5.8014122.81455920.94186
GRID    4145    0       0.7386730.37109914.89410
GRID    4146    0       0.6201960.33480414.63806
GRID    4147    0       0.7976950.41519214.69248
GRID    4148    0       4.0712901.94075510.12448
GRID    4149    0       4.8738375.31121014.26417
GRID    4150    0       4.9321265.68217314.38318
GRID    4151    0       4.9374225.62168714.11674
GRID    4152    0       5.6940462.87969921.40250
GRID    4153    0       5.3821923.28642520.39927
GRID    4154    0       6.6708312.65534410.95627
GRID    4155    0       6.5216353.43694618.92542
GRID    4156    0       5.7627523.18383519.39602
GRID    4157    0       5.8329523.14545919.22613
GRID    4158    0       5.9478472.63605719.15343
GRID    4159    0       4.9947986.1351191.609176
GRID    4160    0       4.5712873.24361520.45791
GRID    4161    0       5.7581432.69171621.21709
GRID    4162    0       6.8793011.61582715.62300
GRID    4163    0       7.0368361.53334215.62643
GRID    4164    0       6.8885451.58857715.77893
GRID    4165    0       1.3832330.82885914.77852
GRID    4166    0       4.0155073.31691918.22312
GRID    4167    0       4.1489893.27390618.39355
GRID    4168    0       4.9634963.27465320.69138
GRID    4169    0       4.9189833.14182720.93936
GRID    4170    0       6.0639813.24530319.86449
GRID    4171    0       6.1718813.26677919.80500
GRID    4172    0       5.0550890.5937131.715508
GRID    4173    0       5.0225990.8118551.701270
GRID    4174    0       5.0234080.7421751.567602
GRID    4175    0       4.4131692.84609921.06927
GRID    4176    0       6.1331773.21360518.98329
GRID    4177    0       3.6823662.48429717.86754
GRID    4178    0       3.7320632.53683317.86866
GRID    4179    0       6.8193701.69417514.98393
GRID    4180    0       5.7730963.20579120.57090
GRID    4181    0       5.7715233.13832620.50752
GRID    4182    0       5.7312673.18031220.55244
GRID    4183    0       3.2121633.27020717.48420
GRID    4184    0       3.3010083.41732417.60586
GRID    4185    0       4.1447673.21968319.28940
GRID    4186    0       4.2200693.19671319.43822
GRID    4187    0       3.2202782.75903918.62577
GRID    4188    0       5.6358382.70402920.96375
GRID    4189    0       6.1712422.51149319.75960
GRID    4190    0       6.1211422.33773619.70932
GRID    4191    0       6.7476102.44724817.93718
GRID    4192    0       6.6785232.31784618.06840
GRID    4193    0       6.6374881.48817615.56761
GRID    4194    0       8.9430060.66576316.11469
GRID    4195    0       5.1135853.0305553.804294
GRID    4196    0       6.2264363.23941317.76440
GRID    4197    0       6.0898153.21368317.92279
GRID    4198    0       4.2342941.5207799.659656
GRID    4199    0       4.2734282.66058320.96872
GRID    4200    0       6.3989952.50690617.57858
GRID    4201    0       5.6921171.06195115.05847
GRID    4202    0       2.4811421.23426515.22279
GRID    4203    0       6.4988652.38234619.56105
GRID    4204    0       6.4410272.49067819.80324
GRID    4205    0       6.3883102.31221319.72083
GRID    4206    0       3.6444012.68205619.00952
GRID    4207    0       3.7758702.72811019.20343
GRID    4208    0       3.5899652.45168217.56518
GRID    4209    0       3.6631342.51504517.51191
GRID    4210    0       3.6697362.46092617.58642
GRID    4211    0       5.0317664.1343457.139481
GRID    4212    0       6.0396153.56280320.78880
GRID    4213    0       5.9718943.48285520.84033
GRID    4214    0       1.6514951.01677816.30413
GRID    4215    0       3.9689191.78401610.80860
GRID    4216    0       3.5827242.81430217.80119
GRID    4217    0       3.3444383.01698017.55709
GRID    4218    0       1.8606391.12405914.93378
GRID    4219    0       2.0547931.23209514.96380
GRID    4220    0       1.9815711.14558114.76910
GRID    4221    0       4.9917673.24033917.91268
GRID    4222    0       5.0455273.02749817.94800
GRID    4223    0       4.8883942.99425617.92229
GRID    4224    0       5.1195464.1430442.988167
GRID    4225    0       5.1217033.8712602.870679
GRID    4226    0       6.1919283.08248219.99478
GRID    4227    0       3.9913033.43323320.74387
GRID    4228    0       3.3224951.82531814.99806
GRID    4229    0       3.3902111.69200014.95804
GRID    4230    0       3.2531691.50575014.95414
GRID    4231    0       3.3469871.76781414.75080
GRID    4232    0       4.7902724.08372720.72438
GRID    4233    0       4.5674304.00198320.74921
GRID    4234    0       4.6415663.17507420.20081
GRID    4235    0       5.0171256.8579200.051076
GRID    4236    0       4.3361132.93394020.79358
GRID    4237    0       4.3593112.96794920.38446
GRID    4238    0       5.3765462.32796025.06908
GRID    4239    0       5.3344692.47046225.07458
GRID    4240    0       5.4079572.84016022.17322
GRID    4241    0       5.3291412.90482922.20313
GRID    4242    0       3.6834513.99626318.96550
GRID    4243    0       6.3847833.17787318.70907
GRID    4244    0       4.8605442.28491225.15783
GRID    4245    0       4.9145322.20814525.18280
GRID    4246    0       4.9803992.16409225.16624
GRID    4247    0       3.7002042.38816519.79566
GRID    4248    0       5.4188783.7298415.950034
GRID    4249    0       6.1722472.89409617.81653
GRID    4250    0       6.1328542.71237517.93862
GRID    4251    0       5.8254282.98511218.01999
GRID    4252    0       5.7604812.89544318.05868
GRID    4253    0       4.0933072.61727218.32805
GRID    4254    0       3.9930982.74778318.20565
GRID    4255    0       2.4616861.56088116.61975
GRID    4256    0       2.5702071.64451916.48042
GRID    4257    0       6.2031612.75780718.08678
GRID    4258    0       2.2978401.43826516.59985
GRID    4259    0       7.5683461.61891016.27072
GRID    4260    0       7.6422501.56693016.50162
GRID    4261    0       4.4885662.70149121.72306
GRID    4262    0       4.3437323.26430320.78123
GRID    4263    0       4.3750663.02371020.88399
GRID    4264    0       5.8484722.68251020.17931
GRID    4265    0       5.8182032.36375020.11460
GRID    4266    0       4.9944542.9820192.035611
GRID    4267    0       4.2377713.10712720.58907
GRID    4268    0       5.2510172.08381925.04780
GRID    4269    0       4.7720403.01445020.65252
GRID    4270    0       4.9382363.03116221.19699
GRID    4271    0       5.0587624.1820507.048213
GRID    4272    0       4.2363392.81492818.54639
GRID    4273    0       4.3185452.6037817.781033
GRID    4274    0       5.0740644.3541121.636093
GRID    4275    0       5.0608844.2493641.495642
GRID    4276    0       3.6815172.50859617.81939
GRID    4277    0       4.4451682.46913120.97232
GRID    4278    0       5.2434872.52294025.15413
GRID    4279    0       3.3929683.16122717.21005
GRID    4280    0       3.2602673.02628117.13843
GRID    4281    0       5.7024044.50413318.63912
GRID    4282    0       5.7142742.93717621.24900
GRID    4283    0       3.6955843.22235418.16510
GRID    4284    0       3.0747871.80832116.98663
GRID    4285    0       2.9627731.66714016.96582
GRID    4286    0       4.1725443.6017486.837147
GRID    4287    0       5.1151292.6313052.832241
GRID    4288    0       5.1168552.6659612.611253
GRID    4289    0       5.1224172.9560642.730919
GRID    4290    0       5.6668663.19152819.19244
GRID    4291    0       3.2588222.61769517.41266
GRID    4292    0       4.3490562.36622620.36672
GRID    4293    0       3.6694692.02114723.74332
GRID    4294    0       3.6786831.83197423.76462
GRID    4295    0       3.5934491.95356723.76372
GRID    4296    0       3.5549982.16277623.55135
GRID    4297    0       3.6385542.23546423.61810
GRID    4298    0       5.9621483.84781120.56951
GRID    4299    0       5.6402894.05500120.47834
GRID    4300    0       6.9474863.39885817.03131
GRID    4301    0       3.5895351.98371618.99152
GRID    4302    0       5.7786352.73627020.93037
GRID    4303    0       5.1753131.8800819.320830
GRID    4304    0       5.0135811.8211139.424559
GRID    4305    0       4.9626311.8713499.321222
GRID    4306    0       5.1190901.8488049.353038
GRID    4307    0       5.0689721.8757159.321027
GRID    4308    0       3.6170872.59350719.79894
GRID    4309    0       3.5631752.53700319.62313
GRID    4310    0       3.2050603.42349617.24840
GRID    4311    0       5.0858686.27833013.90797
GRID    4312    0       5.0810416.46361513.84332
GRID    4313    0       6.5628451.95738218.71450
GRID    4314    0       6.6211972.03206218.69297
GRID    4315    0       1.9692791.28740215.67608
GRID    4316    0       1.4143360.72390114.69363
GRID    4317    0       1.5342860.77565214.86983
GRID    4318    0       1.3856400.69875514.90724
GRID    4319    0       1.8835190.97164016.17091
GRID    4320    0       1.7236130.88245616.06224
GRID    4321    0       1.9506671.00280115.97852
GRID    4322    0       5.0849776.9324930.072339
GRID    4323    0       5.0842086.9210390.162655
GRID    4324    0       5.1034646.8002270.145260
GRID    4325    0       4.8359163.0967834.156709
GRID    4326    0       1.4547060.80905016.31257
GRID    4327    0       1.5687080.94495016.31182
GRID    4328    0       1.5118080.94612916.19058
GRID    4329    0       5.5063803.0775445.034437
GRID    4330    0       5.6145293.0568165.457188
GRID    4331    0       6.3339674.39814917.44283
GRID    4332    0       6.7217531.51561515.75006
GRID    4333    0       8.8372990.85744815.25761
GRID    4334    0       5.0035375.1351421.818743
GRID    4335    0       5.0116544.9405461.626540
GRID    4336    0       9.0326670.75299915.43215
GRID    4337    0       3.0171442.05027216.03545
GRID    4338    0       7.4190161.59284415.22633
GRID    4339    0       6.6602452.22067018.50201
GRID    4340    0       6.7088452.29954118.46256
GRID    4341    0       4.9824406.03594514.36397
GRID    4342    0       4.3954193.0548825.774927
GRID    4343    0       4.3247273.1361435.508471
GRID    4344    0       4.6289952.9814655.626779
GRID    4345    0       4.7724814.94614513.21811
GRID    4346    0       5.8028443.12565420.72983
GRID    4347    0       5.6934253.6182785.747372
GRID    4348    0       4.4065593.6089405.655485
GRID    4349    0       4.2967053.5239715.315225
GRID    4350    0       4.2165253.4984545.577983
GRID    4351    0       5.8677152.9671897.058609
GRID    4352    0       5.8782332.8608397.422236
GRID    4353    0       5.6845252.7614237.060568
GRID    4354    0       5.1024783.8679242.093723
GRID    4355    0       5.0109536.41455514.49063
GRID    4356    0       8.2954000.91943015.40671
GRID    4357    0       8.2285550.96188515.77039
GRID    4358    0       7.8454371.14051315.35243
GRID    4359    0       8.6022200.76303315.21783
GRID    4360    0       3.3190751.80894013.97080
GRID    4361    0       3.1947122.05907914.02701
GRID    4362    0       4.2495771.5002639.915132
GRID    4363    0       1.6813680.84668814.99659
GRID    4364    0       3.9225181.57410718.55500
GRID    4365    0       3.6232033.56858919.60686
GRID    4366    0       4.9897046.0544061.444088
GRID    4367    0       5.0024516.0537481.180368
GRID    4368    0       5.7249083.8526957.209161
GRID    4369    0       5.5226933.9790437.530625
GRID    4370    0       5.0225146.66100414.05249
GRID    4371    0       5.0277846.85571014.04324
GRID    4372    0       5.0186086.73436213.92821
GRID    4373    0       3.9787453.1621337.626642
GRID    4374    0       5.2943174.95176513.02693
GRID    4375    0       5.2589012.78731718.26731
GRID    4376    0       5.4399892.76755418.33304
GRID    4377    0       5.6300152.76462421.82636
GRID    4378    0       5.5761432.98200021.99240
GRID    4379    0       5.6561642.92129221.81338
GRID    4380    0       0.8968640.61945815.52442
GRID    4381    0       0.9495760.65681315.22224
GRID    4382    0       0.7285680.52222615.31648
GRID    4383    0       4.9354331.51857411.09191
GRID    4384    0       3.2405043.81385916.97886
GRID    4385    0       3.5057731.54323716.99417
GRID    4386    0       3.3355521.66022917.13708
GRID    4387    0       3.1667561.64113116.91224
GRID    4388    0       3.0434061.57443516.65609
GRID    4389    0       6.2292183.3661708.903438
GRID    4390    0       4.1446002.1833679.351027
GRID    4391    0       5.1265392.8960453.023985
GRID    4392    0       5.1248943.2353442.959288
GRID    4393    0       8.8026020.84326315.01832
GRID    4394    0       9.0434650.72147615.08592
GRID    4395    0       5.0984072.89635020.90569
GRID    4396    0       4.9854892.96029220.72760
GRID    4397    0       6.2353343.1354308.562024
GRID    4398    0       4.6168502.6189427.149630
GRID    4399    0       1.2816210.86483815.39766
GRID    4400    0       0.5234100.26721114.80678
GRID    4401    0       5.1163352.8565962.421991
GRID    4402    0       5.1186953.2354872.525925
GRID    4403    0       5.5251742.3643678.033922
GRID    4404    0       5.7153532.5239907.851892
GRID    4405    0       4.6984884.37188419.59704
GRID    4406    0       4.9354021.8888729.145708
GRID    4407    0       4.8848781.8265959.274997
GRID    4408    0       4.8307501.8928119.120608
GRID    4409    0       0.6398430.44401014.81722
GRID    4410    0       0.8045620.55647715.04170
GRID    4411    0       0.8706360.55506514.77161
GRID    4412    0       0.5248930.38915915.03287
GRID    4413    0       4.5580842.94426120.99058
GRID    4414    0       4.7882125.08374214.22705
GRID    4415    0       3.7579344.13908218.64887
GRID    4416    0       5.0209206.8580440.455203
GRID    4417    0       2.4556561.25046615.62557
GRID    4418    0       7.3053451.50991016.71491
GRID    4419    0       6.4273411.57406717.37885
GRID    4420    0       5.9278513.76966320.76959
GRID    4421    0       6.0784703.64104820.66805
GRID    4422    0       6.3301372.38748519.95602
GRID    4423    0       6.4254882.67880720.02348
GRID    4424    0       5.0151736.41717114.82433
GRID    4425    0       5.0214656.53269914.68508
GRID    4426    0       4.8998222.6535936.563833
GRID    4427    0       4.9977992.6322346.448963
GRID    4428    0       5.6334383.72555121.25149
GRID    4429    0       5.7005743.59417321.37441
GRID    4430    0       5.8101343.55263221.27548
GRID    4431    0       4.9870155.6953291.992837
GRID    4432    0       5.0111744.4168821.871897
GRID    4433    0       4.9783264.6596652.543065
GRID    4434    0       5.0567176.9346720.260395
GRID    4435    0       4.3408852.98238321.56522
GRID    4436    0       4.2993473.12786221.43881
GRID    4437    0       4.2771162.96694421.44879
GRID    4438    0       4.3473272.84678321.61246
GRID    4439    0       4.8473162.4569947.327204
GRID    4440    0       4.8211552.5359337.104531
GRID    4441    0       5.5754903.19596321.89114
GRID    4442    0       5.5419553.10054522.03409
GRID    4443    0       8.8393580.84163015.67046
GRID    4444    0       2.2467221.16043115.99824
GRID    4445    0       4.0268413.8595699.269155
GRID    4446    0       4.9276245.76455915.45660
GRID    4447    0       4.9591555.93549215.27585
GRID    4448    0       5.4046872.46379621.60956
GRID    4449    0       5.8946652.7614887.791049
GRID    4450    0       6.1357773.1433027.810928
GRID    4451    0       6.1423472.9900028.197179
GRID    4452    0       5.5958103.40500021.77550
GRID    4453    0       5.0265783.25286119.45485
GRID    4454    0       5.1649393.26032819.80989
GRID    4455    0       4.8373562.57635022.21305
GRID    4456    0       4.7169632.73688222.29327
GRID    4457    0       4.9774353.6370022.937927
GRID    4458    0       4.9815173.7115083.260468
GRID    4459    0       5.1178021.9684829.041805
GRID    4460    0       5.0369891.9846178.952571
GRID    4461    0       5.1251011.9910298.952125
GRID    4462    0       4.9855203.9484163.136378
GRID    4463    0       3.9287912.66442617.78860
GRID    4464    0       5.5597833.5304894.588632
GRID    4465    0       5.1349475.84973614.19474
GRID    4466    0       5.0326002.5052936.962401
GRID    4467    0       5.0621512.4358567.234578
GRID    4468    0       4.9730932.47326422.01038
GRID    4469    0       5.7888813.3343174.118285
GRID    4470    0       5.8451331.6541079.343372
GRID    4471    0       5.6395141.6919929.450802
GRID    4472    0       5.5429831.8305819.263967
GRID    4473    0       4.0682113.2946206.518407
GRID    4474    0       4.9184171.7346279.808640
GRID    4475    0       5.0000466.1237350.842396
GRID    4476    0       4.9966366.2719961.044336
GRID    4477    0       5.9909563.05478218.91050
GRID    4478    0       7.5578321.47997915.07181
GRID    4479    0       4.7729733.09611920.55750
GRID    4480    0       4.8237722.88327920.96868
GRID    4481    0       4.8414622.85720421.06957
GRID    4482    0       0.4169120.18319415.10082
GRID    4483    0       0.5687990.26399215.19073
GRID    4484    0       0.4683310.20565615.30912
GRID    4485    0       4.9680395.87929614.25202
GRID    4486    0       5.9650584.52278018.04320
GRID    4487    0       5.7043693.5151054.952369
GRID    4488    0       5.2904832.5628517.017208
GRID    4489    0       5.3369982.4893857.341710
GRID    4490    0       5.1048905.8671521.154792
GRID    4491    0       5.1074326.2073340.947123
GRID    4492    0       5.1061046.1801671.239677
GRID    4493    0       6.1441911.93931810.46919
GRID    4494    0       5.0450641.0769031.338673
GRID    4495    0       5.0751960.9119631.412579
GRID    4496    0       5.1016444.2209992.143214
GRID    4497    0       4.8967042.6895036.445681
GRID    4498    0       4.7663262.7408016.505017
GRID    4499    0       6.1444653.2426717.827991
GRID    4500    0       5.0248696.90180113.90301
GRID    4501    0       5.0381997.04359114.01813
GRID    4502    0       5.0500507.06656713.78152
GRID    4503    0       3.1266992.37597616.88269
GRID    4504    0       4.9771023.2469202.792006
GRID    4505    0       4.9808113.5703792.500113
GRID    4506    0       7.6289581.39152114.89761
GRID    4507    0       7.5328381.38039514.78047
GRID    4508    0       5.5694612.0910239.016214
GRID    4509    0       4.5149142.13005921.08150
GRID    4510    0       5.1199465.3580302.294003
GRID    4511    0       5.0948695.3764792.511506
GRID    4512    0       5.1234605.1870272.401177
GRID    4513    0       4.0174873.3741147.421642
GRID    4514    0       3.9536073.2889557.871607
GRID    4515    0       8.6012140.93112414.89792
GRID    4516    0       5.0347636.8387120.556370
GRID    4517    0       8.6692820.74055414.75810
GRID    4518    0       8.4491640.84669114.79194
GRID    4519    0       8.4891810.83973214.64949
GRID    4520    0       8.5474940.79354514.93153
GRID    4521    0       8.8266120.65444414.94712
GRID    4522    0       4.1040601.4206579.770863
GRID    4523    0       3.7464212.09371123.52749
GRID    4524    0       5.0886922.3459041.953189
GRID    4525    0       6.5590873.65298019.22203
GRID    4526    0       5.5545813.2618313.872294
GRID    4527    0       5.0849296.68118513.80628
GRID    4528    0       5.0832166.58150713.73846
GRID    4529    0       5.0581805.5449550.790360
GRID    4530    0       5.1049635.7048440.955193
GRID    4531    0       7.5623761.23803514.96102
GRID    4532    0       4.6555844.44391510.15559
GRID    4533    0       3.6356932.72781218.10455
GRID    4534    0       3.7180242.60565718.20865
GRID    4535    0       3.6019442.47514318.06440
GRID    4536    0       9.4078360.38383714.67804
GRID    4537    0       5.1005145.4464621.797454
GRID    4538    0       5.1098505.3137612.057465
GRID    4539    0       5.0935005.0614401.789775
GRID    4540    0       5.0955955.2299991.595561
GRID    4541    0       4.8975242.54201425.18990
GRID    4542    0       1.7178650.90749816.42006
GRID    4543    0       1.5719200.83095816.35084
GRID    4544    0       1.6882010.87144616.25633
GRID    4545    0       5.3629512.62899319.34114
GRID    4546    0       4.0133463.1924407.260649
GRID    4547    0       7.0806673.45264015.35844
GRID    4548    0       6.5456441.69412817.55215
GRID    4549    0       5.8609204.57544711.94023
GRID    4550    0       4.7360162.86566321.02895
GRID    4551    0       5.1154624.20034420.40166
GRID    4552    0       3.7206332.13548223.86037
GRID    4553    0       3.7527732.13005423.80663
GRID    4554    0       3.7674892.28023323.80424
GRID    4555    0       3.3793892.01932218.25452
GRID    4556    0       3.3308442.00100417.99048
GRID    4557    0       3.4631591.88108118.13846
GRID    4558    0       1.6765681.03421414.98966
GRID    4559    0       1.7586731.03505514.77950
GRID    4560    0       4.9992083.7212671.982449
GRID    4561    0       3.9329763.44834520.07118
GRID    4562    0       3.9472433.50248220.16631
GRID    4563    0       3.8561883.76640420.08758
GRID    4564    0       3.8518343.84699219.91839
GRID    4565    0       3.7741633.60580320.03566
GRID    4566    0       5.0990202.4055292.853601
GRID    4567    0       5.1067962.5257503.129410
GRID    4568    0       5.0234845.7088762.205156
GRID    4569    0       2.7427801.32793115.08206
GRID    4570    0       2.9582771.39425014.98309
GRID    4571    0       2.6270381.68162816.23188
GRID    4572    0       2.8414441.84493615.91693
GRID    4573    0       5.8265633.22025820.60602
GRID    4574    0       5.8422483.24834520.53463
GRID    4575    0       5.8940573.37406320.58895
GRID    4576    0       3.6516213.42933619.81782
GRID    4577    0       4.5263502.98917021.99493
GRID    4578    0       6.8649782.87278518.82096
GRID    4579    0       6.1106783.38395320.75775
GRID    4580    0       6.0061133.42156020.97647
GRID    4581    0       6.0106983.23983621.02866
GRID    4582    0       4.2080363.2483825.361207
GRID    4583    0       9.2923010.48072415.83048
GRID    4584    0       9.4599220.43935215.60543
GRID    4585    0       9.2169200.60232515.71396
GRID    4586    0       5.0113155.94806213.77819
GRID    4587    0       4.9731015.83454613.97643
GRID    4588    0       5.1779562.35584624.96720
GRID    4589    0       5.2460682.42901024.99640
GRID    4590    0       5.4145973.24517219.37707
GRID    4591    0       1.2623630.63308615.05485
GRID    4592    0       5.1046845.0412502.144297
GRID    4593    0       9.0415570.64848614.65493
GRID    4594    0       9.2599010.54925514.69854
GRID    4595    0       9.1318300.54829514.45555
GRID    4596    0       5.0860106.34446314.93866
GRID    4597    0       5.0788666.48895614.76992
GRID    4598    0       6.2088403.12540720.58351
GRID    4599    0       3.6727743.29844719.97738
GRID    4600    0       3.6636753.13279420.03939
GRID    4601    0       3.7105543.22985120.12432
GRID    4602    0       5.0122381.6062672.103437
GRID    4603    0       5.0044261.6542741.825619
GRID    4604    0       4.5055614.72313312.20655
GRID    4605    0       5.1232984.4255242.858059
GRID    4606    0       5.1245014.6659322.764329
GRID    4607    0       5.0058352.3705303.228488
GRID    4608    0       4.9834032.6810303.141154
GRID    4609    0       4.9987132.4552482.999527
GRID    4610    0       1.1573640.77896315.23503
GRID    4611    0       5.8915073.3025584.474633
GRID    4612    0       5.6830813.2389984.148899
GRID    4613    0       4.9892481.8139379.500804
GRID    4614    0       3.2048042.51081017.80082
GRID    4615    0       3.1980732.59978817.86907
GRID    4616    0       5.1134065.7626021.866281
GRID    4617    0       5.0701875.9242111.971265
GRID    4618    0       5.0701285.8209272.091936
GRID    4619    0       2.0686071.29261916.44744
GRID    4620    0       3.7124602.91881318.21047
GRID    4621    0       5.1259143.0522043.261991
GRID    4622    0       5.1208582.8552923.312951
GRID    4623    0       5.0185242.2023093.506628
GRID    4624    0       5.0125072.1679123.347974
GRID    4625    0       5.0483922.0512333.447325
GRID    4626    0       5.1200123.0583153.442759
GRID    4627    0       5.8800913.56759021.11335
GRID    4628    0       4.0884743.3664936.142158
GRID    4629    0       4.1060203.3606675.879420
GRID    4630    0       4.2450073.1647456.140027
GRID    4631    0       5.6786683.51653221.53878
GRID    4632    0       5.6122243.48540221.68959
GRID    4633    0       5.6625673.42871221.61615
GRID    4634    0       6.9228073.26833117.64165
GRID    4635    0       6.9309483.28204317.71841
GRID    4636    0       4.4111981.56614610.03056
GRID    4637    0       3.7983802.14606319.68097
GRID    4638    0       3.8978351.97678219.64747
GRID    4639    0       5.8189283.07940420.75998
GRID    4640    0       5.8354073.05397820.68004
GRID    4641    0       4.9953514.3518733.175695
GRID    4642    0       5.0750486.8148980.585123
GRID    4643    0       3.2413233.59306517.24352
GRID    4644    0       4.9857705.0890722.254749
GRID    4645    0       4.9776544.9290292.476851
GRID    4646    0       5.0030954.9832632.046353
GRID    4647    0       0.2443190.10560514.82897
GRID    4648    0       0.0799590.03795014.70810
GRID    4649    0       0.3061440.17065614.63698
GRID    4650    0       0.7161350.48864715.54713
GRID    4651    0       0.5946580.40941615.45285
GRID    4652    0       0.5895670.35746215.57962
GRID    4653    0       4.6642272.10583421.17732
GRID    4654    0       3.8043511.43503717.29611
GRID    4655    0       6.2123422.7486428.932603
GRID    4656    0       5.0949364.7689992.038134
GRID    4657    0       5.1088902.9255703.627490
GRID    4658    0       6.4181483.44688719.13641
GRID    4659    0       4.3669112.85174520.13574
GRID    4660    0       7.0570872.41642416.12542
GRID    4661    0       4.9766314.6058062.839123
GRID    4662    0       5.9536521.42805010.05769
GRID    4663    0       4.2564413.4659774.894616
GRID    4664    0       4.3728313.23321220.18621
GRID    4665    0       4.4151223.21034420.30513
GRID    4666    0       5.0043186.4522230.593808
GRID    4667    0       5.0977633.1625261.942591
GRID    4668    0       1.5794090.93621814.77249
GRID    4669    0       1.4318410.80749714.55796
GRID    4670    0       2.7679861.31888914.90845
GRID    4671    0       3.8666773.66837720.24655
GRID    4672    0       2.5259351.23355514.96541
GRID    4673    0       6.6231223.41092219.30347
GRID    4674    0       6.7151283.24270719.17726
GRID    4675    0       3.8708933.46977820.42210
GRID    4676    0       3.9005653.52852420.40856
GRID    4677    0       5.0555364.33314719.91382
GRID    4678    0       5.0138984.49476119.21363
GRID    4679    0       5.3968422.66280418.70205
GRID    4680    0       5.4638032.68956818.54622
GRID    4681    0       4.9981472.3400502.428919
GRID    4682    0       4.9924622.5037792.730094
GRID    4683    0       4.9862842.6144302.424688
GRID    4684    0       4.6379842.62240319.57070
GRID    4685    0       3.3415212.40666518.50560
GRID    4686    0       5.1085072.7648992.119758
GRID    4687    0       5.1036452.4701732.188866
GRID    4688    0       5.0500492.0061891.586901
GRID    4689    0       5.0459622.4127021.685729
GRID    4690    0       5.2274002.0253778.936744
GRID    4691    0       5.9876113.3505325.305534
GRID    4692    0       5.8573923.4776095.197215
GRID    4693    0       5.0617374.8073341.225842
GRID    4694    0       5.0398534.9683451.126493
GRID    4695    0       5.0712775.0152871.229564
GRID    4696    0       5.5465653.1348414.594957
GRID    4697    0       3.0695813.52412614.64280
GRID    4698    0       5.0297770.9193662.084393
GRID    4699    0       5.0114815.0901041.454714
GRID    4700    0       5.0013425.3698421.593384
GRID    4701    0       5.0063105.3134161.321789
GRID    4702    0       5.0032095.4577111.115225
GRID    4703    0       5.0189935.2900791.122605
GRID    4704    0       6.2831744.37379417.80666
GRID    4705    0       5.0155512.2138801.867384
GRID    4706    0       5.1493431.9235129.115532
GRID    4707    0       5.1986161.9523479.131041
GRID    4708    0       5.2012211.9808109.034396
GRID    4709    0       5.0084831.2213991.642230
GRID    4710    0       5.0068481.3356831.841940
GRID    4711    0       5.0093461.4608071.679337
GRID    4712    0       4.9148655.39402713.99571
GRID    4713    0       5.2541564.49447710.24455
GRID    4714    0       4.9916644.4575639.904037
GRID    4715    0       5.0883076.4254740.328525
GRID    4716    0       5.0970486.3348190.428372
GRID    4717    0       5.0478576.3203370.251461
GRID    4718    0       4.6886892.8493136.189812
GRID    4719    0       4.8568392.7461386.314101
GRID    4720    0       5.6636262.79974121.54804
GRID    4721    0       5.7192112.88077021.46618
GRID    4722    0       5.6835552.90960421.55979
GRID    4723    0       5.7155942.79866821.51891
GRID    4724    0       5.0720581.0592302.229154
GRID    4725    0       4.4536333.19506819.35333
GRID    4726    0       4.9890345.0725302.686378
GRID    4727    0       4.9766355.1648152.509875
GRID    4728    0       3.2550903.27472318.78039
GRID    4729    0       3.2535793.37917118.60987
GRID    4730    0       5.0344686.5158461.195078
GRID    4731    0       5.0183626.6260950.998236
GRID    4732    0       4.9853516.3937951.216944
GRID    4733    0       4.3246794.75596017.09860
GRID    4734    0       5.9533193.57178520.60071
GRID    4735    0       3.7925273.55179220.14301
GRID    4736    0       3.8327783.66820920.15066
GRID    4737    0       5.1002776.8191390.264458
GRID    4738    0       5.8980952.66501220.95583
GRID    4739    0       5.1091874.6336763.015367
GRID    4740    0       4.6861053.53682521.95104
GRID    4741    0       4.5745713.54865521.73320
GRID    4742    0       4.5698183.41015221.90287
GRID    4743    0       8.6215870.76089916.08275
GRID    4744    0       8.4677520.84164016.08370
GRID    4745    0       8.8175150.70338216.21362
GRID    4746    0       8.6132050.77273816.20794
GRID    4747    0       4.6469173.16520120.30967
GRID    4748    0       3.5735342.62759917.99276
GRID    4749    0       5.5370104.1526038.671601
GRID    4750    0       5.4329833.52679621.93505
GRID    4751    0       5.5565023.47797121.78835
GRID    4752    0       5.5109143.61462121.63906
GRID    4753    0       4.9956826.0601330.670568
GRID    4754    0       4.9935035.9031140.769047
GRID    4755    0       5.0045345.8879220.980930
GRID    4756    0       3.7313041.96681623.79352
GRID    4757    0       3.7150911.98744523.85316
GRID    4758    0       3.6941351.85804023.85052
GRID    4759    0       5.0927394.8815881.915074
GRID    4760    0       5.0894584.8434031.740265
GRID    4761    0       5.0861094.6436281.745349
GRID    4762    0       3.6453812.20704223.87994
GRID    4763    0       3.6380702.35389023.87962
GRID    4764    0       3.7184652.30737023.86702
GRID    4765    0       6.2880553.1470008.926325
GRID    4766    0       7.8415611.36392515.08105
GRID    4767    0       6.2219203.37359520.18975
GRID    4768    0       5.0773356.26919813.76493
GRID    4769    0       5.1150024.3250983.058246
GRID    4770    0       4.2575453.22628418.92897
GRID    4771    0       3.2442131.60017416.76825
GRID    4772    0       2.9950871.58573116.87983
GRID    4773    0       6.5478092.14604219.16158
GRID    4774    0       6.5393772.04154318.99746
GRID    4775    0       5.0379512.69345625.21961
GRID    4776    0       3.2398582.01241615.10860
GRID    4777    0       3.9463272.88473418.16740
GRID    4778    0       5.0247491.6732612.774556
GRID    4779    0       5.0229191.5607132.953964
GRID    4780    0       5.0247581.7895892.856132
GRID    4781    0       6.9342291.49322414.67175
GRID    4782    0       6.9863091.45458814.62784
GRID    4783    0       1.9223891.19868615.14045
GRID    4784    0       5.3188082.56377122.12670
GRID    4785    0       5.1335772.50376122.10690
GRID    4786    0       1.2201880.61630514.86509
GRID    4787    0       4.6710443.27453722.32861
GRID    4788    0       4.6201683.34491422.11893
GRID    4789    0       4.6275243.16365622.17360
GRID    4790    0       4.6211372.7832066.640005
GRID    4791    0       5.0070335.1130001.625324
GRID    4792    0       5.0246364.8444441.420827
GRID    4793    0       6.3766972.26029118.96749
GRID    4794    0       6.3266792.47217119.09076
GRID    4795    0       6.2986602.31354119.08641
GRID    4796    0       6.2342482.35346719.17541
GRID    4797    0       5.8645663.1928885.466510
GRID    4798    0       6.0330972.0917899.829842
GRID    4799    0       4.4346253.6626825.957451
GRID    4800    0       4.0740811.5647369.858894
GRID    4801    0       8.1743181.16979416.48517
GRID    4802    0       8.1537921.23050516.34384
GRID    4803    0       6.2797272.86153920.39863
GRID    4804    0       6.3251082.67598520.26423
GRID    4805    0       5.4692972.49584921.73727
GRID    4806    0       4.6741512.2115018.418174
GRID    4807    0       5.0542485.3358810.899387
GRID    4808    0       5.0600575.1122001.049200
GRID    4809    0       3.8540623.55517520.19078
GRID    4810    0       4.9436283.54786422.37526
GRID    4811    0       4.9487563.48832222.54643
GRID    4812    0       5.0968453.57376722.34290
GRID    4813    0       5.2195462.93925420.81602
GRID    4814    0       5.0796381.1800682.120607
GRID    4815    0       5.0845581.3631402.114177
GRID    4816    0       2.7189281.74623116.51154
GRID    4817    0       5.0917032.3664197.506755
GRID    4818    0       5.1414283.11143521.01699
GRID    4819    0       3.6013752.11111723.86248
GRID    4820    0       5.0182781.9628923.216565
GRID    4821    0       5.0171852.0912523.090809
GRID    4822    0       5.0244711.9478122.954947
GRID    4823    0       4.9777214.1893302.899398
GRID    4824    0       5.0982536.09145313.93650
GRID    4825    0       5.1021156.17094414.23701
GRID    4826    0       9.7339900.30864314.99081
GRID    4827    0       9.7411850.28959215.16543
GRID    4828    0       4.1016152.7932068.105298
GRID    4829    0       4.2393213.5760276.003761
GRID    4830    0       4.2824043.6693576.393066
GRID    4831    0       7.9622701.26358414.91221
GRID    4832    0       7.7681301.32360214.84657
GRID    4833    0       5.0613456.8136920.037875
GRID    4834    0       4.5858863.23605220.38788
GRID    4835    0       4.5614943.18296320.36227
GRID    4836    0       4.0904643.7770528.482380
GRID    4837    0       5.0180442.1665673.192186
GRID    4838    0       4.2735502.73501619.12864
GRID    4839    0       5.0919494.4569491.949488
GRID    4840    0       5.7093852.6412257.481821
GRID    4841    0       5.1195503.5868182.672163
GRID    4842    0       5.0301582.2470287.954895
GRID    4843    0       5.2640502.2560408.065624
GRID    4844    0       5.5410715.00262516.01102
GRID    4845    0       5.0914612.2547763.442313
GRID    4846    0       5.0849062.0255233.291593
GRID    4847    0       5.0836782.2307513.193568
GRID    4848    0       4.9842134.89287612.50081
GRID    4849    0       4.7604914.81822212.27722
GRID    4850    0       5.0192941.5241152.391632
GRID    4851    0       5.0239411.3217432.369472
GRID    4852    0       5.0252711.3982102.533461
GRID    4853    0       5.1081472.5646063.407574
GRID    4854    0       5.1092822.7452713.503878
GRID    4855    0       3.9417333.69976320.41784
GRID    4856    0       4.0049493.82518020.37415
GRID    4857    0       5.7462923.69296121.16326
GRID    4858    0       5.8237843.62562621.16865
GRID    4859    0       5.8667973.69465820.99265
GRID    4860    0       4.8715455.56900115.57668
GRID    4861    0       5.1646451.9167059.222129
GRID    4862    0       4.7226193.43279022.29336
GRID    4863    0       4.7401013.26385622.52094
GRID    4864    0       4.8338133.38447922.61528
GRID    4865    0       5.1002866.27377614.74975
GRID    4866    0       5.1102836.21107614.91030
GRID    4867    0       5.0972466.2984690.655132
GRID    4868    0       5.0948256.4509890.754838
GRID    4869    0       3.8112061.3174369.752130
GRID    4870    0       3.7499031.2718049.681254
GRID    4871    0       3.7445291.2292749.751697
GRID    4872    0       5.3651163.25048119.56902
GRID    4873    0       5.0218615.1300031.237129
GRID    4874    0       4.3871973.22668021.00092
GRID    4875    0       5.0004475.70103215.66338
GRID    4876    0       5.1636993.06145720.67146
GRID    4877    0       4.9845053.07109320.67633
GRID    4878    0       5.0355424.68156411.21216
GRID    4879    0       4.7985464.75372111.81406
GRID    4880    0       3.7614751.2241559.568782
GRID    4881    0       3.8163701.2418669.657570
GRID    4882    0       3.7474981.1952599.721768
GRID    4883    0       6.1653182.3615839.509499
GRID    4884    0       5.9679842.1612319.493045
GRID    4885    0       4.7873414.19122020.35473
GRID    4886    0       4.7224424.85465217.21626
GRID    4887    0       4.7714124.75187917.93674
GRID    4888    0       8.2601181.03751314.61271
GRID    4889    0       8.2686101.08190314.77494
GRID    4890    0       8.4338510.98140714.74913
GRID    4891    0       6.3326952.13892219.59790
GRID    4892    0       3.9638211.3346759.791040
GRID    4893    0       3.8823011.2825809.855512
GRID    4894    0       3.8918051.2748589.784138
GRID    4895    0       4.3408953.25471020.03268
GRID    4896    0       9.7448110.18699114.88294
GRID    4897    0       9.7186680.18321415.09710
GRID    4898    0       6.7218873.02812719.26674
GRID    4899    0       9.8205240.20454315.22146
GRID    4900    0       9.7225110.26686315.35093
GRID    4901    0       9.7860390.16352915.31646
GRID    4902    0       4.8649932.16122325.01106
GRID    4903    0       4.8627322.31883825.00162
GRID    4904    0       4.9130502.24930224.97677
GRID    4905    0       3.6060162.34789419.54741
GRID    4906    0       2.0129161.05257316.42471
GRID    4907    0       2.0787791.07652616.20432
GRID    4908    0       4.4716512.00397820.77848
GRID    4909    0       3.6922441.2185159.656030
GRID    4910    0       4.1519993.50026620.89942
GRID    4911    0       4.1545533.56751220.95966
GRID    4912    0       4.1201843.54385420.88131
GRID    4913    0       3.6985713.13928618.23959
GRID    4914    0       0.8277200.54949115.67718
GRID    4915    0       3.9581491.3249009.924205
GRID    4916    0       4.0908911.43344010.07544
GRID    4917    0       4.3313453.91486220.68303
GRID    4918    0       4.9914406.4824410.942002
GRID    4919    0       4.8413262.91668620.97674
GRID    4920    0       4.9193262.94729220.89787
GRID    4921    0       4.8254063.20470120.76060
GRID    4922    0       3.8183001.3610839.528372
GRID    4923    0       3.9474131.4816779.511410
GRID    4924    0       5.0365046.0546841.816516
GRID    4925    0       5.0200825.8942291.983720
GRID    4926    0       4.6190243.5521034.525292
GRID    4927    0       5.1611001.75353525.12969
GRID    4928    0       4.8932192.00720221.13037
GRID    4929    0       5.9022711.7240509.240574
GRID    4930    0       6.0439941.5916459.325480
GRID    4931    0       4.3454833.29047721.12786
GRID    4932    0       4.3129113.44155121.14540
GRID    4933    0       4.2821813.39103021.06584
GRID    4934    0       4.4149063.21544918.94513
GRID    4935    0       5.0748045.84002215.53724
GRID    4936    0       5.0954655.67068315.65851
GRID    4937    0       5.1723685.68906015.45189
GRID    4938    0       4.5300752.0862919.026428
GRID    4939    0       7.5172861.34460416.17302
GRID    4940    0       7.4837851.38095116.45677
GRID    4941    0       7.2354761.48317016.23344
GRID    4942    0       3.6060722.59418923.98851
GRID    4943    0       5.3755592.07419121.17205
GRID    4944    0       5.0708253.36025720.52409
GRID    4945    0       4.9992243.38807520.42636
GRID    4946    0       4.9197584.54946410.45478
GRID    4947    0       3.5002372.23467818.66548
GRID    4948    0       1.7320021.09512015.15355
GRID    4949    0       7.6673631.38370016.76268
GRID    4950    0       7.8132371.29870916.72304
GRID    4951    0       7.7023521.45365416.68542
GRID    4952    0       1.0748470.70250015.01122
GRID    4953    0       5.0151725.92508215.48554
GRID    4954    0       4.7293162.20880421.33122
GRID    4955    0       3.2386893.08572618.84618
GRID    4956    0       4.1121973.6606857.839630
GRID    4957    0       4.1400823.6110317.318675
GRID    4958    0       4.9847003.0492353.425090
GRID    4959    0       4.9814582.8579553.315325
GRID    4960    0       6.2348953.73286020.16169
GRID    4961    0       6.3006703.59198520.12348
GRID    4962    0       6.2732103.76050319.99915
GRID    4963    0       6.0890871.5126899.593055
GRID    4964    0       6.0118923.03200420.06917
GRID    4965    0       3.7549792.64107217.99746
GRID    4966    0       4.4735143.59896621.49471
GRID    4967    0       4.7140733.63275421.76047
GRID    4968    0       5.0753121.6323812.685198
GRID    4969    0       5.0799191.7364032.533874
GRID    4970    0       5.0770351.8193432.707802
GRID    4971    0       6.1822813.1640098.163039
GRID    4972    0       6.1189303.2751707.396138
GRID    4973    0       5.3124224.57797218.73101
GRID    4974    0       5.0042821.9588209.052552
GRID    4975    0       4.9582751.9289009.167089
GRID    4976    0       0.5874550.36688914.42524
GRID    4977    0       0.7566090.43868714.44380
GRID    4978    0       4.3008471.8431059.814023
GRID    4979    0       4.9942315.75018213.77299
GRID    4980    0       9.1128110.64527814.82702
GRID    4981    0       8.9519300.72545514.80748
GRID    4982    0       6.3660112.99324817.88547
GRID    4983    0       3.7618042.22864123.53512
GRID    4984    0       3.7364002.27759023.60838
GRID    4985    0       4.9853493.7488842.274997
GRID    4986    0       6.4883481.86247518.72792
GRID    4987    0       4.0232471.88753510.37639
GRID    4988    0       3.7154542.58610323.48804
GRID    4989    0       4.9989186.25543214.87875
GRID    4990    0       5.7959412.15876619.96934
GRID    4991    0       5.7584342.21354720.18482
GRID    4992    0       5.7195762.11870020.11629
GRID    4993    0       5.1771493.01250621.24471
GRID    4994    0       4.4822114.07808620.43320
GRID    4995    0       8.1367501.14565014.77668
GRID    4996    0       8.2951981.10764114.95464
GRID    4997    0       5.0059566.8504890.293041
GRID    4998    0       5.0200366.8878550.347631
GRID    4999    0       9.1612370.54233615.95548
GRID    5000    0       5.7106702.67618019.13632
GRID    5001    0       5.5424102.68477719.08547
GRID    5002    0       7.8817091.13955015.74650
GRID    5003    0       3.6225891.53874323.55311
GRID    5004    0       3.6849031.55071723.50511
GRID    5005    0       3.6894361.58538523.55548
GRID    5006    0       4.9862512.6138352.939075
GRID    5007    0       6.2497171.2409769.782887
GRID    5008    0       6.1038531.3311419.782005
GRID    5009    0       6.1148921.3500629.632913
GRID    5010    0       1.3665900.84495016.14251
GRID    5011    0       6.9063642.76812317.76645
GRID    5012    0       5.8511223.2184935.095010
GRID    5013    0       5.9638733.3600264.816824
GRID    5014    0       9.0439210.72841815.66547
GRID    5015    0       5.0123411.1072221.788724
GRID    5016    0       4.5346363.21129221.90821
GRID    5017    0       4.5030743.28573921.80818
GRID    5018    0       9.5353160.40807314.60411
GRID    5019    0       5.0050352.4644092.062886
GRID    5020    0       3.6081762.55825623.39466
GRID    5021    0       6.9824731.62613514.98190
GRID    5022    0       5.9502363.28268920.06779
GRID    5023    0       3.6009142.67525623.35873
GRID    5024    0       6.1588453.07260517.83019
GRID    5025    0       4.3763983.26304721.22580
GRID    5026    0       0.1569170.05730414.99232
GRID    5027    0       5.3349081.9674558.977116
GRID    5028    0       4.3465413.20528521.10022
GRID    5029    0       4.3316283.22904021.02546
GRID    5030    0       4.1778373.5693976.528490
GRID    5031    0       2.1690451.21039716.71895
GRID    5032    0       2.1509611.13853416.57168
GRID    5033    0       2.3422681.25323916.67624
GRID    5034    0       5.0500494.9091913.013519
GRID    5035    0       5.0042274.8908412.943439
GRID    5036    0       5.0271024.7977483.080984
GRID    5037    0       8.6315760.77247614.61949
GRID    5038    0       6.6756343.35460617.16021
GRID    5039    0       6.7002833.52292617.06563
GRID    5040    0       6.3958273.53686419.87569
GRID    5041    0       4.2711743.9861398.396308
GRID    5042    0       4.9995233.06327620.49128
GRID    5043    0       4.1181193.62112420.74565
GRID    5044    0       3.8205783.48564020.27740
GRID    5045    0       3.8294993.39960920.35198
GRID    5046    0       6.9958091.45863415.05414
GRID    5047    0       3.7775073.83036619.71642
GRID    5048    0       6.0854753.1209687.547620
GRID    5049    0       5.8529192.0084119.618176
GRID    5050    0       5.7823281.8538179.815004
GRID    5051    0       6.8174062.00803217.50025
GRID    5052    0       4.7365572.67822625.09263
GRID    5053    0       6.4528982.19670419.43005
GRID    5054    0       4.5651033.12099622.04288
GRID    5055    0       2.5918441.40260114.82535
GRID    5056    0       2.7610251.42095214.74919
GRID    5057    0       6.6527263.17415119.39244
GRID    5058    0       6.2704023.33084019.85345
GRID    5059    0       6.2903003.26791419.78476
GRID    5060    0       6.5976493.10636119.58333
GRID    5061    0       0.0111900.01168014.48125
GRID    5062    0       0.1613260.08700314.58046
GRID    5063    0       4.3246853.03705620.81131
GRID    5064    0       3.8422142.71832718.09505
GRID    5065    0       0.4219960.32243414.72864
GRID    5066    0       4.7805253.09941722.66664
GRID    5067    0       5.1098264.5312382.320307
GRID    5068    0       5.1222464.2167822.543161
GRID    5069    0       7.8204841.13499815.02386
GRID    5070    0       7.9899821.06165215.10214
GRID    5071    0       5.1138546.4461671.064763
GRID    5072    0       5.1079516.5538640.878195
GRID    5073    0       6.1343563.67834220.50013
GRID    5074    0       3.4302723.88021418.53345
GRID    5075    0       5.8839623.24020820.32486
GRID    5076    0       5.9009503.20250820.24986
GRID    5077    0       5.9059083.15006220.22490
GRID    5078    0       5.0790981.0739762.003579
GRID    5079    0       5.0810961.0482751.902876
GRID    5080    0       5.0869381.2558881.942315
GRID    5081    0       4.3982873.18434319.12605
GRID    5082    0       3.7839423.44021720.20335
GRID    5083    0       3.7408463.38580220.11716
GRID    5084    0       3.7881043.32943920.28187
GRID    5085    0       5.7303402.84692721.65804
GRID    5086    0       6.3805793.39246720.04727
GRID    5087    0       6.4273703.33727119.94763
GRID    5088    0       6.3965793.44929819.95262
GRID    5089    0       9.6314240.24975815.51220
GRID    5090    0       9.4340110.36002715.72073
GRID    5091    0       3.2737282.37790717.68890
GRID    5092    0       3.8164593.02803220.42444
GRID    5093    0       3.7237163.02958720.22317
GRID    5094    0       5.8713153.2605254.784821
GRID    5095    0       5.0936681.4839701.906089
GRID    5096    0       5.0642822.1624433.521980
GRID    5097    0       5.0627982.2531993.589031
GRID    5098    0       6.2839222.88144518.33582
GRID    5099    0       6.3856053.01528618.20478
GRID    5100    0       6.4074972.79731218.13422
GRID    5101    0       6.2487952.71090918.33576
GRID    5102    0       4.5437642.65614621.87782
GRID    5103    0       4.6991562.50048121.87798
GRID    5104    0       4.9787515.3026392.305102
GRID    5105    0       4.9864145.3740832.395981
GRID    5106    0       3.0269691.59482814.98507
GRID    5107    0       3.0400171.51731414.80603
GRID    5108    0       2.8704861.49924814.86926
GRID    5109    0       6.2760982.86471818.86438
GRID    5110    0       6.3743572.85489218.74513
GRID    5111    0       6.3095192.71864718.77997
GRID    5112    0       4.3213033.30819621.04173
GRID    5113    0       4.9344045.22257213.72207
GRID    5114    0       8.9910330.56775815.12411
GRID    5115    0       3.9897211.3572349.662839
GRID    5116    0       3.8836771.2772759.712687
GRID    5117    0       3.3112382.25996518.39278
GRID    5118    0       6.0249453.1218187.186270
GRID    5119    0       8.4220231.05627516.21252
GRID    5120    0       5.6646942.66683321.70527
GRID    5121    0       5.8972163.7121147.321858
GRID    5122    0       6.0933963.3076696.964286
GRID    5123    0       3.9006003.42854920.30822
GRID    5124    0       4.4980763.44705421.74130
GRID    5125    0       3.2470602.10607517.52242
GRID    5126    0       4.9717492.65084618.85803
GRID    5127    0       6.2069472.31100320.15582
GRID    5128    0       5.0826486.50617614.57419
GRID    5129    0       6.2017194.66311514.66645
GRID    5130    0       8.9832720.58680914.72819
GRID    5131    0       9.1518020.50702114.68686
GRID    5132    0       7.3658251.40090915.89164
GRID    5133    0       3.7082041.72316423.82135
GRID    5134    0       6.8767301.57497715.97103
GRID    5135    0       6.8844221.59043316.23864
GRID    5136    0       7.0808781.52863915.93832
GRID    5137    0       9.2490820.43951115.84148
GRID    5138    0       9.1560870.47261615.63516
GRID    5139    0       9.2936760.41704315.67727
GRID    5140    0       9.2678010.46129614.57858
GRID    5141    0       9.4451350.40033314.42320
GRID    5142    0       4.9958231.8127099.258767
GRID    5143    0       4.7849662.11681521.25168
GRID    5144    0       9.3537760.55635015.29801
GRID    5145    0       5.9790701.4347939.655572
GRID    5146    0       6.0019841.4813749.445700
GRID    5147    0       4.0562103.43082520.89085
GRID    5148    0       5.4104822.63542621.81688
GRID    5149    0       5.0007106.5563320.742770
GRID    5150    0       5.0006116.6491010.885393
GRID    5151    0       5.1052206.2856891.410886
GRID    5152    0       5.1140016.3821431.238446
GRID    5153    0       5.0728702.4698826.317252
GRID    5154    0       8.3313790.91456516.01390
GRID    5155    0       8.2715480.94998016.21925
GRID    5156    0       8.1200631.02666016.11152
GRID    5157    0       3.6703132.9986629.468579
GRID    5158    0       4.9228582.90778120.89112
GRID    5159    0       6.8443893.79082617.13256
GRID    5160    0       5.0591056.8960960.368223
GRID    5161    0       5.1118293.1177112.233074
GRID    5162    0       5.1143453.5525512.213536
GRID    5163    0       4.9121783.59897322.18803
GRID    5164    0       6.1457412.76561818.97262
GRID    5165    0       6.0839892.70797918.97167
GRID    5166    0       6.1469242.75258418.89444
GRID    5167    0       6.1004002.77642518.96235
GRID    5168    0       1.2908130.64738815.87628
GRID    5169    0       5.0714054.6893083.165588
GRID    5170    0       4.8763801.9138309.251228
GRID    5171    0       0.4563620.26904814.54318
GRID    5172    0       5.9037642.43922919.93840
GRID    5173    0       5.1275002.09584221.27801
GRID    5174    0       0.6395240.29624115.38107
GRID    5175    0       0.5790030.29041315.58909
GRID    5176    0       0.4645920.23377915.47171
GRID    5177    0       4.3094302.86556520.28712
GRID    5178    0       5.4126413.26828419.81209
GRID    5179    0       5.0378642.58801722.34111
GRID    5180    0       5.0123362.1378772.566023
GRID    5181    0       5.0196822.0662762.794754
GRID    5182    0       5.0066722.2704942.713074
GRID    5183    0       5.3104793.00212025.06713
GRID    5184    0       5.0909221.7013211.757295
GRID    5185    0       0.5369690.25867814.99078
GRID    5186    0       6.7740413.20276618.49113
GRID    5187    0       6.6539472.06723018.63245
GRID    5188    0       8.4128900.85795715.09086
GRID    5189    0       5.2979593.01688425.14115
GRID    5190    0       5.3369642.91436025.09406
GRID    5191    0       6.5725883.30894719.53240
GRID    5192    0       5.6753942.56295221.56315
GRID    5193    0       3.7049243.07265417.83843
GRID    5194    0       9.3642750.36237215.49468
GRID    5195    0       9.5100410.28712715.34802
GRID    5196    0       5.0074806.3477120.778692
GRID    5197    0       4.8770282.62421222.34726
GRID    5198    0       4.9142812.69512122.50375
GRID    5199    0       7.3745101.41117414.74720
GRID    5200    0       2.6531081.26902314.77561
GRID    5201    0       2.5235991.25389814.60901
GRID    5202    0       2.7495511.30302614.66602
GRID    5203    0       6.1481133.46150720.40668
GRID    5204    0       6.6920561.83968417.27368
GRID    5205    0       3.5195712.44943418.68611
GRID    5206    0       4.5690293.18673320.26127
GRID    5207    0       4.4274522.64003819.47319
GRID    5208    0       5.6260293.22097218.88945
GRID    5209    0       5.5814183.22986619.04158
GRID    5210    0       5.6430563.20888118.70724
GRID    5211    0       4.7949932.6148726.881859
GRID    5212    0       3.1687272.96351718.15272
GRID    5213    0       3.1822492.84511318.16745
GRID    5214    0       3.5391592.30085823.55021
GRID    5215    0       9.5829340.36692515.47374
GRID    5216    0       9.4980560.45204615.36863
GRID    5217    0       5.0997566.18938015.05137
GRID    5218    0       5.0703634.1467427.106678
GRID    5219    0       3.2091483.48009317.67532
GRID    5220    0       3.1992963.36044317.79531
GRID    5221    0       3.2355363.57134717.81398
GRID    5222    0       5.0500492.7504941.752001
GRID    5223    0       4.9964562.7606082.036748
GRID    5224    0       5.7166463.4859884.669640
GRID    5225    0       3.6002973.23765419.80596
GRID    5226    0       1.0057080.51710414.69451
GRID    5227    0       5.1085122.4681232.424782
GRID    5228    0       3.5357893.08916223.53797
GRID    5229    0       3.5299822.99952123.56835
GRID    5230    0       4.3083383.26671520.61012
GRID    5231    0       5.0015636.7974710.363608
GRID    5232    0       4.8910525.18716214.02862
GRID    5233    0       4.9946845.8310251.192718
GRID    5234    0       4.9979045.6909501.079210
GRID    5235    0       5.0022455.5913690.949692
GRID    5236    0       5.2593353.45175722.48211
GRID    5237    0       5.4452603.39213122.19589
GRID    5238    0       6.6764732.64686117.47300
GRID    5239    0       6.6055412.49820817.51798
GRID    5240    0       6.7280862.46874917.38223
GRID    5241    0       5.6865403.4702654.376040
GRID    5242    0       3.9783533.38273120.19913
GRID    5243    0       4.0991853.31841920.17431
GRID    5244    0       3.9232193.45891220.56890
GRID    5245    0       3.8884863.36194120.52002
GRID    5246    0       3.9202863.31441820.61601
GRID    5247    0       4.9904886.13484915.10576
GRID    5248    0       8.0602611.02689514.87389
GRID    5249    0       7.8120001.13451414.83187
GRID    5250    0       5.0438946.69740514.73969
GRID    5251    0       7.8106311.14350514.68102
GRID    5252    0       7.6502461.19788414.68226
GRID    5253    0       9.6283700.29082814.57778
GRID    5254    0       9.6265750.33109614.37887
GRID    5255    0       9.7922070.21089014.54657
GRID    5256    0       5.5923452.51671221.45192
GRID    5257    0       9.7453720.31408014.59249
GRID    5258    0       9.7876010.26977514.34283
GRID    5259    0       1.3050300.66568114.73065
GRID    5260    0       1.1798880.60742914.65849
GRID    5261    0       5.2700805.34966815.63121
GRID    5262    0       4.9956445.7518850.854955
GRID    5263    0       5.1237783.2319853.186159
GRID    5264    0       3.9326291.3875639.421542
GRID    5265    0       3.8162811.3577669.426448
GRID    5266    0       3.8871511.4337559.395129
GRID    5267    0       3.8164981.3124539.436352
GRID    5268    0       5.2127852.46461321.07633
GRID    5269    0       5.0827014.7926481.568956
GRID    5270    0       6.5321533.47029719.51330
GRID    5271    0       5.1060503.25163220.10716
GRID    5272    0       5.0051993.13780320.14992
GRID    5273    0       4.8872773.25816720.08500
GRID    5274    0       6.5274481.94932818.83573
GRID    5275    0       3.5434603.21709917.27123
GRID    5276    0       4.1989993.04718920.15794
GRID    5277    0       0.3181850.22884914.36154
GRID    5278    0       0.1938320.12973714.45307
GRID    5279    0       5.0523974.2262456.973223
GRID    5280    0       3.9923643.31135220.12380
GRID    5281    0       4.3604203.35967921.20777
GRID    5282    0       4.9892134.9484472.821115
GRID    5283    0       4.9754734.8209002.722635
GRID    5284    0       5.1188773.8962802.434396
GRID    5285    0       4.1301102.94396820.02188
GRID    5286    0       6.1651372.70710020.60560
GRID    5287    0       6.4357283.21961620.00071
GRID    5288    0       2.2494741.32544714.97122
GRID    5289    0       5.0718313.67912222.03093
GRID    5290    0       5.2499893.57225722.18359
GRID    5291    0       5.0276630.9434551.395863
GRID    5292    0       5.0155510.9983701.550856
GRID    5293    0       5.0249170.8077991.416103
GRID    5294    0       2.7865931.69516516.87928
GRID    5295    0       2.6410191.68458016.69526
GRID    5296    0       2.6087171.58471516.82296
GRID    5297    0       4.7481962.41026425.11412
GRID    5298    0       4.7516432.47268025.12939
GRID    5299    0       4.7290512.47708725.10709
GRID    5300    0       4.7330412.41252925.08359
GRID    5301    0       4.3115813.12344220.22963
GRID    5302    0       8.5758150.95228216.22330
GRID    5303    0       3.8030772.57441717.94222
GRID    5304    0       3.7509732.63467317.88174
GRID    5305    0       4.2439273.1844435.829085
GRID    5306    0       4.1235663.3548415.616683
GRID    5307    0       1.1061610.54827315.83261
GRID    5308    0       7.9276881.23328616.68049
GRID    5309    0       7.8304771.41012616.57281
GRID    5310    0       3.2652812.62729217.76129
GRID    5311    0       3.2735752.50843717.77772
GRID    5312    0       6.5323504.19686117.62354
GRID    5313    0       5.0198756.61340113.88399
GRID    5314    0       6.2783353.17057320.41693
GRID    5315    0       6.3237553.03529120.33843
GRID    5316    0       5.3068422.0103519.046522
GRID    5317    0       5.0182971.9272982.524518
GRID    5318    0       6.1639091.3645669.462401
GRID    5319    0       6.3134683.45941620.08220
GRID    5320    0       6.3266683.48057620.14130
GRID    5321    0       6.3039703.40069020.17660
GRID    5322    0       6.3374213.34630520.10658
GRID    5323    0       5.1430625.85348915.31903
GRID    5324    0       5.1153136.03713815.18279
GRID    5325    0       5.0611036.01338815.40558
GRID    5326    0       6.1752953.34901319.56586
GRID    5327    0       6.8653453.19084817.85538
GRID    5328    0       3.3843563.10237017.50911
GRID    5329    0       4.4037312.81665921.72008
GRID    5330    0       4.4208092.68843621.69453
GRID    5331    0       3.3767873.26424217.54403
GRID    5332    0       3.7271561.2684459.492191
GRID    5333    0       3.7193121.2533929.602211
GRID    5334    0       6.0662372.62919418.99552
GRID    5335    0       6.1201572.62006918.92843
GRID    5336    0       6.1139922.70302318.99212
GRID    5337    0       6.1725702.68560618.92283
GRID    5338    0       3.2180512.46885717.60511
GRID    5339    0       3.2896572.48443717.68168
GRID    5340    0       3.3759352.52442917.77244
GRID    5341    0       9.7441750.30886414.79124
GRID    5342    0       9.8805680.21464214.72566
GRID    5343    0       5.0363676.87798614.34414
GRID    5344    0       5.0293436.72587714.43285
GRID    5345    0       5.0483886.81124414.54906
GRID    5346    0       5.0648240.6853411.869692
GRID    5347    0       5.0315560.7766241.928930
GRID    5348    0       5.0289270.7743051.837989
GRID    5349    0       6.9475913.12046717.68311
GRID    5350    0       6.8578943.10075518.80203
GRID    5351    0       4.4545962.93215321.83124
GRID    5352    0       4.9122792.91905525.16083
GRID    5353    0       3.8297453.58341520.22728
GRID    5354    0       3.5726223.07175123.45391
GRID    5355    0       3.5635193.13071623.52208
GRID    5356    0       4.9751412.8692152.878881
GRID    5357    0       6.9168222.98019018.13027
GRID    5358    0       6.3995101.94426419.10345
GRID    5359    0       5.0063056.29360714.24864
GRID    5360    0       5.7198412.72058321.63601
GRID    5361    0       5.6938632.83461521.72923
GRID    5362    0       5.1428912.84271325.21438
GRID    5363    0       0.9099240.44271615.43014
GRID    5364    0       5.0269906.6288180.162153
GRID    5365    0       7.3302291.53506816.80185
GRID    5366    0       1.5480010.79198116.13823
GRID    5367    0       7.2837641.64320116.82385
GRID    5368    0       0.4710350.32598315.35545
GRID    5369    0       0.8567260.41214415.62817
GRID    5370    0       0.7343550.34589615.51980
GRID    5371    0       3.8343011.3029269.853961
GRID    5372    0       6.7400063.01044217.39533
GRID    5373    0       6.8342913.11470417.36699
GRID    5374    0       4.1594063.29607620.23781
GRID    5375    0       6.5027442.70186819.82313
GRID    5376    0       4.9971155.6119521.313095
GRID    5377    0       4.9332002.86251425.18488
GRID    5378    0       4.2808151.52847610.19918
GRID    5379    0       5.1069695.8910990.874034
GRID    5380    0       5.1050056.0602140.676844
GRID    5381    0       6.1959012.83540018.94374
GRID    5382    0       3.1212991.46013514.95779
GRID    5383    0       5.0200341.8871562.708057
GRID    5384    0       5.0125931.4009792.035487
GRID    5385    0       5.1591802.49937725.21360
GRID    5386    0       0.6948720.44591114.61243
GRID    5387    0       0.9257620.51048614.46236
GRID    5388    0       6.4178323.29301919.82843
GRID    5389    0       6.3730753.36860719.88896
GRID    5390    0       5.0819351.4552332.301431
GRID    5391    0       5.5821342.40636221.25707
GRID    5392    0       6.2071112.44706020.31587
GRID    5393    0       6.1205232.26334120.29906
GRID    5394    0       4.9914406.2523961.445506
GRID    5395    0       5.9887962.26802919.75544
GRID    5396    0       5.9168932.30860419.88461
GRID    5397    0       5.8932072.20986219.85719
GRID    5398    0       5.6465813.25615219.67163
GRID    5399    0       3.7882442.62222723.74772
GRID    5400    0       3.7861242.53606223.70141
GRID    5401    0       3.7904872.62185623.64713
GRID    5402    0       8.9445090.62395414.54665
GRID    5403    0       6.8342432.91200717.35072
GRID    5404    0       6.9222132.98571017.26399
GRID    5405    0       4.7503832.74710625.04106
GRID    5406    0       4.2882292.0281069.435815
GRID    5407    0       7.0548052.10367616.40338
GRID    5408    0       2.4463981.19347414.77644
GRID    5409    0       4.3818973.05812021.60281
GRID    5410    0       5.8757282.78342121.31145
GRID    5411    0       2.7622761.56440716.91964
GRID    5412    0       6.3941593.27330720.08726
GRID    5413    0       6.3888323.16354520.15643
GRID    5414    0       4.1139212.95399921.12841
GRID    5415    0       5.0181386.52013114.21121
GRID    5416    0       5.0279296.76742814.21950
GRID    5417    0       3.6674853.43614117.41116
GRID    5418    0       3.5676413.24606617.38560
GRID    5419    0       6.3107823.23840119.98375
GRID    5420    0       6.3701393.29113620.02253
GRID    5421    0       5.0500495.7447550.672088
GRID    5422    0       1.7875991.08730616.41738
GRID    5423    0       4.9498032.50290324.95923
GRID    5424    0       4.9641592.58670924.95591
GRID    5425    0       4.5587783.29604619.90044
GRID    5426    0       5.0713776.80842214.16587
GRID    5427    0       6.4919653.34365318.09393
GRID    5428    0       5.1108496.0453491.461232
GRID    5429    0       5.1129265.9139071.680335
GRID    5430    0       5.1007225.6504991.532703
GRID    5431    0       5.0249974.2635791.665882
GRID    5432    0       2.9345341.36673514.82105
GRID    5433    0       6.0223913.61397920.79553
GRID    5434    0       2.4326321.28096316.53922
GRID    5435    0       3.4816822.56489717.89254
GRID    5436    0       5.0015986.2198830.522030
GRID    5437    0       5.7253253.5564085.342768
GRID    5438    0       4.3358702.92884220.17356
GRID    5439    0       3.7383043.66329919.85986
GRID    5440    0       5.0960592.3764483.321424
GRID    5441    0       5.0895712.3149333.008429
GRID    5442    0       5.0258581.1669492.270661
GRID    5443    0       5.0254681.2082952.487733
GRID    5444    0       8.1221451.19655214.95178
GRID    5445    0       4.1387752.52519119.88693
GRID    5446    0       6.2074512.83115118.83303
GRID    5447    0       3.3569101.83019717.30591
GRID    5448    0       3.9448453.54799520.51960
GRID    5449    0       3.8963603.48683620.48466
GRID    5450    0       5.7276023.07316620.72407
GRID    5451    0       5.6724982.70295018.98093
GRID    5452    0       5.0505571.8978863.324216
GRID    5453    0       5.0509121.7646623.215511
GRID    5454    0       5.0834481.9262863.196248
GRID    5455    0       4.3830832.21993520.08387
GRID    5456    0       4.4328672.21426020.27095
GRID    5457    0       8.8291360.66475114.70357
GRID    5458    0       3.8696343.39055320.21028
GRID    5459    0       6.5666954.22755817.32303
GRID    5460    0       6.1054592.97871818.89208
GRID    5461    0       3.6937221.1964409.709796
GRID    5462    0       4.9638782.89430624.95388
GRID    5463    0       5.0615882.85674524.95119
GRID    5464    0       6.8814351.51550014.69916
GRID    5465    0       6.7900642.04294017.73394
GRID    5466    0       6.6938821.86780617.60233
GRID    5467    0       6.9038611.47523214.65916
GRID    5468    0       4.9189852.5547906.879855
GRID    5469    0       6.9289991.44880514.67032
GRID    5470    0       6.9170992.64958517.63346
GRID    5471    0       6.9060802.58406917.73657
GRID    5472    0       5.2250874.0620627.615199
GRID    5473    0       9.3662070.47779114.54525
GRID    5474    0       5.1939162.51627324.97340
GRID    5475    0       5.2411512.52430525.00581
GRID    5476    0       5.0788376.5955381.059975
GRID    5477    0       4.5148303.09393620.45988
GRID    5478    0       4.8422752.26973225.07730
GRID    5479    0       4.1348753.47728220.73755
GRID    5480    0       3.2215713.20715618.59804
GRID    5481    0       3.6227071.53696023.50588
GRID    5482    0       5.0897155.0231611.580055
GRID    5483    0       4.8860693.70384021.85928
GRID    5484    0       4.0043221.95715919.83979
GRID    5485    0       5.6490232.80798221.66906
GRID    5486    0       9.6105010.23768815.20631
GRID    5487    0       4.8452483.05963425.17445
GRID    5488    0       8.3216270.95106216.45420
GRID    5489    0       8.2853091.02184316.52337
GRID    5490    0       8.2020771.01943116.51637
GRID    5491    0       6.3104973.39458820.24951
GRID    5492    0       6.3525903.32699820.17381
GRID    5493    0       6.8291193.58898917.81200
GRID    5494    0       5.0474026.18675515.27391
GRID    5495    0       2.4731581.49890216.77402
GRID    5496    0       2.3644521.43453116.72286
GRID    5497    0       5.0350502.4391306.389106
GRID    5498    0       5.0505746.4055981.391920
GRID    5499    0       4.6492302.82751321.12163
GRID    5500    0       4.8493492.6448386.706949
GRID    5501    0       5.0732736.95033413.90380
GRID    5502    0       5.0847956.83946213.79308
GRID    5503    0       4.3025203.53868220.92579
GRID    5504    0       5.0094632.9266943.799527
GRID    5505    0       3.2487453.06143417.89313
GRID    5506    0       3.1682723.02642017.79095
GRID    5507    0       3.2421782.88672617.89298
GRID    5508    0       3.2188503.20391017.85217
GRID    5509    0       5.2800193.15048620.13500
GRID    5510    0       4.2243602.86557821.35503
GRID    5511    0       5.2709053.28218520.03653
GRID    5512    0       5.0683540.5788421.576800
GRID    5513    0       1.9191941.05872414.60102
GRID    5514    0       5.1675415.55020115.64511
GRID    5515    0       1.9014391.07631616.58177
GRID    5516    0       2.0198961.14348216.64372
GRID    5517    0       1.9571241.19310116.50546
GRID    5518    0       7.8368391.19793716.48626
GRID    5519    0       5.2283971.92688925.02333
GRID    5520    0       5.2103682.06739425.00062
GRID    5521    0       3.8551833.26400120.47516
GRID    5522    0       6.6962621.93077517.86270
GRID    5523    0       4.1054853.63359420.85551
GRID    5524    0       4.1704543.71083320.83811
GRID    5525    0       4.9730833.0577153.183748
GRID    5526    0       7.3519921.31055514.89976
GRID    5527    0       6.8227113.76961317.27488
GRID    5528    0       6.8302683.62415717.29136
GRID    5529    0       6.8761323.68468017.19755
GRID    5530    0       6.8867813.58979317.30877
GRID    5531    0       0.4342860.30983614.37773
GRID    5532    0       0.4822980.34745414.52660
GRID    5533    0       5.1147445.6419711.988998
GRID    5534    0       5.1147735.5517732.167208
GRID    5535    0       5.7636292.60178721.39898
GRID    5536    0       1.0855950.70933015.83740
GRID    5537    0       1.0780950.61842716.03098
GRID    5538    0       5.1002113.06458325.21035
GRID    5539    0       4.9643903.08028825.20664
GRID    5540    0       3.3875642.54274918.10564
GRID    5541    0       5.6072793.64007621.44513
GRID    5542    0       2.1824361.34341816.60047
GRID    5543    0       6.4247551.1648279.670141
GRID    5544    0       6.2542781.2556709.649736
GRID    5545    0       9.8388230.12261214.99154
GRID    5546    0       9.8831820.10796115.14163
GRID    5547    0       6.4402223.37542118.52766
GRID    5548    0       5.1010373.47622522.63089
GRID    5549    0       4.9598863.43643922.70083
GRID    5550    0       5.0651803.43114422.77751
GRID    5551    0       5.1883403.40839322.69948
GRID    5552    0       4.8895232.78954522.62617
GRID    5553    0       4.7944852.90791022.61578
GRID    5554    0       3.7838672.55477023.54883
GRID    5555    0       8.2991021.11382816.37956
GRID    5556    0       4.6105752.09804720.67109
GRID    5557    0       3.6542852.38171323.97610
GRID    5558    0       3.6335682.45625423.96946
GRID    5559    0       3.6607992.44715423.95151
GRID    5560    0       5.0300274.9559331.246932
GRID    5561    0       3.6795481.65817723.77670
GRID    5562    0       3.6078601.74519223.77679
GRID    5563    0       5.2715742.98767825.19012
GRID    5564    0       5.6278513.17403618.37329
GRID    5565    0       6.9721181.43271914.74837
GRID    5566    0       5.7609592.82368521.34114
GRID    5567    0       6.6035013.52440717.85074
GRID    5568    0       5.0811531.8828312.532694
GRID    5569    0       3.5184502.70208623.71676
GRID    5570    0       3.5202812.72689123.60456
GRID    5571    0       5.6744632.27211520.58493
GRID    5572    0       5.0293510.9929922.280839
GRID    5573    0       6.1129183.53869420.65459
GRID    5574    0       5.0765851.5274342.826035
GRID    5575    0       5.0541671.3781982.839260
GRID    5576    0       5.0758621.4500732.671969
GRID    5577    0       5.6852062.21895420.18074
GRID    5578    0       3.4250872.37227017.86090
GRID    5579    0       3.8630383.36689020.44863
GRID    5580    0       6.3370283.57861020.02349
GRID    5581    0       4.3023703.25671120.10996
GRID    5582    0       4.2756693.20947720.16026
GRID    5583    0       3.6738013.01181917.51526
GRID    5584    0       3.7123553.25746517.56507
GRID    5585    0       5.0923371.3967881.670716
GRID    5586    0       5.0480331.8989809.228045
GRID    5587    0       5.0988662.4027973.439722
GRID    5588    0       5.0984732.4374313.560336
GRID    5589    0       5.2392923.11148425.16772
GRID    5590    0       0.9870260.51351015.95981
GRID    5591    0       8.6602950.85849514.69498
GRID    5592    0       0.1901690.14056414.89298
GRID    5593    0       5.0181371.3647732.233350
GRID    5594    0       5.0459313.0085771.797614
GRID    5595    0       7.2037121.35561314.84524
GRID    5596    0       6.7137952.01263318.08456
GRID    5597    0       6.7632782.08413017.94271
GRID    5598    0       6.7648432.13437918.14540
GRID    5599    0       8.4394261.02048916.33214
GRID    5600    0       5.0832252.0607972.628809
GRID    5601    0       5.0943762.2244662.425314
GRID    5602    0       5.0985542.3271962.637141
GRID    5603    0       5.8507213.17925120.45490
GRID    5604    0       3.6367303.00394220.00350
GRID    5605    0       7.1697291.37435114.60969
GRID    5606    0       7.0692251.40808714.61287
GRID    5607    0       1.0788590.56403014.57078
GRID    5608    0       1.1750760.62919114.49355
GRID    5609    0       3.1676012.48720717.51387
GRID    5610    0       6.1775021.4539799.383665
GRID    5611    0       5.0500495.0148632.923863
GRID    5612    0       5.1044854.9616782.844696
GRID    5613    0       5.0970195.1411672.737199
GRID    5614    0       5.2930103.15331822.72460
GRID    5615    0       1.3008670.69371214.51371
GRID    5616    0       5.0969005.8400750.734870
GRID    5617    0       5.0975955.7315420.812261
GRID    5618    0       8.3440320.94061314.57310
GRID    5619    0       8.1822940.98199914.69241
GRID    5620    0       8.1477991.04064314.58313
GRID    5621    0       8.9064980.68405214.49617
GRID    5622    0       9.9596870.11844514.47342
GRID    5623    0       10.071470.08646814.34299
GRID    5624    0       10.120100.00918914.53591
GRID    5625    0       9.9299370.17641214.33439
GRID    5626    0       6.7751803.48163817.38556
GRID    5627    0       4.1551301.6940919.265711
GRID    5628    0       4.1009541.6231689.432468
GRID    5629    0       3.2187232.59223917.33728
GRID    5630    0       3.2134942.78231717.31147
GRID    5631    0       5.8095173.00542620.56220
GRID    5632    0       5.8367882.99912620.56860
GRID    5633    0       5.8338012.97634920.70301
GRID    5634    0       6.4804073.04297518.43114
GRID    5635    0       5.7728272.92515621.19969
GRID    5636    0       5.9156973.43220020.42218
GRID    5637    0       5.9008273.48653720.59252
GRID    5638    0       5.0213761.8137703.117507
GRID    5639    0       6.1778533.73077120.32615
GRID    5640    0       6.4450182.21387518.84228
GRID    5641    0       6.5000992.19229518.77729
GRID    5642    0       4.0006951.5499319.356053
GRID    5643    0       4.1896831.6035069.369527
GRID    5644    0       5.4717893.15597922.22708
GRID    5645    0       5.4862663.27945322.13037
GRID    5646    0       6.2599963.16078118.03580
GRID    5647    0       6.1864363.02480718.11993
GRID    5648    0       6.1419543.19706718.17807
GRID    5649    0       5.0297380.6158701.380170
GRID    5650    0       5.8181401.5344479.663536
GRID    5651    0       5.8491331.4857039.888263
GRID    5652    0       5.0116996.04215015.36515
GRID    5653    0       4.0740081.50168210.09694
GRID    5654    0       5.0827341.6425632.359677
GRID    5655    0       5.0857001.8060282.232569
GRID    5656    0       5.0829471.8103742.394899
GRID    5657    0       6.9535573.78454616.67555
GRID    5658    0       5.0975305.4519612.416738
GRID    5659    0       5.3593892.47147325.03032
GRID    5660    0       4.2504123.13118718.95033
GRID    5661    0       4.3208293.39399821.40039
GRID    5662    0       5.0229741.3283872.671015
GRID    5663    0       5.0204801.4484792.854297
GRID    5664    0       5.0249511.5317232.650346
GRID    5665    0       5.4454833.28200419.99629
GRID    5666    0       4.0237563.43202920.81736
GRID    5667    0       0.2315860.09795715.12522
GRID    5668    0       0.3062550.13861015.25812
GRID    5669    0       5.3058473.34754822.59064
GRID    5670    0       6.8128432.58938517.86611
GRID    5671    0       6.8385532.33048217.79781
GRID    5672    0       6.2457041.3783999.568580
GRID    5673    0       8.6433800.80198816.32365
GRID    5674    0       8.4692440.90059516.43369
GRID    5675    0       8.4343740.86717916.25817
GRID    5676    0       6.2952722.49152720.16827
GRID    5677    0       9.6168700.27090414.76264
GRID    5678    0       4.9978672.29960024.98947
GRID    5679    0       6.2229893.16046919.87698
GRID    5680    0       4.8880514.99293013.38641
GRID    5681    0       7.5335841.46109916.79536
GRID    5682    0       3.2430493.41192418.29188
GRID    5683    0       3.2898743.52863418.13182
GRID    5684    0       5.8107193.13521619.05981
GRID    5685    0       5.0736594.8055853.072900
GRID    5686    0       5.0500506.30913513.64156
GRID    5687    0       6.2755742.91480317.96958
GRID    5688    0       6.2669852.78817117.91369
GRID    5689    0       6.3251762.90518017.84712
GRID    5690    0       6.3743512.87214617.84780
GRID    5691    0       6.2982102.78354817.94675
GRID    5692    0       10.005620.12468214.61764
GRID    5693    0       9.9896550.11402914.83505
GRID    5694    0       3.7778302.44255823.54271
GRID    5695    0       5.0964396.1892351.583326
GRID    5696    0       4.1210363.59006220.93090
GRID    5697    0       4.1033923.48796120.95890
GRID    5698    0       3.4024282.89167817.78888
GRID    5699    0       3.3938722.69900617.77587
GRID    5700    0       3.1412533.18215717.67567
GRID    5701    0       3.1351322.95318117.70196
GRID    5702    0       6.7765611.57641214.77048
GRID    5703    0       6.8836843.03854518.59560
GRID    5704    0       6.8770913.10976318.59649
GRID    5705    0       5.0751810.7263401.614662
GRID    5706    0       5.0736750.6801421.467984
GRID    5707    0       6.8657933.09435118.57865
GRID    5708    0       8.3574060.89887914.68605
GRID    5709    0       5.0793560.8421031.539456
GRID    5710    0       6.0380933.45726120.50443
GRID    5711    0       5.9340283.37213620.45333
GRID    5712    0       10.062250.03030814.74600
GRID    5713    0       9.9863090.04905714.95892
GRID    5714    0       9.8919790.10693314.82518
GRID    5715    0       5.9675102.89021721.15627
GRID    5716    0       5.9577183.12876021.17201
GRID    5717    0       6.8856993.73676317.04954
GRID    5718    0       6.9053313.66148717.10884
GRID    5719    0       5.0830192.5290056.475020
GRID    5720    0       3.6400043.34567517.78552
GRID    5721    0       3.5467313.21880017.75095
GRID    5722    0       6.2219912.75911318.88822
GRID    5723    0       4.0038253.51577720.72286
GRID    5724    0       3.9565463.44655720.65438
GRID    5725    0       5.8973013.35792321.23022
GRID    5726    0       5.8483503.15070221.34702
GRID    5727    0       6.4982743.36822519.70823
GRID    5728    0       6.6591692.87993617.80762
GRID    5729    0       6.7856542.89346417.68585
GRID    5730    0       6.7032904.05758617.36342
GRID    5731    0       5.9019793.3540514.441483
GRID    5732    0       5.0296100.8472271.974333
GRID    5733    0       8.7186170.83289016.21652
GRID    5734    0       5.0480300.4678041.332540
GRID    5735    0       5.0162066.51801813.77133
GRID    5736    0       5.0518296.66526513.68067
GRID    5737    0       5.0536096.47760213.66154
GRID    5738    0       4.4195223.04748920.47151
GRID    5739    0       8.7843820.82102814.83650
GRID    5740    0       8.8529630.74721414.65834
GRID    5741    0       5.1606262.44576624.95973
GRID    5742    0       5.0555313.00333920.81327
GRID    5743    0       5.2066552.99314620.79132
GRID    5744    0       4.6161692.59270120.04866
GRID    5745    0       6.2965142.71739217.68335
GRID    5746    0       6.2473572.86301017.67866
GRID    5747    0       5.0656875.4652372.488810
GRID    5748    0       3.5731322.15137023.74588
GRID    5749    0       4.9870664.1692803.125974
GRID    5750    0       0.1729720.16276914.55830
GRID    5751    0       5.0275704.1300007.040471
GRID    5752    0       0.2833030.23721614.65040
GRID    5753    0       5.5757702.64527218.78500
GRID    5754    0       1.1417680.77910415.55981
GRID    5755    0       1.0688790.73696715.39874
GRID    5756    0       5.8791863.31779120.49121
GRID    5757    0       4.8818732.41604825.18119
GRID    5758    0       4.0721463.52612320.87797
GRID    5759    0       0.6901490.35303515.69900
GRID    5760    0       5.0706480.7241361.770885
GRID    5761    0       5.0418390.5890021.817661
GRID    5762    0       3.3225422.16725418.07931
GRID    5763    0       3.8346932.72075417.97972
GRID    5764    0       3.8240242.62545017.97652
GRID    5765    0       5.0032372.7560103.714573
GRID    5766    0       3.7566882.69085823.80947
GRID    5767    0       5.0441501.2752521.406838
GRID    5768    0       5.0417581.6342331.513626
GRID    5769    0       5.8297963.11839420.57080
GRID    5770    0       3.1605191.58785514.86451
GRID    5771    0       9.0147980.54717015.76252
GRID    5772    0       5.0848962.1870902.855782
GRID    5773    0       5.0756451.9846182.943708
GRID    5774    0       5.0772601.9632162.806173
GRID    5775    0       3.7897992.77434318.29950
GRID    5776    0       5.0892651.6347152.055798
GRID    5777    0       7.3163801.47231116.52863
GRID    5778    0       3.6770783.49989819.07018
GRID    5779    0       6.2441433.12939619.83611
GRID    5780    0       3.6237362.75721518.62481
GRID    5781    0       8.0967951.12391216.61888
GRID    5782    0       5.0335045.3376682.629759
GRID    5783    0       5.0417765.1737182.778980
GRID    5784    0       3.9558323.60428820.47029
GRID    5785    0       6.0482122.63879718.64080
GRID    5786    0       6.0637122.77645218.66933
GRID    5787    0       5.9828752.84402618.82907
GRID    5788    0       5.2759971.9809629.095524
GRID    5789    0       6.7706232.28956517.34590
GRID    5790    0       5.0922052.8924591.916510
GRID    5791    0       5.0651312.4682003.728471
GRID    5792    0       5.0309194.4072281.511293
GRID    5793    0       5.1685503.29331122.90840
GRID    5794    0       5.2489543.30311722.74617
GRID    5795    0       5.1452993.37460622.84307
GRID    5796    0       3.2008322.91340517.28164
GRID    5797    0       6.5635402.91395119.72018
GRID    5798    0       4.9197443.23159222.92099
GRID    5799    0       4.9501253.36429322.85809
GRID    5800    0       4.7587432.48574725.10201
GRID    5801    0       4.7623972.43639925.05937
GRID    5802    0       4.7826922.51982125.07753
GRID    5803    0       3.7277541.91127323.52549
GRID    5804    0       5.0236131.6972913.047920
GRID    5805    0       5.0579631.5500003.013119
GRID    5806    0       4.3174653.19872820.26448
GRID    5807    0       5.4292092.58374121.76125
GRID    5808    0       5.4101772.58416421.70734
GRID    5809    0       5.0038352.24024725.10396
GRID    5810    0       5.0479760.8850181.270489
GRID    5811    0       5.0397120.7053431.238598
GRID    5812    0       0.3857280.18531814.86631
GRID    5813    0       5.0946436.8245430.364651
GRID    5814    0       3.6383673.31267818.07136
GRID    5815    0       3.7564363.39876018.22449
GRID    5816    0       6.3939322.85708920.18277
GRID    5817    0       6.8614553.72753516.92888
GRID    5818    0       7.7193031.30121316.70293
GRID    5819    0       4.4459842.28716020.44555
GRID    5820    0       4.4012622.34879820.32625
GRID    5821    0       2.6959951.31932414.60350
GRID    5822    0       2.8277801.36532014.60509
GRID    5823    0       6.9019932.68786018.24945
GRID    5824    0       6.8841672.62237618.13426
GRID    5825    0       6.9179022.77829918.14778
GRID    5826    0       4.0703073.26590320.11757
GRID    5827    0       6.3962992.64933517.70535
GRID    5828    0       6.3846702.84976317.74643
GRID    5829    0       6.3316092.75274017.80821
GRID    5830    0       6.2741382.67012817.86916
GRID    5831    0       3.1949671.85768217.12073
GRID    5832    0       1.6755170.93311014.57949
GRID    5833    0       1.7973560.99591714.59026
GRID    5834    0       3.7206003.55176319.92007
GRID    5835    0       3.9541551.4023049.975449
GRID    5836    0       1.8481690.96149916.34273
GRID    5837    0       9.6495840.21361215.34977
GRID    5838    0       3.9910792.85363918.61695
GRID    5839    0       3.3988922.93047818.09662
GRID    5840    0       3.3356763.09379318.01262
GRID    5841    0       5.0176181.2611722.116972
GRID    5842    0       5.0243846.65474914.34721
GRID    5843    0       5.0157646.48587214.36300
GRID    5844    0       5.0236316.61137414.50099
GRID    5845    0       6.2165071.3566409.757045
GRID    5846    0       0.9534340.46621415.74633
GRID    5847    0       0.3720090.28476514.92344
GRID    5848    0       5.8471423.07128320.58723
GRID    5849    0       5.0500496.85292813.69981
GRID    5850    0       9.9175740.11623214.64380
GRID    5851    0       2.2160831.12394314.62910
GRID    5852    0       6.1193982.70028718.51633
GRID    5853    0       6.5565423.06600419.71548
GRID    5854    0       4.9431953.03699522.91564
GRID    5855    0       5.0288746.7095180.851008
GRID    5856    0       5.0810344.5135911.672647
GRID    5857    0       0.9522120.63018415.74594
GRID    5858    0       1.0213650.68720415.67264
GRID    5859    0       5.0661370.8153692.079820
GRID    5860    0       5.0640200.8500272.167699
GRID    5861    0       1.1532790.60055216.07611
GRID    5862    0       1.3258420.67112716.03467
GRID    5863    0       5.0690690.7618721.876558
GRID    5864    0       5.5976293.21202819.46097
GRID    5865    0       7.6390461.32389714.72054
GRID    5866    0       7.4315901.27460414.78208
GRID    5867    0       7.5938311.21893114.80414
GRID    5868    0       3.7188213.14719317.45663
GRID    5869    0       3.7823773.31720617.52999
GRID    5870    0       5.8261862.96049620.55131
GRID    5871    0       5.1300192.97916921.40557
GRID    5872    0       3.9621342.77325818.23612
GRID    5873    0       3.8855712.82064418.14302
GRID    5874    0       4.7780812.60162225.13844
GRID    5875    0       3.3264302.75566217.47109
GRID    5876    0       3.3903872.56180017.84949
GRID    5877    0       3.3823572.69607617.83457
GRID    5878    0       3.3489902.86838817.78987
GRID    5879    0       5.7013382.18228120.38393
GRID    5880    0       3.8183783.04866218.36391
GRID    5881    0       3.8548173.24324318.41276
GRID    5882    0       4.4934013.20150120.29829
GRID    5883    0       4.9620781.96099825.14538
GRID    5884    0       4.9517861.76805825.13054
GRID    5885    0       4.9649611.82705325.07853
GRID    5886    0       5.1191842.95130225.21309
GRID    5887    0       5.1889492.91365625.17377
GRID    5888    0       1.6530560.92225416.44450
GRID    5889    0       2.3944641.34696616.80833
GRID    5890    0       2.4823191.35484916.79889
GRID    5891    0       5.0716765.5900732.349915
GRID    5892    0       5.0700865.7322412.195397
GRID    5893    0       5.0185184.6280881.650000
GRID    5894    0       5.0140484.7934091.636945
GRID    5895    0       6.2321013.42748120.03890
GRID    5896    0       6.2884253.47863320.07971
GRID    5897    0       6.3086223.44406720.01554
GRID    5898    0       4.7165822.99506722.48736
GRID    5899    0       5.0500495.9499100.575387
GRID    5900    0       6.4181752.88723417.41263
GRID    5901    0       5.0381802.5497056.401450
GRID    5902    0       8.3385760.89582614.92792
GRID    5903    0       5.0879172.5294086.378922
GRID    5904    0       4.3536752.89700220.43881
GRID    5905    0       4.0306472.77724818.60332
GRID    5906    0       8.1901720.96762315.16049
GRID    5907    0       6.4458693.39752919.84471
GRID    5908    0       6.2969402.92153418.73522
GRID    5909    0       5.7813423.01146720.65895
GRID    5910    0       5.8082833.06403020.58158
GRID    5911    0       3.6737932.76513323.36346
GRID    5912    0       3.5948122.77470623.37410
GRID    5913    0       4.5980813.03430222.16958
GRID    5914    0       5.2491221.88789925.08359
GRID    5915    0       5.2312901.80945225.13222
GRID    5916    0       5.2279131.73307025.03969
GRID    5917    0       4.0318073.52263720.79234
GRID    5918    0       4.0923553.57560320.82395
GRID    5919    0       4.0163483.59832120.70185
GRID    5920    0       4.0569713.60988920.78048
GRID    5921    0       3.8213182.88495917.97435
GRID    5922    0       3.7288542.88414817.84315
GRID    5923    0       3.6865042.11770223.47114
GRID    5924    0       7.5286121.39901716.71346
GRID    5925    0       5.0738224.6031491.538834
GRID    5926    0       5.0568704.6494221.281927
GRID    5927    0       5.0700104.7134381.399517
GRID    5928    0       3.1798023.09180317.11223
GRID    5929    0       5.3657545.16476215.89756
GRID    5930    0       8.0005141.18499314.70577
GRID    5931    0       7.8220661.24834814.69809
GRID    5932    0       5.1832723.4326583.536133
GRID    5933    0       5.2103523.12226722.87295
GRID    5934    0       5.1574543.19184022.96772
GRID    5935    0       6.4543113.30855618.06832
GRID    5936    0       7.6010601.54495216.67419
GRID    5937    0       6.3426131.2163449.572554
GRID    5938    0       5.6137572.82090618.18407
GRID    5939    0       8.2707980.93283514.79568
GRID    5940    0       5.0775046.4952681.219539
GRID    5941    0       6.7325652.74775017.71743
GRID    5942    0       3.1533452.76285617.74349
GRID    5943    0       5.0388994.2023937.018857
GRID    5944    0       6.9067963.84337816.83805
GRID    5945    0       5.6651592.53164721.46834
GRID    5946    0       5.0069296.3279970.409513
GRID    5947    0       3.8064531.2402619.786819
GRID    5948    0       3.6095211.74998623.84326
GRID    5949    0       3.6531681.70578223.84940
GRID    5950    0       7.9381091.08966714.69792
GRID    5951    0       8.0307541.05727214.64534
GRID    5952    0       5.0817774.9613121.405982
GRID    5953    0       6.8067822.00754817.15573
GRID    5954    0       3.6469381.98746323.86766
GRID    5955    0       3.5845241.96995823.83118
GRID    5956    0       8.3046340.94171616.35089
GRID    5957    0       3.2285233.37392318.19214
GRID    5958    0       6.4706653.14528719.93529
GRID    5959    0       6.4485623.09307720.02178
GRID    5960    0       6.4576022.67666217.35658
GRID    5961    0       4.2160663.59205620.92322
GRID    5962    0       8.1661351.02046616.32205
GRID    5963    0       6.4910942.44563017.62037
GRID    5964    0       6.5073432.58008317.57963
GRID    5965    0       6.5019322.73142817.59450
GRID    5966    0       6.5595852.66136217.60667
GRID    5967    0       7.6106141.32848716.57521
GRID    5968    0       1.1651740.72930315.99814
GRID    5969    0       2.4142281.20647614.61546
GRID    5970    0       4.9879482.97953624.96346
GRID    5971    0       5.0954723.51878422.50796
GRID    5972    0       5.2197891.54928425.11612
GRID    5973    0       6.1952672.85759918.04905
GRID    5974    0       1.0522820.58473814.48626
GRID    5975    0       1.1788010.65899114.51016
GRID    5976    0       5.2071193.06581421.96607
GRID    5977    0       1.4457260.75927616.27163
GRID    5978    0       5.1051802.6602553.649992
GRID    5979    0       5.0986842.7644593.851433
GRID    5980    0       4.9670933.26162519.84142
GRID    5981    0       5.0137296.78833413.79528
GRID    5982    0       6.3645003.47342720.03211
GRID    5983    0       5.9822651.4095219.807074
GRID    5984    0       6.7714813.70420317.65879
GRID    5985    0       6.6386633.65369717.75739
GRID    5986    0       6.0202782.97526018.78716
GRID    5987    0       6.4615572.92442520.02027
GRID    5988    0       9.1077240.51678615.96060
GRID    5989    0       5.0737516.2089750.351997
GRID    5990    0       5.0769931.6682662.886356
GRID    5991    0       4.7349772.52687925.03846
GRID    5992    0       4.7627462.51415425.04606
GRID    5993    0       4.7420012.44094325.05697
GRID    5994    0       5.0353334.1683687.079169
GRID    5995    0       5.6027902.75961921.64598
GRID    5996    0       3.2857372.57953417.98126
GRID    5997    0       5.0346480.7796412.033241
GRID    5998    0       5.0670900.7855731.974260
GRID    5999    0       8.4596060.89295214.55674
GRID    6000    0       8.5876680.83481114.53901
GRID    6001    0       5.0784451.9406239.149065
GRID    6002    0       4.9831672.91072217.90275
GRID    6003    0       4.8993702.82356017.92548
GRID    6004    0       5.0396342.99233825.21295
GRID    6005    0       6.7519483.23867817.70177
GRID    6006    0       2.3021281.13909214.75227
GRID    6007    0       5.0596346.6864550.102673
GRID    6008    0       6.1563123.33083518.11361
GRID    6009    0       6.2749303.35717317.95641
GRID    6010    0       8.7447320.77599014.53251
GRID    6011    0       8.7637830.72424014.53047
GRID    6012    0       3.8932382.84328218.07853
GRID    6013    0       2.4715961.33501914.74468
GRID    6014    0       2.3153501.28785214.77094
GRID    6015    0       4.0342793.49442720.63492
GRID    6016    0       3.7961762.57503818.04551
GRID    6017    0       5.0771992.0861383.070773
GRID    6018    0       5.0790461.8323733.077883
GRID    6019    0       3.2416052.84958218.17729
GRID    6020    0       6.2540933.40402319.96694
GRID    6021    0       6.3306073.41339919.95597
GRID    6022    0       3.9008152.68461118.06244
GRID    6023    0       5.7829343.06949720.72676
GRID    6024    0       3.6130912.75187717.41035
GRID    6025    0       5.0416612.94380820.94241
GRID    6026    0       6.3829762.91584618.58712
GRID    6027    0       6.0678423.80043520.43791
GRID    6028    0       3.1755602.30676817.57389
GRID    6029    0       0.2807410.18592915.14632
GRID    6030    0       1.2765760.74348114.65530
GRID    6031    0       1.1463560.67049314.64090
GRID    6032    0       1.1068200.67866414.77686
GRID    6033    0       1.0187760.59948814.62531
GRID    6034    0       4.7871262.71942625.01383
GRID    6035    0       1.3195320.68759416.19242
GRID    6036    0       1.2436140.70449916.16784
GRID    6037    0       5.0620934.5287381.373138
GRID    6038    0       5.2594213.28777320.57498
GRID    6039    0       5.0690774.4315751.503936
GRID    6040    0       5.0725546.6879530.875840
GRID    6041    0       6.4738173.18468918.11664
GRID    6042    0       3.1681933.33235217.67402
GRID    6043    0       5.0887995.1467861.374874
GRID    6044    0       6.2717783.59708620.20814
GRID    6045    0       8.0600401.09305116.54995
GRID    6046    0       9.9028320.13827015.11383
GRID    6047    0       1.6443730.86578114.55387
GRID    6048    0       6.3184902.52413517.81951
GRID    6049    0       3.9311531.3522469.510822
GRID    6050    0       5.5831002.74386118.34189
GRID    6051    0       4.7834912.58736525.03514
GRID    6052    0       4.7426982.59645425.03035
GRID    6053    0       5.7175162.17045320.05943
GRID    6054    0       5.7880582.23595019.94607
GRID    6055    0       6.0165171.5255709.974703
GRID    6056    0       6.1151431.4522869.827993
GRID    6057    0       7.9096971.14985814.60190
GRID    6058    0       3.7869862.73455023.58901
GRID    6059    0       3.2412122.87574317.72341
GRID    6060    0       5.0215111.7166962.585310
GRID    6061    0       0.2167680.18122014.33259
GRID    6062    0       0.2185600.20796514.40610
GRID    6063    0       5.1248885.0419142.548091
GRID    6064    0       6.4918582.68720417.99562
GRID    6065    0       5.4521102.54681421.89140
GRID    6066    0       6.9570733.07987317.28411
GRID    6067    0       7.9368381.17336816.62979
GRID    6068    0       4.3924173.41476421.23384
GRID    6069    0       2.8328201.52650316.83696
GRID    6070    0       6.1860052.70555618.83392
GRID    6071    0       6.1850372.60115518.85665
GRID    6072    0       6.2321352.66986218.83093
GRID    6073    0       4.7888262.80247322.49178
GRID    6074    0       3.9846623.55631620.61987
GRID    6075    0       5.8514571.5669059.471317
GRID    6076    0       4.9245743.01355120.60220
GRID    6077    0       5.2297751.99144025.14881
GRID    6078    0       5.2467042.19102625.15822
GRID    6079    0       5.1833872.16059525.18124
GRID    6080    0       5.0415536.1587201.689610
GRID    6081    0       5.0500496.2425841.585783
GRID    6082    0       1.7529260.89509814.68628
GRID    6083    0       4.1067942.74951818.42088
GRID    6084    0       3.4382582.31585618.30312
GRID    6085    0       3.3370223.11699917.75041
GRID    6086    0       3.4338773.25630917.81883
GRID    6087    0       3.4740823.17760117.91018
GRID    6088    0       3.9690342.59902218.27261
GRID    6089    0       3.9839682.58929818.19234
GRID    6090    0       3.8713302.58605918.14269
GRID    6091    0       7.6428781.24845114.60460
GRID    6092    0       7.7739361.19975814.60471
GRID    6093    0       7.1709451.35794814.69219
GRID    6094    0       6.2535762.77433218.74933
GRID    6095    0       2.5810331.46022816.87013
GRID    6096    0       9.9508960.13058714.97039
GRID    6097    0       0.0956890.11660014.33546
GRID    6098    0       6.3560943.20584617.89506
GRID    6099    0       4.2254982.63190718.49261
GRID    6100    0       4.1637652.37706519.88115
GRID    6101    0       4.0468161.4151779.576262
GRID    6102    0       3.7691642.59027519.01287
GRID    6103    0       9.7839270.18554014.72030
GRID    6104    0       3.7271893.46983320.01268
GRID    6105    0       5.7937563.22714118.57984
GRID    6106    0       3.6955431.72420323.50808
GRID    6107    0       4.9912814.5036483.070938
GRID    6108    0       4.9781904.4187802.895679
GRID    6109    0       4.9982784.6372873.061040
GRID    6110    0       6.0365232.39940919.79855
GRID    6111    0       5.1540031.87607625.03270
GRID    6112    0       3.3154073.38989217.97985
GRID    6113    0       5.7832543.18908018.66946
GRID    6114    0       4.9752302.92280025.21517
GRID    6115    0       5.0751042.4483316.408082
GRID    6116    0       6.9045672.82978517.37963
GRID    6117    0       3.6716011.90977523.47916
GRID    6118    0       5.1318512.12532825.15567
GRID    6119    0       5.1301052.07509925.10756
GRID    6120    0       5.1490711.95414925.14467
GRID    6121    0       6.9327413.51133717.03327
GRID    6122    0       8.4884210.91434714.57469
GRID    6123    0       2.9441301.44909514.69919
GRID    6124    0       3.2098993.07087617.51461
GRID    6125    0       8.0912911.05812716.42994
GRID    6126    0       3.5644133.26512417.97880
GRID    6127    0       6.6369212.77361017.47246
GRID    6128    0       6.7697072.87274617.34726
GRID    6129    0       4.0612472.61186518.39524
GRID    6130    0       4.7684972.53298422.03447
GRID    6131    0       5.0332485.30942216.01667
GRID    6132    0       5.0277345.5402442.403025
GRID    6133    0       2.7182821.36571014.64446
GRID    6134    0       5.1156534.7832402.879787
GRID    6135    0       5.7635663.14014120.75076
GRID    6136    0       5.0297590.7225471.787821
GRID    6137    0       3.6196933.02755017.37187
GRID    6138    0       3.7717872.34103223.53885
GRID    6139    0       5.0231804.7169801.510954
GRID    6140    0       6.8760793.43184917.48104
GRID    6141    0       6.7036203.36161717.49050
GRID    6142    0       6.6798423.59169617.41434
GRID    6143    0       6.5692693.49177717.56228
GRID    6144    0       4.0015642.68064718.60839
GRID    6145    0       3.6141931.67382823.52375
GRID    6146    0       3.9348002.75729318.51926
GRID    6147    0       6.8175123.65551416.97310
GRID    6148    0       7.4992511.25805414.65441
GRID    6149    0       3.1310631.43293214.82067
GRID    6150    0       3.1181591.43671314.62136
GRID    6151    0       5.0744406.65392514.45248
GRID    6152    0       5.0684596.76988914.41979
GRID    6153    0       3.1510111.71725917.02301
GRID    6154    0       6.0028672.91054418.88238
GRID    6155    0       1.8243090.97432216.50927
GRID    6156    0       6.2896681.2713499.491725
GRID    6157    0       6.7240462.18035118.00722
GRID    6158    0       6.7585952.23782617.93671
GRID    6159    0       6.7581942.18433618.07695
GRID    6160    0       6.7850533.91444117.39251
GRID    6161    0       5.0321243.33313320.41493
GRID    6162    0       6.9422343.04552217.10144
GRID    6163    0       6.9519023.25952817.31009
GRID    6164    0       4.8565865.06820414.03387
GRID    6165    0       7.5024121.29955914.61034
GRID    6166    0       3.3368373.20348417.70241
GRID    6167    0       5.1878063.02477725.20042
GRID    6168    0       7.2953041.31910114.74177
GRID    6169    0       7.3605351.30979914.61644
GRID    6170    0       5.2258681.68681225.12463
GRID    6171    0       4.9468421.67413725.04828
GRID    6172    0       3.2054863.04605318.63235
GRID    6173    0       3.8100032.54253418.00020
GRID    6174    0       3.7400493.28252018.30443
GRID    6175    0       3.7727933.19406618.35570
GRID    6176    0       4.8704191.96553725.03300
GRID    6177    0       4.8506452.10479825.09099
GRID    6178    0       6.8322842.21603417.63787
GRID    6179    0       5.6739032.76438121.62525
GRID    6180    0       6.6948923.02506917.51840
GRID    6181    0       3.7438991.2813619.438209
GRID    6182    0       2.0263611.08838216.60910
GRID    6183    0       3.2436583.31261117.66712
GRID    6184    0       6.8684643.16274518.68318
GRID    6185    0       5.0204222.4692043.699946
GRID    6186    0       5.0649603.35424822.98849
GRID    6187    0       3.2178713.13748817.67872
GRID    6188    0       5.7844523.07129620.62459
GRID    6189    0       5.0218996.1814040.389343
GRID    6190    0       5.0549046.1889130.250771
GRID    6191    0       5.0560486.0447750.290836
GRID    6192    0       6.8835713.59577317.40027
GRID    6193    0       6.5692853.07046017.58274
GRID    6194    0       6.4781543.15167017.71503
GRID    6195    0       6.6998613.19416417.50870
GRID    6196    0       6.9046572.07866117.04531
GRID    6197    0       6.8100132.12747617.16982
GRID    6198    0       4.0057363.61619120.54876
GRID    6199    0       1.0032320.49091015.62019
GRID    6200    0       4.3407123.33413121.37263
GRID    6201    0       4.3381173.25357921.36387
GRID    6202    0       3.5086923.29954617.63828
GRID    6203    0       5.1046486.0551961.626916
GRID    6204    0       3.7862123.18546020.33313
GRID    6205    0       2.8211161.32605014.77323
GRID    6206    0       2.9687191.37055614.66078
GRID    6207    0       4.9349152.98551220.79102
GRID    6208    0       4.2415852.34079119.85960
GRID    6209    0       4.3280172.30590519.99394
GRID    6210    0       3.7847642.53820323.75375
GRID    6211    0       3.3792173.90101418.20877
GRID    6212    0       9.0641680.59723616.02629
GRID    6213    0       3.8778502.57188818.04742
GRID    6214    0       5.0604280.9949392.367264
GRID    6215    0       3.7225601.2247769.461668
GRID    6216    0       3.7044471.1832129.583166
GRID    6217    0       3.6341011.1760399.549204
GRID    6218    0       6.8214693.63390517.50648
GRID    6219    0       6.8518053.74973317.38564
GRID    6220    0       5.0101853.28481120.01861
GRID    6221    0       4.9430331.84718325.02738
GRID    6222    0       4.9860484.8008072.890131
GRID    6223    0       5.0773691.5524112.527464
GRID    6224    0       4.0110423.60725620.62530
GRID    6225    0       5.7709762.80435918.08113
GRID    6226    0       3.9951743.63913020.61619
GRID    6227    0       6.2025072.56730319.27851
GRID    6228    0       6.0917992.44664219.38332
GRID    6229    0       3.8839201.2986629.600760
GRID    6230    0       4.0360631.4773279.402977
GRID    6231    0       4.1385461.4982899.486906
GRID    6232    0       4.0231931.4271489.468607
GRID    6233    0       4.8636312.7894926.135518
GRID    6234    0       5.7274251.8887829.611613
GRID    6235    0       3.6631171.1571379.653534
GRID    6236    0       5.0547802.88176425.21531
GRID    6237    0       2.2639781.35077116.70773
GRID    6238    0       6.3328522.63387917.51900
GRID    6239    0       6.4033652.49939117.46207
GRID    6240    0       5.0870906.8763560.311613
GRID    6241    0       5.0264870.9317362.000456
GRID    6242    0       5.0400626.58305414.86099
GRID    6243    0       1.4266580.75823214.53386
GRID    6244    0       1.5453180.79237914.67695
GRID    6245    0       4.8760253.32774920.51709
GRID    6246    0       5.0711876.90002914.01784
GRID    6247    0       3.9239203.07926517.81529
GRID    6248    0       4.8684101.88800425.11006
GRID    6249    0       4.8438192.39010725.09210
GRID    6250    0       4.8481672.46931325.11670
GRID    6251    0       3.7807463.22138518.30520
GRID    6252    0       3.3251463.59379617.98519
GRID    6253    0       6.8348002.46865818.12898
GRID    6254    0       6.8025832.30603118.12274
GRID    6255    0       6.6800402.32338218.18665
GRID    6256    0       3.7863643.10931217.64650
GRID    6257    0       5.0230004.4725691.626939
GRID    6258    0       6.3082482.77377417.55147
GRID    6259    0       5.0197725.4463932.480876
GRID    6260    0       6.9144372.86749617.26765
GRID    6261    0       3.8802063.47991520.34508
GRID    6262    0       6.7304123.03073018.02196
GRID    6263    0       4.0358223.05025118.97066
GRID    6264    0       6.9348512.57405017.26327
GRID    6265    0       9.8896480.23310314.51214
GRID    6266    0       5.1005222.42985124.97114
GRID    6267    0       2.5957591.32828114.63993
GRID    6268    0       1.3053210.73324414.53406
GRID    6269    0       5.0949192.6255173.773006
GRID    6270    0       6.6448973.34894017.81570
GRID    6271    0       6.1743473.29957617.70705
GRID    6272    0       6.1004943.16086117.77484
GRID    6273    0       6.7127403.09932417.73361
GRID    6274    0       6.2282152.60638517.91913
GRID    6275    0       5.0700880.5572891.451724
GRID    6276    0       3.7817602.45957723.75403
GRID    6277    0       4.5230012.07591820.51553
GRID    6278    0       6.0298542.73381318.34409
GRID    6279    0       5.8177242.76043618.62472
GRID    6280    0       5.0754151.2963392.583756
GRID    6281    0       3.1793313.10770718.19036
GRID    6282    0       5.2215712.87689618.10175
GRID    6283    0       3.2526663.15696517.56527
GRID    6284    0       4.2806832.72963919.38937
GRID    6285    0       6.5153792.89752619.86013
GRID    6286    0       6.1736813.29221417.77915
GRID    6287    0       3.7904412.83491723.70591
GRID    6288    0       3.9035162.47735619.27180
GRID    6289    0       5.1738532.34607025.20237
GRID    6290    0       4.0858143.52019720.80296
GRID    6291    0       5.0906835.2533942.640378
GRID    6292    0       0.3065120.26521614.49541
GRID    6293    0       6.4142333.30263118.21504
GRID    6294    0       4.8751673.05220622.82619
GRID    6295    0       4.8785083.15023022.85928
GRID    6296    0       4.8474823.25732522.76900
GRID    6297    0       6.4838312.90475317.63127
GRID    6298    0       3.8059063.49168420.08290
GRID    6299    0       6.9533443.24440717.10092
GRID    6300    0       6.9341673.15022117.17091
GRID    6301    0       6.9005903.10961917.24271
GRID    6302    0       6.5547803.30567917.93624
GRID    6303    0       5.0217835.8015522.094438
GRID    6304    0       9.2855950.47883214.42337
GRID    6305    0       5.0589133.15707721.82183
GRID    6306    0       4.1642622.36286419.77168
GRID    6307    0       6.4167453.00838920.12838
GRID    6308    0       6.5720582.98058217.63900
GRID    6309    0       6.5662603.12651417.67051
GRID    6310    0       3.2277172.94281918.60190
GRID    6311    0       6.6536612.56825817.70928
GRID    6312    0       4.5106992.62832319.60690
GRID    6313    0       6.8248273.85919217.29790
GRID    6314    0       5.9747163.43204220.28782
GRID    6315    0       5.9401223.45880820.72388
GRID    6316    0       5.8383843.16876420.52499
GRID    6317    0       5.0528352.3830306.359167
GRID    6318    0       5.0775242.5597226.305318
GRID    6319    0       5.0756170.7989521.426716
GRID    6320    0       4.0358343.53666220.71240
GRID    6321    0       9.8877890.19123414.93687
GRID    6322    0       5.0573431.2663872.714090
GRID    6323    0       3.5611992.14278823.81811
GRID    6324    0       6.6850692.56408417.73915
GRID    6325    0       1.2373470.76432914.85806
GRID    6326    0       4.8128822.72664525.07339
GRID    6327    0       7.3666511.34945914.61315
GRID    6328    0       6.0361582.60203318.23236
GRID    6329    0       5.6594702.16303320.52492
GRID    6330    0       6.6096642.81713017.57975
GRID    6331    0       3.7778482.46389723.62678
GRID    6332    0       5.0356166.95083214.16505
GRID    6333    0       5.0295544.5711991.492283
GRID    6334    0       5.0500494.3713821.405254
GRID    6335    0       5.8705353.20357320.35432
GRID    6336    0       5.0803325.9801231.880252
GRID    6337    0       5.0407662.67617022.51664
GRID    6338    0       5.0286381.0817932.420091
GRID    6339    0       5.0567931.1296992.554929
GRID    6340    0       5.8315372.61388818.56258
GRID    6341    0       5.1146855.49056315.78989
GRID    6342    0       5.5960042.79145121.68677
GRID    6343    0       5.6141382.75166821.67854
GRID    6344    0       4.8837671.70708125.12589
GRID    6345    0       4.9138581.88548525.15572
GRID    6346    0       6.3270002.39351418.90156
GRID    6347    0       6.3087912.27354418.99515
GRID    6348    0       5.0776026.82436013.90071
GRID    6349    0       5.2207721.57153725.04969
GRID    6350    0       4.7935262.60367825.08921
GRID    6351    0       5.0795121.8231952.904353
GRID    6352    0       4.9256011.96480225.00479
GRID    6353    0       4.8813181.74962325.04602
GRID    6354    0       3.9617862.66243318.13984
GRID    6355    0       0.3185070.13563014.98090
GRID    6356    0       6.8238363.30540017.36435
GRID    6357    0       2.4490311.28590814.64668
GRID    6358    0       5.0258144.6259793.199629
GRID    6359    0       6.6321442.92221117.48846
GRID    6360    0       3.1901383.16895917.20767
GRID    6361    0       6.1792812.34383419.19344
GRID    6362    0       4.2620123.54145621.07877
GRID    6363    0       5.0800276.1031350.456390
GRID    6364    0       3.8182201.2741479.519935
GRID    6365    0       6.5669552.49675417.85818
GRID    6366    0       6.6523042.39686217.72927
GRID    6367    0       3.6204401.57120823.78496
GRID    6368    0       4.8841682.07926225.15843
GRID    6369    0       10.017770.15037214.41893
GRID    6370    0       6.5677843.25162718.20772
GRID    6371    0       6.3256461.3006769.427135
GRID    6372    0       5.0368002.4419216.327498
GRID    6373    0       6.2209763.20751919.78824
GRID    6374    0       8.1057721.11846014.64920
GRID    6375    0       3.6519772.31078423.99128
GRID    6376    0       5.0473496.0170390.424820
GRID    6377    0       3.7642693.38377517.55593
GRID    6378    0       3.3184013.22944317.98739
GRID    6379    0       6.5790582.65400917.51697
GRID    6380    0       5.0222961.7967582.985710
GRID    6381    0       3.2052912.93489518.64718
GRID    6382    0       5.0880316.2069890.447315
GRID    6383    0       5.0989566.1836710.542087
GRID    6384    0       6.3130963.21605619.77132
GRID    6385    0       3.2659141.49049214.81387
GRID    6386    0       4.8387182.98347922.73499
GRID    6387    0       6.3178641.2923599.675718
GRID    6388    0       6.3204741.2417659.778502
GRID    6389    0       5.0776601.6991342.998090
GRID    6390    0       8.0421721.09716214.59332
GRID    6391    0       6.8052852.79944117.53010
GRID    6392    0       4.9991403.0164953.692761
GRID    6393    0       3.2147612.74643017.88044
GRID    6394    0       5.0904926.0506321.772030
GRID    6395    0       1.7839721.00657016.51583
GRID    6396    0       5.1071153.26909223.02871
GRID    6397    0       6.2205262.43601719.05527
GRID    6398    0       5.8368751.49379310.14758
GRID    6399    0       3.1443311.52144414.75079
GRID    6400    0       3.3534472.13330518.39761
GRID    6401    0       6.9439812.89858617.29988
GRID    6402    0       5.1024902.81516117.89694
GRID    6403    0       4.7113302.81399117.96564
GRID    6404    0       5.3842432.45558925.07470
GRID    6405    0       6.4864461.1447819.528911
GRID    6406    0       3.9646033.26343919.05266
GRID    6407    0       6.1212352.99569017.77914
GRID    6408    0       3.8218182.48367319.70539
GRID    6409    0       6.1148902.59994318.21622
GRID    6410    0       5.0223442.0853792.954286
GRID    6411    0       5.0147192.2460222.984823
GRID    6412    0       3.9179693.36281618.48400
GRID    6413    0       3.8310793.36428918.34888
GRID    6414    0       6.3123103.36034617.56308
GRID    6415    0       7.9860041.11914716.47665
GRID    6416    0       5.7416492.67231018.62494
GRID    6417    0       4.3445092.46138520.42946
GRID    6418    0       3.1998503.23894918.19970
GRID    6419    0       4.1646662.61337418.51889
GRID    6420    0       0.3697470.29691814.58833
GRID    6421    0       3.4288003.57417017.72032
GRID    6422    0       5.0161612.6332643.796241
GRID    6423    0       8.3783571.02406516.42477
GRID    6424    0       5.9929213.60847920.66319
GRID    6425    0       5.0312484.6945071.376381
GRID    6426    0       6.1773243.37739018.49286
GRID    6427    0       3.8759472.42030319.08521
GRID    6428    0       5.0582281.6531593.111632
GRID    6429    0       5.0381620.5268561.200935
GRID    6430    0       5.0692590.5976081.342283
GRID    6431    0       4.4862032.11225720.36996
GRID    6432    0       6.3942963.04142317.78385
GRID    6433    0       3.8452802.56053019.21959
GRID    6434    0       5.0131696.65352513.78378
GRID    6435    0       5.0985884.8754592.938262
GRID    6436    0       5.0713790.7502831.345920
GRID    6437    0       3.1801782.86996417.82315
GRID    6438    0       3.9884132.39559219.29203
GRID    6439    0       6.8077182.27366218.19962
GRID    6440    0       3.8400683.02054017.70844
GRID    6441    0       5.0152806.0668120.551606
GRID    6442    0       5.5886812.67933418.60312
GRID    6443    0       4.3345902.71899021.53146
GRID    6444    0       4.2762642.71201721.38076
GRID    6445    0       2.9529561.39961814.60930
GRID    6446    0       3.6501471.65943023.49417
GRID    6447    0       4.1866811.82940110.17764
GRID    6448    0       2.0816131.26998016.56825
GRID    6449    0       6.4874112.47764718.42257
GRID    6450    0       6.3954701.2212329.453370
GRID    6451    0       6.3495911.2821399.571499
GRID    6452    0       3.6097832.54037123.34777
GRID    6453    0       4.4132322.60955621.60176
GRID    6454    0       6.7559852.16153918.26606
GRID    6455    0       6.1080962.77591818.22601
GRID    6456    0       3.1451152.89639617.76432
GRID    6457    0       6.8600542.80632517.62555
GRID    6458    0       6.4853363.03676917.66393
GRID    6459    0       3.8995573.02168418.12916
GRID    6460    0       6.3046543.29110617.65305
GRID    6461    0       6.8043633.34859817.67830
GRID    6462    0       5.1224593.15620421.89380
GRID    6463    0       3.2818243.54309417.65329
GRID    6464    0       6.2532293.32501817.67538
GRID    6465    0       6.7260403.64697617.62569
GRID    6466    0       6.4718212.43570117.46845
GRID    6467    0       5.5144851.9685839.186339
GRID    6468    0       4.8876141.63415025.04550
GRID    6469    0       5.0111652.93621017.99938
GRID    6470    0       6.2255783.00486117.74467
GRID    6471    0       4.4493932.54921721.58592
GRID    6472    0       6.2482552.30450119.08441
GRID    6473    0       3.2529133.32144118.12058
GRID    6474    0       3.8265012.58117118.34950
GRID    6475    0       4.4639342.73971020.88791
GRID    6476    0       4.7732742.47525021.62104
GRID    6477    0       3.6087602.88232023.88246
GRID    6478    0       4.4994622.50665821.38105
GRID    6479    0       5.8865742.66500019.87104
GRID    6480    0       5.6492812.80140320.55361
GRID    6481    0       4.5199632.73791020.87468
GRID    6482    0       5.6972302.98066921.02493
GRID    6483    0       5.0254812.85134125.08743
GRID    6484    0       3.6483933.35345823.67235
GRID    6485    0       5.0461103.32836325.08674
GRID    6486    0       5.1395012.47885525.06971
GRID    6487    0       5.5008193.25211521.53688
GRID    6488    0       4.7894552.98787021.06446
GRID    6489    0       3.6491462.55103523.72347
GRID    6490    0       5.0853362.71979225.08562
GRID    6491    0       3.5947972.98090623.66164
GRID    6492    0       5.1615342.95304221.84116
GRID    6493    0       6.3084983.03309519.78576
GRID    6494    0       5.0815292.97549125.08440
CTETRA  14160   1       1881    3012    1855    6492    
CTETRA  14161   1       1857    1882    3012    1855    
CTETRA  14162   1       3565    3346    4265    1036    
CTETRA  14163   1       1280    1279    1281    2546    
CTETRA  14164   1       1420    5424    1314    6486    
CTETRA  14165   1       1420    1314    1312    6486    
CTETRA  14166   1       1857    621     1855    814     
CTETRA  14167   1       3346    4264    4265    1036    
CTETRA  14168   1       1314    4541    1420    1312    
CTETRA  14169   1       1309    1310    1297    6492    
CTETRA  14170   1       1881    3012    1882    1855    
CTETRA  14171   1       1452    1857    3012    1855    
CTETRA  14172   1       643     645     5694    6331    
CTETRA  14173   1       1988    1441    3397    2947    
CTETRA  14174   1       2017    2516    4913    4283    
CTETRA  14175   1       2590    2071    2169    2069    
CTETRA  14176   1       1452    1855    3012    6492    
CTETRA  14177   1       5424    1313    1314    6486    
CTETRA  14178   1       1447    1449    2717    1861    
CTETRA  14179   1       1312    4541    1420    1340    
CTETRA  14180   1       1857    621     1882    1855    
CTETRA  14181   1       1755    2849    325     2850    
CTETRA  14182   1       6087    3973    1809    6126    
CTETRA  14183   1       3501    489     543     1136    
CTETRA  14184   1       2351    4024    2547    3272    
CTETRA  14185   1       1314    1313    1312    6486    
CTETRA  14186   1       3139    2069    2590    3298    
CTETRA  14187   1       5636    5756    3789    3790    
CTETRA  14188   1       1313    6486    5424    6490    
CTETRA  14189   1       1421    1452    1297    1310    
CTETRA  14190   1       1406    2368    2034    1410    
CTETRA  14191   1       1374    1373    1375    83      
CTETRA  14192   1       5285    1774    1775    3853    
CTETRA  14193   1       411     1019    1021    6302    
CTETRA  14194   1       775     3012    1874    1882    
CTETRA  14195   1       3888    1373    1374    83      
CTETRA  14196   1       6250    5757    6249    1390    
CTETRA  14197   1       633     1690    2422    1691    
CTETRA  14198   1       1312    6250    1340    1390    
CTETRA  14199   1       490     543     489     1136    
CTETRA  14200   1       3788    1865    4261    1480    
CTETRA  14201   1       3012    775     383     6492    
CTETRA  14202   1       721     756     757     6494    
CTETRA  14203   1       490     489     427     1136    
CTETRA  14204   1       3846    1913    1917    6491    
CTETRA  14205   1       1413    1312    1340    1390    
CTETRA  14206   1       2849    325     565     1755    
CTETRA  14207   1       1305    1306    636     2571    
CTETRA  14208   1       1314    1313    5424    6490    
CTETRA  14209   1       1316    757     5539    6494    
CTETRA  14210   1       5694    1506    643     6331    
CTETRA  14211   1       890     5779    197     6493    
CTETRA  14212   1       1413    1340    5423    1411    
CTETRA  14213   1       1421    1452    1310    2794    
CTETRA  14214   1       1411    1413    1340    1390    
CTETRA  14215   1       1297    1310    1452    6492    
CTETRA  14216   1       775     3012    1882    1881    
CTETRA  14217   1       490     543     1136    972     
CTETRA  14218   1       2649    2650    2651    2310    
CTETRA  14219   1       4061    6331    3444    4988    
CTETRA  14220   1       1855    1452    1857    812     
CTETRA  14221   1       2069    2432    3895    3139    
CTETRA  14222   1       1316    758     757     1478    
CTETRA  14223   1       4245    6177    6368    4244    
CTETRA  14224   1       3443    1506    643     5694    
CTETRA  14225   1       4988    4061    6331    6489    
CTETRA  14226   1       5757    6250    1312    1390    
CTETRA  14227   1       4988    6331    5554    6489    
CTETRA  14228   1       5003    1503    5005    6145    
CTETRA  14229   1       3139    3752    2069    3298    
CTETRA  14230   1       1127    1125    3458    746     
CTETRA  14231   1       1855    1452    812     6492    
CTETRA  14232   1       2717    1449    5355    1861    
CTETRA  14233   1       2691    3139    2590    3298    
CTETRA  14234   1       1316    760     757     6494    
CTETRA  14235   1       2161    3762    4144    2163    
CTETRA  14236   1       101     100     102     2687    
CTETRA  14237   1       1413    1412    338     6486    
CTETRA  14238   1       1136    427     490     972     
CTETRA  14239   1       3012    1881    775     6492    
CTETRA  14240   1       3752    3139    3056    3298    
CTETRA  14241   1       2980    3174    3606    3711    
CTETRA  14242   1       834     490     543     1095    
CTETRA  14243   1       621     1857    1453    814     
CTETRA  14244   1       6331    4061    1506    6489    
CTETRA  14245   1       4988    6331    3444    5554    
CTETRA  14246   1       2069    2170    2590    3298    
CTETRA  14247   1       1316    757     758     5539    
CTETRA  14248   1       1310    1297    1421    1295    
CTETRA  14249   1       3973    6086    6087    1809    
CTETRA  14250   1       721     5538    756     6494    
CTETRA  14251   1       757     723     721     6494    
CTETRA  14252   1       6236    5887    5362    6483    
CTETRA  14253   1       666     732     692     2350    
CTETRA  14254   1       2069    3895    3752    3139    
CTETRA  14255   1       4171    198     5679    887     
CTETRA  14256   1       615     3138    1903    2874    
CTETRA  14257   1       100     3981    102     2687    
CTETRA  14258   1       3759    4763    3051    3758    
CTETRA  14259   1       1452    3012    1297    6492    
CTETRA  14260   1       1312    338     1412    6486    
CTETRA  14261   1       1316    5539    3077    6494    
CTETRA  14262   1       2710    5570    6058    1897    
CTETRA  14263   1       3895    3752    3139    3056    
CTETRA  14264   1       2234    2235    2236    3666    
CTETRA  14265   1       2351    1867    2353    1482    
CTETRA  14266   1       4024    2738    2810    1454    
CTETRA  14267   1       1452    3012    1421    1297    
CTETRA  14268   1       1316    757     760     1478    
CTETRA  14269   1       194     525     524     6208    
CTETRA  14270   1       662     3560    652     3536    
CTETRA  14271   1       2738    2810    1454    3545    
CTETRA  14272   1       5539    757     756     6494    
CTETRA  14273   1       1809    2017    6087    6126    
CTETRA  14274   1       2644    1980    2019    2524    
CTETRA  14275   1       5424    6486    3951    6490    
CTETRA  14276   1       3948    1484    643     4763    
CTETRA  14277   1       1304    382     383     1308    
CTETRA  14278   1       1491    1489    1914    6287    
CTETRA  14279   1       1782    1826    3090    1781    
CTETRA  14280   1       722     5538    723     6494    
CTETRA  14281   1       1882    1304    775     1881    
CTETRA  14282   1       6058    5401    5569    5570    
CTETRA  14283   1       3520    6486    2736    6490    
CTETRA  14284   1       5285    1774    3853    993     
CTETRA  14285   1       723     5538    721     6494    
CTETRA  14286   1       713     749     2001    666     
CTETRA  14287   1       3621    1690    633     635     
CTETRA  14288   1       5569    5570    5401    6489    
CTETRA  14289   1       887     5679    4171    5058    
CTETRA  14290   1       5419    212     94      5679    
CTETRA  14291   1       2709    5570    3690    6489    
CTETRA  14292   1       2112    1755    325     2850    
CTETRA  14293   1       637     1674    1409    1857    
CTETRA  14294   1       1506    643     644     3443    
CTETRA  14295   1       5566    1267    1268    3968    
CTETRA  14296   1       1837    2071    2169    2590    
CTETRA  14297   1       609     1260    1046    2586    
CTETRA  14298   1       809     808     807     2216    
CTETRA  14299   1       1125    1127    1290    746     
CTETRA  14300   1       5401    6058    2709    5570    
CTETRA  14301   1       637     4261    2195    2379    
CTETRA  14302   1       6004    5352    3077    6494    
CTETRA  14303   1       1413    338     1312    1390    
CTETRA  14304   1       2709    5401    5570    6489    
CTETRA  14305   1       2196    1409    1674    1857    
CTETRA  14306   1       1857    3012    1677    1452    
CTETRA  14307   1       4024    2351    2738    3272    
CTETRA  14308   1       5539    6004    3077    6494    
CTETRA  14309   1       6236    5887    6483    6494    
CTETRA  14310   1       2169    2170    2590    2069    
CTETRA  14311   1       543     491     489     3501    
CTETRA  14312   1       1837    2071    2590    2942    
CTETRA  14313   1       5884    5883    5885    6345    
CTETRA  14314   1       1304    1305    776     1306    
CTETRA  14315   1       1452    1421    3898    2794    
CTETRA  14316   1       1913    1897    3845    6491    
CTETRA  14317   1       5995    6342    1300    1326    
CTETRA  14318   1       1288    360     1363    1355    
CTETRA  14319   1       4024    2547    3272    4022    
CTETRA  14320   1       3690    1506    4061    6489    
CTETRA  14321   1       2071    2523    2169    2069    
CTETRA  14322   1       1876    2196    1674    1857    
CTETRA  14323   1       890     2891    482     6493    
CTETRA  14324   1       5228    2717    1862    6491    
CTETRA  14325   1       1809    2515    2017    6126    
CTETRA  14326   1       1674    2379    637     2196    
CTETRA  14327   1       693     732     1327    2134    
CTETRA  14328   1       383     1297    3012    6492    
CTETRA  14329   1       1136    543     1102    972     
CTETRA  14330   1       429     427     428     972     
CTETRA  14331   1       3076    6293    3734    3075    
CTETRA  14332   1       2134    674     673     1277    
CTETRA  14333   1       1782    2560    3695    463     
CTETRA  14334   1       6236    5886    5887    6494    
CTETRA  14335   1       758     1316    5539    3077    
CTETRA  14336   1       2070    2523    2071    2069    
CTETRA  14337   1       3980    2710    1897    3845    
CTETRA  14338   1       890     197     2891    6493    
CTETRA  14339   1       318     1331    730     319     
CTETRA  14340   1       428     427     1136    972     
CTETRA  14341   1       4541    1312    6250    1340    
CTETRA  14342   1       1408    1882    1874    1857    
CTETRA  14343   1       2011    1297    1309    1295    
CTETRA  14344   1       2710    5570    1897    3845    
CTETRA  14345   1       382     383     775     1304    
CTETRA  14346   1       3077    5352    1316    6494    
CTETRA  14347   1       5539    3077    6004    6114    
CTETRA  14348   1       3139    3057    3895    3056    
CTETRA  14349   1       4775    1313    1314    6490    
CTETRA  14350   1       2110    3017    2428    2933    
CTETRA  14351   1       2429    2428    2933    3150    
CTETRA  14352   1       3017    2342    2341    2933    
CTETRA  14353   1       1304    776     729     1306    
CTETRA  14354   1       3193    1434    1432    1433    
CTETRA  14355   1       1312    1313    338     6486    
CTETRA  14356   1       1447    1449    1448    2717    
CTETRA  14357   1       1845    1846    386     6491    
CTETRA  14358   1       3752    2170    2069    3298    
CTETRA  14359   1       5679    5419    212     5058    
CTETRA  14360   1       3379    1512    1516    1515    
CTETRA  14361   1       386     1846    1944    6491    
CTETRA  14362   1       2113    325     630     2013    
CTETRA  14363   1       1452    1453    1857    812     
CTETRA  14364   1       2717    1448    1447    6491    
CTETRA  14365   1       1136    489     427     1139    
CTETRA  14366   1       1409    1674    637     2196    
CTETRA  14367   1       3951    6486    3520    6490    
CTETRA  14368   1       1421    1310    1295    2794    
CTETRA  14369   1       3501    543     1130    1136    
CTETRA  14370   1       1755    565     2849    1698    
CTETRA  14371   1       1326    732     1300    1327    
CTETRA  14372   1       2736    6486    1313    6490    
CTETRA  14373   1       6331    1506    643     6489    
CTETRA  14374   1       793     663     765     6485    
CTETRA  14375   1       2110    2342    3017    2933    
CTETRA  14376   1       1310    1452    674     2794    
CTETRA  14377   1       1897    1913    6287    6491    
CTETRA  14378   1       1911    1914    1489    6491    
CTETRA  14379   1       5352    6483    1316    6494    
CTETRA  14380   1       2717    1898    1449    1448    
CTETRA  14381   1       732     692     693     666     
CTETRA  14382   1       1674    637     1677    1857    
CTETRA  14383   1       2200    1326    1300    1327    
CTETRA  14384   1       1506    3443    3690    4061    
CTETRA  14385   1       722     723     659     6494    
CTETRA  14386   1       543     490     834     972     
CTETRA  14387   1       256     565     325     1755    
CTETRA  14388   1       4723    5566    1268    3968    
CTETRA  14389   1       3238    2071    2942    2589    
CTETRA  14390   1       338     336     1413    6486    
CTETRA  14391   1       4061    2709    3690    6489    
CTETRA  14392   1       310     663     345     6485    
CTETRA  14393   1       5539    5538    6004    6494    
CTETRA  14394   1       317     1296    1297    1295    
CTETRA  14395   1       1671    1670    2849    1755    
CTETRA  14396   1       1914    6287    1489    6491    
CTETRA  14397   1       1675    1421    3898    1423    
CTETRA  14398   1       1452    3898    1421    1423    
CTETRA  14399   1       2850    325     2112    2013    
CTETRA  14400   1       1091    1266    3351    1326    
CTETRA  14401   1       1125    2365    2364    1293    
CTETRA  14402   1       3036    4282    651     3677    
CTETRA  14403   1       2071    2590    2942    2589    
CTETRA  14404   1       1484    3051    643     4763    
CTETRA  14405   1       2213    2772    1843    2218    
CTETRA  14406   1       1911    386     1944    6491    
CTETRA  14407   1       3181    2849    1755    2850    
CTETRA  14408   1       1309    2134    693     1276    
CTETRA  14409   1       5319    2918    5321    5320    
CTETRA  14410   1       415     644     416     5214    
CTETRA  14411   1       5539    756     5538    6494    
CTETRA  14412   1       765     663     310     6485    
CTETRA  14413   1       657     5362    5887    6483    
CTETRA  14414   1       1845    386     1911    6491    
CTETRA  14415   1       6342    732     1300    1326    
CTETRA  14416   1       1421    3898    3319    1675    
CTETRA  14417   1       6305    812     1452    6492    
CTETRA  14418   1       92      152     151     1003    
CTETRA  14419   1       2988    1671    2849    1698    
CTETRA  14420   1       336     338     1413    1390    
CTETRA  14421   1       5970    5462    5463    6483    
CTETRA  14422   1       3521    4278    2736    6486    
CTETRA  14423   1       344     663     793     6485    
CTETRA  14424   1       2299    5779    197     890     
CTETRA  14425   1       6058    2709    5570    2710    
CTETRA  14426   1       732     1327    2134    1276    
CTETRA  14427   1       93      854     92      6493    
CTETRA  14428   1       1755    325     256     2112    
CTETRA  14429   1       3057    3895    2432    3139    
CTETRA  14430   1       1874    1304    775     1882    
CTETRA  14431   1       2736    4278    5385    6486    
CTETRA  14432   1       1327    685     693     2011    
CTETRA  14433   1       2849    565     2988    1698    
CTETRA  14434   1       542     543     490     1095    
CTETRA  14435   1       2979    1373    3888    82      
CTETRA  14436   1       1009    1008    1007    2566    
CTETRA  14437   1       2379    637     638     1674    
CTETRA  14438   1       1489    6287    1913    6491    
CTETRA  14439   1       344     345     663     6485    
CTETRA  14440   1       2169    1831    1833    2170    
CTETRA  14441   1       830     2268    2269    2344    
CTETRA  14442   1       834     490     427     972     
CTETRA  14443   1       645     6138    5694    6331    
CTETRA  14444   1       2849    1671    1755    1698    
CTETRA  14445   1       1421    1677    3012    1452    
CTETRA  14446   1       1408    621     1882    1857    
CTETRA  14447   1       6054    5396    4265    4990    
CTETRA  14448   1       3179    844     842     704     
CTETRA  14449   1       2691    2590    2309    3298    
CTETRA  14450   1       3401    6483    5362    6490    
CTETRA  14451   1       345     344     314     6485    
CTETRA  14452   1       2590    2170    1833    3298    
CTETRA  14453   1       6373    4171    5679    5058    
CTETRA  14454   1       691     796     693     6492    
CTETRA  14455   1       3051    1484    643     6489    
CTETRA  14456   1       643     1505    6331    6489    
CTETRA  14457   1       1307    1304    383     1308    
CTETRA  14458   1       152     151     1003    1018    
CTETRA  14459   1       800     802     1464    2564    
CTETRA  14460   1       543     1102    1130    1136    
CTETRA  14461   1       344     781     314     6485    
CTETRA  14462   1       1466    1472    1474    1465    
CTETRA  14463   1       571     1901    1903    615     
CTETRA  14464   1       482     2891    547     6493    
CTETRA  14465   1       2070    2209    2631    2069    
CTETRA  14466   1       2309    2590    1833    3298    
CTETRA  14467   1       1620    1136    428     1137    
CTETRA  14468   1       1126    1125    1290    5571    
CTETRA  14469   1       1877    1316    6483    6494    
CTETRA  14470   1       1266    6179    6343    5485    
CTETRA  14471   1       474     1946    5874    1947    
CTETRA  14472   1       6145    1503    5005    1501    
CTETRA  14473   1       3973    5814    2623    2515    
CTETRA  14474   1       1297    2011    317     1295    
CTETRA  14475   1       2724    3503    2725    406     
CTETRA  14476   1       1912    1911    1944    6491    
CTETRA  14477   1       3888    1373    83      82      
CTETRA  14478   1       314     781     316     6485    
CTETRA  14479   1       2134    1300    732     1276    
CTETRA  14480   1       5401    4988    5554    6489    
CTETRA  14481   1       6331    5694    3444    5554    
CTETRA  14482   1       410     2032    1460    2080    
CTETRA  14483   1       5766    1491    1914    6287    
CTETRA  14484   1       1685    2932    2582    3594    
CTETRA  14485   1       92      854     547     6493    
CTETRA  14486   1       3951    3519    3520    6486    
CTETRA  14487   1       1262    2897    791     2207    
CTETRA  14488   1       1774    5285    1775    2030    
CTETRA  14489   1       1453    1857    1677    1452    
CTETRA  14490   1       1126    1125    1127    1290    
CTETRA  14491   1       666     749     732     2350    
CTETRA  14492   1       5756    3789    3790    3791    
CTETRA  14493   1       1151    1150    1149    5879    
CTETRA  14494   1       1280    1279    2546    1282    
CTETRA  14495   1       2368    1406    2296    1410    
CTETRA  14496   1       1332    1327    5808    3351    
CTETRA  14497   1       1139    427     1136    1137    
CTETRA  14498   1       2257    686     687     2269    
CTETRA  14499   1       3319    3898    1421    2794    
CTETRA  14500   1       2717    5228    5229    6491    
CTETRA  14501   1       1506    644     3646    3443    
CTETRA  14502   1       1327    732     1300    1276    
CTETRA  14503   1       756     758     757     5539    
CTETRA  14504   1       2443    1677    1675    1674    
CTETRA  14505   1       2208    3347    792     791     
CTETRA  14506   1       634     2429    2868    2098    
CTETRA  14507   1       3602    2392    1298    2546    
CTETRA  14508   1       6236    5362    3401    6483    
CTETRA  14509   1       1125    2365    1293    5571    
CTETRA  14510   1       1004    196     197     1217    
CTETRA  14511   1       854     482     547     6493    
CTETRA  14512   1       2699    592     2090    2091    
CTETRA  14513   1       1826    2239    3090    1781    
CTETRA  14514   1       6004    6114    5352    6494    
CTETRA  14515   1       5389    6021    5419    5420    
CTETRA  14516   1       2710    3690    2709    5570    
CTETRA  14517   1       1324    1331    317     1325    
CTETRA  14518   1       1277    673     829     3897    
CTETRA  14519   1       3695    3090    1782    463     
CTETRA  14520   1       4763    3051    643     3759    
CTETRA  14521   1       1255    2089    1250    2987    
CTETRA  14522   1       3951    3952    5474    6486    
CTETRA  14523   1       4984    416     644     6138    
CTETRA  14524   1       3077    758     1316    3673    
CTETRA  14525   1       5679    211     6373    5058    
CTETRA  14526   1       1892    1845    1911    6491    
CTETRA  14527   1       1139    3372    427     1137    
CTETRA  14528   1       842     3436    3165    5743    
CTETRA  14529   1       722     659     5589    6167    
CTETRA  14530   1       693     672     796     691     
CTETRA  14531   1       674     2134    2794    1277    
CTETRA  14532   1       1897    6287    3822    6491    
CTETRA  14533   1       212     211     5679    5058    
CTETRA  14534   1       803     831     830     817     
CTETRA  14535   1       732     693     1327    1091    
CTETRA  14536   1       1150    1149    5879    3975    
CTETRA  14537   1       834     833     490     1095    
CTETRA  14538   1       2090    2081    408     2091    
CTETRA  14539   1       2736    3520    3521    6486    
CTETRA  14540   1       5679    198     3223    887     
CTETRA  14541   1       1327    1300    2200    1276    
CTETRA  14542   1       6236    5362    5887    5886    
CTETRA  14543   1       4588    1400    1322    2834    
CTETRA  14544   1       1339    1340    6249    1411    
CTETRA  14545   1       2071    2523    2689    2169    
CTETRA  14546   1       1882    1874    620     1408    
CTETRA  14547   1       416     644     415     4984    
CTETRA  14548   1       630     566     325     1693    
CTETRA  14549   1       3223    5419    5679    5058    
CTETRA  14550   1       757     760     723     6494    
CTETRA  14551   1       2670    1266    1091    1326    
CTETRA  14552   1       5569    3690    5570    6489    
CTETRA  14553   1       2259    1008    1009    2566    
CTETRA  14554   1       1755    1671    1665    1698    
CTETRA  14555   1       1413    6266    1412    6486    
CTETRA  14556   1       1995    3043    2029    5445    
CTETRA  14557   1       345     309     310     6485    
CTETRA  14558   1       3077    1316    5487    3673    
CTETRA  14559   1       410     1460    1464    2080    
CTETRA  14560   1       2170    1833    2169    2590    
CTETRA  14561   1       2545    706     3852    1261    
CTETRA  14562   1       3341    1084    1037    1050    
CTETRA  14563   1       3043    101     102     3682    
CTETRA  14564   1       1277    674     673     3897    
CTETRA  14565   1       6331    5400    5401    6489    
CTETRA  14566   1       648     1919    650     6484    
CTETRA  14567   1       1837    3238    2689    2071    
CTETRA  14568   1       428     1136    1620    972     
CTETRA  14569   1       3108    3317    5556    1375    
CTETRA  14570   1       314     315     345     6485    
CTETRA  14571   1       513     1664    1669    1698    
CTETRA  14572   1       3027    595     1409    2196    
CTETRA  14573   1       1504    1505    643     3948    
CTETRA  14574   1       2852    632     2853    907     
CTETRA  14575   1       2849    565     324     2988    
CTETRA  14576   1       1464    800     2564    2565    
CTETRA  14577   1       344     751     781     6485    
CTETRA  14578   1       830     2257    2269    2901    
CTETRA  14579   1       310     308     765     6485    
CTETRA  14580   1       5463    6483    658     6494    
CTETRA  14581   1       1307    1308    383     6492    
CTETRA  14582   1       3895    2688    2432    2069    
CTETRA  14583   1       2443    638     1677    1674    
CTETRA  14584   1       673     732     2392    2350    
CTETRA  14585   1       6305    6462    1854    6492    
CTETRA  14586   1       5970    6483    5463    6494    
CTETRA  14587   1       2545    1372    706     1261    
CTETRA  14588   1       2958    6249    5757    1390    
CTETRA  14589   1       1423    1452    3898    2794    
CTETRA  14590   1       2134    1327    693     1276    
CTETRA  14591   1       687     688     686     2257    
CTETRA  14592   1       3895    624     822     1844    
CTETRA  14593   1       201     200     548     854     
CTETRA  14594   1       1845    1892    3846    6491    
CTETRA  14595   1       5462    3922    5463    6483    
CTETRA  14596   1       1677    638     637     1674    
CTETRA  14597   1       3138    615     1903    1901    
CTETRA  14598   1       4541    4133    1420    1340    
CTETRA  14599   1       6114    6236    6483    6494    
CTETRA  14600   1       751     344     793     6485    
CTETRA  14601   1       1434    2095    3193    1432    
CTETRA  14602   1       3077    6004    6114    5352    
CTETRA  14603   1       2093    555     3722    2852    
CTETRA  14604   1       1078    429     428     972     
CTETRA  14605   1       1877    1316    5352    6483    
CTETRA  14606   1       2994    4589    4588    6486    
CTETRA  14607   1       1489    1892    1911    6491    
CTETRA  14608   1       1833    1837    2169    2590    
CTETRA  14609   1       2308    2690    2590    2691    
CTETRA  14610   1       687     2257    2269    6487    
CTETRA  14611   1       1675    592     2699    1674    
CTETRA  14612   1       384     386     1845    1846    
CTETRA  14613   1       1944    1846    1447    6491    
CTETRA  14614   1       1005    1006    1002    6493    
CTETRA  14615   1       3399    1879    5377    6483    
CTETRA  14616   1       2590    1833    1837    2943    
CTETRA  14617   1       2772    2213    1843    2212    
CTETRA  14618   1       5566    3762    4161    3798    
CTETRA  14619   1       658     5463    2697    6483    
CTETRA  14620   1       2071    2689    1837    2169    
CTETRA  14621   1       5058    6021    5419    5389    
CTETRA  14622   1       890     197     196     1217    
CTETRA  14623   1       256     565     1755    1698    
CTETRA  14624   1       3399    5377    6114    6483    
CTETRA  14625   1       5815    6174    6251    6413    
CTETRA  14626   1       793     765     750     6485    
CTETRA  14627   1       4763    643     2629    3759    
CTETRA  14628   1       2134    1309    2119    1276    
CTETRA  14629   1       3165    4818    842     5743    
CTETRA  14630   1       3400    3399    3401    6483    
CTETRA  14631   1       1857    595     621     1453    
CTETRA  14632   1       1676    2699    592     1674    
CTETRA  14633   1       3496    1036    3565    3975    
CTETRA  14634   1       1002    1006    519     6493    
CTETRA  14635   1       1327    1326    732     1091    
CTETRA  14636   1       3752    2170    2688    2069    
CTETRA  14637   1       6114    6004    6236    6494    
CTETRA  14638   1       6236    6004    5886    6494    
CTETRA  14639   1       2596    2800    682     698     
CTETRA  14640   1       6114    6483    5352    6494    
CTETRA  14641   1       2011    1327    318     1276    
CTETRA  14642   1       2081    408     1463    2080    
CTETRA  14643   1       6368    6176    6248    6177    
CTETRA  14644   1       2688    3895    3752    2069    
CTETRA  14645   1       2309    2308    2590    2691    
CTETRA  14646   1       3051    2628    643     3759    
CTETRA  14647   1       3559    3560    681     883     
CTETRA  14648   1       4984    644     415     4297    
CTETRA  14649   1       654     656     655     1424    
CTETRA  14650   1       3887    5819    3109    4292    
CTETRA  14651   1       316     781     759     6485    
CTETRA  14652   1       6342    1300    2137    5995    
CTETRA  14653   1       2619    2620    1898    6491    
CTETRA  14654   1       1316    5970    760     6494    
CTETRA  14655   1       1991    2294    2292    2293    
CTETRA  14656   1       2134    1309    1310    2119    
CTETRA  14657   1       310     309     308     6485    
CTETRA  14658   1       5970    1877    5462    6483    
CTETRA  14659   1       4283    5815    5814    2516    
CTETRA  14660   1       2113    2112    325     2013    
CTETRA  14661   1       2942    2590    1837    2943    
CTETRA  14662   1       1879    4132    1878    6490    
CTETRA  14663   1       6021    5897    6020    5086    
CTETRA  14664   1       3401    3400    6483    6490    
CTETRA  14665   1       2432    2688    2209    2069    
CTETRA  14666   1       5779    2641    855     6493    
CTETRA  14667   1       1314    4132    4775    6490    
CTETRA  14668   1       649     648     650     6484    
CTETRA  14669   1       691     693     692     666     
CTETRA  14670   1       3516    1677    636     1857    
CTETRA  14671   1       1677    1675    2530    2443    
CTETRA  14672   1       3051    643     2628    6489    
CTETRA  14673   1       199     3532    888     196     
CTETRA  14674   1       1878    4132    1338    6490    
CTETRA  14675   1       314     316     315     6485    
CTETRA  14676   1       2901    2268    830     816     
CTETRA  14677   1       765     308     539     6485    
CTETRA  14678   1       1217    890     197     2891    
CTETRA  14679   1       5475    3519    5474    6486    
CTETRA  14680   1       3520    3519    3521    6486    
CTETRA  14681   1       1295    317     380     2119    
CTETRA  14682   1       482     890     1217    2891    
CTETRA  14683   1       5779    197     199     2299    
CTETRA  14684   1       5779    855     3562    6493    
CTETRA  14685   1       1918    1950    1907    6484    
CTETRA  14686   1       1423    674     1452    2794    
CTETRA  14687   1       6020    5419    6021    5420    
CTETRA  14688   1       1677    2530    1410    2443    
CTETRA  14689   1       1911    386     150     1944    
CTETRA  14690   1       1665    1755    1698    2114    
CTETRA  14691   1       1674    2195    2379    2196    
CTETRA  14692   1       645     643     1505    6331    
CTETRA  14693   1       6249    4903    1390    5478    
CTETRA  14694   1       1409    2196    1876    1857    
CTETRA  14695   1       826     717     819     6487    
CTETRA  14696   1       5214    415     644     1507    
CTETRA  14697   1       3400    1879    6483    6490    
CTETRA  14698   1       5058    5419    96      5389    
CTETRA  14699   1       794     691     684     6492    
CTETRA  14700   1       4168    5742    4877    3770    
CTETRA  14701   1       830     803     817     2809    
CTETRA  14702   1       5519    4268    6077    5914    
CTETRA  14703   1       338     1313    5385    6486    
CTETRA  14704   1       1468    420     4046    166     
CTETRA  14705   1       823     622     3895    3752    
CTETRA  14706   1       4133    4541    6250    1340    
CTETRA  14707   1       3948    643     1504    4763    
CTETRA  14708   1       5389    5419    96      5420    
CTETRA  14709   1       1828    2705    2551    2814    
CTETRA  14710   1       2170    2169    2631    2069    
CTETRA  14711   1       3399    6114    6236    6483    
CTETRA  14712   1       336     1322    1400    2834    
CTETRA  14713   1       657     5362    6483    6490    
CTETRA  14714   1       489     491     543     490     
CTETRA  14715   1       3602    1279    2392    2546    
CTETRA  14716   1       5004    5005    6106    6446    
CTETRA  14717   1       1912    1911    150     1944    
CTETRA  14718   1       520     1017    212     1006    
CTETRA  14719   1       1390    5678    5809    5478    
CTETRA  14720   1       5814    2515    3973    6126    
CTETRA  14721   1       651     3036    3677    3008    
CTETRA  14722   1       2030    2118    2029    254     
CTETRA  14723   1       4152    3299    4720    4721    
CTETRA  14724   1       3223    5679    887     5058    
CTETRA  14725   1       691     693     684     6492    
CTETRA  14726   1       831     2544    819     2257    
CTETRA  14727   1       429     1078    974     972     
CTETRA  14728   1       2853    3722    555     2852    
CTETRA  14729   1       2620    2619    1944    6491    
CTETRA  14730   1       1282    1279    2546    1370    
CTETRA  14731   1       1920    1950    1918    6484    
CTETRA  14732   1       2943    2590    1833    2309    
CTETRA  14733   1       1217    197     1004    2891    
CTETRA  14734   1       3887    523     2419    1443    
CTETRA  14735   1       383     317     1296    1297    
CTETRA  14736   1       688     2257    687     6487    
CTETRA  14737   1       1903    615     2874    571     
CTETRA  14738   1       5897    5895    6020    5322    
CTETRA  14739   1       5814    5815    2623    2516    
CTETRA  14740   1       662     3560    3536    681     
CTETRA  14741   1       2200    1327    1276    5808    
CTETRA  14742   1       309     345     315     6485    
CTETRA  14743   1       648     1922    1919    6484    
CTETRA  14744   1       1332    1327    2200    5808    
CTETRA  14745   1       3003    1391    2990    3069    
CTETRA  14746   1       1878    6483    1879    6490    
CTETRA  14747   1       2040    669     671     2039    
CTETRA  14748   1       2523    2689    3238    2071    
CTETRA  14749   1       1863    2195    1674    2197    
CTETRA  14750   1       630     256     255     1693    
CTETRA  14751   1       650     1475    649     6484    
CTETRA  14752   1       198     199     4171    5679    
CTETRA  14753   1       3229    826     687     6487    
CTETRA  14754   1       890     93      5779    6493    
CTETRA  14755   1       832     490     427     834     
CTETRA  14756   1       6021    5419    6020    5058    
CTETRA  14757   1       1922    1918    1919    6484    
CTETRA  14758   1       6266    3952    1412    6486    
CTETRA  14759   1       3328    2093    2852    5280    
CTETRA  14760   1       2736    5385    1313    6486    
CTETRA  14761   1       3496    5879    1149    3975    
CTETRA  14762   1       816     830     2189    817     
CTETRA  14763   1       658     2697    657     6483    
CTETRA  14764   1       1464    802     655     2564    
CTETRA  14765   1       1677    637     636     1857    
CTETRA  14766   1       3562    1006    1005    6493    
CTETRA  14767   1       318     685     1327    2011    
CTETRA  14768   1       632     3328    2852    5280    
CTETRA  14769   1       5419    96      212     5058    
CTETRA  14770   1       1409    636     637     1857    
CTETRA  14771   1       3269    1388    3003    3455    
CTETRA  14772   1       1877    5970    1316    6494    
CTETRA  14773   1       2137    2939    732     6342    
CTETRA  14774   1       2169    2523    2631    2069    
CTETRA  14775   1       2446    1424    654     2090    
CTETRA  14776   1       1483    1484    3052    6489    
CTETRA  14777   1       1677    3516    3012    1857    
CTETRA  14778   1       1078    428     1620    972     
CTETRA  14779   1       539     750     765     6485    
CTETRA  14780   1       5322    6020    5897    5086    
CTETRA  14781   1       1907    1918    1920    1950    
CTETRA  14782   1       1136    3501    489     1138    
CTETRA  14783   1       1300    732     673     2134    
CTETRA  14784   1       2257    2258    686     2269    
CTETRA  14785   1       1908    1919    1918    6484    
CTETRA  14786   1       2081    1463    408     2091    
CTETRA  14787   1       3608    3175    3790    5075    
CTETRA  14788   1       4168    4877    5742    4169    
CTETRA  14789   1       3921    1338    5424    6490    
CTETRA  14790   1       571     1901    615     1900    
CTETRA  14791   1       1912    1944    2619    6491    
CTETRA  14792   1       2299    5779    93      2641    
CTETRA  14793   1       4775    4132    3400    6490    
CTETRA  14794   1       1307    731     729     1308    
CTETRA  14795   1       1877    6483    5970    6494    
CTETRA  14796   1       2619    1899    1898    2620    
CTETRA  14797   1       2735    3401    5362    6490    
CTETRA  14798   1       4005    5784    4676    1928    
CTETRA  14799   1       211     3562    5779    855     
CTETRA  14800   1       1091    730     2001    685     
CTETRA  14801   1       2239    5230    1825    3090    
CTETRA  14802   1       92      1003    151     6493    
CTETRA  14803   1       3179    842     3599    704     
CTETRA  14804   1       3689    197     1005    2891    
CTETRA  14805   1       3181    2849    1670    1755    
CTETRA  14806   1       721     764     756     5538    
CTETRA  14807   1       383     775     777     382     
CTETRA  14808   1       3272    402     1454    4175    
CTETRA  14809   1       4171    4170    198     887     
CTETRA  14810   1       3602    1300    2392    1277    
CTETRA  14811   1       1421    2530    1405    3516    
CTETRA  14812   1       3056    3139    3058    3298    
CTETRA  14813   1       547     1003    92      6493    
CTETRA  14814   1       490     832     833     834     
CTETRA  14815   1       595     1409    1876    1857    
CTETRA  14816   1       1922    1920    1918    6484    
CTETRA  14817   1       5228    1862    1917    6491    
CTETRA  14818   1       2565    3847    4175    800     
CTETRA  14819   1       1410    638     1677    2443    
CTETRA  14820   1       830     2269    2257    6487    
CTETRA  14821   1       972     543     1102    1101    
CTETRA  14822   1       6249    4903    1411    1390    
CTETRA  14823   1       643     2629    1504    4763    
CTETRA  14824   1       152     92      547     1003    
CTETRA  14825   1       761     762     502     2586    
CTETRA  14826   1       751     759     781     6485    
CTETRA  14827   1       659     725     724     6494    
CTETRA  14828   1       794     796     691     6492    
CTETRA  14829   1       1980    2133    2019    2524    
CTETRA  14830   1       3640    3375    3709    2232    
CTETRA  14831   1       793     750     751     6485    
CTETRA  14832   1       1255    1250    1344    2987    
CTETRA  14833   1       212     1017    94      1006    
CTETRA  14834   1       2699    2090    592     1423    
CTETRA  14835   1       1328    1327    3351    1326    
CTETRA  14836   1       3347    2208    792     3558    
CTETRA  14837   1       318     317     2011    2119    
CTETRA  14838   1       1878    1338    3921    6490    
CTETRA  14839   1       2208    792     1244    791     
CTETRA  14840   1       6343    1326    2670    6342    
CTETRA  14841   1       2269    2268    830     2901    
CTETRA  14842   1       649     447     1471    6484    
CTETRA  14843   1       6248    6221    6353    6176    
CTETRA  14844   1       316     759     640     6485    
CTETRA  14845   1       649     1471    648     6484    
CTETRA  14846   1       2631    2688    2170    2069    
CTETRA  14847   1       3984    3188    4269    2076    
CTETRA  14848   1       1919    1908    650     6484    
CTETRA  14849   1       571     2098    3150    2429    
CTETRA  14850   1       3922    1877    1879    6483    
CTETRA  14851   1       3762    5635    2984    3036    
CTETRA  14852   1       152     547     92      854     
CTETRA  14853   1       3400    1879    3399    6483    
CTETRA  14854   1       649     1475    1476    6484    
CTETRA  14855   1       2090    2446    4270    2445    
CTETRA  14856   1       199     888     2299    196     
CTETRA  14857   1       1089    684     685     2011    
CTETRA  14858   1       2071    1837    3238    2942    
CTETRA  14859   1       822     3895    1844    3061    
CTETRA  14860   1       2699    592     1675    1423    
CTETRA  14861   1       1860    5487    1316    3673    
CTETRA  14862   1       2112    256     1755    2114    
CTETRA  14863   1       4089    915     1951    6484    
CTETRA  14864   1       3558    1244    2208    792     
CTETRA  14865   1       2040    2542    555     948     
CTETRA  14866   1       318     2119    1276    2503    
CTETRA  14867   1       723     725     659     6494    
CTETRA  14868   1       1922    648     1921    6484    
CTETRA  14869   1       555     670     2040    948     
CTETRA  14870   1       1676    592     2699    2091    
CTETRA  14871   1       1920    2923    2411    6484    
CTETRA  14872   1       1374    5819    3109    3887    
CTETRA  14873   1       1920    1922    2923    6484    
CTETRA  14874   1       1908    1475    650     6484    
CTETRA  14875   1       1382    1388    1392    3269    
CTETRA  14876   1       6167    5886    5538    6494    
CTETRA  14877   1       1674    1676    2379    1863    
CTETRA  14878   1       4297    644     415     1507    
CTETRA  14879   1       4676    5784    5448    1928    
CTETRA  14880   1       2137    2392    732     2350    
CTETRA  14881   1       3056    767     3752    1832    
CTETRA  14882   1       1300    673     2392    1277    
CTETRA  14883   1       6058    2709    2710    1897    
CTETRA  14884   1       325     565     324     2849    
CTETRA  14885   1       1917    1846    1845    6491    
CTETRA  14886   1       418     385     1911    440     
CTETRA  14887   1       4089    1935    1909    6484    
CTETRA  14888   1       657     6483    2697    6490    
CTETRA  14889   1       6179    1265    1266    6343    
CTETRA  14890   1       2983    3008    503     2984    
CTETRA  14891   1       4039    4269    4479    2285    
CTETRA  14892   1       2103    3788    1482    1480    
CTETRA  14893   1       2990    3455    3003    3069    
CTETRA  14894   1       1363    1369    452     1291    
CTETRA  14895   1       1674    2379    2195    1863    
CTETRA  14896   1       1300    2137    732     6342    
CTETRA  14897   1       2014    670     555     2853    
CTETRA  14898   1       3887    3888    84      1443    
CTETRA  14899   1       1677    1675    591     1423    
CTETRA  14900   1       1315    3976    1859    1875    
CTETRA  14901   1       673     829     2392    1277    
CTETRA  14902   1       5352    5377    1879    6483    
CTETRA  14903   1       693     685     1327    1091    
CTETRA  14904   1       3759    2628    2629    3757    
CTETRA  14905   1       4089    1951    1935    6484    
CTETRA  14906   1       3442    407     415     5214    
CTETRA  14907   1       2017    2515    2516    5814    
CTETRA  14908   1       501     3036    3008    6482    
CTETRA  14909   1       670     555     949     948     
CTETRA  14910   1       1328    1327    1332    3351    
CTETRA  14911   1       1328    1327    1326    2200    
CTETRA  14912   1       1877    3922    5462    6483    
CTETRA  14913   1       2717    3980    1898    6491    
CTETRA  14914   1       3845    1897    3980    6491    
CTETRA  14915   1       4023    3144    1827    1829    
CTETRA  14916   1       728     759     752     6485    
CTETRA  14917   1       1908    1918    1907    6484    
CTETRA  14918   1       1300    5995    1326    1328    
CTETRA  14919   1       414     416     4984    6138    
CTETRA  14920   1       118     1471    447     6484    
CTETRA  14921   1       1003    547     152     1018    
CTETRA  14922   1       1477    1475    1908    6484    
CTETRA  14923   1       830     3229    2269    6487    
CTETRA  14924   1       2137    6342    5995    2668    
CTETRA  14925   1       1277    2794    674     3897    
CTETRA  14926   1       572     801     3189    1904    
CTETRA  14927   1       1328    1326    1300    2200    
CTETRA  14928   1       1369    1362    452     1291    
CTETRA  14929   1       3516    636     1408    1857    
CTETRA  14930   1       4269    3188    4039    2076    
CTETRA  14931   1       3139    2590    2213    2691    
CTETRA  14932   1       724     725     727     6494    
CTETRA  14933   1       4921    4479    4269    2285    
CTETRA  14934   1       3229    830     2269    2344    
CTETRA  14935   1       3400    4132    1879    6490    
CTETRA  14936   1       4152    3266    4282    3267    
CTETRA  14937   1       1005    1002    2891    6493    
CTETRA  14938   1       2432    2209    2213    2069    
CTETRA  14939   1       1037    1052    3404    1050    
CTETRA  14940   1       1950    915     4089    6484    
CTETRA  14941   1       4589    5741    4588    6486    
CTETRA  14942   1       630     325     256     1693    
CTETRA  14943   1       4877    6207    5742    4169    
CTETRA  14944   1       6053    4990    4991    4992    
CTETRA  14945   1       2033    2032    2216    3376    
CTETRA  14946   1       6236    3401    3399    6483    
CTETRA  14947   1       5995    4720    6179    1265    
CTETRA  14948   1       751     664     752     6485    
CTETRA  14949   1       201     152     548     2618    
CTETRA  14950   1       670     555     2040    2014    
CTETRA  14951   1       539     540     750     6485    
CTETRA  14952   1       5678    1390    4903    5478    
CTETRA  14953   1       6171    6344    1398    5884    
CTETRA  14954   1       2619    1897    3822    6491    
CTETRA  14955   1       1698    1755    256     2114    
CTETRA  14956   1       1388    305     3003    3455    
CTETRA  14957   1       4902    4245    5809    5478    
CTETRA  14958   1       117     116     118     6484    
CTETRA  14959   1       632     3328    5280    5826    
CTETRA  14960   1       819     818     688     2257    
CTETRA  14961   1       1909    1935    1477    6484    
CTETRA  14962   1       2544    716     819     2257    
CTETRA  14963   1       883     2335    2336    3560    
CTETRA  14964   1       3540    3677    2208    2563    
CTETRA  14965   1       1019    6302    411     6270    
CTETRA  14966   1       2209    2070    2213    2069    
CTETRA  14967   1       760     725     723     6494    
CTETRA  14968   1       636     2530    1677    3516    
CTETRA  14969   1       2070    2071    2213    2069    
CTETRA  14970   1       2196    595     1409    1876    
CTETRA  14971   1       665     540     541     6485    
CTETRA  14972   1       383     343     381     382     
CTETRA  14973   1       3722    949     555     2093    
CTETRA  14974   1       3521    3519    5475    6486    
CTETRA  14975   1       199     3532    198     4170    
CTETRA  14976   1       402     1454    4175    1456    
CTETRA  14977   1       4933    5503    3145    2184    
CTETRA  14978   1       796     6305    1452    6492    
CTETRA  14979   1       2411    116     915     6484    
CTETRA  14980   1       5809    3914    4902    5478    
CTETRA  14981   1       2144    686     2258    2269    
CTETRA  14982   1       3984    6207    4877    4921    
CTETRA  14983   1       3895    622     2688    3752    
CTETRA  14984   1       117     118     447     6484    
CTETRA  14985   1       1825    2239    3090    1826    
CTETRA  14986   1       1038    1037    1036    4264    
CTETRA  14987   1       1324    2119    318     2503    
CTETRA  14988   1       1986    705     607     3586    
CTETRA  14989   1       6020    3223    5419    5420    
CTETRA  14990   1       4270    3420    6025    3164    
CTETRA  14991   1       2590    2213    2069    3139    
CTETRA  14992   1       197     196     2299    890     
CTETRA  14993   1       1627    1101    972     1102    
CTETRA  14994   1       2419    2683    2684    3981    
CTETRA  14995   1       1262    791     1280    2207    
CTETRA  14996   1       2268    830     3228    3227    
CTETRA  14997   1       2230    364     2982    2805    
CTETRA  14998   1       2629    1504    4763    4764    
CTETRA  14999   1       4818    3770    842     5743    
CTETRA  15000   1       2230    364     2805    2231    
CTETRA  15001   1       1909    1477    1908    6484    
CTETRA  15002   1       908     2853    2013    907     
CTETRA  15003   1       2196    1674    1839    1876    
CTETRA  15004   1       2542    555     554     2040    
CTETRA  15005   1       2923    1922    1921    6484    
CTETRA  15006   1       1484    1485    6276    6489    
CTETRA  15007   1       1477    1476    1475    6484    
CTETRA  15008   1       1217    547     482     2891    
CTETRA  15009   1       1675    591     592     1674    
CTETRA  15010   1       830     2189    2901    816     
CTETRA  15011   1       82      1373    83      1590    
CTETRA  15012   1       1504    3948    4763    4764    
CTETRA  15013   1       883     2335    3560    3536    
CTETRA  15014   1       5918    4912    2007    5523    
CTETRA  15015   1       3077    5539    758     3673    
CTETRA  15016   1       4244    6249    1390    5478    
CTETRA  15017   1       3052    1484    3051    6489    
CTETRA  15018   1       1676    2379    638     1674    
CTETRA  15019   1       732     673     672     2350    
CTETRA  15020   1       4169    2764    3506    6488    
CTETRA  15021   1       3090    462     1825    1826    
CTETRA  15022   1       2077    4919    4920    4169    
CTETRA  15023   1       1300    2392    1298    3602    
CTETRA  15024   1       693     674     2134    1310    
CTETRA  15025   1       830     2268    2344    3227    
CTETRA  15026   1       2040    671     670     2851    
CTETRA  15027   1       4983    4984    414     4297    
CTETRA  15028   1       566     255     630     631     
CTETRA  15029   1       763     722     659     5589    
CTETRA  15030   1       1401    2380    1379    3795    
CTETRA  15031   1       2014    555     323     2853    
CTETRA  15032   1       1038    1084    6479    3549    
CTETRA  15033   1       1322    336     337     2834    
CTETRA  15034   1       2688    624     622     3895    
CTETRA  15035   1       1340    1339    5423    1411    
CTETRA  15036   1       1921    648     1471    6484    
CTETRA  15037   1       2019    2018    2021    2020    
CTETRA  15038   1       714     691     794     795     
CTETRA  15039   1       1808    3973    2549    1807    
CTETRA  15040   1       199     5779    2299    2641    
CTETRA  15041   1       1897    1898    3980    6491    
CTETRA  15042   1       1833    1832    2309    3298    
CTETRA  15043   1       656     655     802     2235    
CTETRA  15044   1       3401    4775    3400    6490    
CTETRA  15045   1       3060    3451    768     3057    
CTETRA  15046   1       826     2881    803     6487    
CTETRA  15047   1       1485    1484    6276    3948    
CTETRA  15048   1       664     751     750     6485    
CTETRA  15049   1       5809    1389    1390    4244    
CTETRA  15050   1       572     801     1904    573     
CTETRA  15051   1       640     759     728     6485    
CTETRA  15052   1       447     1476    1934    6484    
CTETRA  15053   1       317     383     2011    1297    
CTETRA  15054   1       778     799     2111    780     
CTETRA  15055   1       3585    4182    900     3466    
CTETRA  15056   1       254     2030    1707    2029    
CTETRA  15057   1       4175    2565    800     3092    
CTETRA  15058   1       641     316     640     6485    
CTETRA  15059   1       2810    1685    1901    4236    
CTETRA  15060   1       1439    823     3752    622     
CTETRA  15061   1       684     691     794     714     
CTETRA  15062   1       2590    2213    2071    2069    
CTETRA  15063   1       2530    1410    636     1677    
CTETRA  15064   1       5374    5243    3569    2798    
CTETRA  15065   1       3155    4479    4269    4921    
CTETRA  15066   1       649     1476    447     6484    
CTETRA  15067   1       4523    414     5923    4983    
CTETRA  15068   1       4964    891     889     3679    
CTETRA  15069   1       4089    1909    1950    6484    
CTETRA  15070   1       732     672     673     2134    
CTETRA  15071   1       1982    3894    2209    2432    
CTETRA  15072   1       2810    1901    3819    4236    
CTETRA  15073   1       657     658     2696    2697    
CTETRA  15074   1       1917    5229    5228    6491    
CTETRA  15075   1       841     840     607     3358    
CTETRA  15076   1       1037    3549    1052    1050    
CTETRA  15077   1       117     915     116     6484    
CTETRA  15078   1       402     1454    1456    2738    
CTETRA  15079   1       1139    1136    489     1138    
CTETRA  15080   1       2546    829     2392    2393    
CTETRA  15081   1       2143    687     686     2269    
CTETRA  15082   1       2064    1356    2009    2024    
CTETRA  15083   1       2411    915     1950    6484    
CTETRA  15084   1       1296    317     380     1295    
CTETRA  15085   1       1826    463     3569    1782    
CTETRA  15086   1       3571    5043    6320    5479    
CTETRA  15087   1       1676    638     2443    1674    
CTETRA  15088   1       1934    1951    117     6484    
CTETRA  15089   1       2169    1439    1831    2170    
CTETRA  15090   1       2392    732     673     1300    
CTETRA  15091   1       447     1934    117     6484    
CTETRA  15092   1       117     1951    915     6484    
CTETRA  15093   1       255     256     630     1772    
CTETRA  15094   1       2234    656     4413    2235    
CTETRA  15095   1       3420    4920    4919    4169    
CTETRA  15096   1       1935    1951    1934    6484    
CTETRA  15097   1       751     752     759     6485    
CTETRA  15098   1       4270    1424    2446    2090    
CTETRA  15099   1       317     319     318     2011    
CTETRA  15100   1       2011    383     1308    6492    
CTETRA  15101   1       674     2134    1310    2794    
CTETRA  15102   1       2763    2764    655     1868    
CTETRA  15103   1       1907    1909    1908    6484    
CTETRA  15104   1       760     1316    1880    5970    
CTETRA  15105   1       2082    4413    656     3785    
CTETRA  15106   1       1485    1484    1483    6489    
CTETRA  15107   1       2069    2213    2432    3139    
CTETRA  15108   1       2118    1996    1703    2114    
CTETRA  15109   1       693     1309    684     6492    
CTETRA  15110   1       1263    1262    1240    2207    
CTETRA  15111   1       1317    3079    3078    2825    
CTETRA  15112   1       3762    5566    5635    3798    
CTETRA  15113   1       2030    254     1707    5285    
CTETRA  15114   1       308     642     539     6485    
CTETRA  15115   1       4169    4877    6207    4921    
CTETRA  15116   1       1447    1917    1862    6491    
CTETRA  15117   1       4024    2938    2810    3819    
CTETRA  15118   1       2985    2983    503     2984    
CTETRA  15119   1       3090    3695    2708    462     
CTETRA  15120   1       1434    2086    3193    362     
CTETRA  15121   1       1279    829     2392    2546    
CTETRA  15122   1       2114    2113    2112    256     
CTETRA  15123   1       1005    3689    2891    1002    
CTETRA  15124   1       1674    1677    1876    1857    
CTETRA  15125   1       6020    5419    3223    5058    
CTETRA  15126   1       96      5058    5389    5388    
CTETRA  15127   1       6329    5879    3496    5571    
CTETRA  15128   1       728     664     665     6485    
CTETRA  15129   1       1390    2958    6249    4244    
CTETRA  15130   1       315     316     641     6485    
CTETRA  15131   1       1777    3722    632     3328    
CTETRA  15132   1       732     693     672     2134    
CTETRA  15133   1       3973    3765    2515    2623    
CTETRA  15134   1       2628    2629    643     3759    
CTETRA  15135   1       1127    1290    746     1198    
CTETRA  15136   1       2058    3602    1298    2546    
CTETRA  15137   1       949     553     555     2093    
CTETRA  15138   1       728     752     664     6485    
CTETRA  15139   1       309     315     1422    6485    
CTETRA  15140   1       2652    3083    1837    2942    
CTETRA  15141   1       1197    1036    3565    3496    
CTETRA  15142   1       2530    636     1405    3516    
CTETRA  15143   1       3536    3793    2335    652     
CTETRA  15144   1       1373    2088    1589    2979    
CTETRA  15145   1       3003    3269    3455    2990    
CTETRA  15146   1       338     2958    1390    1389    
CTETRA  15147   1       3602    2392    1279    1277    
CTETRA  15148   1       2392    672     673     2350    
CTETRA  15149   1       665     664     540     6485    
CTETRA  15150   1       706     2545    3852    843     
CTETRA  15151   1       882     3789    5637    4575    
CTETRA  15152   1       198     199     4170    4171    
CTETRA  15153   1       855     5779    211     2641    
CTETRA  15154   1       5424    3951    3921    6490    
CTETRA  15155   1       6015    6074    6198    1930    
CTETRA  15156   1       2590    2071    2213    2589    
CTETRA  15157   1       1698    1699    1665    2114    
CTETRA  15158   1       3076    3074    6293    3075    
CTETRA  15159   1       2134    673     1300    1277    
CTETRA  15160   1       4152    3266    3267    3268    
CTETRA  15161   1       416     415     414     4984    
CTETRA  15162   1       2852    2853    3722    907     
CTETRA  15163   1       1878    3921    6483    6490    
CTETRA  15164   1       3058    3057    3139    3056    
CTETRA  15165   1       150     149     1911    1912    
CTETRA  15166   1       6114    5377    5352    6483    
CTETRA  15167   1       1130    1102    543     1101    
CTETRA  15168   1       1452    1677    591     1423    
CTETRA  15169   1       4245    2152    4902    5809    
CTETRA  15170   1       1892    1913    3846    6491    
CTETRA  15171   1       5086    6020    6021    5420    
CTETRA  15172   1       4120    842     1372    3165    
CTETRA  15173   1       3269    1382    1388    3455    
CTETRA  15174   1       317     383     319     2011    
CTETRA  15175   1       3436    842     3770    5743    
CTETRA  15176   1       1393    1388    1392    1382    
CTETRA  15177   1       305     1388    1382    3455    
CTETRA  15178   1       691     796     794     795     
CTETRA  15179   1       1920    2411    1950    6484    
CTETRA  15180   1       3399    5377    1879    3400    
CTETRA  15181   1       1878    3922    1879    6483    
CTETRA  15182   1       1390    5809    4244    5478    
CTETRA  15183   1       5976    1307    1881    6492    
CTETRA  15184   1       3189    2433    3260    4413    
CTETRA  15185   1       2011    1308    731     6492    
CTETRA  15186   1       4904    5678    4903    5478    
CTETRA  15187   1       891     889     2484    4964    
CTETRA  15188   1       3043    101     295     6209    
CTETRA  15189   1       324     554     555     2040    
CTETRA  15190   1       831     2257    819     6487    
CTETRA  15191   1       211     212     5059    5058    
CTETRA  15192   1       1295    1296    1421    2120    
CTETRA  15193   1       803     830     3227    2809    
CTETRA  15194   1       1017    1002    1005    1006    
CTETRA  15195   1       1506    2628    643     6489    
CTETRA  15196   1       3272    402     4175    2356    
CTETRA  15197   1       830     831     803     6487    
CTETRA  15198   1       3187    1828    3190    1827    
CTETRA  15199   1       3822    1897    6058    6287    
CTETRA  15200   1       197     198     94      5679    
CTETRA  15201   1       3770    3436    4876    3648    
CTETRA  15202   1       1934    1476    1477    6484    
CTETRA  15203   1       1699    1703    1996    2114    
CTETRA  15204   1       6004    5538    5886    6494    
CTETRA  15205   1       2233    2234    4413    2235    
CTETRA  15206   1       309     1422    308     6485    
CTETRA  15207   1       3402    1901    3820    3819    
CTETRA  15208   1       1263    2897    1262    2207    
CTETRA  15209   1       93      2641    5779    6493    
CTETRA  15210   1       3506    2285    4039    2284    
CTETRA  15211   1       5059    6373    211     5058    
CTETRA  15212   1       833     542     490     1095    
CTETRA  15213   1       1675    592     591     1423    
CTETRA  15214   1       547     549     152     1018    
CTETRA  15215   1       3018    1455    2111    1456    
CTETRA  15216   1       2299    93      5779    890     
CTETRA  15217   1       1490    5569    1491    6489    
CTETRA  15218   1       555     670     949     3722    
CTETRA  15219   1       3785    656     2082    2077    
CTETRA  15220   1       2687    295     101     3886    
CTETRA  15221   1       653     676     661     3619    
CTETRA  15222   1       1464    410     1463    1870    
CTETRA  15223   1       4818    842     4120    3165    
CTETRA  15224   1       641     640     639     6485    
CTETRA  15225   1       656     802     4413    2235    
CTETRA  15226   1       636     1406    1405    1404    
CTETRA  15227   1       5087    5389    96      5420    
CTETRA  15228   1       2717    5229    3845    6491    
CTETRA  15229   1       381     383     382     1308    
CTETRA  15230   1       1917    1447    1846    6491    
CTETRA  15231   1       2285    4269    4921    3506    
CTETRA  15232   1       2257    830     2189    2901    
CTETRA  15233   1       1882    620     621     1408    
CTETRA  15234   1       337     2833    1322    2834    
CTETRA  15235   1       2103    2228    1482    1870    
CTETRA  15236   1       4763    2629    3878    3757    
CTETRA  15237   1       3238    2071    2885    2070    
CTETRA  15238   1       3895    2688    624     1844    
CTETRA  15239   1       4039    4269    2285    3506    
CTETRA  15240   1       5456    2022    3109    1602    
CTETRA  15241   1       635     1692    1691    616     
CTETRA  15242   1       1260    1243    3125    3395    
CTETRA  15243   1       94      3223    5419    5679    
CTETRA  15244   1       4933    3145    5503    3144    
CTETRA  15245   1       2432    3894    3895    3057    
CTETRA  15246   1       1463    1868    655     1464    
CTETRA  15247   1       1676    1870    592     2091    
CTETRA  15248   1       324     1798    2849    2988    
CTETRA  15249   1       2735    5362    657     6490    
CTETRA  15250   1       1204    1003    151     1018    
CTETRA  15251   1       2011    684     693     1309    
CTETRA  15252   1       2137    697     2392    2350    
CTETRA  15253   1       2011    684     1309    6492    
CTETRA  15254   1       2189    815     816     817     
CTETRA  15255   1       2392    1298    2546    2393    
CTETRA  15256   1       482     200     854     1177    
CTETRA  15257   1       727     725     760     6494    
CTETRA  15258   1       151     519     61      6493    
CTETRA  15259   1       3951    5474    3519    6486    
CTETRA  15260   1       655     656     654     5499    
CTETRA  15261   1       5970    5463    727     6494    
CTETRA  15262   1       1300    1278    2200    1276    
CTETRA  15263   1       1898    1897    2619    6491    
CTETRA  15264   1       3770    3436    5743    4876    
CTETRA  15265   1       3420    6025    4920    4169    
CTETRA  15266   1       992     993     3851    3853    
CTETRA  15267   1       3272    1868    3092    3260    
CTETRA  15268   1       5058    96      212     5388    
CTETRA  15269   1       727     5463    658     6494    
CTETRA  15270   1       2090    592     1424    2091    
CTETRA  15271   1       549     1073    548     2618    
CTETRA  15272   1       2668    4723    4720    4722    
CTETRA  15273   1       4262    3144    3714    1829    
CTETRA  15274   1       3895    768     3057    3061    
CTETRA  15275   1       5242    3569    5243    2798    
CTETRA  15276   1       548     200     547     854     
CTETRA  15277   1       1372    843     4120    2545    
CTETRA  15278   1       3894    2688    2209    2432    
CTETRA  15279   1       1410    1405    1406    2530    
CTETRA  15280   1       1006    1017    94      1005    
CTETRA  15281   1       2071    3238    2523    2070    
CTETRA  15282   1       318     2504    1327    5148    
CTETRA  15283   1       1928    4005    3377    1930    
CTETRA  15284   1       3540    2208    2562    2563    
CTETRA  15285   1       2850    2112    2585    2013    
CTETRA  15286   1       6020    5895    3223    5322    
CTETRA  15287   1       664     750     540     6485    
CTETRA  15288   1       2794    5871    674     3897    
CTETRA  15289   1       5352    1879    1877    6483    
CTETRA  15290   1       907     2853    2013    1772    
CTETRA  15291   1       3328    3722    632     2852    
CTETRA  15292   1       1290    3497    1197    1126    
CTETRA  15293   1       2530    1421    1677    3516    
CTETRA  15294   1       1483    1491    5766    6489    
CTETRA  15295   1       777     775     383     3012    
CTETRA  15296   1       6331    5401    5554    6489    
CTETRA  15297   1       3722    632     2852    907     
CTETRA  15298   1       1470    3204    3205    375     
CTETRA  15299   1       3277    1281    2058    2562    
CTETRA  15300   1       6289    2834    2995    6078    
CTETRA  15301   1       826     803     717     6487    
CTETRA  15302   1       4170    3756    198     887     
CTETRA  15303   1       819     2257    688     6487    
CTETRA  15304   1       5779    3562    1005    6493    
CTETRA  15305   1       1482    1481    1480    3788    
CTETRA  15306   1       336     6266    1413    6486    
CTETRA  15307   1       3722    3328    2093    2852    
CTETRA  15308   1       1408    636     1409    1857    
CTETRA  15309   1       3496    5879    3565    5571    
CTETRA  15310   1       4723    6179    2668    4720    
CTETRA  15311   1       803     3227    830     6487    
CTETRA  15312   1       1464    1463    1868    1870    
CTETRA  15313   1       2850    2585    1755    2851    
CTETRA  15314   1       4763    3878    2629    4764    
CTETRA  15315   1       5738    3740    2814    5477    
CTETRA  15316   1       4921    3155    4479    2285    
CTETRA  15317   1       1434    2094    2095    1432    
CTETRA  15318   1       1620    1136    1102    972     
CTETRA  15319   1       2392    697     672     2350    
CTETRA  15320   1       1939    2547    1941    2762    
CTETRA  15321   1       3914    4902    2152    5809    
CTETRA  15322   1       4175    799     1904    801     
CTETRA  15323   1       2058    3540    1298    4152    
CTETRA  15324   1       1391    1387    1386    3003    
CTETRA  15325   1       1453    1677    591     1452    
CTETRA  15326   1       61      1006    3562    6493    
CTETRA  15327   1       842     3436    1372    3165    
CTETRA  15328   1       6034    5405    6052    5052    
CTETRA  15329   1       1424    2446    654     6488    
CTETRA  15330   1       1038    4264    4265    1215    
CTETRA  15331   1       2213    2590    2690    2691    
CTETRA  15332   1       1907    1950    1909    6484    
CTETRA  15333   1       430     2132    432     594     
CTETRA  15334   1       1455    1444    2194    2193    
CTETRA  15335   1       1935    1934    1477    6484    
CTETRA  15336   1       1084    1038    6479    1215    
CTETRA  15337   1       2923    116     2411    6484    
CTETRA  15338   1       1845    419     1891    440     
CTETRA  15339   1       2203    1466    5354    1898    
CTETRA  15340   1       2090    1424    592     1423    
CTETRA  15341   1       5742    4818    3165    5743    
CTETRA  15342   1       2670    6343    6342    5485    
CTETRA  15343   1       665     541     753     6485    
CTETRA  15344   1       4261    3788    1480    2366    
CTETRA  15345   1       1870    593     592     1869    
CTETRA  15346   1       6298    5082    5083    5458    
CTETRA  15347   1       1777    3722    906     632     
CTETRA  15348   1       5458    5083    6298    2093    
CTETRA  15349   1       319     343     381     383     
CTETRA  15350   1       432     594     596     3027    
CTETRA  15351   1       639     1422    641     6485    
CTETRA  15352   1       1772    2118    2113    2030    
CTETRA  15353   1       5742    4168    4169    3770    
CTETRA  15354   1       6054    5396    1196    4265    
CTETRA  15355   1       1677    1876    1857    1453    
CTETRA  15356   1       2112    325     256     2113    
CTETRA  15357   1       5935    6041    6293    3075    
CTETRA  15358   1       1125    361     3461    747     
CTETRA  15359   1       2891    1003    547     6493    
CTETRA  15360   1       3570    2239    3714    1825    
CTETRA  15361   1       3722    555     670     2853    
CTETRA  15362   1       753     728     665     6485    
CTETRA  15363   1       2849    2039    3181    1670    
CTETRA  15364   1       1407    620     636     1305    
CTETRA  15365   1       2040    555     324     2014    
CTETRA  15366   1       2226    638     2443    1676    
CTETRA  15367   1       712     731     5976    6492    
CTETRA  15368   1       1405    1421    3516    3012    
CTETRA  15369   1       6025    3420    4270    4169    
CTETRA  15370   1       2077    4919    4169    6488    
CTETRA  15371   1       4818    5742    3770    5743    
CTETRA  15372   1       2832    2833    337     2834    
CTETRA  15373   1       6167    659     5886    6494    
CTETRA  15374   1       6342    2137    2939    2668    
CTETRA  15375   1       1842    2021    3238    2885    
CTETRA  15376   1       2216    2033    3376    1428    
CTETRA  15377   1       4161    1267    5566    3329    
CTETRA  15378   1       2523    2070    2631    2069    
CTETRA  15379   1       687     2269    3229    6487    
CTETRA  15380   1       2688    2631    2209    2069    
CTETRA  15381   1       152     549     547     548     
CTETRA  15382   1       2629    4763    3759    3757    
CTETRA  15383   1       886     857     262     885     
CTETRA  15384   1       3260    802     3189    4413    
CTETRA  15385   1       2898    1240    1262    2207    
CTETRA  15386   1       1244    2208    791     2207    
CTETRA  15387   1       5086    5322    6020    5420    
CTETRA  15388   1       5559    3205    374     3858    
CTETRA  15389   1       3752    3895    767     3056    
CTETRA  15390   1       1327    1328    1332    2200    
CTETRA  15391   1       503     3008    2983    2953    
CTETRA  15392   1       3051    2628    3050    6489    
CTETRA  15393   1       2857    1036    3346    3270    
CTETRA  15394   1       2138    2139    2392    2399    
CTETRA  15395   1       1387    1386    370     1391    
CTETRA  15396   1       671     3181    2040    2039    
CTETRA  15397   1       4270    2090    2445    1423    
CTETRA  15398   1       730     729     731     1308    
CTETRA  15399   1       6117    1502    6106    5803    
CTETRA  15400   1       256     1699    1698    2114    
CTETRA  15401   1       644     5214    1507    3646    
CTETRA  15402   1       3789    5756    5636    4575    
CTETRA  15403   1       1464    1463    410     2080    
CTETRA  15404   1       1913    3845    1917    6491    
CTETRA  15405   1       539     541     540     6485    
CTETRA  15406   1       5285    993     3853    3851    
CTETRA  15407   1       1481    1480    3788    1479    
CTETRA  15408   1       1921    1471    118     6484    
CTETRA  15409   1       623     2133    1980    2631    
CTETRA  15410   1       4903    1411    1390    5678    
CTETRA  15411   1       1305    1304    1874    1882    
CTETRA  15412   1       639     753     541     6485    
CTETRA  15413   1       2143    686     2144    2269    
CTETRA  15414   1       1857    1876    595     1453    
CTETRA  15415   1       3984    3188    2076    2077    
CTETRA  15416   1       410     1464    1459    1870    
CTETRA  15417   1       4775    3401    2735    6490    
CTETRA  15418   1       1256    2026    1345    1250    
CTETRA  15419   1       101     5456    5820    3886    
CTETRA  15420   1       2652    1837    2214    2942    
CTETRA  15421   1       2699    1425    1676    2091    
CTETRA  15422   1       2269    2143    687     3229    
CTETRA  15423   1       1083    891     4964    3679    
CTETRA  15424   1       1303    726     745     5183    
CTETRA  15425   1       2942    1842    3238    2589    
CTETRA  15426   1       3852    3347    6482    843     
CTETRA  15427   1       3144    4262    1827    1829    
CTETRA  15428   1       1505    1504    6276    3948    
CTETRA  15429   1       343     729     776     1306    
CTETRA  15430   1       631     255     630     629     
CTETRA  15431   1       630     256     325     2113    
CTETRA  15432   1       691     672     796     795     
CTETRA  15433   1       1675    3898    2699    1423    
CTETRA  15434   1       1311    317     380     1296    
CTETRA  15435   1       1295    1310    1309    2119    
CTETRA  15436   1       5631    1008    3358    1984    
CTETRA  15437   1       2227    2033    410     409     
CTETRA  15438   1       5463    3921    2697    6483    
CTETRA  15439   1       2017    4913    2016    4283    
CTETRA  15440   1       6289    338     5385    6486    
CTETRA  15441   1       5285    255     3853    1775    
CTETRA  15442   1       2007    5961    4912    4910    
CTETRA  15443   1       3502    4984    4983    4297    
CTETRA  15444   1       3281    6408    1562    3185    
CTETRA  15445   1       2101    1864    2020    1461    
CTETRA  15446   1       691     693     672     692     
CTETRA  15447   1       4588    2994    2834    4589    
CTETRA  15448   1       82      2354    2979    1589    
CTETRA  15449   1       5374    3569    463     1782    
CTETRA  15450   1       1307    731     1308    6492    
CTETRA  15451   1       343     383     317     1296    
CTETRA  15452   1       4269    4877    3155    4921    
CTETRA  15453   1       6210    6276    1485    6489    
CTETRA  15454   1       431     430     432     594     
CTETRA  15455   1       592     593     1870    1676    
CTETRA  15456   1       3083    2652    3082    2942    
CTETRA  15457   1       3677    2563    3540    2393    
CTETRA  15458   1       1372    843     842     4120    
CTETRA  15459   1       891     835     1083    2484    
CTETRA  15460   1       3036    501     3008    2984    
CTETRA  15461   1       3914    4904    4902    5478    
CTETRA  15462   1       82      2354    1524    2979    
CTETRA  15463   1       3266    4152    3798    3268    
CTETRA  15464   1       519     1006    61      6493    
CTETRA  15465   1       3110    6431    2022    3109    
CTETRA  15466   1       2544    2543    716     2257    
CTETRA  15467   1       6250    1312    4541    5757    
CTETRA  15468   1       794     5976    6462    6492    
CTETRA  15469   1       1296    777     383     1297    
CTETRA  15470   1       1311    343     317     1296    
CTETRA  15471   1       438     2368    2367    1435    
CTETRA  15472   1       4039    3188    3506    2284    
CTETRA  15473   1       331     1249    332     329     
CTETRA  15474   1       3922    3921    5463    6483    
CTETRA  15475   1       5995    1300    2137    4720    
CTETRA  15476   1       1449    5354    2717    5355    
CTETRA  15477   1       2090    2699    3898    1423    
CTETRA  15478   1       1984    5631    893     5910    
CTETRA  15479   1       2230    364     2231    2982    
CTETRA  15480   1       382     775     776     1304    
CTETRA  15481   1       1297    1296    1421    1295    
CTETRA  15482   1       992     3853    3851    3850    
CTETRA  15483   1       4267    3402    4114    3820    
CTETRA  15484   1       2017    6087    6126    2015    
CTETRA  15485   1       1443    523     2419    1687    
CTETRA  15486   1       1149    6329    5879    3496    
CTETRA  15487   1       801     2428    573     779     
CTETRA  15488   1       760     5970    727     6494    
CTETRA  15489   1       3057    3058    768     3056    
CTETRA  15490   1       1125    2364    361     1294    
CTETRA  15491   1       212     5059    5058    5388    
CTETRA  15492   1       1917    1447    1862    1846    
CTETRA  15493   1       2228    2103    1480    1870    
CTETRA  15494   1       2644    2070    2213    2209    
CTETRA  15495   1       2228    1426    2226    2227    
CTETRA  15496   1       3316    1590    263     1377    
CTETRA  15497   1       2071    3238    1842    2589    
CTETRA  15498   1       655     802     3260    2764    
CTETRA  15499   1       974     973     429     972     
CTETRA  15500   1       2285    2286    4039    2284    
CTETRA  15501   1       830     831     2189    817     
CTETRA  15502   1       4277    1440    1524    2979    
CTETRA  15503   1       4413    3189    2764    3785    
CTETRA  15504   1       4562    581     4809    5044    
CTETRA  15505   1       2007    4912    6290    4910    
CTETRA  15506   1       4720    5995    1300    1299    
CTETRA  15507   1       2236    2564    347     3666    
CTETRA  15508   1       2562    1281    2058    2546    
CTETRA  15509   1       831     803     804     817     
CTETRA  15510   1       1781    2006    1930    2008    
CTETRA  15511   1       5319    2918    5896    5321    
CTETRA  15512   1       816     2901    2268    811     
CTETRA  15513   1       2958    1390    1389    4244    
CTETRA  15514   1       1311    317     1318    1325    
CTETRA  15515   1       2140    2689    2523    2169    
CTETRA  15516   1       3012    1405    1421    1419    
CTETRA  15517   1       3898    2445    2090    1423    
CTETRA  15518   1       1278    1300    2134    1276    
CTETRA  15519   1       2419    2683    3981    2687    
CTETRA  15520   1       1434    2095    2343    3193    
CTETRA  15521   1       1439    823     1831    3752    
CTETRA  15522   1       1276    2794    2134    1277    
CTETRA  15523   1       315     641     1422    6485    
CTETRA  15524   1       1674    1839    1863    2197    
CTETRA  15525   1       256     255     2030    1772    
CTETRA  15526   1       2310    3058    3139    2691    
CTETRA  15527   1       3886    5456    1602    5455    
CTETRA  15528   1       5058    886     3223    6020    
CTETRA  15529   1       906     632     3722    907     
CTETRA  15530   1       256     255     254     2030    
CTETRA  15531   1       884     3174    2980    3711    
CTETRA  15532   1       816     815     2189    811     
CTETRA  15533   1       5487    3078    1316    3077    
CTETRA  15534   1       2590    2942    2589    2690    
CTETRA  15535   1       415     414     4984    4297    
CTETRA  15536   1       6266    336     1400    6486    
CTETRA  15537   1       1845    3846    1917    6491    
CTETRA  15538   1       1665    1671    1664    1698    
CTETRA  15539   1       854     200     547     1177    
CTETRA  15540   1       6373    4171    199     5679    
CTETRA  15541   1       3535    652     3793    3536    
CTETRA  15542   1       640     728     639     6485    
CTETRA  15543   1       796     674     672     693     
CTETRA  15544   1       4573    4574    3789    4575    
CTETRA  15545   1       776     729     343     382     
CTETRA  15546   1       3299    4720    4721    4722    
CTETRA  15547   1       630     2113    2013    1772    
CTETRA  15548   1       2095    2094    3234    3233    
CTETRA  15549   1       4005    3377    5784    1928    
CTETRA  15550   1       1385    1383    1436    1384    
CTETRA  15551   1       1317    3078    1316    1315    
CTETRA  15552   1       5458    6298    4561    2093    
CTETRA  15553   1       1707    2029    102     3681    
CTETRA  15554   1       6207    3984    4169    4921    
CTETRA  15555   1       1928    4676    4005    1929    
CTETRA  15556   1       1860    1316    3078    1315    
CTETRA  15557   1       1772    2118    256     2113    
CTETRA  15558   1       2984    503     2985    4144    
CTETRA  15559   1       5637    3789    5636    4575    
CTETRA  15560   1       1889    2652    2215    1841    
CTETRA  15561   1       1437    1382    1392    3269    
CTETRA  15562   1       4032    1699    1703    1996    
CTETRA  15563   1       3227    830     3228    2809    
CTETRA  15564   1       566     565     325     1693    
CTETRA  15565   1       4269    3188    3506    4039    
CTETRA  15566   1       4169    4168    4877    4921    
CTETRA  15567   1       1298    4152    3968    2058    
CTETRA  15568   1       1408    595     621     1857    
CTETRA  15569   1       3069    305     2922    3455    
CTETRA  15570   1       2093    3328    4561    5280    
CTETRA  15571   1       2561    3695    2560    647     
CTETRA  15572   1       696     811     815     816     
CTETRA  15573   1       1459    1464    1868    1870    
CTETRA  15574   1       1405    1320    1421    1419    
CTETRA  15575   1       3540    2058    1298    2546    
CTETRA  15576   1       101     5456    3886    5455    
CTETRA  15577   1       2163    2984    3762    4144    
CTETRA  15578   1       1676    1870    2228    1863    
CTETRA  15579   1       3057    768     3895    3056    
CTETRA  15580   1       343     381     729     1331    
CTETRA  15581   1       2546    1370    829     2393    
CTETRA  15582   1       2208    3277    3540    2562    
CTETRA  15583   1       5400    6276    6210    6489    
CTETRA  15584   1       2437    4085    1925    3184    
CTETRA  15585   1       632     3328    5826    1777    
CTETRA  15586   1       1089    684     731     685     
CTETRA  15587   1       548     152     549     2618    
CTETRA  15588   1       3172    260     6314    5203    
CTETRA  15589   1       151     1003    519     6493    
CTETRA  15590   1       2571    3012    777     1318    
CTETRA  15591   1       61      59      3562    1006    
CTETRA  15592   1       5779    6373    211     2641    
CTETRA  15593   1       2763    592     1870    2091    
CTETRA  15594   1       4270    1424    2090    1423    
CTETRA  15595   1       2189    831     830     2257    
CTETRA  15596   1       263     1590    3316    2847    
CTETRA  15597   1       4919    3420    4169    6488    
CTETRA  15598   1       3083    3082    1842    2942    
CTETRA  15599   1       3229    2881    826     6487    
CTETRA  15600   1       4269    3984    4877    4921    
CTETRA  15601   1       5741    3952    6266    6486    
CTETRA  15602   1       3532    3756    198     4170    
CTETRA  15603   1       4903    1411    5678    4904    
CTETRA  15604   1       264     363     2848    1395    
CTETRA  15605   1       2479    198     3756    887     
CTETRA  15606   1       3146    2432    2213    3139    
CTETRA  15607   1       5871    3898    2445    3897    
CTETRA  15608   1       3570    3571    2008    1930    
CTETRA  15609   1       364     3269    363     1437    
CTETRA  15610   1       2094    1434    2095    2343    
CTETRA  15611   1       895     893     5631    5910    
CTETRA  15612   1       2137    732     2392    1300    
CTETRA  15613   1       949     3722    4561    2093    
CTETRA  15614   1       3223    6020    5322    5420    
CTETRA  15615   1       767     1831    3752    1832    
CTETRA  15616   1       566     255     1693    630     
CTETRA  15617   1       5779    5679    197     1005    
CTETRA  15618   1       3193    1517    1522    1378    
CTETRA  15619   1       2592    3007    5450    2953    
CTETRA  15620   1       549     547     1003    1018    
CTETRA  15621   1       816     2189    2901    811     
CTETRA  15622   1       885     2479    3756    887     
CTETRA  15623   1       706     1372    3436    1261    
CTETRA  15624   1       2058    1298    3602    1299    
CTETRA  15625   1       3894    3895    2688    2432    
CTETRA  15626   1       3984    4920    6207    4169    
CTETRA  15627   1       4244    4245    6177    5478    
CTETRA  15628   1       2077    3785    2764    3506    
CTETRA  15629   1       666     736     749     2940    
CTETRA  15630   1       5911    2700    1515    1474    
CTETRA  15631   1       4152    3266    3798    4282    
CTETRA  15632   1       3898    5871    2794    3897    
CTETRA  15633   1       1986    705     3586    5450    
CTETRA  15634   1       1400    1413    336     6266    
CTETRA  15635   1       1703    1997    1996    2118    
CTETRA  15636   1       4767    261     5895    886     
CTETRA  15637   1       3125    1045    1275    3395    
CTETRA  15638   1       3976    1859    1860    1315    
CTETRA  15639   1       685     730     318     1091    
CTETRA  15640   1       2007    4912    5918    6290    
CTETRA  15641   1       3895    822     767     3061    
CTETRA  15642   1       1003    1002    519     6493    
CTETRA  15643   1       1279    2392    829     1277    
CTETRA  15644   1       2200    1276    2795    5808    
CTETRA  15645   1       6289    337     336     2834    
CTETRA  15646   1       2550    2814    3740    5477    
CTETRA  15647   1       6074    5448    6198    1928    
CTETRA  15648   1       2344    3229    830     3227    
CTETRA  15649   1       5354    1898    1467    1449    
CTETRA  15650   1       1878    3921    3922    6483    
CTETRA  15651   1       1419    777     3012    1318    
CTETRA  15652   1       1005    3689    1002    1017    
CTETRA  15653   1       656     1424    654     6488    
CTETRA  15654   1       891     890     196     1217    
CTETRA  15655   1       2058    3277    2562    3540    
CTETRA  15656   1       1504    2629    3878    4764    
CTETRA  15657   1       3110    3108    6277    3109    
CTETRA  15658   1       1898    5354    2717    1449    
CTETRA  15659   1       3278    1288    360     1363    
CTETRA  15660   1       1870    1463    2763    2091    
CTETRA  15661   1       1480    2379    1676    1863    
CTETRA  15662   1       2670    2671    2669    2939    
CTETRA  15663   1       3895    767     823     3752    
CTETRA  15664   1       2287    2068    369     1353    
CTETRA  15665   1       4920    3984    2077    4169    
CTETRA  15666   1       3050    3690    5569    6489    
CTETRA  15667   1       3565    4991    5879    3975    
CTETRA  15668   1       5756    5711    5636    4575    
CTETRA  15669   1       2080    807     808     2032    
CTETRA  15670   1       2013    908     907     1772    
CTETRA  15671   1       2101    2195    1863    2197    
CTETRA  15672   1       5423    1412    1413    1411    
CTETRA  15673   1       5082    4809    5044    5458    
CTETRA  15674   1       644     645     4984    6138    
CTETRA  15675   1       490     491     543     542     
CTETRA  15676   1       2366    438     638     2439    
CTETRA  15677   1       2650    3057    3451    3060    
CTETRA  15678   1       3894    2209    2688    1982    
CTETRA  15679   1       548     200     201     202     
CTETRA  15680   1       1260    1242    1243    3512    
CTETRA  15681   1       2688    1980    1982    2209    
CTETRA  15682   1       1836    1832    2309    1833    
CTETRA  15683   1       2601    1828    3090    2602    
CTETRA  15684   1       5976    731     1307    6492    
CTETRA  15685   1       2228    2226    1426    1676    
CTETRA  15686   1       1483    5766    5399    6489    
CTETRA  15687   1       4171    6373    5059    5058    
CTETRA  15688   1       1217    1004    196     3679    
CTETRA  15689   1       1039    2674    2899    1041    
CTETRA  15690   1       2259    5631    893     1984    
CTETRA  15691   1       5455    295     101     6209    
CTETRA  15692   1       308     1422    642     6485    
CTETRA  15693   1       2137    5995    4720    2668    
CTETRA  15694   1       84      523     3887    1443    
CTETRA  15695   1       630     256     2113    1772    
CTETRA  15696   1       6021    5389    5087    5420    
CTETRA  15697   1       3012    1405    1419    1318    
CTETRA  15698   1       802     800     1464    3092    
CTETRA  15699   1       762     3618    4144    502     
CTETRA  15700   1       3036    3677    3008    6482    
CTETRA  15701   1       2808    803     3227    2809    
CTETRA  15702   1       3540    3968    3277    3798    
CTETRA  15703   1       436     1435    2226    638     
CTETRA  15704   1       3648    842     704     3599    
CTETRA  15705   1       692     736     668     666     
CTETRA  15706   1       5742    4920    6025    4169    
CTETRA  15707   1       2568    893     5631    895     
CTETRA  15708   1       712     684     731     6492    
CTETRA  15709   1       1877    1878    3922    1879    
CTETRA  15710   1       684     2011    731     6492    
CTETRA  15711   1       1410    1405    2530    636     
CTETRA  15712   1       1480    638     2226    1676    
CTETRA  15713   1       2699    3319    3898    1675    
CTETRA  15714   1       1370    829     1279    2546    
CTETRA  15715   1       3516    1405    3012    2571    
CTETRA  15716   1       1316    1880    5970    1877    
CTETRA  15717   1       1392    364     1437    3269    
CTETRA  15718   1       2294    1991    2292    1990    
CTETRA  15719   1       255     630     629     1772    
CTETRA  15720   1       3455    3269    1394    2990    
CTETRA  15721   1       6314    858     3172    5203    
CTETRA  15722   1       2087    2088    2979    1589    
CTETRA  15723   1       5044    4809    4562    5458    
CTETRA  15724   1       1017    94      1005    3689    
CTETRA  15725   1       3272    1868    2356    3092    
CTETRA  15726   1       1386    305     370     1391    
CTETRA  15727   1       885     3223    2479    887     
CTETRA  15728   1       6198    6074    1928    1930    
CTETRA  15729   1       2697    6483    3921    6490    
CTETRA  15730   1       3690    3050    1506    6489    
CTETRA  15731   1       5949    5133    223     5561    
CTETRA  15732   1       1269    1348    3213    2991    
CTETRA  15733   1       1373    2088    2847    1589    
CTETRA  15734   1       1309    693     2134    1310    
CTETRA  15735   1       94      96      95      212     
CTETRA  15736   1       5961    2007    4912    5523    
CTETRA  15737   1       659     5887    5886    6494    
CTETRA  15738   1       1424    656     655     2764    
CTETRA  15739   1       2066    2065    2246    2024    
CTETRA  15740   1       6320    2006    5043    3571    
CTETRA  15741   1       555     323     324     2014    
CTETRA  15742   1       6289    336     338     6486    
CTETRA  15743   1       2235    655     802     2564    
CTETRA  15744   1       1391    1386    305     3003    
CTETRA  15745   1       361     1125    1294    747     
CTETRA  15746   1       5405    1875    2824    6326    
CTETRA  15747   1       3052    1490    1483    6489    
CTETRA  15748   1       854     547     482     1177    
CTETRA  15749   1       1889    2652    6201    2215    
CTETRA  15750   1       3895    3894    1844    3061    
CTETRA  15751   1       3450    2398    3933    4036    
CTETRA  15752   1       2276    6384    59      5388    
CTETRA  15753   1       3682    295     293     3043    
CTETRA  15754   1       1383    364     363     1437    
CTETRA  15755   1       1392    364     3796    3639    
CTETRA  15756   1       4182    3585    900     4181    
CTETRA  15757   1       667     668     714     795     
CTETRA  15758   1       727     658     5463    2697    
CTETRA  15759   1       4152    3968    2058    3540    
CTETRA  15760   1       263     1590    2847    1589    
CTETRA  15761   1       776     729     382     1304    
CTETRA  15762   1       4005    3377    1930    1780    
CTETRA  15763   1       295     101     3682    2687    
CTETRA  15764   1       3976    1860    3078    1315    
CTETRA  15765   1       1458    1464    1868    1459    
CTETRA  15766   1       2772    2213    2071    2589    
CTETRA  15767   1       1875    2824    3976    5405    
CTETRA  15768   1       3228    2344    2268    3227    
CTETRA  15769   1       383     319     343     317     
CTETRA  15770   1       635     1692    1690    1691    
CTETRA  15771   1       3341    1084    4264    1037    
CTETRA  15772   1       3213    3968    4720    1268    
CTETRA  15773   1       2764    655     1424    2763    
CTETRA  15774   1       5886    5887    659     6167    
CTETRA  15775   1       763     724     726     5183    
CTETRA  15776   1       1437    264     1382    3269    
CTETRA  15777   1       1388    3473    1352    1393    
CTETRA  15778   1       5123    4562    581     2797    
CTETRA  15779   1       3502    5923    407     4983    
CTETRA  15780   1       3358    5631    1984    2491    
CTETRA  15781   1       6320    6074    6224    6015    
CTETRA  15782   1       2589    2213    2590    2690    
CTETRA  15783   1       2797    4005    581     1929    
CTETRA  15784   1       3888    1440    84      1443    
CTETRA  15785   1       4040    2550    4041    5477    
CTETRA  15786   1       830     3227    3229    6487    
CTETRA  15787   1       3187    1828    2284    3190    
CTETRA  15788   1       4720    5995    1299    3213    
CTETRA  15789   1       1864    2102    2101    2020    
CTETRA  15790   1       634     2429    571     2868    
CTETRA  15791   1       5474    3952    5741    6486    
CTETRA  15792   1       2202    1473    1472    1898    
CTETRA  15793   1       3277    2058    3968    3540    
CTETRA  15794   1       4169    3506    2077    6488    
CTETRA  15795   1       383     343     777     1296    
CTETRA  15796   1       2797    5123    5242    3569    
CTETRA  15797   1       3057    3894    3895    3060    
CTETRA  15798   1       1892    1489    1913    6491    
CTETRA  15799   1       692     693     672     732     
CTETRA  15800   1       2007    5961    4910    3143    
CTETRA  15801   1       3722    2853    908     907     
CTETRA  15802   1       541     642     639     6485    
CTETRA  15803   1       2735    1313    4775    6490    
CTETRA  15804   1       2269    2268    2143    2344    
CTETRA  15805   1       655     2763    1868    1463    
CTETRA  15806   1       2697    3921    3951    6490    
CTETRA  15807   1       724     659     763     725     
CTETRA  15808   1       1984    893     3585    5910    
CTETRA  15809   1       549     1003    1204    1018    
CTETRA  15810   1       2032    410     1460    1459    
CTETRA  15811   1       2558    428     1620    1078    
CTETRA  15812   1       3299    4036    3267    4152    
CTETRA  15813   1       647     463     461     3695    
CTETRA  15814   1       2439    438     638     1435    
CTETRA  15815   1       198     2479    3223    887     
CTETRA  15816   1       609     761     2491    2592    
CTETRA  15817   1       1360    1355    1361    1286    
CTETRA  15818   1       810     2143    2268    2344    
CTETRA  15819   1       1333    1334    4020    1335    
CTETRA  15820   1       2799    2796    5243    2798    
CTETRA  15821   1       4818    4270    6025    3164    
CTETRA  15822   1       5895    3223    4767    886     
CTETRA  15823   1       4175    1904    3260    801     
CTETRA  15824   1       3152    3156    4057    6245    
CTETRA  15825   1       823     822     767     3895    
CTETRA  15826   1       541     539     642     6485    
CTETRA  15827   1       1902    4267    3402    4114    
CTETRA  15828   1       768     767     3895    3056    
CTETRA  15829   1       817     816     830     2809    
CTETRA  15830   1       2688    3895    3894    1844    
CTETRA  15831   1       2197    431     430     1866    
CTETRA  15832   1       1836    1832    1834    2309    
CTETRA  15833   1       5909    1984    5631    2491    
CTETRA  15834   1       1798    1797    1796    2849    
CTETRA  15835   1       636     1407    1305    2571    
CTETRA  15836   1       1311    777     343     1296    
CTETRA  15837   1       5742    3770    5743    4876    
CTETRA  15838   1       2566    894     893     2259    
CTETRA  15839   1       4189    1072    4190    1221    
CTETRA  15840   1       885     886     3223    887     
CTETRA  15841   1       1390    1411    1413    5678    
CTETRA  15842   1       5475    5474    4589    6486    
CTETRA  15843   1       2040    670     2014    2851    
CTETRA  15844   1       2942    2652    2215    2214    
CTETRA  15845   1       2810    1454    2938    4024    
CTETRA  15846   1       1997    4032    1703    1996    
CTETRA  15847   1       753     639     728     6485    
CTETRA  15848   1       3968    4720    1298    1299    
CTETRA  15849   1       3229    2269    2143    2344    
CTETRA  15850   1       3497    3496    1197    1126    
CTETRA  15851   1       221     5949    6367    5948    
CTETRA  15852   1       1358    1359    1285    1253    
CTETRA  15853   1       2032    410     2033    409     
CTETRA  15854   1       2086    1517    3193    1378    
CTETRA  15855   1       714     713     668     667     
CTETRA  15856   1       655     654     1424    1463    
CTETRA  15857   1       2631    2140    2523    2169    
CTETRA  15858   1       2592    2336    5450    705     
CTETRA  15859   1       521     84      523     3887    
CTETRA  15860   1       3075    6293    5935    3074    
CTETRA  15861   1       1053    2347    2349    2412    
CTETRA  15862   1       1901    571     4236    2869    
CTETRA  15863   1       2050    304     1387    1386    
CTETRA  15864   1       2213    2651    3139    2691    
CTETRA  15865   1       659     1302    745     3410    
CTETRA  15866   1       1480    2379    638     1676    
CTETRA  15867   1       3599    704     1986    3179    
CTETRA  15868   1       1939    1941    1868    2763    
CTETRA  15869   1       3770    5742    4877    4876    
CTETRA  15870   1       1483    1490    1491    6489    
CTETRA  15871   1       3052    3051    3050    6489    
CTETRA  15872   1       2266    3091    1494    1457    
CTETRA  15873   1       3455    305     3003    3069    
CTETRA  15874   1       5895    4767    3223    5322    
CTETRA  15875   1       4238    4239    6404    5659    
CTETRA  15876   1       2431    372     373     3750    
CTETRA  15877   1       1481    1480    1479    2228    
CTETRA  15878   1       482     480     1177    1085    
CTETRA  15879   1       2368    438     2439    1435    
CTETRA  15880   1       305     1391    3003    3069    
CTETRA  15881   1       2202    1473    2701    2201    
CTETRA  15882   1       1392    1393    1382    1437    
CTETRA  15883   1       3502    407     3503    4297    
CTETRA  15884   1       4920    5742    6207    4169    
CTETRA  15885   1       2030    255     254     5285    
CTETRA  15886   1       1396    366     28      2863    
CTETRA  15887   1       4152    3968    3540    3798    
CTETRA  15888   1       6251    5880    5881    6175    
CTETRA  15889   1       3722    3328    4561    2093    
CTETRA  15890   1       609     2592    2586    761     
CTETRA  15891   1       1870    1480    2228    1863    
CTETRA  15892   1       1870    410     1463    2091    
CTETRA  15893   1       1898    1466    5354    1467    
CTETRA  15894   1       592     593     1676    1674    
CTETRA  15895   1       1127    1126    1290    1198    
CTETRA  15896   1       343     317     1318    1311    
CTETRA  15897   1       685     318     1327    1091    
CTETRA  15898   1       2217    2772    2213    2218    
CTETRA  15899   1       3175    3608    3174    5075    
CTETRA  15900   1       1423    3898    2445    5871    
CTETRA  15901   1       2347    3463    2412    1053    
CTETRA  15902   1       6289    5385    2995    6486    
CTETRA  15903   1       348     347     2565    1457    
CTETRA  15904   1       2590    2943    2308    2309    
CTETRA  15905   1       317     379     380     2119    
CTETRA  15906   1       5319    5321    5896    5895    
CTETRA  15907   1       1891    1845    1911    1892    
CTETRA  15908   1       3074    5935    413     5427    
CTETRA  15909   1       2014    2850    2040    2851    
CTETRA  15910   1       3050    1490    3052    6489    
CTETRA  15911   1       6015    6198    3377    1930    
CTETRA  15912   1       5063    1901    4236    3819    
CTETRA  15913   1       1365    1253    1359    1358    
CTETRA  15914   1       1003    2891    1002    6493    
CTETRA  15915   1       2853    632     630     907     
CTETRA  15916   1       403     1494    1457    1969    
CTETRA  15917   1       5044    4562    581     5123    
CTETRA  15918   1       3060    3895    3057    3061    
CTETRA  15919   1       2419    521     523     3887    
CTETRA  15920   1       2763    1939    2764    1868    
CTETRA  15921   1       4990    4265    6054    6053    
CTETRA  15922   1       2040    2849    2850    2014    
CTETRA  15923   1       2436    1939    3747    2434    
CTETRA  15924   1       2764    3260    2433    4413    
CTETRA  15925   1       1931    2649    1942    1933    
CTETRA  15926   1       2077    3785    3188    2076    
CTETRA  15927   1       4993    1371    2445    3164    
CTETRA  15928   1       2504    1276    1327    5808    
CTETRA  15929   1       5741    4589    5474    6486    
CTETRA  15930   1       804     803     2809    817     
CTETRA  15931   1       2215    1841    2652    2942    
CTETRA  15932   1       6298    5083    949     2093    
CTETRA  15933   1       94      96      212     5419    
CTETRA  15934   1       3602    2058    1281    2546    
CTETRA  15935   1       891     2484    1083    4964    
CTETRA  15936   1       1410    1405    636     1406    
CTETRA  15937   1       2736    1313    2735    6490    
CTETRA  15938   1       2065    1356    2026    1353    
CTETRA  15939   1       199     6373    5779    2641    
CTETRA  15940   1       2550    4040    4041    4160    
CTETRA  15941   1       2705    4030    4028    4029    
CTETRA  15942   1       1456    1492    2581    371     
CTETRA  15943   1       4818    6025    5742    3165    
CTETRA  15944   1       1676    593     1870    1863    
CTETRA  15945   1       2824    476     3976    5405    
CTETRA  15946   1       2558    1620    3209    1157    
CTETRA  15947   1       1602    3109    5456    3886    
CTETRA  15948   1       890     481     482     1217    
CTETRA  15949   1       5487    3078    3077    3079    
CTETRA  15950   1       343     777     775     382     
CTETRA  15951   1       1485    1483    5399    6489    
CTETRA  15952   1       4562    6298    4561    5458    
CTETRA  15953   1       1036    1037    2857    3346    
CTETRA  15954   1       1376    3316    263     1377    
CTETRA  15955   1       2197    1865    431     1866    
CTETRA  15956   1       1005    94      197     3689    
CTETRA  15957   1       2544    819     717     831     
CTETRA  15958   1       1676    2228    1480    1863    
CTETRA  15959   1       1293    496     453     1292    
CTETRA  15960   1       949     4561    6298    2093    
CTETRA  15961   1       2560    3695    463     647     
CTETRA  15962   1       693     691     684     666     
CTETRA  15963   1       2226    2443    1438    1425    
CTETRA  15964   1       2233    4413    802     2235    
CTETRA  15965   1       2932    2582    3593    2342    
CTETRA  15966   1       367     369     368     2862    
CTETRA  15967   1       501     503     2984    4144    
CTETRA  15968   1       6188    3586    1984    5909    
CTETRA  15969   1       4245    4246    2152    5809    
CTETRA  15970   1       1480    2195    2379    1863    
CTETRA  15971   1       5285    254     1707    3851    
CTETRA  15972   1       4993    2445    4270    3164    
CTETRA  15973   1       1348    1265    1269    3213    
CTETRA  15974   1       519     1002    1001    1006    
CTETRA  15975   1       410     2091    1425    408     
CTETRA  15976   1       2797    5123    4562    5242    
CTETRA  15977   1       1983    716     2543    2257    
CTETRA  15978   1       2296    2297    2448    2530    
CTETRA  15979   1       3319    2530    3472    1421    
CTETRA  15980   1       1320    1421    1419    1296    
CTETRA  15981   1       1875    1317    2824    6326    
CTETRA  15982   1       3213    3968    3214    1299    
CTETRA  15983   1       2213    2772    2071    2885    
CTETRA  15984   1       6038    3770    4944    3830    
CTETRA  15985   1       336     1321    1322    337     
CTETRA  15986   1       1317    3976    3078    1315    
CTETRA  15987   1       4152    3299    4036    1298    
CTETRA  15988   1       4927    2492    6111    5916    
CTETRA  15989   1       2398    4036    1298    2393    
CTETRA  15990   1       5895    5319    5321    5322    
CTETRA  15991   1       6384    5059    212     5388    
CTETRA  15992   1       2343    362     3193    1384    
CTETRA  15993   1       2114    2113    256     2118    
CTETRA  15994   1       2717    3845    3980    6491    
CTETRA  15995   1       1388    1387    3003    1386    
CTETRA  15996   1       619     595     621     1408    
CTETRA  15997   1       1453    813     621     814     
CTETRA  15998   1       1138    1139    1136    1137    
CTETRA  15999   1       1863    1869    2102    1864    
CTETRA  16000   1       1514    5020    1513    6452    
CTETRA  16001   1       1825    3570    2239    1826    
CTETRA  16002   1       3793    3933    3677    651     
CTETRA  16003   1       3188    3785    2077    3506    
CTETRA  16004   1       199     3532    196     198     
CTETRA  16005   1       3648    4876    6038    3830    
CTETRA  16006   1       3830    3828    6038    3829    
CTETRA  16007   1       1261    3392    3436    706     
CTETRA  16008   1       883     698     681     882     
CTETRA  16009   1       2918    5896    5321    4767    
CTETRA  16010   1       5058    886     887     3223    
CTETRA  16011   1       1253    2246    2065    2024    
CTETRA  16012   1       3501    491     489     1138    
CTETRA  16013   1       3223    94      198     5679    
CTETRA  16014   1       1008    5631    2259    1984    
CTETRA  16015   1       3474    1050    3404    1052    
CTETRA  16016   1       4413    2082    2234    2233    
CTETRA  16017   1       305     1388    1393    1382    
CTETRA  16018   1       2943    2690    2590    2308    
CTETRA  16019   1       101     295     3682    3043    
CTETRA  16020   1       2151    6368    2153    2152    
CTETRA  16021   1       749     736     667     2940    
CTETRA  16022   1       5995    1328    1299    3213    
CTETRA  16023   1       1083    2484    3605    4964    
CTETRA  16024   1       6052    5874    6350    5052    
CTETRA  16025   1       2052    362     2343    1384    
CTETRA  16026   1       2058    2562    2546    3540    
CTETRA  16027   1       716     1983    818     2257    
CTETRA  16028   1       5448    5784    3377    1928    
CTETRA  16029   1       263     363     264     1378    
CTETRA  16030   1       1983    2258    686     2257    
CTETRA  16031   1       2013    2584    908     1772    
CTETRA  16032   1       2682    2143    2144    2269    
CTETRA  16033   1       2006    1781    1930    3377    
CTETRA  16034   1       801     2428    779     799     
CTETRA  16035   1       1874    620     1305    1882    
CTETRA  16036   1       2631    1439    2140    2169    
CTETRA  16037   1       658     659     724     6494    
CTETRA  16038   1       5800    5801    5992    5802    
CTETRA  16039   1       1306    343     729     1331    
CTETRA  16040   1       830     2257    831     6487    
CTETRA  16041   1       3090    3695    462     463     
CTETRA  16042   1       1425    1870    1676    2091    
CTETRA  16043   1       362     3193    1384    1378    
CTETRA  16044   1       1331    317     318     1324    
CTETRA  16045   1       3897    1371    2445    4993    
CTETRA  16046   1       884     3174    3175    2980    
CTETRA  16047   1       4723    5566    3968    4721    
CTETRA  16048   1       894     893     2568    895     
CTETRA  16049   1       817     804     696     2809    
CTETRA  16050   1       3770    4169    5742    4818    
CTETRA  16051   1       1358    1361    1285    1286    
CTETRA  16052   1       6384    212     59      5388    
CTETRA  16053   1       4588    1322    2833    2834    
CTETRA  16054   1       6261    5123    581     1929    
CTETRA  16055   1       102     2029    3043    3682    
CTETRA  16056   1       1480    2226    2228    1676    
CTETRA  16057   1       4036    4152    1298    3540    
CTETRA  16058   1       5800    5298    5299    5297    
CTETRA  16059   1       658     724     727     6494    
CTETRA  16060   1       2103    1480    1863    2101    
CTETRA  16061   1       2217    2772    2690    2213    
CTETRA  16062   1       5554    4988    5401    2709    
CTETRA  16063   1       1311    1419    777     1296    
CTETRA  16064   1       2772    2217    1841    2218    
CTETRA  16065   1       1355    1285    1361    1286    
CTETRA  16066   1       6176    2153    6352    2151    
CTETRA  16067   1       4153    6038    3828    3829    
CTETRA  16068   1       2688    622     1439    3752    
CTETRA  16069   1       4168    3155    4921    2285    
CTETRA  16070   1       3157    4040    2286    3153    
CTETRA  16071   1       1253    1356    1358    2024    
CTETRA  16072   1       555     554     553     2542    
CTETRA  16073   1       1394    1382    3269    3455    
CTETRA  16074   1       3852    2545    3347    843     
CTETRA  16075   1       1085    3549    6479    1084    
CTETRA  16076   1       778     779     799     780     
CTETRA  16077   1       2810    1901    3402    3819    
CTETRA  16078   1       2848    263     264     1395    
CTETRA  16079   1       642     1422    639     6485    
CTETRA  16080   1       2103    1480    1870    1863    
CTETRA  16081   1       1388    1387    1386    2050    
CTETRA  16082   1       3175    2980    5022    884     
CTETRA  16083   1       2336    503     3345    2592    
CTETRA  16084   1       202     4189    1162    1221    
CTETRA  16085   1       819     716     818     2257    
CTETRA  16086   1       2834    2833    4588    4589    
CTETRA  16087   1       2077    3506    2764    6488    
CTETRA  16088   1       5229    1917    3845    6491    
CTETRA  16089   1       1424    2763    1463    2091    
CTETRA  16090   1       2585    671     1755    2851    
CTETRA  16091   1       883     3561    3179    3862    
CTETRA  16092   1       2134    1310    2794    2119    
CTETRA  16093   1       2443    1435    638     2226    
CTETRA  16094   1       2215    1889    1841    2942    
CTETRA  16095   1       2058    3968    1298    1299    
CTETRA  16096   1       992     5276    3853    3850    
CTETRA  16097   1       3153    2286    3157    3152    
CTETRA  16098   1       2964    2708    3740    2706    
CTETRA  16099   1       261     260     4767    2918    
CTETRA  16100   1       3472    1320    3319    1421    
CTETRA  16101   1       4912    5696    5961    5523    
CTETRA  16102   1       363     3269    264     1437    
CTETRA  16103   1       1328    1300    5995    1299    
CTETRA  16104   1       830     2268    3228    816     
CTETRA  16105   1       4676    6261    581     1929    
CTETRA  16106   1       767     1831    823     3752    
CTETRA  16107   1       2550    3740    2705    5477    
CTETRA  16108   1       4904    4902    2151    3914    
CTETRA  16109   1       5910    5632    5848    5909    
CTETRA  16110   1       840     841     1008    3358    
CTETRA  16111   1       4269    3984    4921    3506    
CTETRA  16112   1       325     323     630     2013    
CTETRA  16113   1       1620    1078    972     1157    
CTETRA  16114   1       2102    2101    1863    1864    
CTETRA  16115   1       4226    1217    1004    2891    
CTETRA  16116   1       4264    4265    1036    1038    
CTETRA  16117   1       567     324     565     2988    
CTETRA  16118   1       4244    5809    4245    5478    
CTETRA  16119   1       4282    3540    2208    3798    
CTETRA  16120   1       4767    5203    2917    3172    
CTETRA  16121   1       3376    2216    1428    1427    
CTETRA  16122   1       3345    2586    2592    761     
CTETRA  16123   1       3976    1317    2824    1875    
CTETRA  16124   1       6249    4903    1339    1411    
CTETRA  16125   1       5203    3172    260     2917    
CTETRA  16126   1       3189    2764    2433    4413    
CTETRA  16127   1       3984    2077    4169    3506    
CTETRA  16128   1       3540    2562    2546    2393    
CTETRA  16129   1       1946    6052    5874    6350    
CTETRA  16130   1       3875    1502    6106    6117    
CTETRA  16131   1       1072    202     1073    1221    
CTETRA  16132   1       1506    3050    2628    6489    
CTETRA  16133   1       5123    5044    4562    5458    
CTETRA  16134   1       593     1676    1674    1863    
CTETRA  16135   1       736     667     668     666     
CTETRA  16136   1       1255    1344    3271    2987    
CTETRA  16137   1       1353    2287    2065    1288    
CTETRA  16138   1       348     2565    1494    1457    
CTETRA  16139   1       4032    515     2121    6408    
CTETRA  16140   1       1335    3831    4018    1333    
CTETRA  16141   1       1276    2119    3412    2503    
CTETRA  16142   1       697     2399    2138    2137    
CTETRA  16143   1       1980    623     2631    1858    
CTETRA  16144   1       761     5909    2491    2592    
CTETRA  16145   1       715     804     815     2544    
CTETRA  16146   1       260     2332    6314    5203    
CTETRA  16147   1       3851    1708    992     3850    
CTETRA  16148   1       972     1626    1620    1157    
CTETRA  16149   1       3595    780     372     2431    
CTETRA  16150   1       196     891     1217    3679    
CTETRA  16151   1       1306    1318    343     1331    
CTETRA  16152   1       3565    3496    5571    1126    
CTETRA  16153   1       3164    3420    2445    4270    
CTETRA  16154   1       196     888     2299    891     
CTETRA  16155   1       2592    3345    2336    705     
CTETRA  16156   1       1405    3012    2571    1318    
CTETRA  16157   1       2445    4270    5871    4993    
CTETRA  16158   1       2284    2286    4039    2815    
CTETRA  16159   1       717     831     819     6487    
CTETRA  16160   1       2763    1424    592     2091    
CTETRA  16161   1       2119    2794    2134    1276    
CTETRA  16162   1       1358    1285    1356    1253    
CTETRA  16163   1       2075    3785    2077    2076    
CTETRA  16164   1       637     2034    2439    638     
CTETRA  16165   1       729     381     343     382     
CTETRA  16166   1       5281    5025    4931    3184    
CTETRA  16167   1       746     748     1125    3458    
CTETRA  16168   1       2795    2504    469     5808    
CTETRA  16169   1       3569    1929    1930    1780    
CTETRA  16170   1       5895    5897    5319    5322    
CTETRA  16171   1       5779    211     5679    1005    
CTETRA  16172   1       1504    6276    3948    4554    
CTETRA  16173   1       1299    3968    3214    2058    
CTETRA  16174   1       5399    1483    1485    5766    
CTETRA  16175   1       5043    6290    6320    5479    
CTETRA  16176   1       2943    1833    1837    1836    
CTETRA  16177   1       1376    263     3316    1357    
CTETRA  16178   1       802     801     3260    3189    
CTETRA  16179   1       2874    572     571     2237    
CTETRA  16180   1       1267    1184    1186    2678    
CTETRA  16181   1       779     778     799     2428    
CTETRA  16182   1       4189    6110    1163    1162    
CTETRA  16183   1       1242    1260    3125    1275    
CTETRA  16184   1       2392    2398    2399    2139    
CTETRA  16185   1       3549    1085    6479    481     
CTETRA  16186   1       3679    1217    1004    4226    
CTETRA  16187   1       6408    515     2121    1562    
CTETRA  16188   1       3050    5569    1490    6489    
CTETRA  16189   1       4160    2550    4040    2286    
CTETRA  16190   1       3984    3188    2077    3506    
CTETRA  16191   1       813     621     595     1453    
CTETRA  16192   1       3179    2336    3561    883     
CTETRA  16193   1       2437    5025    4085    3184    
CTETRA  16194   1       1980    2524    2209    2631    
CTETRA  16195   1       1423    2445    4270    5871    
CTETRA  16196   1       5022    884     262     856     
CTETRA  16197   1       2353    3788    1429    1481    
CTETRA  16198   1       4921    3984    4169    3506    
CTETRA  16199   1       5059    6384    2276    5388    
CTETRA  16200   1       3521    2994    2995    6486    
CTETRA  16201   1       2064    1251    1345    2024    
CTETRA  16202   1       196     199     197     2299    
CTETRA  16203   1       61      92      151     6493    
CTETRA  16204   1       3830    6038    3648    3829    
CTETRA  16205   1       6245    3152    3156    3155    
CTETRA  16206   1       2848    363     263     2088    
CTETRA  16207   1       3968    2678    3277    3329    
CTETRA  16208   1       2799    5243    2796    1777    
CTETRA  16209   1       2017    5814    4283    2015    
CTETRA  16210   1       1864    2101    1863    1461    
CTETRA  16211   1       3535    821     662     3536    
CTETRA  16212   1       3189    801     573     779     
CTETRA  16213   1       670     3722    2853    908     
CTETRA  16214   1       1331    1318    317     1325    
CTETRA  16215   1       1408    1407    1874    620     
CTETRA  16216   1       3347    1261    2545    3852    
CTETRA  16217   1       656     4413    2082    2234    
CTETRA  16218   1       2393    1370    829     4120    
CTETRA  16219   1       2592    2336    2953    5450    
CTETRA  16220   1       5396    1196    4265    5172    
CTETRA  16221   1       2568    894     2566    2259    
CTETRA  16222   1       5566    4161    3329    3798    
CTETRA  16223   1       4169    4270    6025    4818    
CTETRA  16224   1       5909    3586    1984    2491    
CTETRA  16225   1       1406    1405    3472    2530    
CTETRA  16226   1       2399    697     2392    2137    
CTETRA  16227   1       607     705     2592    3586    
CTETRA  16228   1       480     482     481     1085    
CTETRA  16229   1       361     747     1245    3461    
CTETRA  16230   1       3682    3043    5445    2029    
CTETRA  16231   1       3968    3213    4720    1299    
CTETRA  16232   1       4676    581     4005    1929    
CTETRA  16233   1       1298    2392    2398    2393    
CTETRA  16234   1       1620    1102    1626    972     
CTETRA  16235   1       3734    6293    3735    3075    
CTETRA  16236   1       1479    3788    1429    439     
CTETRA  16237   1       3078    1316    3077    3079    
CTETRA  16238   1       2077    656     2082    4550    
CTETRA  16239   1       2433    3260    1904    3189    
CTETRA  16240   1       2772    2213    2589    2690    
CTETRA  16241   1       1320    1421    1296    2120    
CTETRA  16242   1       2725    6117    405     4523    
CTETRA  16243   1       3175    262     6314    856     
CTETRA  16244   1       503     3007    2592    2953    
CTETRA  16245   1       1089    684     2011    731     
CTETRA  16246   1       3981    102     2687    2683    
CTETRA  16247   1       4720    6179    1265    1268    
CTETRA  16248   1       3272    1868    3260    2547    
CTETRA  16249   1       3188    3984    4269    3506    
CTETRA  16250   1       1494    3091    348     1457    
CTETRA  16251   1       1485    5399    6210    6489    
CTETRA  16252   1       463     462     3090    1826    
CTETRA  16253   1       1247    1285    1363    1355    
CTETRA  16254   1       2849    2040    324     2014    
CTETRA  16255   1       3450    676     653     3933    
CTETRA  16256   1       3785    2764    656     2077    
CTETRA  16257   1       3155    4168    6245    2285    
CTETRA  16258   1       2705    2814    2550    2551    
CTETRA  16259   1       3125    1260    3395    1275    
CTETRA  16260   1       2068    369     2370    3792    
CTETRA  16261   1       2918    260     2917    2331    
CTETRA  16262   1       2797    581     5123    1929    
CTETRA  16263   1       1901    571     2869    1900    
CTETRA  16264   1       264     363     263     2848    
CTETRA  16265   1       993     5276    3853    992     
CTETRA  16266   1       1296    3012    777     1297    
CTETRA  16267   1       1255    2068    3354    2067    
CTETRA  16268   1       3278    1288    1363    1287    
CTETRA  16269   1       3897    2445    5871    4993    
CTETRA  16270   1       5285    1707    993     3851    
CTETRA  16271   1       747     361     1245    1294    
CTETRA  16272   1       1491    1485    1483    5766    
CTETRA  16273   1       5992    5299    5993    5800    
CTETRA  16274   1       1370    3897    829     4993    
CTETRA  16275   1       2138    2399    2392    2137    
CTETRA  16276   1       443     441     1321    4268    
CTETRA  16277   1       553     949     5083    2093    
CTETRA  16278   1       2847    1590    1373    1589    
CTETRA  16279   1       3004    1387    1388    2050    
CTETRA  16280   1       1085    482     481     1217    
CTETRA  16281   1       4023    2938    4024    3819    
CTETRA  16282   1       2567    901     2259    900     
CTETRA  16283   1       2443    2444    1435    2226    
CTETRA  16284   1       592     2763    1870    1869    
CTETRA  16285   1       2239    4262    3714    5230    
CTETRA  16286   1       2070    2885    3238    2021    
CTETRA  16287   1       3689    1004    94      197     
CTETRA  16288   1       1405    3516    1407    2571    
CTETRA  16289   1       1125    5571    1293    1290    
CTETRA  16290   1       347     348     809     1457    
CTETRA  16291   1       1447    386     1846    1944    
CTETRA  16292   1       1905    571     2869    4236    
CTETRA  16293   1       491     543     1130    3501    
CTETRA  16294   1       2530    2448    1410    2443    
CTETRA  16295   1       2430    2703    1990    2576    
CTETRA  16296   1       3472    2297    2530    3319    
CTETRA  16297   1       6373    6384    855     2641    
CTETRA  16298   1       1425    2226    2443    1676    
CTETRA  16299   1       5400    6210    5399    6489    
CTETRA  16300   1       4762    3877    3878    4554    
CTETRA  16301   1       900     3585    2259    4181    
CTETRA  16302   1       1409    595     1408    1857    
CTETRA  16303   1       1438    2444    2443    2226    
CTETRA  16304   1       1308    2011    731     1089    
CTETRA  16305   1       5809    4245    1389    4244    
CTETRA  16306   1       2011    318     685     1089    
CTETRA  16307   1       1464    800     2565    3092    
CTETRA  16308   1       3506    3785    2764    3187    
CTETRA  16309   1       2772    2071    2885    2589    
CTETRA  16310   1       4169    6025    5742    4818    
CTETRA  16311   1       2433    1904    4263    3189    
CTETRA  16312   1       1454    2433    3272    3260    
CTETRA  16313   1       4036    3267    4152    3540    
CTETRA  16314   1       5911    2701    2700    1473    
CTETRA  16315   1       362     363     1378    1383    
CTETRA  16316   1       2690    2651    2213    2691    
CTETRA  16317   1       3153    4160    2286    3154    
CTETRA  16318   1       3618    4144    502     2162    
CTETRA  16319   1       265     264     263     1395    
CTETRA  16320   1       1378    263     363     2088    
CTETRA  16321   1       5923    405     6117    4523    
CTETRA  16322   1       3540    2546    1298    2393    
CTETRA  16323   1       1178    480     6110    1163    
CTETRA  16324   1       1242    1260    1275    790     
CTETRA  16325   1       3571    6015    2006    1930    
CTETRA  16326   1       1473    5912    2701    2201    
CTETRA  16327   1       3570    5479    3143    2238    
CTETRA  16328   1       2995    5385    4278    6486    
CTETRA  16329   1       3974    3565    4991    4265    
CTETRA  16330   1       1901    3138    1902    4114    
CTETRA  16331   1       2601    2731    2941    2708    
CTETRA  16332   1       2875    3020    3190    2076    
CTETRA  16333   1       3467    3599    1986    3179    
CTETRA  16334   1       1755    2112    2585    2850    
CTETRA  16335   1       264     1394    1382    3269    
CTETRA  16336   1       5177    102     3981    2683    
CTETRA  16337   1       2412    3463    1054    1053    
CTETRA  16338   1       2170    2688    1439    3752    
CTETRA  16339   1       5756    3789    4574    4575    
CTETRA  16340   1       2006    6198    3377    6015    
CTETRA  16341   1       891     1083    1217    3679    
CTETRA  16342   1       3521    5475    4589    6486    
CTETRA  16343   1       3316    1590    1373    2847    
CTETRA  16344   1       2725    5803    6117    4523    
CTETRA  16345   1       2763    1868    1463    1870    
CTETRA  16346   1       4120    1370    829     4993    
CTETRA  16347   1       2268    695     810     2344    
CTETRA  16348   1       1864    1863    593     1461    
CTETRA  16349   1       3155    4168    4877    3830    
CTETRA  16350   1       3420    4481    2446    6488    
CTETRA  16351   1       1974    335     333     3089    
CTETRA  16352   1       655     1424    2763    1463    
CTETRA  16353   1       1365    2064    1253    1358    
CTETRA  16354   1       1860    1316    1859    1478    
CTETRA  16355   1       2652    1842    3082    2942    
CTETRA  16356   1       2439    638     2366    4261    
CTETRA  16357   1       3060    3057    768     3061    
CTETRA  16358   1       3682    5445    3681    2029    
CTETRA  16359   1       2256    2682    2144    2258    
CTETRA  16360   1       2491    607     609     2592    
CTETRA  16361   1       1300    1298    4720    1299    
CTETRA  16362   1       325     323     566     630     
CTETRA  16363   1       2763    592     593     1869    
CTETRA  16364   1       2119    2120    2794    3412    
CTETRA  16365   1       1322    442     2833    1321    
CTETRA  16366   1       5918    2007    5043    5523    
CTETRA  16367   1       1453    2132    2141    1838    
CTETRA  16368   1       2545    2563    3677    2393    
CTETRA  16369   1       841     1053    1054    3463    
CTETRA  16370   1       93      855     2641    6493    
CTETRA  16371   1       1699    1665    1664    1698    
CTETRA  16372   1       1782    2799    5374    2798    
CTETRA  16373   1       886     5895    3223    6020    
CTETRA  16374   1       1395    1394    264     363     
CTETRA  16375   1       2284    4039    3188    2815    
CTETRA  16376   1       462     461     463     3695    
CTETRA  16377   1       3043    295     293     6209    
CTETRA  16378   1       2162    2161    4144    2163    
CTETRA  16379   1       211     6373    6384    855     
CTETRA  16380   1       261     4767    5896    2918    
CTETRA  16381   1       3164    1370    1372    4120    
CTETRA  16382   1       5020    1513    6452    3379    
CTETRA  16383   1       843     3677    3793    2393    
CTETRA  16384   1       2853    630     2013    1772    
CTETRA  16385   1       2284    3188    3190    2815    
CTETRA  16386   1       4573    3789    4180    3862    
CTETRA  16387   1       1781    1782    1826    1780    
CTETRA  16388   1       1324    3412    2119    2503    
CTETRA  16389   1       2688    1858    624     1844    
CTETRA  16390   1       4877    4168    3770    3830    
CTETRA  16391   1       3078    5487    1316    1860    
CTETRA  16392   1       5123    2797    1929    3569    
CTETRA  16393   1       855     211     6373    2641    
CTETRA  16394   1       469     468     2504    2795    
CTETRA  16395   1       410     1460    1459    1464    
CTETRA  16396   1       2994    3521    4589    6486    
CTETRA  16397   1       5190    1303    745     5183    
CTETRA  16398   1       6188    5450    6023    3177    
CTETRA  16399   1       1425    2443    2699    1676    
CTETRA  16400   1       4039    2286    4040    2815    
CTETRA  16401   1       4876    4877    3770    3830    
CTETRA  16402   1       3933    3793    3677    2393    
CTETRA  16403   1       3540    1298    4036    2393    
CTETRA  16404   1       6145    6106    6446    3875    
CTETRA  16405   1       96      5389    5087    5388    
CTETRA  16406   1       61      855     93      6493    
CTETRA  16407   1       6482    3558    3345    501     
CTETRA  16408   1       632     906     1777    1778    
CTETRA  16409   1       596     595     432     3027    
CTETRA  16410   1       1826    1930    3570    1781    
CTETRA  16411   1       802     3260    2764    4413    
CTETRA  16412   1       857     2479    5022    885     
CTETRA  16413   1       858     6314    2332    5203    
CTETRA  16414   1       1246    2450    1364    2449    
CTETRA  16415   1       1440    1524    2979    3888    
CTETRA  16416   1       1125    1293    747     1290    
CTETRA  16417   1       4189    6110    480     1163    
CTETRA  16418   1       522     521     523     2419    
CTETRA  16419   1       6329    1151    1149    5879    
CTETRA  16420   1       5632    4640    5909    5633    
CTETRA  16421   1       2134    1278    1276    1277    
CTETRA  16422   1       2286    3153    3154    3152    
CTETRA  16423   1       6277    5819    6431    3109    
CTETRA  16424   1       1394    363     3269    264     
CTETRA  16425   1       1373    83      1590    1375    
CTETRA  16426   1       2432    2213    2209    3146    
CTETRA  16427   1       5450    2336    6135    3179    
CTETRA  16428   1       3977    476     3976    2824    
CTETRA  16429   1       1867    2351    1940    1482    
CTETRA  16430   1       893     892     894     2566    
CTETRA  16431   1       581     5044    5123    6261    
CTETRA  16432   1       2226    2577    437     2227    
CTETRA  16433   1       2590    2942    2690    2943    
CTETRA  16434   1       2065    2068    2287    1353    
CTETRA  16435   1       5321    4767    5895    5322    
CTETRA  16436   1       2101    1865    2195    2197    
CTETRA  16437   1       1298    1300    3602    1299    
CTETRA  16438   1       3878    4762    4554    4764    
CTETRA  16439   1       4282    2208    3036    3798    
CTETRA  16440   1       437     1435    436     438     
CTETRA  16441   1       1870    1868    1482    1869    
CTETRA  16442   1       1268    1265    4720    3213    
CTETRA  16443   1       3012    383     777     1297    
CTETRA  16444   1       5242    4561    3328    5280    
CTETRA  16445   1       804     696     815     817     
CTETRA  16446   1       3172    4767    3223    886     
CTETRA  16447   1       4550    654     4481    6488    
CTETRA  16448   1       4964    889     2483    3679    
CTETRA  16449   1       2086    1378    363     2088    
CTETRA  16450   1       2651    2310    3139    2691    
CTETRA  16451   1       3532    198     3756    2479    
CTETRA  16452   1       2013    323     630     2853    
CTETRA  16453   1       3830    3156    3828    3829    
CTETRA  16454   1       4944    3770    4168    3830    
CTETRA  16455   1       2068    3354    2067    2863    
CTETRA  16456   1       2026    1345    1250    2024    
CTETRA  16457   1       1863    1870    2103    1869    
CTETRA  16458   1       1869    1863    593     1864    
CTETRA  16459   1       6188    5910    3585    3587    
CTETRA  16460   1       2602    1902    3378    2601    
CTETRA  16461   1       6482    2335    3793    3008    
CTETRA  16462   1       1289    2287    1354    1288    
CTETRA  16463   1       1842    2212    2021    2885    
CTETRA  16464   1       369     367     366     2862    
CTETRA  16465   1       6320    6224    2006    6015    
CTETRA  16466   1       2731    2601    2941    3378    
CTETRA  16467   1       3277    2208    3540    3798    
CTETRA  16468   1       2933    2110    3350    3150    
CTETRA  16469   1       2582    2932    3593    3594    
CTETRA  16470   1       2019    2644    2524    2021    
CTETRA  16471   1       2152    4902    6177    4245    
CTETRA  16472   1       829     1279    3897    1370    
CTETRA  16473   1       1370    2546    2545    2393    
CTETRA  16474   1       593     1870    1863    1869    
CTETRA  16475   1       2008    3571    2006    1930    
CTETRA  16476   1       6177    6368    2153    2151    
CTETRA  16477   1       2067    2370    2068    2863    
CTETRA  16478   1       1199    1197    2324    2438    
CTETRA  16479   1       3036    3008    5635    2984    
CTETRA  16480   1       5456    2022    1602    5455    
CTETRA  16481   1       4561    5242    2093    5280    
CTETRA  16482   1       1311    1318    1319    1325    
CTETRA  16483   1       4993    4818    4120    3164    
CTETRA  16484   1       1904    3260    801     3189    
CTETRA  16485   1       1925    5025    4085    2437    
CTETRA  16486   1       4902    6177    4245    5478    
CTETRA  16487   1       4263    2433    1454    1904    
CTETRA  16488   1       706     1372    842     3436    
CTETRA  16489   1       1858    3059    1844    3894    
CTETRA  16490   1       366     367     369     2068    
CTETRA  16491   1       1039    2674    1045    2899    
CTETRA  16492   1       1775    255     3853    1773    
CTETRA  16493   1       3174    884     5076    3711    
CTETRA  16494   1       3057    2432    3894    2650    
CTETRA  16495   1       3155    4877    4168    4921    
CTETRA  16496   1       1414    1404    1319    1415    
CTETRA  16497   1       4152    4720    3968    4721    
CTETRA  16498   1       3152    4479    3155    2285    
CTETRA  16499   1       1386    2050    1352    1388    
CTETRA  16500   1       5450    3586    5909    2592    
CTETRA  16501   1       318     1327    1091    5148    
CTETRA  16502   1       343     775     776     382     
CTETRA  16503   1       2089    1250    2025    1255    
CTETRA  16504   1       5949    223     221     5561    
CTETRA  16505   1       777     343     383     382     
CTETRA  16506   1       1459    1868    1482    1870    
CTETRA  16507   1       1149    6329    3496    3497    
CTETRA  16508   1       2170    1439    1831    3752    
CTETRA  16509   1       2479    5022    884     857     
CTETRA  16510   1       1321    2832    6078    4268    
CTETRA  16511   1       94      197     5679    1005    
CTETRA  16512   1       6345    5883    6248    6368    
CTETRA  16513   1       684     693     666     685     
CTETRA  16514   1       2796    2797    5242    3569    
CTETRA  16515   1       1041    2588    2674    1127    
CTETRA  16516   1       1317    3079    1316    3078    
CTETRA  16517   1       5883    6368    4246    2152    
CTETRA  16518   1       5896    4767    261     5895    
CTETRA  16519   1       3791    2567    3608    5603    
CTETRA  16520   1       6277    3108    1374    3109    
CTETRA  16521   1       3798    3968    3277    3329    
CTETRA  16522   1       2065    2068    369     2287    
CTETRA  16523   1       607     3522    3392    609     
CTETRA  16524   1       3150    2110    6475    2428    
CTETRA  16525   1       2448    1410    2296    2530    
CTETRA  16526   1       3375    1380    3367    1379    
CTETRA  16527   1       6221    6353    6171    5885    
CTETRA  16528   1       3894    1858    2688    1844    
CTETRA  16529   1       4270    4818    4993    3164    
CTETRA  16530   1       1251    2064    2715    2009    
CTETRA  16531   1       2077    656     4550    6488    
CTETRA  16532   1       1699    1996    2121    2114    
CTETRA  16533   1       829     1279    1277    3897    
CTETRA  16534   1       724     763     659     5183    
CTETRA  16535   1       2810    3545    3593    1454    
CTETRA  16536   1       3521    2995    4278    6486    
CTETRA  16537   1       61      93      92      6493    
CTETRA  16538   1       668     691     692     666     
CTETRA  16539   1       1376    1357    1342    1528    
CTETRA  16540   1       3375    3796    3709    2232    
CTETRA  16541   1       1371    3897    1370    4993    
CTETRA  16542   1       891     481     890     1217    
CTETRA  16543   1       3200    5826    646     2799    
CTETRA  16544   1       3347    3677    6482    843     
CTETRA  16545   1       374     376     375     3205    
CTETRA  16546   1       2336    503     2335    3345    
CTETRA  16547   1       5562    6367    5949    5948    
CTETRA  16548   1       2943    2214    1932    1835    
CTETRA  16549   1       884     5022    3175    856     
CTETRA  16550   1       3562    855     61      6493    
CTETRA  16551   1       2344    2268    695     3228    
CTETRA  16552   1       3139    3146    2432    2650    
CTETRA  16553   1       2433    1454    1904    3260    
CTETRA  16554   1       5321    4767    5896    5895    
CTETRA  16555   1       1298    2137    1300    4720    
CTETRA  16556   1       4481    654     2446    6488    
CTETRA  16557   1       1974    1286    1365    2660    
CTETRA  16558   1       1980    2688    1982    1858    
CTETRA  16559   1       6176    4902    6177    2151    
CTETRA  16560   1       1626    3209    1620    1157    
CTETRA  16561   1       2082    4413    2075    2233    
CTETRA  16562   1       3007    4639    6023    2953    
CTETRA  16563   1       2631    2209    1980    2688    
CTETRA  16564   1       1298    4152    4720    3968    
CTETRA  16565   1       745     659     3410    5190    
CTETRA  16566   1       1424    4270    2446    6488    
CTETRA  16567   1       1964    4153    3599    899     
CTETRA  16568   1       2444    1438    2367    2226    
CTETRA  16569   1       5405    2824    476     6326    
CTETRA  16570   1       2077    4550    4919    6488    
CTETRA  16571   1       3858    3857    5557    6375    
CTETRA  16572   1       409     808     2032    2080    
CTETRA  16573   1       2014    2585    2850    2851    
CTETRA  16574   1       638     436     1480    2226    
CTETRA  16575   1       4189    200     202     1162    
CTETRA  16576   1       835     891     1083    481     
CTETRA  16577   1       1310    1309    1297    1295    
CTETRA  16578   1       2354    1378    2087    1589    
CTETRA  16579   1       338     337     336     6289    
CTETRA  16580   1       2065    1356    2066    2026    
CTETRA  16581   1       318     319     317     1331    
CTETRA  16582   1       1842    3238    2071    2885    
CTETRA  16583   1       647     2559    2561    2698    
CTETRA  16584   1       2102    1869    2103    2826    
CTETRA  16585   1       5756    5636    5711    3790    
CTETRA  16586   1       4039    4040    2286    2285    
CTETRA  16587   1       2239    2238    3570    2240    
CTETRA  16588   1       841     1054    3404    3463    
CTETRA  16589   1       667     736     749     666     
CTETRA  16590   1       1285    1356    1361    1358    
CTETRA  16591   1       2677    1281    3277    1262    
CTETRA  16592   1       1078    974     972     1157    
CTETRA  16593   1       2550    4028    4041    5477    
CTETRA  16594   1       1355    1360    1247    1286    
CTETRA  16595   1       3852    844     706     843     
CTETRA  16596   1       2410    1410    1435    2368    
CTETRA  16597   1       2484    835     1083    3605    
CTETRA  16598   1       2565    1458    403     1457    
CTETRA  16599   1       2017    2515    5814    6126    
CTETRA  16600   1       4268    6077    6079    6119    
CTETRA  16601   1       1827    1828    1903    1829    
CTETRA  16602   1       2866    2857    3341    3346    
CTETRA  16603   1       5808    2795    2200    1332    
CTETRA  16604   1       4297    415     407     1507    
CTETRA  16605   1       2207    2898    3330    1262    
CTETRA  16606   1       1516    6452    1512    3379    
CTETRA  16607   1       3785    3189    2764    3187    
CTETRA  16608   1       1482    1940    2103    1869    
CTETRA  16609   1       2917    4767    260     2918    
CTETRA  16610   1       1003    151     519     1204    
CTETRA  16611   1       1775    3853    1774    1773    
CTETRA  16612   1       1008    840     3358    1984    
CTETRA  16613   1       5710    6315    5637    4575    
CTETRA  16614   1       2006    6320    6015    3571    
CTETRA  16615   1       202     548     200     4189    
CTETRA  16616   1       1495    2033    3376    1459    
CTETRA  16617   1       3268    3798    3266    5566    
CTETRA  16618   1       1261    1282    1283    2545    
CTETRA  16619   1       3639    364     3796    2982    
CTETRA  16620   1       4268    1321    443     6119    
CTETRA  16621   1       261     4767    3172    886     
CTETRA  16622   1       6038    4944    3828    3830    
CTETRA  16623   1       2588    1127    3458    1241    
CTETRA  16624   1       1931    1889    6200    1932    
CTETRA  16625   1       3562    212     211     1005    
CTETRA  16626   1       1876    1677    591     1453    
CTETRA  16627   1       816     3228    830     2809    
CTETRA  16628   1       1456    3018    1455    1904    
CTETRA  16629   1       652     651     653     3793    
CTETRA  16630   1       3639    3367    2232    3640    
CTETRA  16631   1       2940    697     2939    2350    
CTETRA  16632   1       717     716     819     2544    
CTETRA  16633   1       5808    1327    2504    5807    
CTETRA  16634   1       1470    165     1468    164     
CTETRA  16635   1       2121    1665    1699    2114    
CTETRA  16636   1       890     196     2299    891     
CTETRA  16637   1       4561    5242    5458    2093    
CTETRA  16638   1       656     802     2764    4413    
CTETRA  16639   1       634     2429    2098    571     
CTETRA  16640   1       5808    1349    1332    3351    
CTETRA  16641   1       2065    1356    1253    2024    
CTETRA  16642   1       2366    638     1480    4261    
CTETRA  16643   1       591     1675    1677    1674    
CTETRA  16644   1       2065    1356    1285    1253    
CTETRA  16645   1       572     801     573     3189    
CTETRA  16646   1       1337    2050    1401    1336    
CTETRA  16647   1       808     1428    1497    2033    
CTETRA  16648   1       6188    6023    5450    5909    
CTETRA  16649   1       3091    2266    809     1457    
CTETRA  16650   1       1319    1404    1414    1325    
CTETRA  16651   1       2202    1472    1466    1898    
CTETRA  16652   1       3585    840     3466    2259    
CTETRA  16653   1       1406    3472    2297    2530    
CTETRA  16654   1       3569    1826    1782    1780    
CTETRA  16655   1       3319    2699    2530    1675    
CTETRA  16656   1       2348    2985    761     2402    
CTETRA  16657   1       3948    1504    4554    4764    
CTETRA  16658   1       4991    4265    4990    6053    
CTETRA  16659   1       1361    2064    1973    1358    
CTETRA  16660   1       3299    4720    4722    1298    
CTETRA  16661   1       2943    1833    1836    2309    
CTETRA  16662   1       1940    1482    1868    1869    
CTETRA  16663   1       2058    3968    2678    3277    
CTETRA  16664   1       2066    1356    2024    2026    
CTETRA  16665   1       6111    5519    5914    5916    
CTETRA  16666   1       6023    5450    3007    2953    
CTETRA  16667   1       2111    780     372     3595    
CTETRA  16668   1       3791    4574    3789    4180    
CTETRA  16669   1       1504    3878    4554    4764    
CTETRA  16670   1       2682    2268    2269    2901    
CTETRA  16671   1       1781    1930    3377    1780    
CTETRA  16672   1       3968    4152    5566    3798    
CTETRA  16673   1       522     2419    1599    3981    
CTETRA  16674   1       2684    1599    2419    3981    
CTETRA  16675   1       1036    3974    3565    3975    
CTETRA  16676   1       196     2479    3532    889     
CTETRA  16677   1       469     2795    5808    1332    
CTETRA  16678   1       60      519     520     1006    
CTETRA  16679   1       2335    3008    2953    3560    
CTETRA  16680   1       3569    5242    2796    2798    
CTETRA  16681   1       4030    2705    2706    4029    
CTETRA  16682   1       2020    3197    2101    1461    
CTETRA  16683   1       3181    2040    2039    2849    
CTETRA  16684   1       4413    2764    656     3785    
CTETRA  16685   1       2865    3341    3404    3474    
CTETRA  16686   1       2287    369     2288    1353    
CTETRA  16687   1       638     2366    1480    436     
CTETRA  16688   1       803     831     717     6487    
CTETRA  16689   1       5374    463     646     2560    
CTETRA  16690   1       1357    1376    263     1528    
CTETRA  16691   1       671     3181    1670    1755    
CTETRA  16692   1       365     3354    1396    2987    
CTETRA  16693   1       2850    2849    325     2014    
CTETRA  16694   1       1391    305     370     3069    
CTETRA  16695   1       6417    5819    521     3887    
CTETRA  16696   1       1401    3794    3795    3473    
CTETRA  16697   1       3214    2626    3970    1186    
CTETRA  16698   1       2942    2215    1889    2214    
CTETRA  16699   1       1982    2650    3060    3894    
CTETRA  16700   1       1905    2938    1904    1903    
CTETRA  16701   1       802     655     656     2764    
CTETRA  16702   1       1940    2103    1869    2826    
CTETRA  16703   1       5819    2603    1374    6277    
CTETRA  16704   1       2703    2041    1990    2576    
CTETRA  16705   1       2445    3420    2446    4270    
CTETRA  16706   1       6174    6251    6175    4913    
CTETRA  16707   1       2308    2309    2310    2691    
CTETRA  16708   1       4236    1905    571     1903    
CTETRA  16709   1       3789    5756    4574    3791    
CTETRA  16710   1       3018    2582    1455    1904    
CTETRA  16711   1       2214    2942    1837    2943    
CTETRA  16712   1       1125    3461    748     747     
CTETRA  16713   1       1360    1355    1247    360     
CTETRA  16714   1       629     255     1775    1773    
CTETRA  16715   1       5148    1327    1091    3351    
CTETRA  16716   1       729     382     1304    1308    
CTETRA  16717   1       3894    3895    3060    3061    
CTETRA  16718   1       6293    6041    3735    3075    
CTETRA  16719   1       432     595     619     3027    
CTETRA  16720   1       816     815     696     817     
CTETRA  16721   1       1358    1973    1361    1286    
CTETRA  16722   1       1242    1260    792     3512    
CTETRA  16723   1       1901    1902    615     1900    
CTETRA  16724   1       777     775     3012    2571    
CTETRA  16725   1       2008    3570    1930    1781    
CTETRA  16726   1       520     212     60      1006    
CTETRA  16727   1       1562    6408    515     3185    
CTETRA  16728   1       1377    263     1376    1528    
CTETRA  16729   1       1923    3747    2437    2762    
CTETRA  16730   1       1197    2324    2438    3270    
CTETRA  16731   1       3570    2008    2239    1781    
CTETRA  16732   1       4213    698     682     2800    
CTETRA  16733   1       6120    6111    5915    4927    
CTETRA  16734   1       2491    761     609     2349    
CTETRA  16735   1       5242    5123    4562    5458    
CTETRA  16736   1       1840    594     1839    1838    
CTETRA  16737   1       1259    3330    2898    1262    
CTETRA  16738   1       2103    3788    1867    1482    
CTETRA  16739   1       3894    2688    1858    1982    
CTETRA  16740   1       102     1708    1707    3680    
CTETRA  16741   1       3109    4292    5820    3886    
CTETRA  16742   1       2550    5477    4040    2815    
CTETRA  16743   1       6417    2419    100     2687    
CTETRA  16744   1       684     693     685     2011    
CTETRA  16745   1       410     1459    2228    1870    
CTETRA  16746   1       2869    1685    4236    1901    
CTETRA  16747   1       1409    619     620     1408    
CTETRA  16748   1       6293    5935    3074    5427    
CTETRA  16749   1       3007    6023    4639    5633    
CTETRA  16750   1       2990    1394    3455    2989    
CTETRA  16751   1       3152    3154    6245    4057    
CTETRA  16752   1       2444    2367    1435    2226    
CTETRA  16753   1       5961    2007    5503    3143    
CTETRA  16754   1       1394    2922    3455    2989    
CTETRA  16755   1       2029    102     3681    3682    
CTETRA  16756   1       3450    653     3267    3933    
CTETRA  16757   1       1353    1354    2287    1288    
CTETRA  16758   1       3058    2310    2309    2691    
CTETRA  16759   1       4763    3759    3757    3758    
CTETRA  16760   1       3345    3558    792     501     
CTETRA  16761   1       1085    6479    1178    1215    
CTETRA  16762   1       2716    2717    2203    5354    
CTETRA  16763   1       1888    2102    2103    2826    
CTETRA  16764   1       2065    1356    1353    1288    
CTETRA  16765   1       5477    2705    2550    4029    
CTETRA  16766   1       1421    1677    3516    3012    
CTETRA  16767   1       5280    3328    5243    5826    
CTETRA  16768   1       4554    4762    4552    4764    
CTETRA  16769   1       1017    1001    1002    1006    
CTETRA  16770   1       6117    406     405     3875    
CTETRA  16771   1       646     5374    2560    2799    
CTETRA  16772   1       363     264     1383    1437    
CTETRA  16773   1       3156    4168    3155    3830    
CTETRA  16774   1       2308    2217    2651    2310    
CTETRA  16775   1       1378    2086    2087    1589    
CTETRA  16776   1       4720    4722    2138    2668    
CTETRA  16777   1       2308    2943    1942    1835    
CTETRA  16778   1       3003    1386    305     1388    
CTETRA  16779   1       894     2568    893     2259    
CTETRA  16780   1       2310    2651    2308    2691    
CTETRA  16781   1       2286    4040    3157    2285    
CTETRA  16782   1       893     3585    2259    1984    
CTETRA  16783   1       2286    4040    4160    3153    
CTETRA  16784   1       2439    637     638     4261    
CTETRA  16785   1       3798    3268    4152    5566    
CTETRA  16786   1       3395    3180    1045    1275    
CTETRA  16787   1       3895    767     768     3061    
CTETRA  16788   1       775     777     776     2571    
CTETRA  16789   1       362     363     2086    1378    
CTETRA  16790   1       1197    2438    1199    1198    
CTETRA  16791   1       694     697     2399    2138    
CTETRA  16792   1       2586    3345    1260    502     
CTETRA  16793   1       1868    1482    1458    1459    
CTETRA  16794   1       1837    2214    2943    1836    
CTETRA  16795   1       1421    3319    2530    1675    
CTETRA  16796   1       1435    437     436     2226    
CTETRA  16797   1       5631    3358    2347    2491    
CTETRA  16798   1       2546    1282    1370    2545    
CTETRA  16799   1       260     5203    2917    2331    
CTETRA  16800   1       3299    4152    4720    1298    
CTETRA  16801   1       1322    441     442     1321    
CTETRA  16802   1       4189    480     200     1162    
CTETRA  16803   1       2308    2943    1835    1834    
CTETRA  16804   1       3354    2068    367     2863    
CTETRA  16805   1       1899    1898    1897    2619    
CTETRA  16806   1       630     2853    907     1772    
CTETRA  16807   1       2041    1525    1524    2576    
CTETRA  16808   1       4114    1829    4267    3820    
CTETRA  16809   1       2336    503     2592    2953    
CTETRA  16810   1       6368    5883    2153    2152    
CTETRA  16811   1       1320    1419    1318    1311    
CTETRA  16812   1       706     704     3392    3436    
CTETRA  16813   1       5904    3596    635     1690    
CTETRA  16814   1       2682    2268    2901    811     
CTETRA  16815   1       2981    889     2484    891     
CTETRA  16816   1       1384    1383    362     1378    
CTETRA  16817   1       2013    2014    2585    2850    
CTETRA  16818   1       6431    3110    6277    3109    
CTETRA  16819   1       2491    609     607     2349    
CTETRA  16820   1       1901    5063    3820    3819    
CTETRA  16821   1       2571    777     776     1318    
CTETRA  16822   1       6074    6015    1928    1930    
CTETRA  16823   1       2086    1517    1378    2087    
CTETRA  16824   1       821     699     662     3536    
CTETRA  16825   1       3267    3540    3933    4282    
CTETRA  16826   1       3410    3411    1302    5190    
CTETRA  16827   1       2899    1039    1199    3180    
CTETRA  16828   1       407     406     405     5923    
CTETRA  16829   1       404     403     2356    1458    
CTETRA  16830   1       2331    2332    5203    2333    
CTETRA  16831   1       6479    480     481     1085    
CTETRA  16832   1       6431    5819    5456    3109    
CTETRA  16833   1       1703    256     254     2118    
CTETRA  16834   1       1890    1889    2856    1841    
CTETRA  16835   1       2564    2235    655     3666    
CTETRA  16836   1       5573    3235    5710    3221    
CTETRA  16837   1       2238    3143    3570    2240    
CTETRA  16838   1       1466    1473    1472    2202    
CTETRA  16839   1       2419    522     521     6417    
CTETRA  16840   1       1364    453     1246    2449    
CTETRA  16841   1       1163    480     4189    1162    
CTETRA  16842   1       5203    3235    2331    2333    
CTETRA  16843   1       325     565     256     1693    
CTETRA  16844   1       1982    2650    3894    2432    
CTETRA  16845   1       2979    1524    82      3888    
CTETRA  16846   1       366     368     369     2862    
CTETRA  16847   1       889     2483    2484    4964    
CTETRA  16848   1       503     2336    2335    2953    
CTETRA  16849   1       2091    410     1425    1870    
CTETRA  16850   1       1247    1285    1355    1286    
CTETRA  16851   1       2603    5556    1374    6277    
CTETRA  16852   1       596     1838    2132    1453    
CTETRA  16853   1       6077    6120    5914    5915    
CTETRA  16854   1       651     3267    4282    3266    
CTETRA  16855   1       3607    3606    5076    5077    
CTETRA  16856   1       3299    2139    4036    1298    
CTETRA  16857   1       2153    6176    6177    2151    
CTETRA  16858   1       2119    378     2120    3412    
CTETRA  16859   1       1458    1482    2756    1459    
CTETRA  16860   1       1276    2504    2795    5808    
CTETRA  16861   1       2865    1008    2347    2568    
CTETRA  16862   1       3535    662     652     3536    
CTETRA  16863   1       2504    468     1276    2795    
CTETRA  16864   1       1374    5819    6277    3109    
CTETRA  16865   1       2392    1298    2137    1300    
CTETRA  16866   1       1875    5405    6034    6326    
CTETRA  16867   1       1458    403     402     2565    
CTETRA  16868   1       6314    858     856     857     
CTETRA  16869   1       726     724     745     5183    
CTETRA  16870   1       3605    837     1216    1051    
CTETRA  16871   1       2436    4931    5025    3184    
CTETRA  16872   1       1463    655     654     2081    
CTETRA  16873   1       1507    644     3646    1506    
CTETRA  16874   1       1302    745     3410    5190    
CTETRA  16875   1       705     844     3345    2336    
CTETRA  16876   1       4550    656     654     6488    
CTETRA  16877   1       5214    407     415     1507    
CTETRA  16878   1       4413    779     2075    2233    
CTETRA  16879   1       3277    2208    3798    3331    
CTETRA  16880   1       263     3316    1357    2847    
CTETRA  16881   1       2550    4028    5477    4029    
CTETRA  16882   1       4028    4041    5477    4029    
CTETRA  16883   1       2979    1373    82      1589    
CTETRA  16884   1       4265    5172    1038    1215    
CTETRA  16885   1       3060    3894    2650    3057    
CTETRA  16886   1       5203    260     2332    2331    
CTETRA  16887   1       3331    3798    3277    3329    
CTETRA  16888   1       2919    2918    2917    2331    
CTETRA  16889   1       366     367     2068    2863    
CTETRA  16890   1       5573    5710    5637    4734    
CTETRA  16891   1       631     255     629     1773    
CTETRA  16892   1       4903    4902    4904    5478    
CTETRA  16893   1       3059    1844    3894    3061    
CTETRA  16894   1       3785    2082    2075    2077    
CTETRA  16895   1       60      59      2276    2275    
CTETRA  16896   1       5075    3790    858     3175    
CTETRA  16897   1       565     567     566     323     
CTETRA  16898   1       3562    211     5779    1005    
CTETRA  16899   1       2249    2248    3257    1776    
CTETRA  16900   1       1410    2410    1435    2443    
CTETRA  16901   1       2814    5738    5477    3020    
CTETRA  16902   1       480     1194    1163    1178    
CTETRA  16903   1       4160    2550    4028    4041    
CTETRA  16904   1       1464    2564    347     2565    
CTETRA  16905   1       623     1461    2141    2631    
CTETRA  16906   1       212     96      60      5388    
CTETRA  16907   1       4032    1995    3281    1996    
CTETRA  16908   1       3461    748     1245    1368    
CTETRA  16909   1       1053    2347    2491    2349    
CTETRA  16910   1       4175    1904    1454    3260    
CTETRA  16911   1       2034    1410    636     1406    
CTETRA  16912   1       201     548     1073    2618    
CTETRA  16913   1       6302    412     411     6270    
CTETRA  16914   1       2310    2309    2649    3451    
CTETRA  16915   1       5589    659     763     5189    
CTETRA  16916   1       2139    4036    3267    3299    
CTETRA  16917   1       2235    2234    5499    3666    
CTETRA  16918   1       380     377     317     1311    
CTETRA  16919   1       1299    1328    1300    2200    
CTETRA  16920   1       2393    843     2545    4120    
CTETRA  16921   1       5456    2022    6431    3109    
CTETRA  16922   1       1178    6110    480     4189    
CTETRA  16923   1       2938    5063    4023    4263    
CTETRA  16924   1       1985    704     1986    3648    
CTETRA  16925   1       324     1796    2040    2849    
CTETRA  16926   1       5285    1774    993     2030    
CTETRA  16927   1       2064    1356    2024    1358    
CTETRA  16928   1       776     777     775     343     
CTETRA  16929   1       6179    5995    1265    6343    
CTETRA  16930   1       3008    503     2335    2953    
CTETRA  16931   1       3139    3058    2310    2650    
CTETRA  16932   1       1102    1100    1099    1101    
CTETRA  16933   1       1524    1527    84      1440    
CTETRA  16934   1       2705    2814    3740    2550    
CTETRA  16935   1       1826    3090    463     1782    
CTETRA  16936   1       6344    5884    6248    6345    
CTETRA  16937   1       3266    4282    651     5635    
CTETRA  16938   1       432     594     3027    2196    
CTETRA  16939   1       5636    5711    858     5710    
CTETRA  16940   1       2825    3079    3078    3977    
CTETRA  16941   1       3981    2684    3256    2683    
CTETRA  16942   1       654     656     4550    5499    
CTETRA  16943   1       2814    3138    2601    3740    
CTETRA  16944   1       3608    3790    5603    6335    
CTETRA  16945   1       1482    2103    1870    1869    
CTETRA  16946   1       6417    521     2419    3887    
CTETRA  16947   1       501     3036    6482    3558    
CTETRA  16948   1       2284    1828    2550    2815    
CTETRA  16949   1       1388    1352    305     1393    
CTETRA  16950   1       324     1796    554     2040    
CTETRA  16951   1       6245    3156    4168    3155    
CTETRA  16952   1       1858    3059    3894    1981    
CTETRA  16953   1       655     2564    3666    1464    
CTETRA  16954   1       3354    2026    2068    1255    
CTETRA  16955   1       4722    2669    694     2138    
CTETRA  16956   1       1419    3012    777     1296    
CTETRA  16957   1       1197    1290    1126    1198    
CTETRA  16958   1       5909    6023    5450    3007    
CTETRA  16959   1       3090    2708    2601    462     
CTETRA  16960   1       3558    3512    501     2163    
CTETRA  16961   1       402     3092    1458    2565    
CTETRA  16962   1       337     6289    6079    6078    
CTETRA  16963   1       6362    4911    5961    3145    
CTETRA  16964   1       3298    2309    766     1832    
CTETRA  16965   1       2234    5499    656     2235    
CTETRA  16966   1       3091    809     348     1457    
CTETRA  16967   1       4640    5848    5632    5909    
CTETRA  16968   1       2810    3594    1685    4236    
CTETRA  16969   1       4005    580     581     4676    
CTETRA  16970   1       5756    4574    3791    5603    
CTETRA  16971   1       778     2428    3150    6475    
CTETRA  16972   1       1974    333     335     2661    
CTETRA  16973   1       6188    3585    1984    3587    
CTETRA  16974   1       1394    265     1382    3455    
CTETRA  16975   1       3008    2335    652     3560    
CTETRA  16976   1       2226    1425    1426    1676    
CTETRA  16977   1       6135    2336    3561    3179    
CTETRA  16978   1       717     804     715     2544    
CTETRA  16979   1       1184    1262    3970    2677    
CTETRA  16980   1       4265    3974    3565    1036    
CTETRA  16981   1       3189    2433    2764    3187    
CTETRA  16982   1       2068    2065    2026    1353    
CTETRA  16983   1       4756    4552    4293    4757    
CTETRA  16984   1       3155    6245    3152    2285    
CTETRA  16985   1       5059    212     211     6384    
CTETRA  16986   1       1473    1474    2700    5911    
CTETRA  16987   1       4991    3565    3974    3975    
CTETRA  16988   1       1888    2101    2102    2020    
CTETRA  16989   1       4261    637     638     2379    
CTETRA  16990   1       705     607     3522    3392    
CTETRA  16991   1       2065    2068    2370    3792    
CTETRA  16992   1       2332    858     5203    5710    
CTETRA  16993   1       2524    2209    2644    1980    
CTETRA  16994   1       2419    1687    1598    3620    
CTETRA  16995   1       60      59      212     5388    
CTETRA  16996   1       3213    2096    1299    3214    
CTETRA  16997   1       3420    4919    4481    6488    
CTETRA  16998   1       647     646     463     2560    
CTETRA  16999   1       3540    4282    2208    3677    
CTETRA  17000   1       3796    3375    3639    2232    
CTETRA  17001   1       856     262     6314    857     
CTETRA  17002   1       4265    1196    6054    6053    
CTETRA  17003   1       4876    3770    6038    3830    
CTETRA  17004   1       2875    2874    571     2237    
CTETRA  17005   1       1162    1163    5395    4190    
CTETRA  17006   1       4114    1901    1829    3820    
CTETRA  17007   1       5603    3791    3790    3608    
CTETRA  17008   1       3709    3640    2232    3710    
CTETRA  17009   1       1524    1989    2576    4277    
CTETRA  17010   1       4723    3968    4720    4721    
CTETRA  17011   1       2985    761     5633    2348    
CTETRA  17012   1       2023    1602    2022    5455    
CTETRA  17013   1       4553    4756    4293    3877    
CTETRA  17014   1       84      1524    1440    3888    
CTETRA  17015   1       2545    3677    843     2393    
CTETRA  17016   1       418     385     1945    1911    
CTETRA  17017   1       1085    6479    1177    1178    
CTETRA  17018   1       3266    5635    5566    3798    
CTETRA  17019   1       1197    3346    1036    3270    
CTETRA  17020   1       5401    5400    5399    6489    
CTETRA  17021   1       682     698     683     2596    
CTETRA  17022   1       1395    263     265     1528    
CTETRA  17023   1       3828    4944    3156    3830    
CTETRA  17024   1       1524    1989    2041    2576    
CTETRA  17025   1       3496    3565    1197    1126    
CTETRA  17026   1       1782    5374    3569    2798    
CTETRA  17027   1       5242    3328    2796    5280    
CTETRA  17028   1       593     592     591     1674    
CTETRA  17029   1       1339    5423    1338    1340    
CTETRA  17030   1       5633    5909    5632    2348    
CTETRA  17031   1       2064    1251    2024    2009    
CTETRA  17032   1       5448    3377    6198    1928    
CTETRA  17033   1       346     348     347     2565    
CTETRA  17034   1       3640    3639    3375    2232    
CTETRA  17035   1       262     261     260     3172    
CTETRA  17036   1       662     699     660     2079    
CTETRA  17037   1       3143    5479    2007    2238    
CTETRA  17038   1       3648    1986    1985    3208    
CTETRA  17039   1       1380    3639    3375    3367    
CTETRA  17040   1       369     2068    2065    3792    
CTETRA  17041   1       2257    2189    2256    2901    
CTETRA  17042   1       5148    2504    1327    5807    
CTETRA  17043   1       2217    2690    2308    2691    
CTETRA  17044   1       1986    607     1985    1984    
CTETRA  17045   1       6270    412     411     5567    
CTETRA  17046   1       3968    2678    3329    1267    
CTETRA  17047   1       3154    3152    6245    2285    
CTETRA  17048   1       3378    3138    2601    1902    
CTETRA  17049   1       1369    1363    1285    1355    
CTETRA  17050   1       1286    1974    1360    2660    
CTETRA  17051   1       3329    4161    1267    1184    
CTETRA  17052   1       2138    1298    4722    4720    
CTETRA  17053   1       436     2226    2228    1480    
CTETRA  17054   1       906     3722    908     907     
CTETRA  17055   1       1703    254     2029    2118    
CTETRA  17056   1       1841    1842    2652    2942    
CTETRA  17057   1       1620    2558    1078    1157    
CTETRA  17058   1       4270    4169    3420    6488    
CTETRA  17059   1       324     1798    1796    2849    
CTETRA  17060   1       2436    1939    2437    3747    
CTETRA  17061   1       380     378     2120    2119    
CTETRA  17062   1       1932    1889    2943    1835    
CTETRA  17063   1       4550    4481    4919    6488    
CTETRA  17064   1       638     2379    1480    4261    
CTETRA  17065   1       2958    5757    6249    4244    
CTETRA  17066   1       3933    3677    3540    2393    
CTETRA  17067   1       1928    3377    6198    1930    
CTETRA  17068   1       2284    2550    2286    2815    
CTETRA  17069   1       3412    2504    1276    2503    
CTETRA  17070   1       1598    1687    523     1587    
CTETRA  17071   1       1216    1083    835     3605    
CTETRA  17072   1       2240    3143    3570    3714    
CTETRA  17073   1       1374    2603    5819    3887    
CTETRA  17074   1       900     3585    3466    2259    
CTETRA  17075   1       2309    2649    2308    2310    
CTETRA  17076   1       1336    3084    303     1352    
CTETRA  17077   1       201     548     202     1073    
CTETRA  17078   1       1995    4032    1997    1996    
CTETRA  17079   1       5189    5589    6167    5563    
CTETRA  17080   1       2226    1438    2577    2227    
CTETRA  17081   1       1321    2832    337     6078    
CTETRA  17082   1       84      83      82      3888    
CTETRA  17083   1       3144    4874    5029    4023    
CTETRA  17084   1       2581    371     372     2111    
CTETRA  17085   1       635     3596    1599    1690    
CTETRA  17086   1       624     623     1858    2688    
CTETRA  17087   1       2661    1974    333     3089    
CTETRA  17088   1       1125    1294    1293    2364    
CTETRA  17089   1       5005    6106    6446    1501    
CTETRA  17090   1       2545    2546    2562    2393    
CTETRA  17091   1       6177    6368    2151    2152    
CTETRA  17092   1       3758    6323    3757    4762    
CTETRA  17093   1       4238    4239    1334    6404    
CTETRA  17094   1       96      60      95      212     
CTETRA  17095   1       5911    5912    1473    2201    
CTETRA  17096   1       1415    1406    3472    2297    
CTETRA  17097   1       5087    5086    6021    5420    
CTETRA  17098   1       2732    4267    1902    3378    
CTETRA  17099   1       571     1901    4236    1903    
CTETRA  17100   1       3606    5075    3607    5076    
CTETRA  17101   1       265     1394    2922    3455    
CTETRA  17102   1       304     2050    1387    1337    
CTETRA  17103   1       548     202     1072    4189    
CTETRA  17104   1       3973    2515    3765    1807    
CTETRA  17105   1       6261    581     579     4676    
CTETRA  17106   1       1307    729     1304    1308    
CTETRA  17107   1       4640    4639    6023    5633    
CTETRA  17108   1       2228    1425    410     1870    
CTETRA  17109   1       1302    4048    1303    5190    
CTETRA  17110   1       2670    2671    2939    749     
CTETRA  17111   1       1401    2050    1337    3004    
CTETRA  17112   1       2545    1370    2393    4120    
CTETRA  17113   1       3017    2342    2582    2341    
CTETRA  17114   1       2354    2087    2979    1589    
CTETRA  17115   1       2308    2651    2217    2691    
CTETRA  17116   1       4809    581     579     5044    
CTETRA  17117   1       3852    6482    2335    843     
CTETRA  17118   1       3008    6482    2335    3345    
CTETRA  17119   1       2432    3057    3139    2650    
CTETRA  17120   1       5923    407     3503    3502    
CTETRA  17121   1       1675    2699    2530    2443    
CTETRA  17122   1       2213    2217    2651    2690    
CTETRA  17123   1       2075    4413    2082    3785    
CTETRA  17124   1       3970    3214    1186    2678    
CTETRA  17125   1       2938    1905    2582    4236    
CTETRA  17126   1       1707    2030    5285    993     
CTETRA  17127   1       2412    2347    2401    2865    
CTETRA  17128   1       1246    1188    453     1364    
CTETRA  17129   1       655     656     5499    2235    
CTETRA  17130   1       799     346     3847    3750    
CTETRA  17131   1       1365    2064    1358    1973    
CTETRA  17132   1       3677    6482    3558    3347    
CTETRA  17133   1       1980    2133    2524    2631    
CTETRA  17134   1       501     3008    2984    503     
CTETRA  17135   1       3562    59      61      855     
CTETRA  17136   1       1438    437     2367    2226    
CTETRA  17137   1       362     3193    1434    2343    
CTETRA  17138   1       1903    1901    1829    4114    
CTETRA  17139   1       362     3193    1378    2086    
CTETRA  17140   1       2353    1867    3788    1482    
CTETRA  17141   1       2524    2070    2523    2021    
CTETRA  17142   1       1974    1972    335     3089    
CTETRA  17143   1       1424    656     2764    6488    
CTETRA  17144   1       2875    2075    2076    3188    
CTETRA  17145   1       2120    2794    1295    2119    
CTETRA  17146   1       1045    1046    2586    2402    
CTETRA  17147   1       694     2399    2139    2138    
CTETRA  17148   1       2137    2939    697     2350    
CTETRA  17149   1       5910    3585    1984    6188    
CTETRA  17150   1       1480    2103    1865    2101    
CTETRA  17151   1       5025    1923    3747    2437    
CTETRA  17152   1       4153    3599    6038    3829    
CTETRA  17153   1       3018    3017    2428    2110    
CTETRA  17154   1       1685    2869    1900    1901    
CTETRA  17155   1       2226    436     2228    2227    
CTETRA  17156   1       1394    1395    264     265     
CTETRA  17157   1       2213    2644    2209    3146    
CTETRA  17158   1       4144    762     502     2985    
CTETRA  17159   1       748     747     746     1125    
CTETRA  17160   1       3455    2990    2989    3069    
CTETRA  17161   1       1522    1517    2354    1378    
CTETRA  17162   1       324     323     325     2014    
CTETRA  17163   1       3711    3606    5077    3174    
CTETRA  17164   1       3164    6025    4818    3165    
CTETRA  17165   1       636     1405    3516    1407    
CTETRA  17166   1       6245    6161    3156    4057    
CTETRA  17167   1       4945    6161    6245    4057    
CTETRA  17168   1       749     713     667     666     
CTETRA  17169   1       4040    4041    4160    3153    
CTETRA  17170   1       2138    2137    4720    2668    
CTETRA  17171   1       3200    632     5826    1778    
CTETRA  17172   1       5242    4562    4561    5458    
CTETRA  17173   1       1932    1889    2215    2214    
CTETRA  17174   1       6342    2939    2670    2668    
CTETRA  17175   1       2012    1972    2715    2064    
CTETRA  17176   1       732     672     692     2350    
CTETRA  17177   1       2559    1779    3200    2560    
CTETRA  17178   1       1911    440     385     1891    
CTETRA  17179   1       705     1986    607     1985    
CTETRA  17180   1       5281    4085    5025    3184    
CTETRA  17181   1       2437    2436    5025    3184    
CTETRA  17182   1       1278    2200    1276    2795    
CTETRA  17183   1       4767    260     261     3172    
CTETRA  17184   1       1334    4239    4020    1335    
CTETRA  17185   1       5920    5043    6290    6320    
CTETRA  17186   1       480     200     482     1177    
CTETRA  17187   1       3831    1302    3411    5190    
CTETRA  17188   1       1392    3473    1388    1393    
CTETRA  17189   1       3197    430     1866    2197    
CTETRA  17190   1       3506    3188    3785    3187    
CTETRA  17191   1       2335    2336    3345    844     
CTETRA  17192   1       3793    652     651     3008    
CTETRA  17193   1       717     803     804     831     
CTETRA  17194   1       3570    2008    2238    2239    
CTETRA  17195   1       2483    837     2484    3605    
CTETRA  17196   1       1318    777     343     1311    
CTETRA  17197   1       28      2370    2067    2863    
CTETRA  17198   1       2240    5503    3145    3144    
CTETRA  17199   1       883     681     698     3536    
CTETRA  17200   1       2021    2523    3238    2070    
CTETRA  17201   1       2480    362     2805    2052    
CTETRA  17202   1       3586    5450    705     2592    
CTETRA  17203   1       1627    1626    1102    972     
CTETRA  17204   1       3886    295     101     5455    
CTETRA  17205   1       694     3299    4722    2138    
CTETRA  17206   1       2885    2071    1842    2589    
CTETRA  17207   1       5603    892     3608    6335    
CTETRA  17208   1       2194    2193    2581    1455    
CTETRA  17209   1       1829    1901    5063    3820    
CTETRA  17210   1       1262    2625    3970    2677    
CTETRA  17211   1       410     409     2032    2080    
CTETRA  17212   1       2236    801     798     800     
CTETRA  17213   1       502     761     503     2985    
CTETRA  17214   1       1267    2678    3329    1184    
CTETRA  17215   1       3227    3228    2808    2809    
CTETRA  17216   1       264     363     1383    1378    
CTETRA  17217   1       2343    1434    362     2052    
CTETRA  17218   1       5870    2347    5631    2568    
CTETRA  17219   1       6177    4246    2152    4245    
CTETRA  17220   1       3886    1602    295     5455    
CTETRA  17221   1       294     295     1603    6209    
CTETRA  17222   1       2582    3593    1455    1454    
CTETRA  17223   1       3680    3682    102     2683    
CTETRA  17224   1       1310    1295    2794    2119    
CTETRA  17225   1       5189    659     763     5183    
CTETRA  17226   1       3570    2239    2240    3714    
CTETRA  17227   1       3057    768     3058    3451    
CTETRA  17228   1       1494    1991    2266    1969    
CTETRA  17229   1       378     468     3412    1323    
CTETRA  17230   1       1968    1492    403     1991    
CTETRA  17231   1       2922    1394    1341    2989    
CTETRA  17232   1       746     3458    1127    1241    
CTETRA  17233   1       2543    2283    2256    2890    
CTETRA  17234   1       694     2399    2400    2139    
CTETRA  17235   1       5871    829     3897    4993    
CTETRA  17236   1       5112    4931    5029    2436    
CTETRA  17237   1       2543    2544    2189    2257    
CTETRA  17238   1       3268    4152    5566    4721    
CTETRA  17239   1       4346    5450    6023    6135    
CTETRA  17240   1       3189    802     801     4413    
CTETRA  17241   1       1294    1293    747     1125    
CTETRA  17242   1       367     366     3354    2863    
CTETRA  17243   1       5949    5561    6367    5562    
CTETRA  17244   1       5190    659     3410    5563    
CTETRA  17245   1       1378    2343    3193    1384    
CTETRA  17246   1       360     1247    1245    1246    
CTETRA  17247   1       2988    1669    1671    1698    
CTETRA  17248   1       5911    5912    2701    1473    
CTETRA  17249   1       3346    1036    3565    1197    
CTETRA  17250   1       1687    523     2419    1598    
CTETRA  17251   1       682     681     698     4213    
CTETRA  17252   1       2849    324     325     2014    
CTETRA  17253   1       5044    581     579     6261    
CTETRA  17254   1       4767    260     3172    2917    
CTETRA  17255   1       5918    5043    2007    6290    
CTETRA  17256   1       1262    2677    1281    2625    
CTETRA  17257   1       1984    3586    6188    3587    
CTETRA  17258   1       705     704     706     844     
CTETRA  17259   1       1374    1592    5556    2603    
CTETRA  17260   1       2268    2682    810     811     
CTETRA  17261   1       3378    2941    2602    2601    
CTETRA  17262   1       2698    3200    646     2560    
CTETRA  17263   1       2058    1299    2096    3214    
CTETRA  17264   1       3181    2040    2850    2851    
CTETRA  17265   1       332     330     331     329     
CTETRA  17266   1       835     3549    481     1083    
CTETRA  17267   1       3221    3235    5710    2333    
CTETRA  17268   1       6120    5520    6077    5519    
CTETRA  17269   1       2524    2644    2070    2021    
CTETRA  17270   1       6079    6078    6077    4268    
CTETRA  17271   1       1524    84      82      3888    
CTETRA  17272   1       3933    651     3267    4282    
CTETRA  17273   1       3461    302     301     1368    
CTETRA  17274   1       3143    2240    3144    3714    
CTETRA  17275   1       3791    3790    5756    5603    
CTETRA  17276   1       410     1426    2227    409     
CTETRA  17277   1       2058    2677    3277    2678    
CTETRA  17278   1       5354    2717    2203    1898    
CTETRA  17279   1       4036    3267    3540    3933    
CTETRA  17280   1       2687    2419    100     3981    
CTETRA  17281   1       1194    1196    1195    5172    
CTETRA  17282   1       1387    304     370     1386    
CTETRA  17283   1       1984    607     3358    2491    
CTETRA  17284   1       857     5022    262     885     
CTETRA  17285   1       2544    2189    831     817     
CTETRA  17286   1       3277    3330    2677    1262    
CTETRA  17287   1       3091    372     373     2431    
CTETRA  17288   1       5276    992     2248    3850    
CTETRA  17289   1       1690    635     3621    2684    
CTETRA  17290   1       2729    1392    364     1437    
CTETRA  17291   1       1829    4114    4267    2602    
CTETRA  17292   1       2410    1410    2448    2443    
CTETRA  17293   1       1827    4262    1828    1829    
CTETRA  17294   1       323     565     567     325     
CTETRA  17295   1       2342    2110    3017    2582    
CTETRA  17296   1       6110    5395    1163    4190    
CTETRA  17297   1       4032    3281    6408    1996    
CTETRA  17298   1       2216    808     807     2032    
CTETRA  17299   1       2504    5808    5807    1349    
CTETRA  17300   1       1285    1356    2065    1288    
CTETRA  17301   1       4152    4282    3798    3540    
CTETRA  17302   1       1360    1368    1247    1286    
CTETRA  17303   1       265     264     1394    1382    
CTETRA  17304   1       1216    1083    3605    4964    
CTETRA  17305   1       4023    5063    1829    1827    
CTETRA  17306   1       324     567     565     325     
CTETRA  17307   1       621     620     619     1408    
CTETRA  17308   1       404     2356    2253    2352    
CTETRA  17309   1       4294    4295    4756    4293    
CTETRA  17310   1       2120    1295    380     2119    
CTETRA  17311   1       1479    1480    436     2228    
CTETRA  17312   1       889     2981    888     891     
CTETRA  17313   1       656     2077    2764    6488    
CTETRA  17314   1       6188    5450    3586    5909    
CTETRA  17315   1       813     596     432     2132    
CTETRA  17316   1       1467    1898    1466    1465    
CTETRA  17317   1       656     2082    4550    2234    
CTETRA  17318   1       3267    4152    3268    4721    
CTETRA  17319   1       5748    5955    4295    4293    
CTETRA  17320   1       4944    3156    6161    3828    
CTETRA  17321   1       1438    2577    437     2226    
CTETRA  17322   1       653     661     3535    3619    
CTETRA  17323   1       802     2235    2564    2236    
CTETRA  17324   1       3175    5022    262     856     
CTETRA  17325   1       4189    202     1072    1221    
CTETRA  17326   1       4944    4168    3156    3830    
CTETRA  17327   1       1322    2833    442     4588    
CTETRA  17328   1       319     318     2011    1089    
CTETRA  17329   1       59      60      2276    5388    
CTETRA  17330   1       732     2939    2137    2350    
CTETRA  17331   1       1318    1419    777     1311    
CTETRA  17332   1       3200    629     632     1778    
CTETRA  17333   1       659     5190    5189    5563    
CTETRA  17334   1       2275    2276    60      5388    
CTETRA  17335   1       1870    2228    1425    1676    
CTETRA  17336   1       1828    2705    2814    2601    
CTETRA  17337   1       2228    1459    1482    1870    
CTETRA  17338   1       653     662     652     3535    
CTETRA  17339   1       3682    101     102     2687    
CTETRA  17340   1       3788    1479    1429    1481    
CTETRA  17341   1       2649    2217    2310    2651    
CTETRA  17342   1       3083    1842    3082    3238    
CTETRA  17343   1       549     152     1018    2618    
CTETRA  17344   1       2110    3017    2582    3018    
CTETRA  17345   1       1939    3260    2433    2764    
CTETRA  17346   1       2504    1276    468     3412    
CTETRA  17347   1       4874    3144    1827    4023    
CTETRA  17348   1       2763    1868    1870    1869    
CTETRA  17349   1       2007    3143    2238    2240    
CTETRA  17350   1       1832    2309    766     1834    
CTETRA  17351   1       2039    2040    1796    2849    
CTETRA  17352   1       1003    519     1002    1001    
CTETRA  17353   1       5954    4819    4552    4293    
CTETRA  17354   1       4983    414     4984    6138    
CTETRA  17355   1       2419    522     100     3981    
CTETRA  17356   1       3793    653     652     3535    
CTETRA  17357   1       380     379     378     2119    
CTETRA  17358   1       3666    2564    347     1464    
CTETRA  17359   1       2947    1990    3397    1988    
CTETRA  17360   1       2953    6023    5450    6135    
CTETRA  17361   1       3143    2007    5503    2240    
CTETRA  17362   1       3785    2075    3188    2076    
CTETRA  17363   1       514     1665    1699    2121    
CTETRA  17364   1       2253    403     404     1968    
CTETRA  17365   1       2342    1685    2582    2341    
CTETRA  17366   1       705     844     3852    3345    
CTETRA  17367   1       196     2479    198     3532    
CTETRA  17368   1       572     2874    3190    2237    
CTETRA  17369   1       1300    1278    2134    1277    
CTETRA  17370   1       1293    453     496     2364    
CTETRA  17371   1       1318    317     343     1331    
CTETRA  17372   1       5820    5456    3109    3886    
CTETRA  17373   1       3351    1348    1332    1264    
CTETRA  17374   1       3677    2208    3036    4282    
CTETRA  17375   1       3058    766     768     3056    
CTETRA  17376   1       2163    3762    2984    3036    
CTETRA  17377   1       4944    6161    4945    3828    
CTETRA  17378   1       3197    2101    1866    2020    
CTETRA  17379   1       2033    3376    1459    2032    
CTETRA  17380   1       3378    4267    1902    2602    
CTETRA  17381   1       2530    1421    1675    1677    
CTETRA  17382   1       2564    346     347     2565    
CTETRA  17383   1       295     294     293     6209    
CTETRA  17384   1       1368    1365    1286    2660    
CTETRA  17385   1       430     2197    3197    1840    
CTETRA  17386   1       3208    1964    1986    3467    
CTETRA  17387   1       1904    1903    2938    4263    
CTETRA  17388   1       2209    2644    2070    2524    
CTETRA  17389   1       2183    6068    5281    3183    
CTETRA  17390   1       3214    3213    2096    1269    
CTETRA  17391   1       3512    501     792     3558    
CTETRA  17392   1       1826    3570    2239    1781    
CTETRA  17393   1       3747    2434    4022    5028    
CTETRA  17394   1       3461    301     748     1368    
CTETRA  17395   1       6034    6052    6051    5052    
CTETRA  17396   1       1466    2203    2202    1898    
CTETRA  17397   1       3558    6482    3345    3852    
CTETRA  17398   1       1989    2087    4277    2354    
CTETRA  17399   1       1829    2602    3714    1828    
CTETRA  17400   1       2919    2917    5203    2331    
CTETRA  17401   1       2398    4036    2139    1298    
CTETRA  17402   1       1216    835     837     3605    
CTETRA  17403   1       410     2032    2033    1459    
CTETRA  17404   1       6167    659     5589    5189    
CTETRA  17405   1       5322    5897    5319    5086    
CTETRA  17406   1       5063    4236    2938    3819    
CTETRA  17407   1       2103    1867    1940    1482    
CTETRA  17408   1       826     688     687     6487    
CTETRA  17409   1       831     2189    2544    2257    
CTETRA  17410   1       1493    346     3750    3847    
CTETRA  17411   1       1247    1363    360     1355    
CTETRA  17412   1       803     2881    3227    6487    
CTETRA  17413   1       4757    5954    4552    4293    
CTETRA  17414   1       2677    2058    3277    1281    
CTETRA  17415   1       623     1461    2631    2140    
CTETRA  17416   1       3852    2335    6482    3345    
CTETRA  17417   1       1407    3516    636     1408    
CTETRA  17418   1       1464    1868    3092    1458    
CTETRA  17419   1       2550    4040    2286    2815    
CTETRA  17420   1       3235    2917    5203    2919    
CTETRA  17421   1       1504    3878    3877    4554    
CTETRA  17422   1       6078    6079    1321    4268    
CTETRA  17423   1       3341    2857    2866    2865    
CTETRA  17424   1       363     362     364     1383    
CTETRA  17425   1       373     3091    2431    3750    
CTETRA  17426   1       520     519     1001    1006    
CTETRA  17427   1       1986    3648    1964    3208    
CTETRA  17428   1       1589    263     1378    2088    
CTETRA  17429   1       5814    2017    6126    2015    
CTETRA  17430   1       1352    305     1386    1388    
CTETRA  17431   1       858     5711    5636    3790    
CTETRA  17432   1       1687    1443    523     1587    
CTETRA  17433   1       716     715     2543    2544    
CTETRA  17434   1       5320    5321    2917    2918    
CTETRA  17435   1       4911    5961    3145    4910    
CTETRA  17436   1       1669    1664    1671    1698    
CTETRA  17437   1       1188    453     452     1246    
CTETRA  17438   1       2086    2087    1589    2088    
CTETRA  17439   1       5995    6342    1326    6343    
CTETRA  17440   1       1839    593     1674    1863    
CTETRA  17441   1       756     758     5539    3673    
CTETRA  17442   1       1387    1337    2050    3004    
CTETRA  17443   1       6479    1177    480     1085    
CTETRA  17444   1       2013    2014    323     2853    
CTETRA  17445   1       1480    2195    4261    2379    
CTETRA  17446   1       1197    3346    2438    1126    
CTETRA  17447   1       1517    1989    1519    2041    
CTETRA  17448   1       691     714     668     795     
CTETRA  17449   1       2545    1283    1261    3347    
CTETRA  17450   1       6314    262     260     3172    
CTETRA  17451   1       714     684     691     668     
CTETRA  17452   1       1356    1285    1361    1355    
CTETRA  17453   1       3747    1923    2547    2762    
CTETRA  17454   1       807     347     1460    2080    
CTETRA  17455   1       3350    2341    2098    2967    
CTETRA  17456   1       462     1825    2602    3090    
CTETRA  17457   1       2139    2392    2398    1298    
CTETRA  17458   1       3181    2040    2849    2850    
CTETRA  17459   1       1358    2064    1253    2024    
CTETRA  17460   1       3565    3346    1197    1126    
CTETRA  17461   1       3599    1986    704     3648    
CTETRA  17462   1       1392    2729    1393    1437    
CTETRA  17463   1       1942    2308    1835    1933    
CTETRA  17464   1       6058    5554    5401    2709    
CTETRA  17465   1       1439    2140    623     2631    
CTETRA  17466   1       609     608     607     2349    
CTETRA  17467   1       1362    1369    1289    1291    
CTETRA  17468   1       5028    5029    4931    2436    
CTETRA  17469   1       688     826     819     6487    
CTETRA  17470   1       5910    5632    895     5848    
CTETRA  17471   1       502     503     501     4144    
CTETRA  17472   1       1298    3299    2139    2138    
CTETRA  17473   1       884     3174    5076    3175    
CTETRA  17474   1       2560    3200    646     2799    
CTETRA  17475   1       3561    3559    883     3560    
CTETRA  17476   1       5133    5561    5562    4294    
CTETRA  17477   1       4562    2796    2797    5242    
CTETRA  17478   1       6314    858     3175    856     
CTETRA  17479   1       762     761     502     2985    
CTETRA  17480   1       5190    745     659     5183    
CTETRA  17481   1       453     496     2364    2449    
CTETRA  17482   1       1356    2065    2066    2024    
CTETRA  17483   1       1184    1186    2678    3970    
CTETRA  17484   1       1365    1973    1974    3089    
CTETRA  17485   1       1298    4722    3299    2138    
CTETRA  17486   1       202     201     1073    2618    
CTETRA  17487   1       5883    6176    6248    6368    
CTETRA  17488   1       2939    2138    2669    2668    
CTETRA  17489   1       2356    3092    4175    3272    
CTETRA  17490   1       1311    377     317     1325    
CTETRA  17491   1       3298    3056    3752    1832    
CTETRA  17492   1       892     3607    1007    1009    
CTETRA  17493   1       2153    6176    6368    6177    
CTETRA  17494   1       907     906     632     1778    
CTETRA  17495   1       1989    1517    2087    2354    
CTETRA  17496   1       3354    1255    1396    2987    
CTETRA  17497   1       3887    6417    5819    4292    
CTETRA  17498   1       3329    5566    3968    1267    
CTETRA  17499   1       2335    503     3008    3345    
CTETRA  17500   1       2943    1889    1942    1835    
CTETRA  17501   1       2732    2730    4267    3378    
CTETRA  17502   1       2259    840     1008    1984    
CTETRA  17503   1       3375    3639    1380    1379    
CTETRA  17504   1       4561    3328    2796    5242    
CTETRA  17505   1       1245    359     361     3461    
CTETRA  17506   1       1294    361     1245    1246    
CTETRA  17507   1       1378    1517    2354    2087    
CTETRA  17508   1       4048    1302    3831    5190    
CTETRA  17509   1       3138    2814    2601    1828    
CTETRA  17510   1       1369    1363    1355    1288    
CTETRA  17511   1       5172    1194    1196    1038    
CTETRA  17512   1       1459    2033    2228    1481    
CTETRA  17513   1       1708    2248    992     3850    
CTETRA  17514   1       5993    5801    5992    5800    
CTETRA  17515   1       2288    1354    2287    1353    
CTETRA  17516   1       2729    1392    1393    3639    
CTETRA  17517   1       698     683     681     682     
CTETRA  17518   1       2352    2356    3616    2351    
CTETRA  17519   1       2309    2943    2308    1834    
CTETRA  17520   1       4245    1389    4246    5809    
CTETRA  17521   1       594     432     431     2196    
CTETRA  17522   1       4991    3974    6053    5577    
CTETRA  17523   1       1687    1446    1443    1587    
CTETRA  17524   1       1332    1349    469     1348    
CTETRA  17525   1       1473    1466    2201    2202    
CTETRA  17526   1       1038    1194    6479    1215    
CTETRA  17527   1       1375    1374    5556    3108    
CTETRA  17528   1       6224    5919    6074    6320    
CTETRA  17529   1       2628    3051    3050    3759    
CTETRA  17530   1       2111    2110    1455    3018    
CTETRA  17531   1       1990    2947    1989    1988    
CTETRA  17532   1       3474    841     3404    3463    
CTETRA  17533   1       653     651     3267    3933    
CTETRA  17534   1       1828    1827    1903    3190    
CTETRA  17535   1       3144    4262    4874    1827    
CTETRA  17536   1       662     653     661     3535    
CTETRA  17537   1       1017    520     1001    1006    
CTETRA  17538   1       1100    1102    1130    1101    
CTETRA  17539   1       366     365     2863    1396    
CTETRA  17540   1       1354    1362    2287    1289    
CTETRA  17541   1       1365    2064    1973    3089    
CTETRA  17542   1       2947    1990    2576    3397    
CTETRA  17543   1       5910    893     3178    5769    
CTETRA  17544   1       3139    3057    3058    2650    
CTETRA  17545   1       3876    1503    1502    2724    
CTETRA  17546   1       2523    2021    3238    2020    
CTETRA  17547   1       1347    1345    1252    1344    
CTETRA  17548   1       3189    4263    2433    3187    
CTETRA  17549   1       2603    84      521     3887    
CTETRA  17550   1       1855    1854    812     814     
CTETRA  17551   1       3190    3188    2875    2076    
CTETRA  17552   1       725     763     724     726     
CTETRA  17553   1       2021    1842    3238    2018    
CTETRA  17554   1       3172    858     6314    857     
CTETRA  17555   1       1457    2267    2266    809     
CTETRA  17556   1       1360    1973    1974    1286    
CTETRA  17557   1       1245    747     748     3461    
CTETRA  17558   1       2070    2213    2212    2644    
CTETRA  17559   1       2103    1865    2101    1866    
CTETRA  17560   1       2982    3639    364     2231    
CTETRA  17561   1       4022    3272    1939    2547    
CTETRA  17562   1       3354    2089    2026    1255    
CTETRA  17563   1       776     1305    2571    1306    
CTETRA  17564   1       3354    365     2089    2987    
CTETRA  17565   1       3043    293     3682    5445    
CTETRA  17566   1       2947    1990    1989    2576    
CTETRA  17567   1       4005    5784    580     4676    
CTETRA  17568   1       1831    1833    2170    1832    
CTETRA  17569   1       2824    475     476     6326    
CTETRA  17570   1       5920    5043    5918    6290    
CTETRA  17571   1       3762    3329    3331    4161    
CTETRA  17572   1       5503    3145    3143    2240    
CTETRA  17573   1       3036    3798    2208    3331    
CTETRA  17574   1       333     334     335     2661    
CTETRA  17575   1       894     892     1007    2566    
CTETRA  17576   1       1426    409     1438    2227    
CTETRA  17577   1       4032    515     1699    2121    
CTETRA  17578   1       1868    2356    3092    1458    
CTETRA  17579   1       1336    3084    1401    1403    
CTETRA  17580   1       858     2332    5636    5710    
CTETRA  17581   1       2066    2068    2065    2026    
CTETRA  17582   1       343     776     777     1318    
CTETRA  17583   1       330     332     711     329     
CTETRA  17584   1       4933    3547    5112    3144    
CTETRA  17585   1       5919    2006    5043    6320    
CTETRA  17586   1       3798    5566    3968    3329    
CTETRA  17587   1       4931    5025    3747    2436    
CTETRA  17588   1       1932    1889    2214    2943    
CTETRA  17589   1       1776    5276    2248    3850    
CTETRA  17590   1       5935    411     413     5427    
CTETRA  17591   1       302     1954    1257    1249    
CTETRA  17592   1       403     1991    1969    1968    
CTETRA  17593   1       629     3200    1779    1778    
CTETRA  17594   1       1395    265     1341    1528    
CTETRA  17595   1       2989    2990    1391    3069    
CTETRA  17596   1       3605    2484    2483    4964    
CTETRA  17597   1       5214    4296    407     1507    
CTETRA  17598   1       724     659     745     5183    
CTETRA  17599   1       2349    2348    761     2402    
CTETRA  17600   1       2430    1990    2703    2294    
CTETRA  17601   1       5243    2796    5242    2798    
CTETRA  17602   1       5710    2332    5637    4734    
CTETRA  17603   1       615     2874    571     2875    
CTETRA  17604   1       4756    4552    4553    4293    
CTETRA  17605   1       2602    1829    4114    1828    
CTETRA  17606   1       6245    6161    4945    4944    
CTETRA  17607   1       3084    1336    303     1403    
CTETRA  17608   1       1421    3012    1296    1297    
CTETRA  17609   1       5819    521     100     6417    
CTETRA  17610   1       3189    572     4263    3187    
CTETRA  17611   1       2348    2491    2347    2349    
CTETRA  17612   1       5710    5203    2332    2333    
CTETRA  17613   1       2410    2444    1435    2443    
CTETRA  17614   1       1286    1973    1974    1365    
CTETRA  17615   1       5819    2603    521     3887    
CTETRA  17616   1       496     1293    2364    2365    
CTETRA  17617   1       468     2504    3412    2503    
CTETRA  17618   1       1320    3319    1421    2120    
CTETRA  17619   1       5603    892     2567    3608    
CTETRA  17620   1       1482    1481    1459    2228    
CTETRA  17621   1       3973    3765    2549    1807    
CTETRA  17622   1       795     691     672     692     
CTETRA  17623   1       3020    2814    614     2874    
CTETRA  17624   1       2958    1389    4245    4244    
CTETRA  17625   1       4028    2550    2705    4029    
CTETRA  17626   1       4722    2669    2138    2668    
CTETRA  17627   1       1429    439     1496    1479    
CTETRA  17628   1       265     1394    1341    2922    
CTETRA  17629   1       84      83      3888    2603    
CTETRA  17630   1       371     402     1493    3847    
CTETRA  17631   1       5571    3497    1293    1290    
CTETRA  17632   1       468     3412    1323    1324    
CTETRA  17633   1       3175    858     5075    856     
CTETRA  17634   1       3377    2006    6015    1930    
CTETRA  17635   1       5910    5631    5632    5909    
CTETRA  17636   1       1515    5020    3379    2700    
CTETRA  17637   1       2308    1835    1933    1834    
CTETRA  17638   1       2953    6023    4346    4639    
CTETRA  17639   1       3545    1492    2581    1456    
CTETRA  17640   1       1198    746     1127    1241    
CTETRA  17641   1       6251    6175    4913    5880    
CTETRA  17642   1       681     883     3560    3536    
CTETRA  17643   1       4931    3547    5281    3184    
CTETRA  17644   1       3569    1782    2798    1780    
CTETRA  17645   1       1320    1319    1405    3472    
CTETRA  17646   1       1286    1358    1973    1365    
CTETRA  17647   1       3328    5243    5826    1777    
CTETRA  17648   1       436     2577    1497    2227    
CTETRA  17649   1       5029    2433    4022    4023    
CTETRA  17650   1       1903    4263    572     3187    
CTETRA  17651   1       1776    5276    992     2248    
CTETRA  17652   1       1997    1703    2029    2118    
CTETRA  17653   1       5477    2550    2814    2815    
CTETRA  17654   1       5808    2504    469     1349    
CTETRA  17655   1       2214    2943    1836    1835    
CTETRA  17656   1       3620    3621    1599    2684    
CTETRA  17657   1       2410    1410    2296    2448    
CTETRA  17658   1       1996    6408    4032    2121    
CTETRA  17659   1       842     706     844     843     
CTETRA  17660   1       2026    2068    367     3354    
CTETRA  17661   1       5499    656     4550    2234    
CTETRA  17662   1       3677    6482    3793    3008    
CTETRA  17663   1       2075    3189    779     4413    
CTETRA  17664   1       1428    1427    1429    1495    
CTETRA  17665   1       5203    5710    3235    2333    
CTETRA  17666   1       4182    3467    1986    3179    
CTETRA  17667   1       2437    3747    1939    2762    
CTETRA  17668   1       3152    2286    3157    2285    
CTETRA  17669   1       2152    2151    4902    3914    
CTETRA  17670   1       3351    1332    1328    1264    
CTETRA  17671   1       3747    2434    5028    2436    
CTETRA  17672   1       1298    2138    2137    4720    
CTETRA  17673   1       2228    1426    1425    1676    
CTETRA  17674   1       5445    3681    2029    1703    
CTETRA  17675   1       2053    2229    1434    2051    
CTETRA  17676   1       1337    304     2050    1336    
CTETRA  17677   1       2577    436     437     2227    
CTETRA  17678   1       5808    5807    1349    3351    
CTETRA  17679   1       2480    1436    1380    2729    
CTETRA  17680   1       502     501     792     3512    
CTETRA  17681   1       1512    6452    1513    3379    
CTETRA  17682   1       3852    2335    844     843     
CTETRA  17683   1       580     579     581     4676    
CTETRA  17684   1       4775    1314    3400    4132    
CTETRA  17685   1       324     567     1798    2988    
CTETRA  17686   1       5910    895     893     5769    
CTETRA  17687   1       100     5819    4292    5820    
CTETRA  17688   1       2342    1685    2932    2582    
CTETRA  17689   1       1435    2367    437     2226    
CTETRA  17690   1       2762    1925    1923    1924    
CTETRA  17691   1       1445    1588    2430    1442    
CTETRA  17692   1       1378    2343    1522    3193    
CTETRA  17693   1       2543    2256    1983    2257    
CTETRA  17694   1       1889    2942    2214    2943    
CTETRA  17695   1       595     619     621     813     
CTETRA  17696   1       5243    3328    2796    1777    
CTETRA  17697   1       318     730     685     1089    
CTETRA  17698   1       571     2869    3017    1905    
CTETRA  17699   1       2235    802     2233    2236    
CTETRA  17700   1       6314    262     3172    857     
CTETRA  17701   1       4182    900     3466    3467    
CTETRA  17702   1       503     502     2985    4144    
CTETRA  17703   1       2018    3082    1842    3238    
CTETRA  17704   1       199     198     197     5679    
CTETRA  17705   1       1902    1901    615     3138    
CTETRA  17706   1       3189    779     573     2075    
CTETRA  17707   1       3933    3540    4036    2393    
CTETRA  17708   1       3331    3761    2207    2161    
CTETRA  17709   1       3257    5177    3256    2683    
CTETRA  17710   1       3596    1690    3256    2684    
CTETRA  17711   1       5573    5637    6315    4734    
CTETRA  17712   1       5748    3878    2629    3757    
CTETRA  17713   1       3358    2347    3463    1008    
CTETRA  17714   1       1375    1374    1592    5556    
CTETRA  17715   1       2560    1777    3200    2799    
CTETRA  17716   1       5321    4767    2917    2918    
CTETRA  17717   1       5172    6110    5396    1163    
CTETRA  17718   1       1372    2545    1370    1282    
CTETRA  17719   1       5637    6315    5710    5573    
CTETRA  17720   1       1973    1360    1361    1286    
CTETRA  17721   1       6224    2006    5919    6320    
CTETRA  17722   1       2068    367     369     1353    
CTETRA  17723   1       3082    2018    3083    3238    
CTETRA  17724   1       5285    2030    255     1775    
CTETRA  17725   1       3184    2183    5281    3183    
CTETRA  17726   1       3084    1401    1352    1336    
CTETRA  17727   1       1939    3747    4022    2547    
CTETRA  17728   1       1493    346     1494    3750    
CTETRA  17729   1       3138    2601    1902    2602    
CTETRA  17730   1       4175    1454    3272    3260    
CTETRA  17731   1       623     2631    1858    2688    
CTETRA  17732   1       3272    2433    4022    3260    
CTETRA  17733   1       1360    1368    1286    2660    
CTETRA  17734   1       2567    4181    900     2259    
CTETRA  17735   1       1363    452     1246    1364    
CTETRA  17736   1       6350    6051    6052    5052    
CTETRA  17737   1       3152    3154    2286    2285    
CTETRA  17738   1       731     730     685     2001    
CTETRA  17739   1       1942    2217    2943    2308    
CTETRA  17740   1       2354    4277    1524    2979    
CTETRA  17741   1       3227    2881    803     2808    
CTETRA  17742   1       5883    2153    6176    6368    
CTETRA  17743   1       1036    4265    3974    1038    
CTETRA  17744   1       2939    749     2671    2940    
CTETRA  17745   1       2098    3150    2429    3350    
CTETRA  17746   1       3317    1590    3316    1377    
CTETRA  17747   1       1260    1242    792     790     
CTETRA  17748   1       566     565     323     325     
CTETRA  17749   1       799     372     2431    3750    
CTETRA  17750   1       96      95      60      520     
CTETRA  17751   1       739     380     377     378     
CTETRA  17752   1       1073    548     202     1072    
CTETRA  17753   1       2030    255     629     1772    
CTETRA  17754   1       2676    694     2400    2139    
CTETRA  17755   1       3200    2698    2559    2560    
CTETRA  17756   1       3558    1244    3512    2163    
CTETRA  17757   1       1464    347     2081    2080    
CTETRA  17758   1       1195    6054    5396    1196    
CTETRA  17759   1       2014    325     2850    2013    
CTETRA  17760   1       694     697     2138    2939    
CTETRA  17761   1       365     3354    2863    1396    
CTETRA  17762   1       5910    6188    3178    3587    
CTETRA  17763   1       647     2559    2560    2561    
CTETRA  17764   1       1888    1866    2101    2020    
CTETRA  17765   1       3272    3092    4175    3260    
CTETRA  17766   1       1374    3888    2603    3887    
CTETRA  17767   1       1968    1492    2253    403     
CTETRA  17768   1       501     2984    2163    4144    
CTETRA  17769   1       1253    3089    2064    1365    
CTETRA  17770   1       6290    5043    2007    5479    
CTETRA  17771   1       1419    1405    1320    1318    
CTETRA  17772   1       1005    212     94      1006    
CTETRA  17773   1       1378    2086    1589    2088    
CTETRA  17774   1       761     503     3007    2592    
CTETRA  17775   1       593     2763    1869    1864    
CTETRA  17776   1       1363    1369    1287    1288    
CTETRA  17777   1       2491    5909    761     2348    
CTETRA  17778   1       2563    2208    1283    3347    
CTETRA  17779   1       5028    4931    3747    2436    
CTETRA  17780   1       2738    3616    2356    2351    
CTETRA  17781   1       361     360     1245    1246    
CTETRA  17782   1       496     453     497     2449    
CTETRA  17783   1       686     2258    1983    2144    
CTETRA  17784   1       1482    2356    1868    1458    
CTETRA  17785   1       4734    6315    6424    2800    
CTETRA  17786   1       3547    5281    4932    4931    
CTETRA  17787   1       82      1373    1590    1589    
CTETRA  17788   1       3267    4282    4152    3540    
CTETRA  17789   1       697     2138    2939    2137    
CTETRA  17790   1       607     1984    3586    2491    
CTETRA  17791   1       2194    2581    372     2111    
CTETRA  17792   1       4292    101     2687    5820    
CTETRA  17793   1       1341    1394    265     1395    
CTETRA  17794   1       1946    5299    5992    5800    
CTETRA  17795   1       5281    2185    6068    2183    
CTETRA  17796   1       2119    379     3412    1324    
CTETRA  17797   1       436     1479    2228    2227    
CTETRA  17798   1       165     1470    1468    1469    
CTETRA  17799   1       615     634     633     616     
CTETRA  17800   1       567     324     323     325     
CTETRA  17801   1       1194    480     6479    1178    
CTETRA  17802   1       5710    2332    4734    2333    
CTETRA  17803   1       1428    1495    3376    1427    
CTETRA  17804   1       2582    2341    1685    3017    
CTETRA  17805   1       2189    2544    715     815     
CTETRA  17806   1       3847    2565    4175    402     
CTETRA  17807   1       2601    2705    2814    3740    
CTETRA  17808   1       3681    3682    102     3680    
CTETRA  17809   1       6452    1513    1514    1512    
CTETRA  17810   1       5807    5808    1327    3351    
CTETRA  17811   1       5910    893     3585    3178    
CTETRA  17812   1       2577    2033    808     1497    
CTETRA  17813   1       633     2420    1691    2422    
CTETRA  17814   1       840     607     3358    1984    
CTETRA  17815   1       4032    1699    1996    2121    
CTETRA  17816   1       1426    410     2227    2228    
CTETRA  17817   1       3412    379     378     1323    
CTETRA  17818   1       1421    3012    1419    1296    
CTETRA  17819   1       1245    1247    359     1368    
CTETRA  17820   1       4479    3152    3157    2285    
CTETRA  17821   1       5243    2796    3328    5280    
CTETRA  17822   1       166     375     4046    164     
CTETRA  17823   1       1255    3354    2089    2987    
CTETRA  17824   1       1127    2438    1126    1198    
CTETRA  17825   1       1460    2032    1457    807     
CTETRA  17826   1       3178    3585    5910    3587    
CTETRA  17827   1       761     3345    503     2592    
CTETRA  17828   1       2103    2101    2102    1888    
CTETRA  17829   1       3267    3450    4036    2139    
CTETRA  17830   1       3139    2310    2651    2650    
CTETRA  17831   1       1007    2568    894     2566    
CTETRA  17832   1       2240    3145    3143    3144    
CTETRA  17833   1       837     836     1216    1051    
CTETRA  17834   1       453     1294    1246    2449    
CTETRA  17835   1       1260    3618    3395    2586    
CTETRA  17836   1       892     893     2567    2566    
CTETRA  17837   1       347     2081    3666    1464    
CTETRA  17838   1       596     432     595     813     
CTETRA  17839   1       1290    5571    3497    1126    
CTETRA  17840   1       2942    2217    1841    2690    
CTETRA  17841   1       1319    1320    1318    1311    
CTETRA  17842   1       2288    1354    1362    2287    
CTETRA  17843   1       2020    2523    2689    3238    
CTETRA  17844   1       2964    3740    5738    2706    
CTETRA  17845   1       402     2255    2253    2738    
CTETRA  17846   1       3404    3341    1050    3474    
CTETRA  17847   1       3377    6198    5784    5448    
CTETRA  17848   1       3020    4040    5477    2815    
CTETRA  17849   1       3502    4523    5923    4983    
CTETRA  17850   1       1261    1283    792     3347    
CTETRA  17851   1       2197    431     2195    2196    
CTETRA  17852   1       3317    5556    1592    1377    
CTETRA  17853   1       3850    3851    1708    3680    
CTETRA  17854   1       2588    2674    1127    1241    
CTETRA  17855   1       1045    1046    2402    1040    
CTETRA  17856   1       2687    102     3682    2683    
CTETRA  17857   1       5395    1195    5396    1163    
CTETRA  17858   1       4168    3156    6245    4944    
CTETRA  17859   1       5177    3257    3850    2683    
CTETRA  17860   1       1903    1828    4114    1829    
CTETRA  17861   1       2189    2544    815     817     
CTETRA  17862   1       1435    638     1410    2443    
CTETRA  17863   1       3007    5909    6023    5633    
CTETRA  17864   1       1458    3092    1464    2565    
CTETRA  17865   1       5450    5909    3007    2592    
CTETRA  17866   1       2081    655     654     5499    
CTETRA  17867   1       1053    1055    1054    2412    
CTETRA  17868   1       2480    362     2052    2729    
CTETRA  17869   1       402     371     1456    3847    
CTETRA  17870   1       2623    2516    2515    5814    
CTETRA  17871   1       2991    2992    2200    2867    
CTETRA  17872   1       3299    694     2139    2138    
CTETRA  17873   1       2810    2938    4236    3819    
CTETRA  17874   1       3402    1901    4114    3820    
CTETRA  17875   1       2007    5479    2008    2238    
CTETRA  17876   1       2032    2033    2216    808     
CTETRA  17877   1       3558    6482    3677    3036    
CTETRA  17878   1       2208    3277    3330    3331    
CTETRA  17879   1       1240    2207    3761    2161    
CTETRA  17880   1       430     431     2197    1840    
CTETRA  17881   1       166     375     4942    4046    
CTETRA  17882   1       6362    4932    2184    2185    
CTETRA  17883   1       2259    3585    840     1984    
CTETRA  17884   1       901     2259    900     3208    
CTETRA  17885   1       1527    1443    84      1440    
CTETRA  17886   1       5635    3266    4282    3798    
CTETRA  17887   1       1247    359     360     1245    
CTETRA  17888   1       3367    2380    3375    1379    
CTETRA  17889   1       1360    360     1247    359     
CTETRA  17890   1       1692    635     1690    5904    
CTETRA  17891   1       4040    3157    4041    3153    
CTETRA  17892   1       2577    437     436     1497    
CTETRA  17893   1       2119    379     378     3412    
CTETRA  17894   1       5189    6167    659     5563    
CTETRA  17895   1       5679    197     199     5779    
CTETRA  17896   1       5396    1195    1194    1163    
CTETRA  17897   1       347     1464    1460    2080    
CTETRA  17898   1       453     1293    1294    2364    
CTETRA  17899   1       4277    2354    2087    2979    
CTETRA  17900   1       3257    1776    2248    3850    
CTETRA  17901   1       513     1665    1664    1699    
CTETRA  17902   1       2089    2026    367     3354    
CTETRA  17903   1       1186    2626    2096    3214    
CTETRA  17904   1       2941    462     2602    2601    
CTETRA  17905   1       2216    2033    1428    808     
CTETRA  17906   1       3791    5603    4181    2567    
CTETRA  17907   1       1255    2026    2068    2067    
CTETRA  17908   1       1250    1345    1252    1251    
CTETRA  17909   1       1380    1436    1393    2729    
CTETRA  17910   1       748     332     3458    1248    
CTETRA  17911   1       5075    5076    3174    3175    
CTETRA  17912   1       1008    2568    2566    2259    
CTETRA  17913   1       2058    2627    2625    2626    
CTETRA  17914   1       1592    1590    3317    1377    
CTETRA  17915   1       303     305     1352    3084    
CTETRA  17916   1       762     1045    2586    2402    
CTETRA  17917   1       2050    304     1352    1336    
CTETRA  17918   1       3347    6482    3558    3852    
CTETRA  17919   1       2491    5632    5909    2348    
CTETRA  17920   1       6208    3043    294     6209    
CTETRA  17921   1       1981    3894    1858    1982    
CTETRA  17922   1       5029    4022    2434    5028    
CTETRA  17923   1       4175    2565    3092    402     
CTETRA  17924   1       2545    1261    1282    1372    
CTETRA  17925   1       699     698     681     3536    
CTETRA  17926   1       2195    1480    4261    1865    
CTETRA  17927   1       4292    2687    101     3886    
CTETRA  17928   1       2033    409     808     2032    
CTETRA  17929   1       5189    5190    659     5183    
CTETRA  17930   1       3043    293     294     6209    
CTETRA  17931   1       2144    2258    2682    2269    
CTETRA  17932   1       3974    1196    4265    6053    
CTETRA  17933   1       5631    5632    5909    2491    
CTETRA  17934   1       809     807     347     1457    
CTETRA  17935   1       2067    2026    1256    1255    
CTETRA  17936   1       3621    635     1598    1599    
CTETRA  17937   1       102     1707    3681    3680    
CTETRA  17938   1       895     5910    5848    5769    
CTETRA  17939   1       1479    1480    3788    436     
CTETRA  17940   1       5800    5299    5298    1947    
CTETRA  17941   1       295     1602    1603    5455    
CTETRA  17942   1       1981    1858    1980    1982    
CTETRA  17943   1       3200    5826    2799    1777    
CTETRA  17944   1       362     364     2480    2805    
CTETRA  17945   1       3875    6145    1503    3876    
CTETRA  17946   1       1492    402     371     1456    
CTETRA  17947   1       1037    3341    1050    3404    
CTETRA  17948   1       5566    4152    3968    4721    
CTETRA  17949   1       3420    2446    4270    6488    
CTETRA  17950   1       2352    2353    1482    2351    
CTETRA  17951   1       2189    2256    2543    2257    
CTETRA  17952   1       2729    1383    362     2052    
CTETRA  17953   1       3057    2650    3451    3058    
CTETRA  17954   1       4153    3648    3599    3829    
CTETRA  17955   1       3188    3189    3785    3187    
CTETRA  17956   1       5769    6316    3178    4573    
CTETRA  17957   1       513     514     1665    1699    
CTETRA  17958   1       699     662     660     821     
CTETRA  17959   1       4085    1923    5025    1925    
CTETRA  17960   1       3522    1261    1260    3852    
CTETRA  17961   1       2733    647     461     3695    
CTETRA  17962   1       619     595     432     813     
CTETRA  17963   1       3347    2545    3677    843     
CTETRA  17964   1       5603    893     4181    2567    
CTETRA  17965   1       1318    1404    1319    1325    
CTETRA  17966   1       5631    5632    895     5910    
CTETRA  17967   1       3144    2240    4262    3714    
CTETRA  17968   1       1461    1864    2020    2689    
CTETRA  17969   1       3345    3558    3852    792     
CTETRA  17970   1       3175    5076    884     856     
CTETRA  17971   1       856     884     262     857     
CTETRA  17972   1       2863    2067    28      1396    
CTETRA  17973   1       377     380     739     1416    
CTETRA  17974   1       2729    1436    1393    1437    
CTETRA  17975   1       2737    1458    404     2756    
CTETRA  17976   1       1524    1527    1525    1526    
CTETRA  17977   1       4190    1162    4189    1221    
CTETRA  17978   1       4023    1827    2433    4263    
CTETRA  17979   1       2629    3878    643     1504    
CTETRA  17980   1       1986    607     1984    3586    
CTETRA  17981   1       734     672     697     2350    
CTETRA  17982   1       5631    5632    2568    895     
CTETRA  17983   1       2690    2942    2217    2943    
CTETRA  17984   1       1091    1327    1326    3351    
CTETRA  17985   1       3188    3506    2284    3187    
CTETRA  17986   1       1774    5276    3853    993     
CTETRA  17987   1       1482    2756    2353    2352    
CTETRA  17988   1       1690    3596    1599    2684    
CTETRA  17989   1       420     419     418     6477    
CTETRA  17990   1       3458    746     748     1248    
CTETRA  17991   1       2332    5636    5710    5637    
CTETRA  17992   1       572     571     1905    1903    
CTETRA  17993   1       761     2491    2348    2349    
CTETRA  17994   1       1865    1867    1866    2103    
CTETRA  17995   1       1244    2207    2161    2163    
CTETRA  17996   1       1038    1084    4264    1215    
CTETRA  17997   1       2309    2308    2649    1933    
CTETRA  17998   1       1125    747     746     1290    
CTETRA  17999   1       4283    2017    2015    2016    
CTETRA  18000   1       2163    501     3558    3036    
CTETRA  18001   1       2309    2310    3058    3451    
CTETRA  18002   1       2737    1459    2756    2032    
CTETRA  18003   1       2020    2523    1461    2689    
CTETRA  18004   1       3331    3277    3330    3329    
CTETRA  18005   1       3298    3752    2170    1832    
CTETRA  18006   1       3829    4153    3648    1964    
CTETRA  18007   1       502     501     503     3345    
CTETRA  18008   1       1291    452     1363    1364    
CTETRA  18009   1       3677    2563    2545    3347    
CTETRA  18010   1       2200    1299    2991    2867    
CTETRA  18011   1       2163    2984    501     3036    
CTETRA  18012   1       5520    4268    6077    5519    
CTETRA  18013   1       3473    1352    2050    1388    
CTETRA  18014   1       6326    6350    475     5052    
CTETRA  18015   1       367     368     369     1353    
CTETRA  18016   1       1699    1664    513     1698    
CTETRA  18017   1       2650    1982    3146    2432    
CTETRA  18018   1       2438    1197    1126    1198    
CTETRA  18019   1       1690    3257    3596    3256    
CTETRA  18020   1       302     1368    2661    1954    
CTETRA  18021   1       523     522     2419    1598    
CTETRA  18022   1       3260    1939    2547    1868    
CTETRA  18023   1       2026    2067    1256    2066    
CTETRA  18024   1       2729    1380    3639    1393    
CTETRA  18025   1       2364    361     1294    2449    
CTETRA  18026   1       1865    431     2195    2197    
CTETRA  18027   1       1324    468     3412    2503    
CTETRA  18028   1       1252    1345    1347    1251    
CTETRA  18029   1       761     5909    3007    5633    
CTETRA  18030   1       1318    343     776     1306    
CTETRA  18031   1       1244    3558    3512    792     
CTETRA  18032   1       1196    5396    1195    5172    
CTETRA  18033   1       2524    2523    2019    2021    
CTETRA  18034   1       6417    100     5819    4292    
CTETRA  18035   1       5826    5243    646     2799    
CTETRA  18036   1       2576    2430    1525    1527    
CTETRA  18037   1       1900    3626    2420    1902    
CTETRA  18038   1       2660    302     1368    2661    
CTETRA  18039   1       1446    1442    1443    1588    
CTETRA  18040   1       1902    4114    3138    2602    
CTETRA  18041   1       5633    761     5909    2348    
CTETRA  18042   1       372     780     799     2431    
CTETRA  18043   1       1900    3626    1902    615     
CTETRA  18044   1       3496    3497    5571    1126    
CTETRA  18045   1       4239    1334    6404    1335    
CTETRA  18046   1       2450    1246    361     2449    
CTETRA  18047   1       2232    2231    1430    3367    
CTETRA  18048   1       2523    2020    2019    2021    
CTETRA  18049   1       3350    2341    2429    2098    
CTETRA  18050   1       3109    5819    5456    5820    
CTETRA  18051   1       361     360     359     1245    
CTETRA  18052   1       6446    6145    5005    1501    
CTETRA  18053   1       5577    4991    3974    3975    
CTETRA  18054   1       820     660     661     821     
CTETRA  18055   1       1376    3317    3316    1377    
CTETRA  18056   1       522     2419    1598    1599    
CTETRA  18057   1       1869    1868    1940    1941    
CTETRA  18058   1       713     668     667     666     
CTETRA  18059   1       554     324     567     1798    
CTETRA  18060   1       2981    3532    3756    2479    
CTETRA  18061   1       3602    2627    1299    1278    
CTETRA  18062   1       2230    1434    2051    2805    
CTETRA  18063   1       1889    1932    2215    6201    
CTETRA  18064   1       3392    1261    1260    3522    
CTETRA  18065   1       731     684     712     685     
CTETRA  18066   1       2253    2352    2356    3616    
CTETRA  18067   1       4562    4561    2796    5242    
CTETRA  18068   1       2110    2933    2428    3150    
CTETRA  18069   1       2561    647     2733    3695    
CTETRA  18070   1       2737    1458    2756    1459    
CTETRA  18071   1       3060    3059    3894    3061    
CTETRA  18072   1       3473    2050    3004    1388    
CTETRA  18073   1       1905    3017    3018    2582    
CTETRA  18074   1       1599    2419    3620    2684    
CTETRA  18075   1       1425    410     1426    2228    
CTETRA  18076   1       101     100     2687    5820    
CTETRA  18077   1       6353    6344    5884    6248    
CTETRA  18078   1       3472    1320    1416    3319    
CTETRA  18079   1       2089    2025    2026    1255    
CTETRA  18080   1       1435    638     2368    1410    
CTETRA  18081   1       572     2874    571     1903    
CTETRA  18082   1       3473    3375    3795    1379    
CTETRA  18083   1       6120    6111    5914    5915    
CTETRA  18084   1       2058    2627    1281    2625    
CTETRA  18085   1       1369    1363    1287    1291    
CTETRA  18086   1       5561    221     5949    6367    
CTETRA  18087   1       2660    359     1360    1368    
CTETRA  18088   1       1127    1199    2438    1198    
CTETRA  18089   1       3648    6038    3599    3829    
CTETRA  18090   1       3378    2731    2964    1692    
CTETRA  18091   1       520     212     95      60      
CTETRA  18092   1       3329    3762    3798    4161    
CTETRA  18093   1       2436    5025    3747    2437    
CTETRA  18094   1       1980    1858    2631    2688    
CTETRA  18095   1       4263    1827    2433    3187    
CTETRA  18096   1       2163    2208    2207    3331    
CTETRA  18097   1       5820    4292    101     3886    
CTETRA  18098   1       3852    844     2335    3345    
CTETRA  18099   1       2203    2201    1466    2202    
CTETRA  18100   1       2247    1346    1344    1256    
CTETRA  18101   1       1691    616     633     635     
CTETRA  18102   1       4262    2240    2239    3714    
CTETRA  18103   1       6316    5603    893     4181    
CTETRA  18104   1       844     704     706     842     
CTETRA  18105   1       3595    2111    780     6475    
CTETRA  18106   1       3108    1374    5556    6277    
CTETRA  18107   1       2631    1461    2523    2140    
CTETRA  18108   1       2708    3740    2706    2601    
CTETRA  18109   1       2867    2626    2627    2096    
CTETRA  18110   1       1880    1316    1859    1315    
CTETRA  18111   1       1268    1265    3213    1269    
CTETRA  18112   1       2874    3020    3190    2875    
CTETRA  18113   1       1246    452     1188    1364    
CTETRA  18114   1       3189    801     779     4413    
CTETRA  18115   1       1355    1285    1369    1288    
CTETRA  18116   1       364     1383    2729    1437    
CTETRA  18117   1       1317    2825    3977    2824    
CTETRA  18118   1       410     408     1463    2091    
CTETRA  18119   1       370     304     305     1386    
CTETRA  18120   1       4874    5112    5029    2436    
CTETRA  18121   1       3190    1903    572     3187    
CTETRA  18122   1       1434    2053    2051    2052    
CTETRA  18123   1       1315    1317    3976    1875    
CTETRA  18124   1       2661    335     1974    2660    
CTETRA  18125   1       2586    1046    609     2402    
CTETRA  18126   1       891     1083    481     1217    
CTETRA  18127   1       2207    3330    2898    3331    
CTETRA  18128   1       4114    1902    4267    2602    
CTETRA  18129   1       1947    1946    6350    5802    
CTETRA  18130   1       1267    3968    2678    3214    
CTETRA  18131   1       2479    3756    5022    885     
CTETRA  18132   1       1436    2480    1380    1430    
CTETRA  18133   1       3190    2874    2875    2237    
CTETRA  18134   1       2023    6209    524     1603    
CTETRA  18135   1       2661    334     335     2660    
CTETRA  18136   1       6479    1085    1084    1215    
CTETRA  18137   1       497     453     451     1188    
CTETRA  18138   1       1369    2287    1289    1288    
CTETRA  18139   1       4640    5848    6188    3177    
CTETRA  18140   1       607     1053    2491    2349    
CTETRA  18141   1       4265    1196    3974    1038    
CTETRA  18142   1       2226    437     436     2227    
CTETRA  18143   1       1368    2661    1365    2660    
CTETRA  18144   1       83      1375    1374    1592    
CTETRA  18145   1       1840    2133    430     2132    
CTETRA  18146   1       715     716     717     2544    
CTETRA  18147   1       1493    402     371     1492    
CTETRA  18148   1       2101    2103    1866    1888    
CTETRA  18149   1       1599    3621    635     2684    
CTETRA  18150   1       1674    591     593     1839    
CTETRA  18151   1       3852    3522    705     3345    
CTETRA  18152   1       366     365     3354    2863    
CTETRA  18153   1       4152    3267    3299    4721    
CTETRA  18154   1       2650    3058    2310    3451    
CTETRA  18155   1       635     1690    1599    2684    
CTETRA  18156   1       6424    5573    6315    4734    
CTETRA  18157   1       616     1691    633     3626    
CTETRA  18158   1       2356    2738    2351    3272    
CTETRA  18159   1       1866    2197    2101    3197    
CTETRA  18160   1       799     4175    1454    1456    
CTETRA  18161   1       2772    2213    2212    2885    
CTETRA  18162   1       1216    1083    3549    835     
CTETRA  18163   1       1827    4263    1903    3187    
CTETRA  18164   1       1246    361     360     2450    
CTETRA  18165   1       3681    254     1707    2029    
CTETRA  18166   1       2717    2202    2203    1898    
CTETRA  18167   1       6245    3156    6161    4944    
CTETRA  18168   1       2033    1495    1481    1459    
CTETRA  18169   1       4028    4834    4160    4041    
CTETRA  18170   1       1287    1289    1369    1291    
CTETRA  18171   1       5920    5918    5043    5523    
CTETRA  18172   1       3788    2353    1482    1481    
CTETRA  18173   1       1177    480     200     4189    
CTETRA  18174   1       409     410     408     2080    
CTETRA  18175   1       2208    3558    3677    3036    
CTETRA  18176   1       2523    1461    2689    2140    
CTETRA  18177   1       1320    1419    1311    1296    
CTETRA  18178   1       5710    5573    3221    2333    
CTETRA  18179   1       1150    4991    5577    3975    
CTETRA  18180   1       2390    3339    910     2647    
CTETRA  18181   1       2603    3888    84      3887    
CTETRA  18182   1       2051    1436    1430    2480    
CTETRA  18183   1       4048    4018    3286    4019    
CTETRA  18184   1       2772    1841    2690    2589    
CTETRA  18185   1       3545    1455    3593    1454    
CTETRA  18186   1       2018    2020    3238    2021    
CTETRA  18187   1       2545    1372    1370    4120    
CTETRA  18188   1       3851    1707    1708    3680    
CTETRA  18189   1       2810    3593    2582    1454    
CTETRA  18190   1       1888    1866    1867    2103    
CTETRA  18191   1       1464    1460    2565    347     
CTETRA  18192   1       2939    2671    697     2940    
CTETRA  18193   1       2542    554     1796    2040    
CTETRA  18194   1       4282    5635    3798    3036    
CTETRA  18195   1       6023    6188    4640    5909    
CTETRA  18196   1       5915    6111    5914    5916    
CTETRA  18197   1       2246    1345    1256    2066    
CTETRA  18198   1       3547    4931    2436    3184    
CTETRA  18199   1       1516    6452    5020    5023    
CTETRA  18200   1       2023    6209    1603    5455    
CTETRA  18201   1       1455    2582    2342    3593    
CTETRA  18202   1       1838    1839    591     1876    
CTETRA  18203   1       4991    1150    5879    3975    
CTETRA  18204   1       3851    254     1707    3681    
CTETRA  18205   1       2429    2428    3017    2933    
CTETRA  18206   1       4041    4028    4834    4835    
CTETRA  18207   1       3620    1598    2419    1599    
CTETRA  18208   1       1368    1247    359     1360    
CTETRA  18209   1       3795    3375    2380    1379    
CTETRA  18210   1       6350    5874    1946    1947    
CTETRA  18211   1       5573    5710    4734    2333    
CTETRA  18212   1       699     662     681     2079    
CTETRA  18213   1       2354    1521    1517    1522    
CTETRA  18214   1       841     3358    3463    1008    
CTETRA  18215   1       4640    6188    6023    3177    
CTETRA  18216   1       431     430     594     1840    
CTETRA  18217   1       1396    1255    3271    2987    
CTETRA  18218   1       1283    791     792     3347    
CTETRA  18219   1       5063    2938    4023    3819    
CTETRA  18220   1       2967    1688    2341    2098    
CTETRA  18221   1       1831    2170    3752    1832    
CTETRA  18222   1       1841    2772    2690    2217    
CTETRA  18223   1       1407    636     1405    2571    
CTETRA  18224   1       1216    835     836     837     
CTETRA  18225   1       3559    4573    3789    4575    
CTETRA  18226   1       409     2577    1438    2227    
CTETRA  18227   1       1349    469     5808    1332    
CTETRA  18228   1       3404    2857    1037    3341    
CTETRA  18229   1       2259    1009    2567    2566    
CTETRA  18230   1       615     3138    2874    614     
CTETRA  18231   1       705     1986    1985    704     
CTETRA  18232   1       367     366     365     3354    
CTETRA  18233   1       792     501     502     3345    
CTETRA  18234   1       476     475     474     5052    
CTETRA  18235   1       1933    2309    2308    1834    
CTETRA  18236   1       262     884     5022    857     
CTETRA  18237   1       4144    2163    3512    2162    
CTETRA  18238   1       2336    2953    5450    6135    
CTETRA  18239   1       372     799     371     3750    
CTETRA  18240   1       2352    2353    1429    2756    
CTETRA  18241   1       2631    1461    2141    2523    
CTETRA  18242   1       2626    2058    2627    2096    
CTETRA  18243   1       2484    837     835     3605    
CTETRA  18244   1       2589    2942    1841    2690    
CTETRA  18245   1       1835    2943    1836    1834    
CTETRA  18246   1       1438    2226    1425    1426    
CTETRA  18247   1       5043    5920    5919    6320    
CTETRA  18248   1       3378    1902    3626    1692    
CTETRA  18249   1       4040    3020    4039    2815    
CTETRA  18250   1       1311    380     1320    1296    
CTETRA  18251   1       1456    4175    402     3847    
CTETRA  18252   1       1001    1003    519     1204    
CTETRA  18253   1       1876    1838    596     1453    
CTETRA  18254   1       2670    6343    5485    1266    
CTETRA  18255   1       1454    1904    2938    4263    
CTETRA  18256   1       647     2559    2698    2560    
CTETRA  18257   1       3286    1302    4048    1303    
CTETRA  18258   1       3402    1901    1902    4114    
CTETRA  18259   1       3561    4346    2953    6135    
CTETRA  18260   1       3512    3618    1260    502     
CTETRA  18261   1       2626    3214    3970    2058    
CTETRA  18262   1       381     343     319     1331    
CTETRA  18263   1       4246    6177    6368    4245    
CTETRA  18264   1       6200    1889    6201    1932    
CTETRA  18265   1       2671    749     667     2940    
CTETRA  18266   1       6023    2953    4346    6135    
CTETRA  18267   1       514     513     1665    1664    
CTETRA  18268   1       1084    1050    1216    3549    
CTETRA  18269   1       1324    379     1323    1325    
CTETRA  18270   1       4927    6111    5915    5916    
CTETRA  18271   1       1162    6110    1163    4190    
CTETRA  18272   1       3020    2814    2874    2815    
CTETRA  18273   1       1280    3277    1281    1262    
CTETRA  18274   1       2008    5479    3571    2238    
CTETRA  18275   1       2420    1691    2421    3626    
CTETRA  18276   1       1903    1827    1829    5063    
CTETRA  18277   1       1355    1288    1356    1285    
CTETRA  18278   1       4292    2687    100     5820    
CTETRA  18279   1       4874    5028    2434    2436    
CTETRA  18280   1       2053    1434    2343    2052    
CTETRA  18281   1       2711    1516    5020    5023    
CTETRA  18282   1       2195    637     2379    2196    
CTETRA  18283   1       5909    4640    6023    5633    
CTETRA  18284   1       2067    1255    3271    1396    
CTETRA  18285   1       2992    2795    469     1332    
CTETRA  18286   1       4932    4933    3547    4931    
CTETRA  18287   1       1127    2899    1199    1198    
CTETRA  18288   1       1521    2041    2354    1517    
CTETRA  18289   1       6068    2183    2185    3183    
CTETRA  18290   1       3298    2170    1833    1832    
CTETRA  18291   1       2026    2066    2068    2067    
CTETRA  18292   1       2110    778     2111    6475    
CTETRA  18293   1       2327    1054    2412    2866    
CTETRA  18294   1       4175    802     801     3260    
CTETRA  18295   1       3228    2268    695     816     
CTETRA  18296   1       3007    4639    2983    5633    
CTETRA  18297   1       2698    646     647     2560    
CTETRA  18298   1       1357    263     1395    1528    
CTETRA  18299   1       1246    1294    361     2449    
CTETRA  18300   1       1905    2938    2582    1904    
CTETRA  18301   1       799     4175    1904    1454    
CTETRA  18302   1       4991    3974    4265    6053    
CTETRA  18303   1       2138    2939    2137    2668    
CTETRA  18304   1       3467    1964    3599    899     
CTETRA  18305   1       2582    1455    2110    3018    
CTETRA  18306   1       3970    2677    2058    2678    
CTETRA  18307   1       1829    1901    1903    5063    
CTETRA  18308   1       346     800     3847    2565    
CTETRA  18309   1       6170    4927    2492    2494    
CTETRA  18310   1       2111    2428    778     2110    
CTETRA  18311   1       2881    3229    3227    6487    
CTETRA  18312   1       3020    5477    2814    2815    
CTETRA  18313   1       3331    3761    3762    4161    
CTETRA  18314   1       4911    5696    5961    4912    
CTETRA  18315   1       3007    5909    761     2592    
CTETRA  18316   1       2428    778     2110    6475    
CTETRA  18317   1       4819    6323    3758    4762    
CTETRA  18318   1       1196    4265    5172    1038    
CTETRA  18319   1       2690    2217    2651    2691    
CTETRA  18320   1       1348    1332    1349    3351    
CTETRA  18321   1       2865    2857    2866    1054    
CTETRA  18322   1       2433    4022    3260    1939    
CTETRA  18323   1       5455    1603    295     6209    
CTETRA  18324   1       2308    1942    2649    1933    
CTETRA  18325   1       2248    5177    2249    3257    
CTETRA  18326   1       6023    4640    3177    4346    
CTETRA  18327   1       3331    3330    2898    3329    
CTETRA  18328   1       4573    4180    3179    3862    
CTETRA  18329   1       3640    3375    3639    3367    
CTETRA  18330   1       3358    3463    1053    841     
CTETRA  18331   1       3330    2207    2208    3331    
CTETRA  18332   1       1479    1495    1497    1496    
CTETRA  18333   1       2141    1453    1838    591     
CTETRA  18334   1       1345    2012    2064    1253    
CTETRA  18335   1       3560    2335    652     3536    
CTETRA  18336   1       1777    5826    632     1778    
CTETRA  18337   1       1827    2433    4874    4023    
CTETRA  18338   1       1278    2200    2795    2992    
CTETRA  18339   1       403     1493    1494    1492    
CTETRA  18340   1       4262    3714    5230    1828    
CTETRA  18341   1       1864    2020    2689    3238    
CTETRA  18342   1       6221    6176    2153    6352    
CTETRA  18343   1       3345    3522    705     2592    
CTETRA  18344   1       3549    1085    1083    1084    
CTETRA  18345   1       5063    4023    1829    3819    
CTETRA  18346   1       4022    2433    2434    1939    
CTETRA  18347   1       3138    1828    2601    2602    
CTETRA  18348   1       1401    2050    3004    3473    
CTETRA  18349   1       6106    6145    1503    3875    
CTETRA  18350   1       2669    2671    694     2939    
CTETRA  18351   1       6068    4085    5281    3183    
CTETRA  18352   1       2565    402     3847    1494    
CTETRA  18353   1       2848    1357    263     1395    
CTETRA  18354   1       410     1425    1426    408     
CTETRA  18355   1       1986    5450    3586    3179    
CTETRA  18356   1       2068    2370    366     2863    
CTETRA  18357   1       1299    1300    3602    1278    
CTETRA  18358   1       1305    1407    620     1874    
CTETRA  18359   1       196     199     198     197     
CTETRA  18360   1       4640    6023    4639    4346    
CTETRA  18361   1       503     761     3007    2985    
CTETRA  18362   1       5396    1194    5172    1163    
CTETRA  18363   1       1194    5172    1178    1215    
CTETRA  18364   1       712     684     714     713     
CTETRA  18365   1       480     1177    6479    1178    
CTETRA  18366   1       1592    1374    83      2603    
CTETRA  18367   1       2040    3181    671     2851    
CTETRA  18368   1       1345    1346    2012    1253    
CTETRA  18369   1       2200    2795    2992    1332    
CTETRA  18370   1       1323    3412    379     1324    
CTETRA  18371   1       5603    892     893     2567    
CTETRA  18372   1       1874    776     1305    2571    
CTETRA  18373   1       3084    305     1352    1393    
CTETRA  18374   1       371     799     372     2111    
CTETRA  18375   1       59      3562    6384    855     
CTETRA  18376   1       1904    2582    1454    2938    
CTETRA  18377   1       2113    2585    2112    2013    
CTETRA  18378   1       6041    5935    6293    5427    
CTETRA  18379   1       1497    1495    1428    1496    
CTETRA  18380   1       3257    2249    1690    3596    
CTETRA  18381   1       2026    1256    1255    1250    
CTETRA  18382   1       745     1302    1303    5190    
CTETRA  18383   1       608     609     1046    1040    
CTETRA  18384   1       451     453     452     1188    
CTETRA  18385   1       3331    2207    2163    2161    
CTETRA  18386   1       652     3793    2335    3008    
CTETRA  18387   1       2075    573     572     2237    
CTETRA  18388   1       5395    5396    6110    1163    
CTETRA  18389   1       1241    1198    2899    1127    
CTETRA  18390   1       1899    1897    3822    2619    
CTETRA  18391   1       1352    304     303     1336    
CTETRA  18392   1       3639    3473    1392    1393    
CTETRA  18393   1       6248    5885    6221    2153    
CTETRA  18394   1       684     714     713     668     
CTETRA  18395   1       991     1776    5276    992     
CTETRA  18396   1       2814    1828    3190    2815    
CTETRA  18397   1       3619    653     676     3933    
CTETRA  18398   1       3358    1053    607     841     
CTETRA  18399   1       5819    3109    4292    5820    
CTETRA  18400   1       4734    6424    5573    2333    
CTETRA  18401   1       1247    360     1363    1246    
CTETRA  18402   1       2515    1809    3973    6126    
CTETRA  18403   1       408     410     1463    2080    
CTETRA  18404   1       6079    1321    337     6078    
CTETRA  18405   1       3973    1809    2515    1807    
CTETRA  18406   1       1497    1495    2033    1428    
CTETRA  18407   1       372     799     780     2111    
CTETRA  18408   1       495     1151    1149    2365    
CTETRA  18409   1       2444    2410    2448    2443    
CTETRA  18410   1       2874    2814    3190    2815    
CTETRA  18411   1       2349    761     609     2402    
CTETRA  18412   1       3545    1456    1455    1454    
CTETRA  18413   1       3458    746     1248    1241    
CTETRA  18414   1       2677    3970    2058    2625    
CTETRA  18415   1       1194    1195    5396    5172    
CTETRA  18416   1       3599    3648    4153    1964    
CTETRA  18417   1       5961    4911    4912    4910    
CTETRA  18418   1       4181    3585    893     3178    
CTETRA  18419   1       594     596     1838    2132    
CTETRA  18420   1       1482    1481    2756    1459    
CTETRA  18421   1       5603    6316    3791    4181    
CTETRA  18422   1       5995    1265    6343    1328    
CTETRA  18423   1       1863    1839    593     1461    
CTETRA  18424   1       3190    1827    1903    3187    
CTETRA  18425   1       3562    59      212     1006    
CTETRA  18426   1       2356    403     402     1458    
CTETRA  18427   1       2711    2700    1516    5023    
CTETRA  18428   1       3549    1085    481     1083    
CTETRA  18429   1       3639    3375    3473    1393    
CTETRA  18430   1       3473    3375    3794    3795    
CTETRA  18431   1       1911    418     440     1891    
CTETRA  18432   1       294     293     6208    6100    
CTETRA  18433   1       1840    430     594     2132    
CTETRA  18434   1       1279    3602    1281    2546    
CTETRA  18435   1       1379    3473    3375    1393    
CTETRA  18436   1       1903    1901    4236    5063    
CTETRA  18437   1       3347    792     1261    3852    
CTETRA  18438   1       3621    1598    3620    1599    
CTETRA  18439   1       3319    1320    1416    2120    
CTETRA  18440   1       5636    6314    2332    858     
CTETRA  18441   1       2763    1868    1869    1941    
CTETRA  18442   1       3639    1392    364     2729    
CTETRA  18443   1       2805    1434    2051    2052    
CTETRA  18444   1       2826    1869    1941    1864    
CTETRA  18445   1       1777    3200    5826    1778    
CTETRA  18446   1       6179    4720    5995    2668    
CTETRA  18447   1       2438    3346    1197    3270    
CTETRA  18448   1       1292    1293    496     2365    
CTETRA  18449   1       2420    1902    3626    2421    
CTETRA  18450   1       2370    366     369     2068    
CTETRA  18451   1       2200    1299    1328    3213    
CTETRA  18452   1       1990    2576    3397    2294    
CTETRA  18453   1       2095    3193    1517    1522    
CTETRA  18454   1       1250    1344    1256    1255    
CTETRA  18455   1       2132    813     596     1453    
CTETRA  18456   1       2565    346     348     1494    
CTETRA  18457   1       3007    503     2983    2953    
CTETRA  18458   1       2677    2058    1281    2625    
CTETRA  18459   1       348     346     3750    1494    
CTETRA  18460   1       294     293     3043    6208    
CTETRA  18461   1       1195    5396    5397    5395    
CTETRA  18462   1       5883    2153    5885    6345    
CTETRA  18463   1       1443    1442    1440    1588    
CTETRA  18464   1       2235    2564    2236    3666    
CTETRA  18465   1       2700    1516    5020    2711    
CTETRA  18466   1       1009    1007    892     2566    
CTETRA  18467   1       2942    1889    2217    2943    
CTETRA  18468   1       3608    892     2567    1009    
CTETRA  18469   1       5023    2711    2700    5911    
CTETRA  18470   1       1527    2576    2430    2947    
CTETRA  18471   1       3968    2058    2678    3214    
CTETRA  18472   1       1353    367     368     2862    
CTETRA  18473   1       662     699     681     3536    
CTETRA  18474   1       1311    1319    377     1325    
CTETRA  18475   1       480     1177    1178    4189    
CTETRA  18476   1       3036    2208    2163    3331    
CTETRA  18477   1       3347    3558    792     3852    
CTETRA  18478   1       1162    4189    6110    4190    
CTETRA  18479   1       1380    1436    1431    1393    
CTETRA  18480   1       3666    2081    655     1464    
CTETRA  18481   1       614     2814    3138    2874    
CTETRA  18482   1       1434    2230    2051    2229    
CTETRA  18483   1       5281    2185    2183    4932    
CTETRA  18484   1       5955    4819    5954    4293    
CTETRA  18485   1       5022    884     2980    2479    
CTETRA  18486   1       1428    1429    1496    1495    
CTETRA  18487   1       3976    1317    3977    2824    
CTETRA  18488   1       5904    1690    2249    3596    
CTETRA  18489   1       1352    1401    2050    1336    
CTETRA  18490   1       6145    5003    5481    6446    
CTETRA  18491   1       2491    5870    5632    2348    
CTETRA  18492   1       3677    3793    651     3008    
CTETRA  18493   1       2292    1990    3397    2294    
CTETRA  18494   1       2438    2900    1199    1127    
CTETRA  18495   1       2096    2626    2058    3214    
CTETRA  18496   1       711     332     301     329     
CTETRA  18497   1       800     346     2564    2565    
CTETRA  18498   1       1250    2026    2025    1255    
CTETRA  18499   1       3278    1363    1246    1364    
CTETRA  18500   1       2009    1972    2064    2715    
CTETRA  18501   1       1260    792     502     3345    
CTETRA  18502   1       3616    402     2253    2738    
CTETRA  18503   1       4413    2075    3189    3785    
CTETRA  18504   1       1587    1446    1588    2100    
CTETRA  18505   1       3970    3214    2678    2058    
CTETRA  18506   1       2217    1889    1942    2943    
CTETRA  18507   1       5632    5631    5870    2491    
CTETRA  18508   1       5885    6353    6171    5884    
CTETRA  18509   1       1344    1345    1252    1250    
CTETRA  18510   1       6476    2410    3054    2296    
CTETRA  18511   1       3329    2678    2677    1184    
CTETRA  18512   1       1974    1365    2661    2660    
CTETRA  18513   1       1443    1588    523     1587    
CTETRA  18514   1       4523    5923    3503    3502    
CTETRA  18515   1       364     362     2480    2729    
CTETRA  18516   1       802     4175    3092    3260    
CTETRA  18517   1       1380    1430    2231    3367    
CTETRA  18518   1       3850    3680    5177    2683    
CTETRA  18519   1       2564    800     802     2236    
CTETRA  18520   1       1458    2565    1460    1457    
CTETRA  18521   1       2284    3190    1828    2815    
CTETRA  18522   1       196     3532    888     889     
CTETRA  18523   1       2568    1007    1008    2566    
CTETRA  18524   1       2364    1294    453     2449    
CTETRA  18525   1       3153    4834    4160    3154    
CTETRA  18526   1       893     3585    4181    2259    
CTETRA  18527   1       5029    5028    4874    2436    
CTETRA  18528   1       2922    3455    2989    3069    
CTETRA  18529   1       2866    2865    2412    2401    
CTETRA  18530   1       2900    1041    1199    1127    
CTETRA  18531   1       4181    4180    3587    3178    
CTETRA  18532   1       889     2981    2483    2479    
CTETRA  18533   1       4523    3503    2725    3502    
CTETRA  18534   1       1383    362     364     2729    
CTETRA  18535   1       2586    609     761     2402    
CTETRA  18536   1       3463    2347    2412    2865    
CTETRA  18537   1       607     1053    2347    2491    
CTETRA  18538   1       380     377     379     317     
CTETRA  18539   1       706     705     844     3852    
CTETRA  18540   1       1474    1473    1472    1466    
CTETRA  18541   1       811     696     695     816     
CTETRA  18542   1       6384    3562    211     855     
CTETRA  18543   1       696     3228    816     2809    
CTETRA  18544   1       1401    3794    3473    3004    
CTETRA  18545   1       6343    1326    5995    1328    
CTETRA  18546   1       1839    2101    3197    1461    
CTETRA  18547   1       3358    607     2347    2491    
CTETRA  18548   1       1005    3562    212     1006    
CTETRA  18549   1       2292    3397    1990    1988    
CTETRA  18550   1       3017    1905    3018    573     
CTETRA  18551   1       2731    2733    461     2708    
CTETRA  18552   1       3545    1492    1456    402     
CTETRA  18553   1       2400    2399    2398    2139    
CTETRA  18554   1       799     1454    1904    1456    
CTETRA  18555   1       3058    768     766     3451    
CTETRA  18556   1       1280    2207    3330    1262    
CTETRA  18557   1       3545    1492    402     2255    
CTETRA  18558   1       1481    1482    2756    2353    
CTETRA  18559   1       1352    305     304     1386    
CTETRA  18560   1       5485    5995    6342    2668    
CTETRA  18561   1       692     734     736     2350    
CTETRA  18562   1       2153    6248    5885    6345    
CTETRA  18563   1       2209    1982    2432    3146    
CTETRA  18564   1       3330    3277    1280    1262    
CTETRA  18565   1       4931    5112    3547    2436    
CTETRA  18566   1       1054    2865    2857    3404    
CTETRA  18567   1       2678    2677    3277    3329    
CTETRA  18568   1       4874    5112    3547    3144    
CTETRA  18569   1       3004    3794    3473    1388    
CTETRA  18570   1       2866    2865    1054    2412    
CTETRA  18571   1       5203    3235    2919    2331    
CTETRA  18572   1       1405    1319    1320    1318    
CTETRA  18573   1       6329    1149    1151    2365    
CTETRA  18574   1       5633    3007    761     2985    
CTETRA  18575   1       5485    6179    5995    2668    
CTETRA  18576   1       2491    2347    5870    2348    
CTETRA  18577   1       6188    5910    3178    5769    
CTETRA  18578   1       1905    2938    1903    4236    
CTETRA  18579   1       1244    3512    2163    2162    
CTETRA  18580   1       3862    883     3559    882     
CTETRA  18581   1       5632    5870    5631    2568    
CTETRA  18582   1       672     734     692     2350    
CTETRA  18583   1       1240    3761    2207    3331    
CTETRA  18584   1       2433    5029    4874    4023    
CTETRA  18585   1       323     325     2014    2013    
CTETRA  18586   1       3138    3378    2964    1692    
CTETRA  18587   1       3397    2576    2430    2294    
CTETRA  18588   1       1692    616     3626    1691    
CTETRA  18589   1       2235    5499    655     3666    
CTETRA  18590   1       1983    2256    2144    2258    
CTETRA  18591   1       3619    3535    653     3933    
CTETRA  18592   1       1308    731     730     1089    
CTETRA  18593   1       1459    1458    1464    1460    
CTETRA  18594   1       3058    766     2309    3451    
CTETRA  18595   1       2631    623     1439    2688    
CTETRA  18596   1       2217    2690    2943    2308    
CTETRA  18597   1       2217    2856    1841    2218    
CTETRA  18598   1       2897    2207    1263    1244    
CTETRA  18599   1       2661    1365    1974    3089    
CTETRA  18600   1       5814    4283    2516    2017    
CTETRA  18601   1       2039    671     3181    1670    
CTETRA  18602   1       685     712     731     2001    
CTETRA  18603   1       1839    2101    2197    3197    
CTETRA  18604   1       2212    1842    2021    1843    
CTETRA  18605   1       3190    3188    2284    3187    
CTETRA  18606   1       2111    2428    2110    3018    
CTETRA  18607   1       2444    1435    2367    2410    
CTETRA  18608   1       1084    1216    1083    3549    
CTETRA  18609   1       2874    3190    3020    2815    
CTETRA  18610   1       1184    2678    2677    3970    
CTETRA  18611   1       2584    2014    670     2851    
CTETRA  18612   1       4932    2183    4933    2184    
CTETRA  18613   1       402     3092    2356    1458    
CTETRA  18614   1       3535    3793    653     3933    
CTETRA  18615   1       1903    4263    1827    5063    
CTETRA  18616   1       2601    3740    2706    2705    
CTETRA  18617   1       893     6316    4181    3178    
CTETRA  18618   1       1685    2341    1688    2868    
CTETRA  18619   1       761     762     2586    2402    
CTETRA  18620   1       5281    3547    2183    3184    
CTETRA  18621   1       2249    1692    1690    5904    
CTETRA  18622   1       2335    2953    2336    3560    
CTETRA  18623   1       2151    4902    6177    2152    
CTETRA  18624   1       1266    1265    1328    6343    
CTETRA  18625   1       3549    836     1216    835     
CTETRA  18626   1       695     696     3228    816     
CTETRA  18627   1       1973    2009    1972    2064    
CTETRA  18628   1       3138    1828    2602    4114    
CTETRA  18629   1       2601    462     2602    3090    
CTETRA  18630   1       1265    1264    1266    1328    
CTETRA  18631   1       572     2874    1903    3190    
CTETRA  18632   1       3341    1037    4264    3346    
CTETRA  18633   1       333     2661    1954    1257    
CTETRA  18634   1       2356    2352    1482    2351    
CTETRA  18635   1       3007    2983    4639    2953    
CTETRA  18636   1       713     712     684     666     
CTETRA  18637   1       1383    2729    1436    2052    
CTETRA  18638   1       1905    2582    3018    1904    
CTETRA  18639   1       2874    614     3020    2875    
CTETRA  18640   1       4046    166     164     1468    
CTETRA  18641   1       1278    1299    1300    2200    
CTETRA  18642   1       5992    6051    1946    5802    
CTETRA  18643   1       6316    4181    3178    4180    
CTETRA  18644   1       1405    1319    1404    1415    
CTETRA  18645   1       5885    6221    6353    6248    
CTETRA  18646   1       778     780     2111    6475    
CTETRA  18647   1       1874    775     776     2571    
CTETRA  18648   1       1036    4264    1037    3346    
CTETRA  18649   1       1299    2200    2991    3213    
CTETRA  18650   1       3695    461     2733    2708    
CTETRA  18651   1       2402    1046    609     1040    
CTETRA  18652   1       4723    4720    4722    4721    
CTETRA  18653   1       3535    661     821     3619    
CTETRA  18654   1       3570    3571    5479    2238    
CTETRA  18655   1       5243    5242    2796    5280    
CTETRA  18656   1       3138    614     616     2964    
CTETRA  18657   1       2644    2212    2070    2021    
CTETRA  18658   1       2588    3458    711     2675    
CTETRA  18659   1       816     2268    695     811     
CTETRA  18660   1       5948    5949    5133    4758    
CTETRA  18661   1       2826    1869    1940    1941    
CTETRA  18662   1       3178    893     6316    5769    
CTETRA  18663   1       6051    1946    5991    5992    
CTETRA  18664   1       799     371     2581    2111    
CTETRA  18665   1       3695    462     461     2708    
CTETRA  18666   1       1438    2226    1426    2227    
CTETRA  18667   1       1464    2081    1463    2080    
CTETRA  18668   1       2081    1463    655     1464    
CTETRA  18669   1       3197    2197    1839    1840    
CTETRA  18670   1       377     380     1320    1311    
CTETRA  18671   1       4175    800     802     3092    
CTETRA  18672   1       697     694     2671    2939    
CTETRA  18673   1       2309    1836    2943    1834    
CTETRA  18674   1       1589    2847    263     2088    
CTETRA  18675   1       2138    2669    694     2939    
CTETRA  18676   1       3124    791     2897    4188    
CTETRA  18677   1       2625    3970    2058    2626    
CTETRA  18678   1       5884    5885    6353    6248    
CTETRA  18679   1       3888    83      1374    2603    
CTETRA  18680   1       2067    3271    28      1396    
CTETRA  18681   1       1835    1931    1942    1933    
CTETRA  18682   1       3608    3790    6335    5075    
CTETRA  18683   1       1050    1084    1037    3549    
CTETRA  18684   1       1127    2674    2899    1241    
CTETRA  18685   1       6368    6177    4246    2152    
CTETRA  18686   1       2544    717     804     831     
CTETRA  18687   1       1445    1442    1441    1446    
CTETRA  18688   1       2256    2258    1983    2257    
CTETRA  18689   1       1864    2018    2102    2020    
CTETRA  18690   1       1246    2450    3278    1364    
CTETRA  18691   1       1923    5025    1925    2437    
CTETRA  18692   1       1941    2547    1940    2762    
CTETRA  18693   1       2865    3341    2857    3404    
CTETRA  18694   1       1291    1188    452     1364    
CTETRA  18695   1       3272    3260    1939    2547    
CTETRA  18696   1       2857    1037    3341    3346    
CTETRA  18697   1       1969    1991    403     1492    
CTETRA  18698   1       1900    3626    615     2420    
CTETRA  18699   1       1404    1406    1405    1415    
CTETRA  18700   1       2544    715     2543    2189    
CTETRA  18701   1       2207    2897    791     1244    
CTETRA  18702   1       795     667     668     736     
CTETRA  18703   1       2021    2644    2212    2211    
CTETRA  18704   1       2547    1939    3747    2762    
CTETRA  18705   1       596     594     432     2132    
CTETRA  18706   1       371     373     372     3750    
CTETRA  18707   1       1274    2674    2588    1241    
CTETRA  18708   1       2582    2810    1454    2938    
CTETRA  18709   1       2420    633     1691    3626    
CTETRA  18710   1       1344    1346    1345    1256    
CTETRA  18711   1       1472    1466    1898    1465    
CTETRA  18712   1       1281    2562    1280    2546    
CTETRA  18713   1       3547    4933    5112    4931    
CTETRA  18714   1       2268    810     695     811     
CTETRA  18715   1       1416    1415    1319    3472    
CTETRA  18716   1       3330    2898    3329    1184    
CTETRA  18717   1       573     572     3189    2075    
CTETRA  18718   1       1707    3851    3681    3680    
CTETRA  18719   1       2203    2202    2717    2716    
CTETRA  18720   1       5005    5481    5003    6446    
CTETRA  18721   1       4181    6316    3791    4180    
CTETRA  18722   1       1494    403     1457    2565    
CTETRA  18723   1       2050    1352    304     1386    
CTETRA  18724   1       1241    3458    2588    2675    
CTETRA  18725   1       2255    402     3545    2738    
CTETRA  18726   1       3788    2366    439     436     
CTETRA  18727   1       2208    2207    3330    1280    
CTETRA  18728   1       2805    362     1434    2052    
CTETRA  18729   1       821     662     661     3535    
CTETRA  18730   1       1345    1250    2024    1251    
CTETRA  18731   1       3395    3180    1275    1260    
CTETRA  18732   1       3056    3058    766     3298    
CTETRA  18733   1       3411    4018    3831    1333    
CTETRA  18734   1       1460    1464    2565    1458    
CTETRA  18735   1       2582    3594    3593    2810    
CTETRA  18736   1       2437    1925    1923    2762    
CTETRA  18737   1       1283    2208    791     3347    
CTETRA  18738   1       3329    2677    3330    1184    
CTETRA  18739   1       5881    6251    6174    6413    
CTETRA  18740   1       3174    3711    5076    5077    
CTETRA  18741   1       1946    5299    5800    1947    
CTETRA  18742   1       1479    1495    1496    1429    
CTETRA  18743   1       502     2162    4144    3512    
CTETRA  18744   1       317     319     343     1331    
CTETRA  18745   1       3036    2163    3762    3331    
CTETRA  18746   1       792     791     1283    1261    
CTETRA  18747   1       705     607     3392    1985    
CTETRA  18748   1       2562    3277    1281    1280    
CTETRA  18749   1       1300    3602    1278    1277    
CTETRA  18750   1       2483    2981    2980    2479    
CTETRA  18751   1       1517    3193    2095    1433    
CTETRA  18752   1       2964    616     3138    1692    
CTETRA  18753   1       2050    1401    1352    3473    
CTETRA  18754   1       367     2068    2026    1353    
CTETRA  18755   1       629     255     2030    1775    
CTETRA  18756   1       1292    3497    1293    2365    
CTETRA  18757   1       3532    2981    889     2479    
CTETRA  18758   1       1341    1343    1342    1528    
CTETRA  18759   1       4036    2398    3933    2393    
CTETRA  18760   1       1249    332     329     301     
CTETRA  18761   1       1515    5020    1516    3379    
CTETRA  18762   1       1332    2991    2200    3213    
CTETRA  18763   1       1299    2991    2867    3213    
CTETRA  18764   1       305     304     303     1352    
CTETRA  18765   1       5635    3762    3798    3036    
CTETRA  18766   1       1352    3473    3084    1393    
CTETRA  18767   1       4180    4574    3789    4573    
CTETRA  18768   1       1495    1479    2033    1481    
CTETRA  18769   1       2018    1888    2102    2020    
CTETRA  18770   1       364     2805    2231    2480    
CTETRA  18771   1       5631    2347    5870    2491    
CTETRA  18772   1       462     2941    2708    2601    
CTETRA  18773   1       1515    5020    2700    1516    
CTETRA  18774   1       1319    1414    1415    1416    
CTETRA  18775   1       148     165     1910    1469    
CTETRA  18776   1       3571    3570    2008    2238    
CTETRA  18777   1       2983    3007    5633    2985    
CTETRA  18778   1       1320    1319    377     1311    
CTETRA  18779   1       1876    813     595     1453    
CTETRA  18780   1       1839    591     593     1461    
CTETRA  18781   1       1497    1479    436     2227    
CTETRA  18782   1       1345    1253    2064    2024    
CTETRA  18783   1       1708    3850    3680    5177    
CTETRA  18784   1       2236    2233    801     802     
CTETRA  18785   1       5005    5004    5481    6446    
CTETRA  18786   1       2163    3558    2208    3036    
CTETRA  18787   1       6145    5005    5003    6446    
CTETRA  18788   1       3184    5281    4085    3183    
CTETRA  18789   1       1436    2729    1383    1437    
CTETRA  18790   1       1327    5148    5807    3351    
CTETRA  18791   1       6175    6251    6174    5881    
CTETRA  18792   1       2567    893     4181    2259    
CTETRA  18793   1       1240    2207    2898    3331    
CTETRA  18794   1       2939    2669    2670    2668    
CTETRA  18795   1       668     713     684     666     
CTETRA  18796   1       2096    1299    2867    3213    
CTETRA  18797   1       2661    302     334     2660    
CTETRA  18798   1       3375    3639    1379    1393    
CTETRA  18799   1       2353    1481    1429    2756    
CTETRA  18800   1       1345    1344    1256    1250    
CTETRA  18801   1       3404    3463    2865    3474    
CTETRA  18802   1       5230    3714    2239    1825    
CTETRA  18803   1       1178    6479    1194    1215    
CTETRA  18804   1       6350    1946    6051    5802    
CTETRA  18805   1       3626    3138    616     1692    
CTETRA  18806   1       3177    3178    6188    3587    
CTETRA  18807   1       1292    1149    3497    2365    
CTETRA  18808   1       1041    2899    1199    1127    
CTETRA  18809   1       1038    5172    1194    1215    
CTETRA  18810   1       2814    3740    5738    3138    
CTETRA  18811   1       2412    2401    1040    2327    
CTETRA  18812   1       3461    1245    359     1368    
CTETRA  18813   1       437     438     2367    1435    
CTETRA  18814   1       2336    2953    3561    3560    
CTETRA  18815   1       211     6373    5059    6384    
CTETRA  18816   1       762     761     2985    2402    
CTETRA  18817   1       522     100     521     6417    
CTETRA  18818   1       3178    3177    5769    4573    
CTETRA  18819   1       1149    6329    3497    2365    
CTETRA  18820   1       2868    2341    1688    2098    
CTETRA  18821   1       1775    1779    629     1773    
CTETRA  18822   1       3350    2341    2933    2429    
CTETRA  18823   1       6424    4421    5573    2333    
CTETRA  18824   1       4022    2434    3747    1939    
CTETRA  18825   1       2401    1040    2327    2900    
CTETRA  18826   1       3547    5281    2183    4932    
CTETRA  18827   1       685     730     731     1089    
CTETRA  18828   1       164     166     165     1468    
CTETRA  18829   1       1590    1375    83      1592    
CTETRA  18830   1       1880    5970    1877    5462    
CTETRA  18831   1       3188    3189    2075    3785    
CTETRA  18832   1       2052    1383    362     1384    
CTETRA  18833   1       2438    2324    2866    3270    
CTETRA  18834   1       1525    2576    1527    1524    
CTETRA  18835   1       1864    3083    2018    3238    
CTETRA  18836   1       813     595     596     1876    
CTETRA  18837   1       1344    1256    1255    2067    
CTETRA  18838   1       1346    2247    2246    1256    
CTETRA  18839   1       1369    2287    1362    1289    
CTETRA  18840   1       4874    3547    5112    2436    
CTETRA  18841   1       2772    1841    1843    2218    
CTETRA  18842   1       4188    3124    791     1244    
CTETRA  18843   1       377     379     317     1325    
CTETRA  18844   1       883     2336    3561    3560    
CTETRA  18845   1       1332    2200    1328    3213    
CTETRA  18846   1       2868    2429    2341    2098    
CTETRA  18847   1       1905    3018    573     1904    
CTETRA  18848   1       6316    3791    4574    5603    
CTETRA  18849   1       2576    4277    1440    1524    
CTETRA  18850   1       1902    3378    3138    1692    
CTETRA  18851   1       1401    3473    1379    3084    
CTETRA  18852   1       3092    4175    402     2356    
CTETRA  18853   1       2563    1280    2562    2545    
CTETRA  18854   1       1495    1479    1497    2033    
CTETRA  18855   1       666     713     712     2001    
CTETRA  18856   1       1842    2212    2772    1843    
CTETRA  18857   1       3796    3375    1392    3639    
CTETRA  18858   1       374     376     5558    3857    
CTETRA  18859   1       4756    4757    5954    4758    
CTETRA  18860   1       668     684     691     666     
CTETRA  18861   1       2991    2096    3213    1269    
CTETRA  18862   1       3138    5738    2814    3020    
CTETRA  18863   1       6118    1321    337     6079    
CTETRA  18864   1       1494    1991    1969    1492    
CTETRA  18865   1       1838    1840    594     2132    
CTETRA  18866   1       402     2253    2356    3616    
CTETRA  18867   1       2942    1841    1842    2589    
CTETRA  18868   1       1244    2161    2162    2163    
CTETRA  18869   1       2991    1332    1348    3213    
CTETRA  18870   1       1839    1863    2101    1461    
CTETRA  18871   1       1410    2368    2410    2296    
CTETRA  18872   1       2349    2412    2401    1040    
CTETRA  18873   1       609     608     2349    1040    
CTETRA  18874   1       1986    840     3466    3585    
CTETRA  18875   1       3330    3277    2208    1280    
CTETRA  18876   1       2141    2133    623     2631    
CTETRA  18877   1       2434    2433    4022    5029    
CTETRA  18878   1       3392    704     705     1985    
CTETRA  18879   1       2141    1839    591     1838    
CTETRA  18880   1       572     571     573     1905    
CTETRA  18881   1       1292    496     495     2365    
CTETRA  18882   1       4720    6179    1268    4723    
CTETRA  18883   1       3522    706     1261    3852    
CTETRA  18884   1       799     4175    1456    3847    
CTETRA  18885   1       4874    5029    5112    3144    
CTETRA  18886   1       6326    475     476     5052    
CTETRA  18887   1       2412    3463    2865    1054    
CTETRA  18888   1       402     1493    3847    1494    
CTETRA  18889   1       1083    1085    481     1217    
CTETRA  18890   1       6176    6248    6221    2153    
CTETRA  18891   1       2627    2058    3602    1299    
CTETRA  18892   1       2582    2810    2938    4236    
CTETRA  18893   1       2096    2867    2991    3213    
CTETRA  18894   1       4022    3272    3260    1939    
CTETRA  18895   1       3793    651     653     3933    
CTETRA  18896   1       379     1414    1323    1325    
CTETRA  18897   1       2810    2582    3594    4236    
CTETRA  18898   1       2582    1455    2342    2110    
CTETRA  18899   1       1876    591     1838    1453    
CTETRA  18900   1       3626    1902    3138    1692    
CTETRA  18901   1       3124    790     791     1244    
CTETRA  18902   1       2586    1045    762     3618    
CTETRA  18903   1       893     2567    2566    2259    
CTETRA  18904   1       3473    1401    1352    3084    
CTETRA  18905   1       439     436     1479    3788    
CTETRA  18906   1       1841    2772    1843    1842    
CTETRA  18907   1       3788    2366    436     1480    
CTETRA  18908   1       1436    1430    1380    1431    
CTETRA  18909   1       2576    1990    2430    2294    
CTETRA  18910   1       6408    3280    3281    4032    
CTETRA  18911   1       1493    371     2293    1492    
CTETRA  18912   1       2368    3054    2410    2296    
CTETRA  18913   1       1326    6343    2670    1266    
CTETRA  18914   1       3272    1454    2738    4024    
CTETRA  18915   1       1527    2430    1442    2947    
CTETRA  18916   1       1947    5800    1946    5802    
CTETRA  18917   1       2208    791     2207    1280    
CTETRA  18918   1       2941    461     462     2708    
CTETRA  18919   1       2897    1263    4188    1244    
CTETRA  18920   1       2546    2562    1282    2545    
CTETRA  18921   1       660     662     661     821     
CTETRA  18922   1       705     706     3522    3852    
CTETRA  18923   1       2576    1527    1440    2947    
CTETRA  18924   1       2033    1479    1497    2227    
CTETRA  18925   1       2524    2133    2523    2631    
CTETRA  18926   1       2401    2412    2866    2327    
CTETRA  18927   1       5800    5992    1946    5802    
CTETRA  18928   1       1260    3522    3852    3345    
CTETRA  18929   1       476     5405    6326    5052    
CTETRA  18930   1       1493    3091    3750    1494    
CTETRA  18931   1       2023    1603    1602    5455    
CTETRA  18932   1       4180    3178    6316    4573    
CTETRA  18933   1       792     1242    3512    1244    
CTETRA  18934   1       212     59      60      1006    
CTETRA  18935   1       3177    6188    3178    5769    
CTETRA  18936   1       2848    263     2847    2088    
CTETRA  18937   1       3853    5276    1774    1773    
CTETRA  18938   1       666     712     684     2001    
CTETRA  18939   1       1891    1911    418     1910    
CTETRA  18940   1       3058    2309    766     3298    
CTETRA  18941   1       3639    1380    1379    1393    
CTETRA  18942   1       3392    706     1261    3522    
CTETRA  18943   1       2236    801     800     802     
CTETRA  18944   1       1282    1280    2562    2546    
CTETRA  18945   1       1902    2420    3402    2421    
CTETRA  18946   1       3831    3286    1302    4048    
CTETRA  18947   1       4161    3329    2898    1184    
CTETRA  18948   1       1587    1688    1598    1687    
CTETRA  18949   1       6248    5884    5885    6345    
CTETRA  18950   1       3392    1260    609     3522    
CTETRA  18951   1       3375    3794    3796    1392    
CTETRA  18952   1       685     684     712     2001    
CTETRA  18953   1       5519    6077    6120    5914    
CTETRA  18954   1       4182    3585    4181    3587    
CTETRA  18955   1       2900    1039    1041    3396    
CTETRA  18956   1       1324    317     379     1325    
CTETRA  18957   1       638     2439    2368    2034    
CTETRA  18958   1       1456    3545    2738    1454    
CTETRA  18959   1       2052    1987    1436    1384    
CTETRA  18960   1       2661    333     334     1257    
CTETRA  18961   1       1369    1289    1287    1288    
CTETRA  18962   1       4161    1240    3331    3761    
CTETRA  18963   1       571     572     573     2237    
CTETRA  18964   1       3512    792     502     1260    
CTETRA  18965   1       2674    2899    1041    1127    
CTETRA  18966   1       3197    2020    2523    1461    
CTETRA  18967   1       2898    3331    3329    4161    
CTETRA  18968   1       1380    2480    2231    1430    
CTETRA  18969   1       1940    1941    2762    1924    
CTETRA  18970   1       360     1246    2450    3278    
CTETRA  18971   1       1240    4161    3331    2898    
CTETRA  18972   1       2991    2200    2992    1332    
CTETRA  18973   1       1380    2480    2729    2231    
CTETRA  18974   1       616     633     615     3626    
CTETRA  18975   1       380     1416    1320    2120    
CTETRA  18976   1       1261    792     1260    3852    
CTETRA  18977   1       3205    5558    3204    5559    
CTETRA  18978   1       1428    1495    2033    3376    
CTETRA  18979   1       3221    5573    4421    2333    
CTETRA  18980   1       3596    1599    2684    3981    
CTETRA  18981   1       6188    3586    5450    3179    
CTETRA  18982   1       1588    1443    1446    1587    
CTETRA  18983   1       301     748     332     3458    
CTETRA  18984   1       3138    2814    614     3020    
CTETRA  18985   1       2089    367     365     3354    
CTETRA  18986   1       3256    3596    2684    3981    
CTETRA  18987   1       3017    3018    2428    573     
CTETRA  18988   1       1592    1590    1375    3317    
CTETRA  18989   1       2336    3561    2953    6135    
CTETRA  18990   1       2465    2078    1588    2100    
CTETRA  18991   1       1699    515     514     2121    
CTETRA  18992   1       3138    615     616     614     
CTETRA  18993   1       2052    1436    1383    1384    
CTETRA  18994   1       1986    840     3208    3466    
CTETRA  18995   1       817     696     816     2809    
CTETRA  18996   1       5029    2434    2433    4874    
CTETRA  18997   1       3587    4182    1986    3179    
CTETRA  18998   1       1318    2571    1405    1306    
CTETRA  18999   1       1465    1898    1472    1899    
CTETRA  19000   1       4346    6023    5450    3179    
CTETRA  19001   1       6120    6111    5519    5914    
CTETRA  19002   1       3585    4182    3466    3587    
CTETRA  19003   1       1495    3376    1427    2756    
CTETRA  19004   1       1517    1989    2041    2354    
CTETRA  19005   1       3466    3467    1986    4182    
CTETRA  19006   1       2102    2826    2018    1864    
CTETRA  19007   1       1184    3330    2898    1259    
CTETRA  19008   1       2434    5029    5028    4874    
CTETRA  19009   1       3178    4181    3585    3587    
CTETRA  19010   1       1248    3458    1241    2675    
CTETRA  19011   1       3820    5063    1829    3819    
CTETRA  19012   1       1256    1344    2247    2067    
CTETRA  19013   1       3271    1344    1255    2067    
CTETRA  19014   1       2231    3639    364     2729    
CTETRA  19015   1       2019    3197    2020    2523    
CTETRA  19016   1       2327    1054    2866    2324    
CTETRA  19017   1       3586    6188    3587    3179    
CTETRA  19018   1       2141    1840    1838    2132    
CTETRA  19019   1       1941    1869    2763    1864    
CTETRA  19020   1       5916    5915    4927    6170    
CTETRA  19021   1       5499    2081    655     3666    
CTETRA  19022   1       3559    882     6315    4575    
CTETRA  19023   1       1410    638     2368    2034    
CTETRA  19024   1       2847    1357    263     2848    
CTETRA  19025   1       2869    1685    2341    3017    
CTETRA  19026   1       2230    2051    2480    2805    
CTETRA  19027   1       1249    332     301     1955    
CTETRA  19028   1       3277    2677    3330    3329    
CTETRA  19029   1       1859    1316    1860    1315    
CTETRA  19030   1       2111    2194    2581    1455    
CTETRA  19031   1       2153    6176    6248    5883    
CTETRA  19032   1       3467    3208    1964    899     
CTETRA  19033   1       591     1839    2141    1461    
CTETRA  19034   1       6208    525     294     6100    
CTETRA  19035   1       1404    1319    1405    1318    
CTETRA  19036   1       792     1242    1244    790     
CTETRA  19037   1       6329    3496    3497    5571    
CTETRA  19038   1       2184    4932    2183    2185    
CTETRA  19039   1       2041    1990    2576    1989    
CTETRA  19040   1       1492    403     1969    1494    
CTETRA  19041   1       573     2429    3017    571     
CTETRA  19042   1       2565    403     402     1494    
CTETRA  19043   1       4036    3450    3267    3933    
CTETRA  19044   1       739     1323    378     379     
CTETRA  19045   1       1246    360     1363    3278    
CTETRA  19046   1       5897    5319    5896    5895    
CTETRA  19047   1       2687    100     6417    4292    
CTETRA  19048   1       1502    6106    1503    3875    
CTETRA  19049   1       792     1260    3852    3345    
CTETRA  19050   1       609     2349    2402    1040    
CTETRA  19051   1       2428    573     2429    3017    
CTETRA  19052   1       2772    2212    1842    2885    
CTETRA  19053   1       1009    892     2567    2566    
CTETRA  19054   1       4263    1904    572     3189    
CTETRA  19055   1       2032    1460    2080    807     
CTETRA  19056   1       2826    2102    1869    1864    
CTETRA  19057   1       4018    3286    3831    4048    
CTETRA  19058   1       1840    2141    2133    2132    
CTETRA  19059   1       318     319     730     1089    
CTETRA  19060   1       1497    2577    2033    2227    
CTETRA  19061   1       668     691     795     692     
CTETRA  19062   1       3639    2231    1380    2729    
CTETRA  19063   1       4758    5133    5948    4294    
CTETRA  19064   1       2826    1888    2102    2018    
CTETRA  19065   1       1283    1280    2208    2563    
CTETRA  19066   1       3847    371     799     3750    
CTETRA  19067   1       2051    2229    2230    2480    
CTETRA  19068   1       766     3056    3298    1832    
CTETRA  19069   1       3858    374     5559    5557    
CTETRA  19070   1       1280    2208    791     1283    
CTETRA  19071   1       736     668     795     692     
CTETRA  19072   1       4023    1827    4263    5063    
CTETRA  19073   1       6135    4346    5450    3179    
CTETRA  19074   1       3968    4720    1268    4723    
CTETRA  19075   1       3177    6188    5450    3179    
CTETRA  19076   1       739     1323    379     1414    
CTETRA  19077   1       2101    1863    1839    2197    
CTETRA  19078   1       1293    3497    5571    2365    
CTETRA  19079   1       2545    2563    1283    3347    
CTETRA  19080   1       1501    6106    1503    1502    
CTETRA  19081   1       3750    3091    348     1494    
CTETRA  19082   1       2051    1436    2480    2052    
CTETRA  19083   1       3138    615     1902    3626    
CTETRA  19084   1       776     2571    1318    1306    
CTETRA  19085   1       2480    1436    2729    2052    
CTETRA  19086   1       5995    6179    5485    6343    
CTETRA  19087   1       6408    3281    3280    3185    
CTETRA  19088   1       2133    430     3197    1840    
CTETRA  19089   1       4182    1986    3466    3587    
CTETRA  19090   1       1199    1039    1041    2900    
CTETRA  19091   1       6248    2153    5883    6345    
CTETRA  19092   1       2885    1842    2772    2589    
CTETRA  19093   1       638     2439    1435    2368    
CTETRA  19094   1       2029    3681    254     1703    
CTETRA  19095   1       1318    1405    1404    1306    
CTETRA  19096   1       5573    4212    4421    6424    
CTETRA  19097   1       5637    6315    882     4575    
CTETRA  19098   1       2865    1054    3463    3404    
CTETRA  19099   1       2857    2866    2324    3270    
CTETRA  19100   1       6316    4574    3791    4180    
CTETRA  19101   1       377     380     1416    1320    
CTETRA  19102   1       2581    371     799     1456    
CTETRA  19103   1       2706    2708    2601    2705    
CTETRA  19104   1       3175    5075    5076    856     
CTETRA  19105   1       2577    409     2033    2227    
CTETRA  19106   1       1436    2051    1430    1431    
CTETRA  19107   1       3545    402     1456    2738    
CTETRA  19108   1       3795    1401    3473    1379    
CTETRA  19109   1       3177    5450    6023    3179    
CTETRA  19110   1       1199    2324    2900    2438    
CTETRA  19111   1       2111    2581    799     1456    
CTETRA  19112   1       4239    6404    5659    1335    
CTETRA  19113   1       4020    4019    4018    1335    
CTETRA  19114   1       615     3138    616     3626    
CTETRA  19115   1       1598    528     633     3620    
CTETRA  19116   1       4262    3714    1828    1829    
CTETRA  19117   1       3789    4573    3559    3862    
CTETRA  19118   1       3197    2523    2133    2141    
CTETRA  19119   1       1954    2661    302     1257    
CTETRA  19120   1       4346    3177    6023    3179    
CTETRA  19121   1       1186    1267    2678    3214    
CTETRA  19122   1       2229    2231    2230    2480    
CTETRA  19123   1       1456    371     799     3847    
CTETRA  19124   1       2020    1864    2018    3238    
CTETRA  19125   1       1905    573     572     1904    
CTETRA  19126   1       2410    1435    2367    2368    
CTETRA  19127   1       3256    5177    3596    3981    
CTETRA  19128   1       2212    2885    2070    2021    
CTETRA  19129   1       346     798     800     2236    
CTETRA  19130   1       795     672     734     692     
CTETRA  19131   1       347     807     1460    1457    
CTETRA  19132   1       4180    6316    4574    4573    
CTETRA  19133   1       2480    2231    2230    2805    
CTETRA  19134   1       883     3559    3561    3862    
CTETRA  19135   1       2248    3257    3850    5177    
CTETRA  19136   1       1260    3618    2586    502     
CTETRA  19137   1       2420    615     633     3626    
CTETRA  19138   1       1199    1039    2899    1041    
CTETRA  19139   1       3197    2523    2141    1461    
CTETRA  19140   1       346     800     2564    2236    
CTETRA  19141   1       2141    2133    3197    1840    
CTETRA  19142   1       3596    3257    2249    5177    
CTETRA  19143   1       5485    6342    5995    6343    
CTETRA  19144   1       408     410     409     1426    
CTETRA  19145   1       1429    1495    1427    2756    
CTETRA  19146   1       2799    5826    5243    1777    
CTETRA  19147   1       4835    4834    4041    3153    
CTETRA  19148   1       6052    1946    6051    6350    
CTETRA  19149   1       3466    3208    3467    900     
CTETRA  19150   1       100     522     2419    6417    
CTETRA  19151   1       1502    3875    3876    2724    
CTETRA  19152   1       2430    1588    1527    1442    
CTETRA  19153   1       4041    4834    4160    3153    
CTETRA  19154   1       3585    3466    1986    3587    
CTETRA  19155   1       377     739     1414    1416    
CTETRA  19156   1       5571    3497    6329    2365    
CTETRA  19157   1       1502    3875    2724    6117    
CTETRA  19158   1       2523    2133    2141    2631    
CTETRA  19159   1       2197    2101    1865    1866    
CTETRA  19160   1       3496    3565    5879    3975    
CTETRA  19161   1       1876    596     813     1453    
CTETRA  19162   1       1446    1445    1588    2100    
CTETRA  19163   1       4188    791     2897    1244    
CTETRA  19164   1       5916    4927    2492    6170    
CTETRA  19165   1       1326    6343    1266    1328    
CTETRA  19166   1       5485    6342    2670    2668    
CTETRA  19167   1       1429    1479    1495    1481    
CTETRA  19168   1       4236    2938    1903    5063    
CTETRA  19169   1       379     739     377     378     
CTETRA  19170   1       2095    1517    1521    1522    
CTETRA  19171   1       5243    5374    2799    2798    
CTETRA  19172   1       2576    1527    1524    1440    
CTETRA  19173   1       2805    2051    2480    2052    
CTETRA  19174   1       4046    3204    375     4942    
CTETRA  19175   1       3007    2983    503     2985    
CTETRA  19176   1       2941    2731    461     2708    
CTETRA  19177   1       1428    1496    4135    1497    
CTETRA  19178   1       1280    2562    2208    2563    
CTETRA  19179   1       3981    3256    5177    2683    
CTETRA  19180   1       379     377     739     1414    
CTETRA  19181   1       1911    149     148     1910    
CTETRA  19182   1       373     1493    2293    2266    
CTETRA  19183   1       2420    615     634     633     
CTETRA  19184   1       5991    6052    1946    6051    
CTETRA  19185   1       2341    1685    2869    2868    
CTETRA  19186   1       1460    2565    347     1457    
CTETRA  19187   1       840     1985    1986    3208    
CTETRA  19188   1       3473    1379    3084    1393    
CTETRA  19189   1       3395    1045    2586    3618    
CTETRA  19190   1       5405    6034    6326    5052    
CTETRA  19191   1       633     528     2420    2422    
CTETRA  19192   1       734     736     795     692     
CTETRA  19193   1       1588    1442    1445    1446    
CTETRA  19194   1       3587    6188    3177    3179    
CTETRA  19195   1       3017    573     571     1905    
CTETRA  19196   1       3397    2430    1442    2294    
CTETRA  19197   1       2066    1256    2247    2067    
CTETRA  19198   1       2581    2111    1455    1456    
CTETRA  19199   1       1282    2562    1280    2545    
CTETRA  19200   1       2857    2323    2866    1054    
CTETRA  19201   1       1503    1502    3875    3876    
CTETRA  19202   1       3208    3467    901     899     
CTETRA  19203   1       374     3858    3857    5557    
CTETRA  19204   1       373     1493    3091    3750    
CTETRA  19205   1       706     704     705     3392    
CTETRA  19206   1       729     381     382     1308    
CTETRA  19207   1       3177    3178    4180    4573    
CTETRA  19208   1       6477    1891    418     1910    
CTETRA  19209   1       2183    4933    3547    4932    
CTETRA  19210   1       615     614     2874    2875    
CTETRA  19211   1       2981    888     3532    889     
CTETRA  19212   1       5374    646     5243    2799    
CTETRA  19213   1       403     1493    402     1494    
CTETRA  19214   1       1521    2095    1522    2094    
CTETRA  19215   1       2324    2866    2900    2438    
CTETRA  19216   1       2868    2429    571     3017    
CTETRA  19217   1       1562    514     515     2121    
CTETRA  19218   1       5177    3596    3257    3256    
CTETRA  19219   1       6353    6344    6171    5884    
CTETRA  19220   1       514     513     515     1699    
CTETRA  19221   1       2938    4263    1903    5063    
CTETRA  19222   1       2729    364     2231    2480    
CTETRA  19223   1       379     377     380     378     
CTETRA  19224   1       2562    2208    3277    1280    
CTETRA  19225   1       3559    3179    3561    3862    
CTETRA  19226   1       790     792     791     1244    
CTETRA  19227   1       1874    1305    1407    2571    
CTETRA  19228   1       332     748     301     1955    
CTETRA  19229   1       1459    3376    2756    2032    
CTETRA  19230   1       3559    4573    3179    3862    
CTETRA  19231   1       1481    1495    1429    2756    
CTETRA  19232   1       2431    3091    348     3750    
CTETRA  19233   1       1320    1416    1319    3472    
CTETRA  19234   1       901     3467    3208    900     
CTETRA  19235   1       1891    418     419     6477    
CTETRA  19236   1       334     302     2661    1257    
CTETRA  19237   1       418     419     440     1891    
CTETRA  19238   1       5954    4756    4295    4293    
CTETRA  19239   1       1986    840     3585    1984    
CTETRA  19240   1       3467    1986    3208    3466    
CTETRA  19241   1       5556    1592    1375    3317    
CTETRA  19242   1       571     2869    2868    3017    
CTETRA  19243   1       2586    762     502     3618    
CTETRA  19244   1       3847    1493    371     3750    
CTETRA  19245   1       376     374     5558    3205    
CTETRA  19246   1       1414    1319    377     1416    
CTETRA  19247   1       2327    1040    1039    2900    
CTETRA  19248   1       3124    4188    1242    1244    
CTETRA  19249   1       4018    4020    1335    1333    
CTETRA  19250   1       403     1493    1492    402     
CTETRA  19251   1       2141    1839    3197    1461    
CTETRA  19252   1       2563    1283    1280    2545    
CTETRA  19253   1       1598    1687    528     3620    
CTETRA  19254   1       6446    6106    6145    1501    
CTETRA  19255   1       5954    4757    4756    4293    
CTETRA  19256   1       402     403     2253    1492    
CTETRA  19257   1       1292    495     1149    2365    
CTETRA  19258   1       1440    1527    1442    2947    
CTETRA  19259   1       2141    3197    1839    1840    
CTETRA  19260   1       3587    1986    3586    3179    
CTETRA  19261   1       3561    3177    4346    3179    
CTETRA  19262   1       1503    6145    6106    1501    
CTETRA  19263   1       6135    3561    4346    3179    
CTETRA  19264   1       377     1319    1414    1325    
CTETRA  19265   1       1256    2247    2246    2066    
CTETRA  19266   1       373     1493    2266    3091    
CTETRA  19267   1       3376    2216    1427    2756    
CTETRA  19268   1       1199    2324    2327    2900    
CTETRA  19269   1       5954    4295    5955    4293    
CTETRA  19270   1       5133    5562    5948    4294    
CTETRA  19271   1       683     681     2079    2596    
CTETRA  19272   1       2253    2255    402     1492    
CTETRA  19273   1       1242    790     3124    1244    
CTETRA  19274   1       3850    1708    2248    5177    
CTETRA  19275   1       3616    2356    402     2738    
CTETRA  19276   1       1986    1985    840     1984    
CTETRA  19277   1       1841    2772    1842    2589    
CTETRA  19278   1       1588    1442    1440    1527    
CTETRA  19279   1       2327    1039    1199    2900    
CTETRA  19280   1       1456    1455    2581    3545    
CTETRA  19281   1       2323    2324    2866    1054    
CTETRA  19282   1       373     371     1493    3750    
CTETRA  19283   1       5076    3606    3174    5077    
CTETRA  19284   1       1493    2266    3091    1494    
CTETRA  19285   1       1516    6452    3379    5020    
CTETRA  19286   1       2866    2324    2323    2857    
CTETRA  19287   1       801     800     802     4175    
CTETRA  19288   1       2293    1493    1492    2266    
CTETRA  19289   1       5481    5004    5005    5003    
CTETRA  19290   1       2868    2341    2429    3017    
CTETRA  19291   1       379     377     1414    1325    
CTETRA  19292   1       3350    2429    2933    3150    
CTETRA  19293   1       2324    2866    2327    2900    
CTETRA  19294   1       5561    5949    5133    5562    
CTETRA  19295   1       1527    1443    1440    1588    
CTETRA  19296   1       4180    3179    3177    4573    
CTETRA  19297   1       1416    1319    377     1320    
CTETRA  19298   1       374     5558    3205    5559    
CTETRA  19299   1       685     666     684     2001    
CTETRA  19300   1       1839    2141    1840    1838    
CTETRA  19301   1       705     706     3392    3522    
CTETRA  19302   1       2868    2869    2341    3017    
CTETRA  19303   1       1941    1940    2826    1924    
CTETRA  19304   1       1282    1280    1283    2545    
CTETRA  19305   1       2266    1493    1492    1494    
CTETRA  19306   1       681     683     698     2596    
CTETRA  19307   1       799     798     779     801     
CTETRA  19308   1       2933    2429    2341    3017    
CTETRA  19309   1       5562    5949    5133    5948    
CTETRA  19310   1       3397    1442    1441    1444    
CTETRA  19311   1       2398    4036    3450    2139    
CTETRA  19312   1       813     812     814     1453    
CTETRA  19313   1       1389    4246    2958    4245    
CTETRA  19314   1       4758    4756    5133    4294    
CTETRA  19315   1       4639    4640    2983    5633    
CTETRA  19316   1       1627    1101    1102    1099    
CTETRA  19317   1       633     1690    1691    635     
CTETRA  19318   1       1424    2764    4270    6488    
CTETRA  19319   1       4270    2764    4169    6488    
CTETRA  19320   1       6344    6171    1399    6353    
CTETRA  19321   1       6344    1399    6171    1398    
CTETRA  19322   1       6468    1399    6171    6353    
CTETRA  19323   1       1324    317     2119    379     
CTETRA  19324   1       1324    2119    317     318     
CTETRA  19325   1       2732    3402    1902    4267    
CTETRA  19326   1       1902    3402    2732    2421    
CTETRA  19327   1       2428    799     2111    778     
CTETRA  19328   1       2111    799     2428    3018    
CTETRA  19329   1       1335    4048    4018    3831    
CTETRA  19330   1       1335    4018    4048    4019    
CTETRA  19331   1       2138    2392    1298    2137    
CTETRA  19332   1       2138    1298    2392    2139    
CTETRA  19333   1       1921    116     6484    118     
CTETRA  19334   1       1921    6484    116     2923    
CTETRA  19335   1       1262    1184    3330    2677    
CTETRA  19336   1       1262    3330    1184    1259    
CTETRA  19337   1       844     3179    705     704     
CTETRA  19338   1       844     705     3179    2336    
CTETRA  19339   1       5450    3179    705     2336    
CTETRA  19340   1       6486    1420    1412    1312    
CTETRA  19341   1       6486    1412    1420    5424    
CTETRA  19342   1       5423    1420    1412    5424    
CTETRA  19343   1       1588    84      1443    523     
CTETRA  19344   1       1588    1443    84      1527    
CTETRA  19345   1       1392    3473    3794    1388    
CTETRA  19346   1       814     1857    812     1855    
CTETRA  19347   1       814     812     1857    1453    
CTETRA  19348   1       1004    3689    2891    197     
CTETRA  19349   1       1004    2891    3689    4226    
CTETRA  19350   1       2942    3238    3083    1837    
CTETRA  19351   1       2942    3083    3238    1842    
CTETRA  19352   1       1528    2922    1341    1343    
CTETRA  19353   1       1528    1341    2922    265     
CTETRA  19354   1       5424    1314    1338    1420    
CTETRA  19355   1       5424    1338    1314    6490    
CTETRA  19356   1       4132    1338    1314    1420    
CTETRA  19357   1       4132    1314    1338    6490    
CTETRA  19358   1       1307    6492    1304    1881    
CTETRA  19359   1       1307    1304    6492    383     
CTETRA  19360   1       775     1304    6492    1881    
CTETRA  19361   1       775     6492    1304    383     
CTETRA  19362   1       2065    1369    1288    2287    
CTETRA  19363   1       2065    1288    1369    1285    
CTETRA  19364   1       5815    2516    6251    6174    
CTETRA  19365   1       5815    6251    2516    4283    
CTETRA  19366   1       4913    6251    2516    6174    
CTETRA  19367   1       4913    2516    6251    4283    
CTETRA  19368   1       4046    5558    4942    376     
CTETRA  19369   1       4046    4942    5558    3204    
CTETRA  19370   1       375     4942    3205    376     
CTETRA  19371   1       375     3205    4942    3204    
CTETRA  19372   1       4942    5558    3205    376     
CTETRA  19373   1       4942    3205    5558    3204    
CTETRA  19374   1       6100    5445    6208    6306    
CTETRA  19375   1       1995    5445    6208    3043    
CTETRA  19376   1       1995    6208    5445    6306    
CTETRA  19377   1       1778    2560    3200    1779    
CTETRA  19378   1       1778    3200    2560    1777    
CTETRA  19379   1       5636    3175    858     3790    
CTETRA  19380   1       858     3175    5636    6314    
CTETRA  19381   1       1340    1390    6249    1411    
CTETRA  19382   1       6249    1390    1340    6250    
CTETRA  19383   1       1874    1857    3012    3516    
CTETRA  19384   1       3012    1857    1874    1882    
CTETRA  19385   1       5955    5562    4294    5948    
CTETRA  19386   1       5955    4294    5562    4295    
CTETRA  19387   1       4061    3444    1506    3443    
CTETRA  19388   1       4061    1506    3444    6331    
CTETRA  19389   1       5694    1506    3444    3443    
CTETRA  19390   1       5694    3444    1506    6331    
CTETRA  19391   1       1447    2717    1862    1861    
CTETRA  19392   1       1862    2717    1447    6491    
CTETRA  19393   1       722     721     5538    764     
CTETRA  19394   1       5538    721     722     723     
CTETRA  19395   1       403     2253    2356    402     
CTETRA  19396   1       403     2356    2253    404     
CTETRA  19397   1       2064    1361    1356    1358    
CTETRA  19398   1       2064    1356    1361    2009    
CTETRA  19399   1       651     3036    5635    4282    
CTETRA  19400   1       651     5635    3036    3008    
CTETRA  19401   1       1465    2620    1898    1899    
CTETRA  19402   1       1898    2620    1465    1467    
CTETRA  19403   1       6287    5569    5766    1491    
CTETRA  19404   1       949     2542    555     553     
CTETRA  19405   1       949     555     2542    948     
CTETRA  19406   1       404     1429    2756    2352    
CTETRA  19407   1       404     2756    1429    1427    
CTETRA  19408   1       1904    1455    1454    2582    
CTETRA  19409   1       1904    1454    1455    1456    
CTETRA  19410   1       412     5935    411     413     
CTETRA  19411   1       412     411     5935    6302    
CTETRA  19412   1       2732    3626    1902    2421    
CTETRA  19413   1       2732    1902    3626    3378    
CTETRA  19414   1       6492    812     1854    6305    
CTETRA  19415   1       2756    2352    1458    404     
CTETRA  19416   1       2756    1458    2352    1482    
CTETRA  19417   1       2356    1458    2352    404     
CTETRA  19418   1       2356    2352    1458    1482    
CTETRA  19419   1       1412    1312    1413    338     
CTETRA  19420   1       1904    3018    801     799     
CTETRA  19421   1       1904    801     3018    573     
CTETRA  19422   1       2428    801     3018    799     
CTETRA  19423   1       2428    3018    801     573     
CTETRA  19424   1       1101    834     543     1095    
CTETRA  19425   1       1101    543     834     972     
CTETRA  19426   1       5569    6489    5766    1491    
CTETRA  19427   1       6493    197     1005    5779    
CTETRA  19428   1       6493    1005    197     2891    
CTETRA  19429   1       2547    2351    1868    1940    
CTETRA  19430   1       1482    1868    2351    1940    
CTETRA  19431   1       1482    2351    1868    2356    
CTETRA  19432   1       3213    1269    3968    1268    
CTETRA  19433   1       3213    3968    1269    3214    
CTETRA  19434   1       1267    3968    1269    1268    
CTETRA  19435   1       1267    1269    3968    3214    
CTETRA  19436   1       3519    2697    3520    2696    
CTETRA  19437   1       3519    3520    2697    3951    
CTETRA  19438   1       6490    2697    3520    3951    
CTETRA  19439   1       2350    2939    749     732     
CTETRA  19440   1       2350    749     2939    2940    
CTETRA  19441   1       3272    2738    402     2356    
CTETRA  19442   1       3272    402     2738    1454    
CTETRA  19443   1       1452    796     1310    674     
CTETRA  19444   1       1452    1310    796     6492    
CTETRA  19445   1       2980    3756    2479    2981    
CTETRA  19446   1       2980    2479    3756    5022    
CTETRA  19447   1       6489    4988    2709    5401    
CTETRA  19448   1       6489    2709    4988    4061    
CTETRA  19449   1       1505    3948    1484    643     
CTETRA  19450   1       1484    3948    1505    6276    
CTETRA  19451   1       1484    6489    1505    643     
CTETRA  19452   1       1505    6489    1484    6276    
CTETRA  19453   1       767     766     3056    768     
CTETRA  19454   1       3056    766     767     1832    
CTETRA  19455   1       2011    1276    693     1327    
CTETRA  19456   1       693     1276    2011    1309    
CTETRA  19457   1       3740    3138    3378    2964    
CTETRA  19458   1       3740    3378    3138    2601    
CTETRA  19459   1       2731    3740    3378    2964    
CTETRA  19460   1       2731    3378    3740    2601    
CTETRA  19461   1       2708    3740    2731    2964    
CTETRA  19462   1       2708    2731    3740    2601    
CTETRA  19463   1       1460    2032    2737    1457    
CTETRA  19464   1       2737    2032    1460    1459    
CTETRA  19465   1       2737    1458    1460    1457    
CTETRA  19466   1       1460    1458    2737    1459    
CTETRA  19467   1       212     5679    1005    94      
CTETRA  19468   1       212     1005    5679    211     
CTETRA  19469   1       1448    1898    6491    2717    
CTETRA  19470   1       1448    6491    1898    2620    
CTETRA  19471   1       669     670     2040    671     
CTETRA  19472   1       2040    670     669     948     
CTETRA  19473   1       1981    3060    3894    1982    
CTETRA  19474   1       1981    3894    3060    3059    
CTETRA  19475   1       3190    1903    2814    2874    
CTETRA  19476   1       3190    2814    1903    1828    
CTETRA  19477   1       3138    2814    1903    2874    
CTETRA  19478   1       3138    1903    2814    1828    
CTETRA  19479   1       1302    4018    3831    3411    
CTETRA  19480   1       1302    3831    4018    3286    
CTETRA  19481   1       428     1137    427     3372    
CTETRA  19482   1       427     1137    428     1136    
CTETRA  19483   1       1295    2011    2119    1309    
CTETRA  19484   1       1295    2119    2011    317     
CTETRA  19485   1       5538    722     5589    6167    
CTETRA  19486   1       5538    5589    722     764     
CTETRA  19487   1       2011    1276    2119    1309    
CTETRA  19488   1       2119    1276    2011    318     
CTETRA  19489   1       607     3522    2592    705     
CTETRA  19490   1       607     2592    3522    609     
CTETRA  19491   1       2725    1502    6117    5803    
CTETRA  19492   1       2725    6117    1502    2724    
CTETRA  19493   1       1603    525     6209    524     
CTETRA  19494   1       1603    6209    525     294     
CTETRA  19495   1       6208    6209    525     524     
CTETRA  19496   1       6208    525     6209    294     
CTETRA  19497   1       2682    2256    2269    2258    
CTETRA  19498   1       2682    2269    2256    2901    
CTETRA  19499   1       2257    2269    2256    2258    
CTETRA  19500   1       2257    2256    2269    2901    
CTETRA  19501   1       1854    1855    6492    1881    
CTETRA  19502   1       6492    1855    1854    812     
CTETRA  19503   1       2351    3272    1868    2356    
CTETRA  19504   1       2351    1868    3272    2547    
CTETRA  19505   1       4061    3690    2710    4062    
CTETRA  19506   1       4061    2710    3690    2709    
CTETRA  19507   1       2029    1995    1703    1997    
CTETRA  19508   1       2029    1703    1995    5445    
CTETRA  19509   1       4032    1703    1995    1997    
CTETRA  19510   1       4032    1995    1703    5445    
CTETRA  19511   1       2233    798     801     779     
CTETRA  19512   1       2233    801     798     2236    
CTETRA  19513   1       3027    596     2196    594     
CTETRA  19514   1       3027    2196    596     595     
CTETRA  19515   1       1876    596     2196    595     
CTETRA  19516   1       404     2216    2756    1427    
CTETRA  19517   1       404     2756    2216    2737    
CTETRA  19518   1       1312    1390    2958    5757    
CTETRA  19519   1       2958    1390    1312    338     
CTETRA  19520   1       3522    3345    2586    2592    
CTETRA  19521   1       2586    3345    3522    1260    
CTETRA  19522   1       2586    609     3522    2592    
CTETRA  19523   1       3522    609     2586    1260    
CTETRA  19524   1       1137    428     2558    3372    
CTETRA  19525   1       1137    2558    428     1620    
CTETRA  19526   1       2576    2703    1525    2430    
CTETRA  19527   1       2576    1525    2703    2041    
CTETRA  19528   1       1507    3503    407     4297    
CTETRA  19529   1       1507    407     3503    4296    
CTETRA  19530   1       1864    1837    3238    2689    
CTETRA  19531   1       1864    3238    1837    3083    
CTETRA  19532   1       681     3559    882     6315    
CTETRA  19533   1       681     882     3559    883     
CTETRA  19534   1       1370    3164    4993    4120    
CTETRA  19535   1       1370    4993    3164    1371    
CTETRA  19536   1       5396    4990    1195    5397    
CTETRA  19537   1       1195    4990    5396    6054    
CTETRA  19538   1       1306    1405    636     2571    
CTETRA  19539   1       1306    636     1405    1404    
CTETRA  19540   1       802     1464    3260    3092    
CTETRA  19541   1       802     3260    1464    655     
CTETRA  19542   1       1868    3260    1464    3092    
CTETRA  19543   1       1868    1464    3260    655     
CTETRA  19544   1       3090    1828    1825    2602    
CTETRA  19545   1       3090    1825    1828    5230    
CTETRA  19546   1       3714    1825    1828    2602    
CTETRA  19547   1       3714    1828    1825    5230    
CTETRA  19548   1       2547    1868    1941    1940    
CTETRA  19549   1       2547    1941    1868    1939    
CTETRA  19550   1       3443    3444    6138    416     
CTETRA  19551   1       6138    3444    3443    5694    
CTETRA  19552   1       2350    2940    666     749     
CTETRA  19553   1       3648    3392    704     3436    
CTETRA  19554   1       3648    704     3392    1985    
CTETRA  19555   1       1468    1910    165     1469    
CTETRA  19556   1       2919    2333    3235    3221    
CTETRA  19557   1       2919    3235    2333    2331    
CTETRA  19558   1       1898    1448    1467    1449    
CTETRA  19559   1       1467    1448    1898    2620    
CTETRA  19560   1       502     761     3345    503     
CTETRA  19561   1       502     3345    761     2586    
CTETRA  19562   1       1862    5355    2717    5228    
CTETRA  19563   1       2717    5355    1862    1861    
CTETRA  19564   1       659     657     6494    658     
CTETRA  19565   1       659     6494    657     5887    
CTETRA  19566   1       6483    6494    657     658     
CTETRA  19567   1       6483    657     6494    5887    
CTETRA  19568   1       2851    3181    1755    2850    
CTETRA  19569   1       2851    1755    3181    671     
CTETRA  19570   1       1969    1457    2266    1494    
CTETRA  19571   1       1969    2266    1457    2267    
CTETRA  19572   1       2121    3281    6408    1562    
CTETRA  19573   1       2121    6408    3281    1996    
CTETRA  19574   1       1494    346     3847    2565    
CTETRA  19575   1       1494    3847    346     1493    
CTETRA  19576   1       749     2001    685     1091    
CTETRA  19577   1       749     685     2001    666     
CTETRA  19578   1       693     732     685     1091    
CTETRA  19579   1       693     685     732     666     
CTETRA  19580   1       732     749     685     1091    
CTETRA  19581   1       732     685     749     666     
CTETRA  19582   1       1331    730     381     729     
CTETRA  19583   1       1331    381     730     319     
CTETRA  19584   1       1089    730     381     319     
CTETRA  19585   1       6494    6167    722     5538    
CTETRA  19586   1       6494    722     6167    659     
CTETRA  19587   1       3547    4262    3144    2240    
CTETRA  19588   1       3144    4262    3547    4874    
CTETRA  19589   1       1955    301     1954    748     
CTETRA  19590   1       1368    1954    301     748     
CTETRA  19591   1       1368    301     1954    302     
CTETRA  19592   1       497     1364    453     1188    
CTETRA  19593   1       497     453     1364    2449    
CTETRA  19594   1       6373    5779    5679    199     
CTETRA  19595   1       6373    5679    5779    211     
CTETRA  19596   1       1420    5423    1338    5424    
CTETRA  19597   1       1420    1338    5423    1340    
CTETRA  19598   1       2208    1244    2163    2207    
CTETRA  19599   1       2208    2163    1244    3558    
CTETRA  19600   1       1677    1423    1421    1675    
CTETRA  19601   1       1421    1423    1677    1452    
CTETRA  19602   1       3466    2259    3208    900     
CTETRA  19603   1       3466    3208    2259    840     
CTETRA  19604   1       3914    5478    5678    4904    
CTETRA  19605   1       5678    5478    3914    5809    
CTETRA  19606   1       2834    1400    2994    4588    
CTETRA  19607   1       2834    2994    1400    336     
CTETRA  19608   1       6486    2994    1400    4588    
CTETRA  19609   1       6486    1400    2994    336     
CTETRA  19610   1       3298    2691    3058    2309    
CTETRA  19611   1       3298    3058    2691    3139    
CTETRA  19612   1       302     359     1368    3461    
CTETRA  19613   1       302     1368    359     2660    
CTETRA  19614   1       2794    1423    5871    3898    
CTETRA  19615   1       2794    5871    1423    674     
CTETRA  19616   1       437     1496    436     1497    
CTETRA  19617   1       437     436     1496    439     
CTETRA  19618   1       1479    436     1496    1497    
CTETRA  19619   1       1479    1496    436     439     
CTETRA  19620   1       2134    672     674     693     
CTETRA  19621   1       2134    674     672     673     
CTETRA  19622   1       993     1708    3851    1707    
CTETRA  19623   1       993     3851    1708    992     
CTETRA  19624   1       1468    3204    164     4046    
CTETRA  19625   1       1468    164     3204    1470    
CTETRA  19626   1       375     164     3204    4046    
CTETRA  19627   1       375     3204    164     1470    
CTETRA  19628   1       1421    3472    1405    2530    
CTETRA  19629   1       1421    1405    3472    1320    
CTETRA  19630   1       6306    193     5445    1995    
CTETRA  19631   1       6306    5445    193     6100    
CTETRA  19632   1       195     193     5445    6100    
CTETRA  19633   1       5458    4809    6298    5082    
CTETRA  19634   1       5458    6298    4809    4562    
CTETRA  19635   1       2350    736     666     2940    
CTETRA  19636   1       2350    666     736     692     
CTETRA  19637   1       2091    1424    654     1463    
CTETRA  19638   1       654     1424    2091    2090    
CTETRA  19639   1       654     2081    2091    1463    
CTETRA  19640   1       2091    2081    654     2090    
CTETRA  19641   1       1868    2764    3260    1939    
CTETRA  19642   1       1868    3260    2764    655     
CTETRA  19643   1       669     2040    1796    2039    
CTETRA  19644   1       416     3443    3646    644     
CTETRA  19645   1       3646    5214    416     644     
CTETRA  19646   1       854     548     152     547     
CTETRA  19647   1       854     152     548     201     
CTETRA  19648   1       1863    2102    2103    2101    
CTETRA  19649   1       1863    2103    2102    1869    
CTETRA  19650   1       5769    6188    5848    3177    
CTETRA  19651   1       5769    5848    6188    5910    
CTETRA  19652   1       2030    256     2118    254     
CTETRA  19653   1       2030    2118    256     1772    
CTETRA  19654   1       3443    3646    3690    3442    
CTETRA  19655   1       3443    3690    3646    1506    
CTETRA  19656   1       758     1860    1316    3673    
CTETRA  19657   1       758     1316    1860    1478    
CTETRA  19658   1       5573    4213    6424    6315    
CTETRA  19659   1       5573    6424    4213    4212    
CTETRA  19660   1       2800    6424    4213    6315    
CTETRA  19661   1       2800    4213    6424    4212    
CTETRA  19662   1       636     1408    620     1407    
CTETRA  19663   1       636     620     1408    1409    
CTETRA  19664   1       1913    6287    1491    5569    
CTETRA  19665   1       1491    6287    1913    1489    
CTETRA  19666   1       1491    1490    1913    5569    
CTETRA  19667   1       1913    1490    1491    1489    
CTETRA  19668   1       2670    1326    732     6342    
CTETRA  19669   1       732     2939    2670    6342    
CTETRA  19670   1       2670    2939    732     749     
CTETRA  19671   1       60      61      1006    59      
CTETRA  19672   1       60      1006    61      519     
CTETRA  19673   1       1216    3549    1051    836     
CTETRA  19674   1       1216    1051    3549    1050    
CTETRA  19675   1       1052    1051    3549    836     
CTETRA  19676   1       1052    3549    1051    1050    
CTETRA  19677   1       3648    842     3770    3436    
CTETRA  19678   1       3648    3770    842     3599    
CTETRA  19679   1       829     674     3897    673     
CTETRA  19680   1       829     3897    674     5871    
CTETRA  19681   1       102     5177    3680    2683    
CTETRA  19682   1       102     3680    5177    1708    
CTETRA  19683   1       406     6117    2725    2724    
CTETRA  19684   1       406     2725    6117    405     
CTETRA  19685   1       882     3789    3559    3862    
CTETRA  19686   1       3559    3789    882     4575    
CTETRA  19687   1       438     638     436     2366    
CTETRA  19688   1       438     436     638     1435    
CTETRA  19689   1       1888    1940    2103    1867    
CTETRA  19690   1       1888    2103    1940    2826    
CTETRA  19691   1       5911    1516    2700    5023    
CTETRA  19692   1       5911    2700    1516    1515    
CTETRA  19693   1       525     6100    194     195     
CTETRA  19694   1       193     194     6100    195     
CTETRA  19695   1       193     6100    194     6306    
CTETRA  19696   1       1321    2833    337     2832    
CTETRA  19697   1       1321    337     2833    1322    
CTETRA  19698   1       1859    760     1316    1880    
CTETRA  19699   1       1859    1316    760     1478    
CTETRA  19700   1       1405    1415    3472    1319    
CTETRA  19701   1       1405    3472    1415    1406    
CTETRA  19702   1       2670    1091    732     1326    
CTETRA  19703   1       2670    732     1091    749     
CTETRA  19704   1       1685    2869    2420    1900    
CTETRA  19705   1       2420    2869    1685    2868    
CTETRA  19706   1       2869    615     2420    1900    
CTETRA  19707   1       2869    571     615     1900    
CTETRA  19708   1       4268    1321    442     441     
CTETRA  19709   1       431     1840    1839    2197    
CTETRA  19710   1       1839    1840    431     594     
CTETRA  19711   1       1839    2196    431     2197    
CTETRA  19712   1       431     2196    1839    594     
CTETRA  19713   1       670     908     2014    2584    
CTETRA  19714   1       670     2014    908     2853    
CTETRA  19715   1       2013    2014    908     2584    
CTETRA  19716   1       2013    908     2014    2853    
CTETRA  19717   1       2120    1296    380     1295    
CTETRA  19718   1       2120    380     1296    1320    
CTETRA  19719   1       1929    1930    4005    1928    
CTETRA  19720   1       4005    1930    1929    1780    
CTETRA  19721   1       2431    346     3750    348     
CTETRA  19722   1       2431    3750    346     799     
CTETRA  19723   1       4032    3281    195     3280    
CTETRA  19724   1       2479    3711    2980    2483    
CTETRA  19725   1       2479    2980    3711    884     
CTETRA  19726   1       1345    2246    2024    2066    
CTETRA  19727   1       1345    2024    2246    1253    
CTETRA  19728   1       5995    3213    1265    1328    
CTETRA  19729   1       5995    1265    3213    4720    
CTETRA  19730   1       6326    6051    5052    6034    
CTETRA  19731   1       6326    5052    6051    6350    
CTETRA  19732   1       763     723     659     722     
CTETRA  19733   1       763     659     723     725     
CTETRA  19734   1       5075    3606    3174    5076    
CTETRA  19735   1       5075    3174    3606    3608    
CTETRA  19736   1       5637    2800    6315    4734    
CTETRA  19737   1       6315    2800    5637    882     
CTETRA  19738   1       1266    3351    1328    1264    
CTETRA  19739   1       1266    1328    3351    1326    
CTETRA  19740   1       3559    3177    3179    4573    
CTETRA  19741   1       3559    3179    3177    3561    
CTETRA  19742   1       2196    2197    1674    2195    
CTETRA  19743   1       2196    1674    2197    1839    
CTETRA  19744   1       1345    2026    2066    2024    
CTETRA  19745   1       1345    2066    2026    1256    
CTETRA  19746   1       4024    2938    4263    1454    
CTETRA  19747   1       4024    4263    2938    4023    
CTETRA  19748   1       2433    4024    4263    1454    
CTETRA  19749   1       2433    4263    4024    4023    
CTETRA  19750   1       4022    2433    4024    4023    
CTETRA  19751   1       1281    3602    2627    2058    
CTETRA  19752   1       1281    2627    3602    1279    
CTETRA  19753   1       2114    1703    256     1699    
CTETRA  19754   1       2114    256     1703    2118    
CTETRA  19755   1       843     1372    706     2545    
CTETRA  19756   1       843     706     1372    842     
CTETRA  19757   1       4983    4297    407     3502    
CTETRA  19758   1       150     148     1911    149     
CTETRA  19759   1       150     1911    148     1945    
CTETRA  19760   1       1674    2699    2443    1676    
CTETRA  19761   1       1674    2443    2699    1675    
CTETRA  19762   1       1854    5976    6492    6462    
CTETRA  19763   1       6492    5976    1854    1881    
CTETRA  19764   1       3395    1260    1045    3180    
CTETRA  19765   1       3395    1045    1260    2586    
CTETRA  19766   1       1046    1045    1260    3180    
CTETRA  19767   1       1046    1260    1045    2586    
CTETRA  19768   1       1421    2120    2794    1295    
CTETRA  19769   1       2794    2120    1421    3319    
CTETRA  19770   1       5911    1466    1473    1474    
CTETRA  19771   1       5911    1473    1466    2201    
CTETRA  19772   1       5477    3740    4029    5738    
CTETRA  19773   1       5477    4029    3740    2705    
CTETRA  19774   1       2706    4029    3740    5738    
CTETRA  19775   1       2706    3740    4029    2705    
CTETRA  19776   1       2070    2631    2524    2523    
CTETRA  19777   1       2524    2631    2070    2209    
CTETRA  19778   1       1243    1244    3512    1242    
CTETRA  19779   1       1243    3512    1244    2162    
CTETRA  19780   1       3648    3770    6038    4876    
CTETRA  19781   1       3648    6038    3770    3599    
CTETRA  19782   1       973     972     427     429     
CTETRA  19783   1       427     972     973     834     
CTETRA  19784   1       427     832     973     429     
CTETRA  19785   1       973     832     427     834     
CTETRA  19786   1       5228    5354    2717    2716    
CTETRA  19787   1       5228    2717    5354    5355    
CTETRA  19788   1       5874    5052    475     6350    
CTETRA  19789   1       475     5052    5874    474     
CTETRA  19790   1       4297    414     407     415     
CTETRA  19791   1       4297    407     414     4983    
CTETRA  19792   1       5923    407     414     415     
CTETRA  19793   1       5923    414     407     4983    
CTETRA  19794   1       1782    2560    5374    2799    
CTETRA  19795   1       1782    5374    2560    463     
CTETRA  19796   1       4552    3877    4554    4553    
CTETRA  19797   1       4554    3877    4552    4762    
CTETRA  19798   1       3877    4552    4293    4553    
CTETRA  19799   1       3877    4293    4552    4819    
CTETRA  19800   1       1480    1482    2228    1481    
CTETRA  19801   1       1480    2228    1482    2103    
CTETRA  19802   1       818     686     2257    1983    
CTETRA  19803   1       818     2257    686     688     
CTETRA  19804   1       1973    3089    1972    1974    
CTETRA  19805   1       1973    1972    3089    2064    
CTETRA  19806   1       2631    2170    1439    2169    
CTETRA  19807   1       2631    1439    2170    2688    
CTETRA  19808   1       2479    857     3223    885     
CTETRA  19809   1       2479    3223    857     3172    
CTETRA  19810   1       886     3223    857     885     
CTETRA  19811   1       886     857     3223    3172    
CTETRA  19812   1       2019    2133    2523    2524    
CTETRA  19813   1       2019    2523    2133    3197    
CTETRA  19814   1       2982    3639    2232    3796    
CTETRA  19815   1       2982    2232    3639    2231    
CTETRA  19816   1       3951    1412    6486    5424    
CTETRA  19817   1       3951    6486    1412    3952    
CTETRA  19818   1       6078    2834    337     6289    
CTETRA  19819   1       6078    337     2834    2832    
CTETRA  19820   1       2033    2228    410     1459    
CTETRA  19821   1       2033    410     2228    2227    
CTETRA  19822   1       2491    3586    2592    5909    
CTETRA  19823   1       2491    2592    3586    607     
CTETRA  19824   1       5052    5874    1946    6052    
CTETRA  19825   1       5052    1946    5874    474     
CTETRA  19826   1       889     196     891     888     
CTETRA  19827   1       891     196     889     3679    
CTETRA  19828   1       2217    2649    2308    1942    
CTETRA  19829   1       2217    2308    2649    2310    
CTETRA  19830   1       3443    3646    5214    416     
CTETRA  19831   1       5214    3646    3443    3442    
CTETRA  19832   1       5214    415     3443    416     
CTETRA  19833   1       3443    415     5214    3442    
CTETRA  19834   1       5748    4819    4762    6323    
CTETRA  19835   1       3146    1980    2209    1982    
CTETRA  19836   1       3146    2209    1980    2644    
CTETRA  19837   1       3875    406     2724    6117    
CTETRA  19838   1       3875    2724    406     3876    
CTETRA  19839   1       93      482     6493    890     
CTETRA  19840   1       93      6493    482     854     
CTETRA  19841   1       6015    6224    6198    6074    
CTETRA  19842   1       6015    6198    6224    2006    
CTETRA  19843   1       5961    3143    3145    4910    
CTETRA  19844   1       3145    3143    5961    5503    
CTETRA  19845   1       3451    1933    2309    2649    
CTETRA  19846   1       2033    2228    1479    2227    
CTETRA  19847   1       2033    1479    2228    1481    
CTETRA  19848   1       2393    2563    2562    2545    
CTETRA  19849   1       2393    2562    2563    3540    
CTETRA  19850   1       3020    2815    2076    4039    
CTETRA  19851   1       3020    2076    2815    3190    
CTETRA  19852   1       3188    2076    2815    4039    
CTETRA  19853   1       3188    2815    2076    3190    
CTETRA  19854   1       1903    4114    3138    1901    
CTETRA  19855   1       1903    3138    4114    1828    
CTETRA  19856   1       3877    4762    4819    4552    
CTETRA  19857   1       5479    2007    3571    5043    
CTETRA  19858   1       5479    3571    2007    2008    
CTETRA  19859   1       2006    3571    2007    5043    
CTETRA  19860   1       2006    2007    3571    2008    
CTETRA  19861   1       5557    5558    374     5559    
CTETRA  19862   1       5557    374     5558    3857    
CTETRA  19863   1       6289    6486    2994    336     
CTETRA  19864   1       2994    6486    6289    2995    
CTETRA  19865   1       2994    2834    6289    336     
CTETRA  19866   1       6289    2834    2994    2995    
CTETRA  19867   1       1685    2582    4236    3594    
CTETRA  19868   1       2571    3012    1874    775     
CTETRA  19869   1       705     1986    3179    5450    
CTETRA  19870   1       705     3179    1986    704     
CTETRA  19871   1       2011    1089    383     319     
CTETRA  19872   1       2011    383     1089    1308    
CTETRA  19873   1       381     383     1089    319     
CTETRA  19874   1       381     1089    383     1308    
CTETRA  19875   1       5909    5848    6188    4640    
CTETRA  19876   1       5909    6188    5848    5910    
CTETRA  19877   1       438     439     436     437     
CTETRA  19878   1       438     436     439     2366    
CTETRA  19879   1       1964    1986    3599    3648    
CTETRA  19880   1       1964    3599    1986    3467    
CTETRA  19881   1       6492    5976    684     794     
CTETRA  19882   1       6492    684     5976    712     
CTETRA  19883   1       714     684     5976    794     
CTETRA  19884   1       714     5976    684     712     
CTETRA  19885   1       623     622     2688    624     
CTETRA  19886   1       623     2688    622     1439    
CTETRA  19887   1       4282    3933    3677    3540    
CTETRA  19888   1       4282    3677    3933    651     
CTETRA  19889   1       3018    799     1456    2111    
CTETRA  19890   1       3018    1456    799     1904    
CTETRA  19891   1       2268    2682    2143    810     
CTETRA  19892   1       2268    2143    2682    2269    
CTETRA  19893   1       3345    3008    501     503     
CTETRA  19894   1       3345    501     3008    6482    
CTETRA  19895   1       2885    2213    2070    2071    
CTETRA  19896   1       2885    2070    2213    2212    
CTETRA  19897   1       6119    6079    6120    6077    
CTETRA  19898   1       6119    6120    6079    6118    
CTETRA  19899   1       3367    2231    3639    2232    
CTETRA  19900   1       3367    3639    2231    1380    
CTETRA  19901   1       2530    2296    1406    1410    
CTETRA  19902   1       2530    1406    2296    2297    
CTETRA  19903   1       622     822     3895    624     
CTETRA  19904   1       622     3895    822     823     
CTETRA  19905   1       2582    1905    1685    4236    
CTETRA  19906   1       2582    1685    1905    3017    
CTETRA  19907   1       2869    1685    1905    4236    
CTETRA  19908   1       2869    1905    1685    3017    
CTETRA  19909   1       2504    318     1276    2503    
CTETRA  19910   1       2504    1276    318     1327    
CTETRA  19911   1       3143    6290    2007    5479    
CTETRA  19912   1       3143    2007    6290    4910    
CTETRA  19913   1       1345    2246    1346    1253    
CTETRA  19914   1       1345    1346    2246    1256    
CTETRA  19915   1       5631    1008    2347    3358    
CTETRA  19916   1       5631    2347    1008    2568    
CTETRA  19917   1       3165    4120    3164    1372    
CTETRA  19918   1       3165    3164    4120    4818    
CTETRA  19919   1       1669    2849    1671    1670    
CTETRA  19920   1       1669    1671    2849    2988    
CTETRA  19921   1       2259    2568    5631    1008    
CTETRA  19922   1       2259    5631    2568    893     
CTETRA  19923   1       1780    1929    2797    3569    
CTETRA  19924   1       1780    2797    1929    4005    
CTETRA  19925   1       4039    3157    2285    4479    
CTETRA  19926   1       4039    2285    3157    4040    
CTETRA  19927   1       1874    776     1304    1305    
CTETRA  19928   1       1874    1304    776     775     
CTETRA  19929   1       4061    3442    3690    4062    
CTETRA  19930   1       4061    3690    3442    3443    
CTETRA  19931   1       5748    4819    5955    4293    
CTETRA  19932   1       5748    5955    4819    6323    
CTETRA  19933   1       3503    4523    406     5923    
CTETRA  19934   1       3503    406     4523    2725    
CTETRA  19935   1       405     406     4523    5923    
CTETRA  19936   1       405     4523    406     2725    
CTETRA  19937   1       595     1409    619     3027    
CTETRA  19938   1       595     619     1409    1408    
CTETRA  19939   1       2161    3762    3331    3761    
CTETRA  19940   1       2161    3331    3762    2163    
CTETRA  19941   1       4541    4132    1420    4133    
CTETRA  19942   1       1420    4132    4541    1314    
CTETRA  19943   1       571     634     2869    615     
CTETRA  19944   1       571     2869    634     2868    
CTETRA  19945   1       2420    2869    634     615     
CTETRA  19946   1       2420    634     2869    2868    
CTETRA  19947   1       1297    2011    6492    383     
CTETRA  19948   1       1297    6492    2011    1309    
CTETRA  19949   1       6079    6119    1321    4268    
CTETRA  19950   1       1321    6119    6079    6118    
CTETRA  19951   1       2184    5961    3145    6362    
CTETRA  19952   1       2184    3145    5961    5503    
CTETRA  19953   1       1940    1923    2762    2547    
CTETRA  19954   1       1940    2762    1923    1924    
CTETRA  19955   1       6331    6276    6489    1505    
CTETRA  19956   1       6489    6276    6331    5400    
CTETRA  19957   1       442     443     4268    441     
CTETRA  19958   1       442     4268    443     5520    
CTETRA  19959   1       1524    1989    2354    2041    
CTETRA  19960   1       1524    2354    1989    4277    
CTETRA  19961   1       2480    2229    1430    2051    
CTETRA  19962   1       2480    1430    2229    2231    
CTETRA  19963   1       3270    2866    3346    2857    
CTETRA  19964   1       3270    3346    2866    2438    
CTETRA  19965   1       1797    2988    2849    1798    
CTETRA  19966   1       2849    2988    1797    1669    
CTETRA  19967   1       2103    3788    1865    1867    
CTETRA  19968   1       2103    1865    3788    1480    
CTETRA  19969   1       5748    4762    3757    6323    
CTETRA  19970   1       3757    4762    5748    3878    
CTETRA  19971   1       2162    3618    3512    502     
CTETRA  19972   1       2162    3512    3618    1243    
CTETRA  19973   1       3878    4763    4762    4764    
CTETRA  19974   1       2288    1353    368     1354    
CTETRA  19975   1       368     1353    2288    369     
CTETRA  19976   1       3757    4762    4763    3758    
CTETRA  19977   1       4763    4762    3757    3878    
CTETRA  19978   1       5636    4575    5710    5637    
CTETRA  19979   1       5710    4575    5636    5711    
CTETRA  19980   1       5910    5909    1984    5631    
CTETRA  19981   1       1984    5909    5910    6188    
CTETRA  19982   1       1780    1826    1930    3569    
CTETRA  19983   1       1780    1930    1826    1781    
CTETRA  19984   1       1984    3587    1986    3586    
CTETRA  19985   1       1984    1986    3587    3585    
CTETRA  19986   1       6266    4588    6486    1400    
CTETRA  19987   1       6486    4588    6266    5741    
CTETRA  19988   1       2571    3516    1874    3012    
CTETRA  19989   1       2571    1874    3516    1407    
CTETRA  19990   1       1364    1287    1363    1291    
CTETRA  19991   1       1364    1363    1287    3278    
CTETRA  19992   1       1889    1931    1835    1932    
CTETRA  19993   1       1889    1835    1931    1942    
CTETRA  19994   1       384     440     1891    385     
CTETRA  19995   1       384     1891    440     1845    
CTETRA  19996   1       1911    384     1891    385     
CTETRA  19997   1       1911    1891    384     1845    
CTETRA  19998   1       386     384     1911    385     
CTETRA  19999   1       386     1911    384     1845    
CTETRA  20000   1       1163    5172    1178    1194    
CTETRA  20001   1       1163    1178    5172    6110    
CTETRA  20002   1       2217    1889    1841    2856    
CTETRA  20003   1       1841    1889    2217    2942    
CTETRA  20004   1       1480    2101    2195    1863    
CTETRA  20005   1       2195    2101    1480    1865    
CTETRA  20006   1       2200    2867    2627    1299    
CTETRA  20007   1       2627    2867    2200    2992    
CTETRA  20008   1       2627    1278    2200    1299    
CTETRA  20009   1       2200    1278    2627    2992    
CTETRA  20010   1       3587    3177    4180    3179    
CTETRA  20011   1       3587    4180    3177    3178    
CTETRA  20012   1       3347    2208    3677    2563    
CTETRA  20013   1       3347    3677    2208    3558    
CTETRA  20014   1       5911    2701    2711    2700    
CTETRA  20015   1       6041    411     5935    5427    
CTETRA  20016   1       1317    3977    3078    3976    
CTETRA  20017   1       3078    3977    1317    2825    
CTETRA  20018   1       1808    1809    3973    1807    
CTETRA  20019   1       1808    3973    1809    6086    
CTETRA  20020   1       5800    5297    5300    5801    
CTETRA  20021   1       5300    5297    5800    5299    
CTETRA  20022   1       5300    5993    5800    5801    
CTETRA  20023   1       5800    5993    5300    5299    
CTETRA  20024   1       1264    1332    1265    1348    
CTETRA  20025   1       1264    1265    1332    1328    
CTETRA  20026   1       3213    1265    1332    1348    
CTETRA  20027   1       3213    1332    1265    1328    
CTETRA  20028   1       1084    1037    1038    4264    
CTETRA  20029   1       1084    1038    1037    3549    
CTETRA  20030   1       993     991     5276    992     
CTETRA  20031   1       993     5276    991     1774    
CTETRA  20032   1       1375    3316    1590    1373    
CTETRA  20033   1       1375    1590    3316    3317    
CTETRA  20034   1       3503    407     406     4296    
CTETRA  20035   1       3503    406     407     5923    
CTETRA  20036   1       1944    1448    6491    1447    
CTETRA  20037   1       6491    1448    1944    2620    
CTETRA  20038   1       262     3172    886     261     
CTETRA  20039   1       262     886     3172    857     
CTETRA  20040   1       1495    1459    2756    1481    
CTETRA  20041   1       2756    1459    1495    3376    
CTETRA  20042   1       2542    669     2040    1796    
CTETRA  20043   1       2040    669     2542    948     
CTETRA  20044   1       3621    1598    633     3620    
CTETRA  20045   1       3621    633     1598    635     
CTETRA  20046   1       2216    2267    807     809     
CTETRA  20047   1       1457    807     2267    809     
CTETRA  20048   1       2730    2731    3378    2732    
CTETRA  20049   1       2730    3378    2731    2941    
CTETRA  20050   1       2343    2095    1522    3193    
CTETRA  20051   1       2343    1522    2095    2094    
CTETRA  20052   1       700     698     2079    699     
CTETRA  20053   1       700     2079    698     2596    
CTETRA  20054   1       681     2079    698     699     
CTETRA  20055   1       681     698     2079    2596    
CTETRA  20056   1       386     1945    1911    150     
CTETRA  20057   1       1911    1945    386     385     
CTETRA  20058   1       2550    2814    1828    2551    
CTETRA  20059   1       1828    2814    2550    2815    
CTETRA  20060   1       4268    443     6077    6119    
CTETRA  20061   1       4268    6077    443     5520    
CTETRA  20062   1       6120    6077    443     6119    
CTETRA  20063   1       6120    443     6077    5520    
CTETRA  20064   1       2756    2216    2032    3376    
CTETRA  20065   1       2756    2032    2216    2737    
CTETRA  20066   1       2947    2430    3397    2576    
CTETRA  20067   1       2947    3397    2430    1442    
CTETRA  20068   1       2233    801     4413    779     
CTETRA  20069   1       2233    4413    801     802     
CTETRA  20070   1       4212    2800    682     5433    
CTETRA  20071   1       682     2800    4212    4213    
CTETRA  20072   1       221     222     5561    223     
CTETRA  20073   1       221     5561    222     6367    
CTETRA  20074   1       166     418     1468    420     
CTETRA  20075   1       166     1468    418     165     
CTETRA  20076   1       6477    1468    418     420     
CTETRA  20077   1       1911    1945    1910    148     
CTETRA  20078   1       1911    1910    1945    418     
CTETRA  20079   1       165     1910    1945    148     
CTETRA  20080   1       165     1945    1910    418     
CTETRA  20081   1       2544    817     804     815     
CTETRA  20082   1       2544    804     817     831     
CTETRA  20083   1       3516    1408    1874    1857    
CTETRA  20084   1       3516    1874    1408    1407    
CTETRA  20085   1       3436    704     842     706     
CTETRA  20086   1       3436    842     704     3648    
CTETRA  20087   1       453     451     496     497     
CTETRA  20088   1       453     496     451     1292    
CTETRA  20089   1       495     496     451     497     
CTETRA  20090   1       495     451     496     1292    
CTETRA  20091   1       5993    1946    5992    5991    
CTETRA  20092   1       5993    5992    1946    5299    
CTETRA  20093   1       1341    1357    1528    1342    
CTETRA  20094   1       1341    1528    1357    1395    
CTETRA  20095   1       1343    1376    1528    1377    
CTETRA  20096   1       1343    1528    1376    1342    
CTETRA  20097   1       346     799     800     798     
CTETRA  20098   1       346     800     799     3847    
CTETRA  20099   1       801     800     799     798     
CTETRA  20100   1       3845    5569    1897    1913    
CTETRA  20101   1       3845    1897    5569    5570    
CTETRA  20102   1       6287    1897    5569    1913    
CTETRA  20103   1       2619    6287    6491    3822    
CTETRA  20104   1       6491    6287    2619    1912    
CTETRA  20105   1       149     6287    1911    1912    
CTETRA  20106   1       149     1911    6287    1914    
CTETRA  20107   1       6491    1911    6287    1912    
CTETRA  20108   1       6491    6287    1911    1914    
CTETRA  20109   1       1903    1904    572     4263    
CTETRA  20110   1       1903    572     1904    1905    
CTETRA  20111   1       4932    3145    2184    4933    
CTETRA  20112   1       4932    2184    3145    6362    
CTETRA  20113   1       3402    2420    1901    2810    
CTETRA  20114   1       1685    2420    1901    1900    
CTETRA  20115   1       1685    1901    2420    2810    
CTETRA  20116   1       1674    1876    591     1839    
CTETRA  20117   1       1674    591     1876    1677    
CTETRA  20118   1       3146    2651    3139    2213    
CTETRA  20119   1       3146    3139    2651    2650    
CTETRA  20120   1       794     6305    6492    6462    
CTETRA  20121   1       794     6492    6305    796     
CTETRA  20122   1       1243    1260    3618    3395    
CTETRA  20123   1       1243    3618    1260    3512    
CTETRA  20124   1       3562    6384    212     59      
CTETRA  20125   1       3562    212     6384    211     
CTETRA  20126   1       5075    3607    3608    3606    
CTETRA  20127   1       5075    3608    3607    6335    
CTETRA  20128   1       1009    3608    3607    3606    
CTETRA  20129   1       547     4189    200     548     
CTETRA  20130   1       547     200     4189    1177    
CTETRA  20131   1       1053    3358    2347    3463    
CTETRA  20132   1       1053    2347    3358    607     
CTETRA  20133   1       6482    3793    843     3677    
CTETRA  20134   1       6482    843     3793    2335    
CTETRA  20135   1       4144    3512    501     502     
CTETRA  20136   1       4144    501     3512    2163    
CTETRA  20137   1       3798    3331    3762    3329    
CTETRA  20138   1       3798    3762    3331    3036    
CTETRA  20139   1       2800    6315    698     882     
CTETRA  20140   1       2800    698     6315    4213    
CTETRA  20141   1       681     698     6315    882     
CTETRA  20142   1       681     6315    698     4213    
CTETRA  20143   1       1125    301     748     3461    
CTETRA  20144   1       1125    748     301     3458    
CTETRA  20145   1       1150    6053    4991    4992    
CTETRA  20146   1       4991    6053    1150    5577    
CTETRA  20147   1       2627    2096    1299    2867    
CTETRA  20148   1       2627    1299    2096    2058    
CTETRA  20149   1       5520    6111    6120    443     
CTETRA  20150   1       6120    6111    5520    5519    
CTETRA  20151   1       1331    1404    1318    1325    
CTETRA  20152   1       1331    1318    1404    1306    
CTETRA  20153   1       2067    3354    1396    2863    
CTETRA  20154   1       2067    1396    3354    1255    
CTETRA  20155   1       2736    657     6490    2735    
CTETRA  20156   1       2736    6490    657     3520    
CTETRA  20157   1       4019    4239    1335    4020    
CTETRA  20158   1       4019    1335    4239    5659    
CTETRA  20159   1       6349    2492    5972    5916    
CTETRA  20160   1       6170    5972    2492    5916    
CTETRA  20161   1       6170    2492    5972    2494    
CTETRA  20162   1       2079    700     660     820     
CTETRA  20163   1       2079    660     700     699     
CTETRA  20164   1       821     660     700     820     
CTETRA  20165   1       821     700     660     699     
CTETRA  20166   1       632     1778    630     907     
CTETRA  20167   1       632     630     1778    629     
CTETRA  20168   1       1772    630     1778    907     
CTETRA  20169   1       1772    1778    630     629     
CTETRA  20170   1       2701    5023    5911    2711    
CTETRA  20171   1       2701    5911    5023    5912    
CTETRA  20172   1       4267    2941    3378    2730    
CTETRA  20173   1       4267    3378    2941    2602    
CTETRA  20174   1       4421    2800    4212    5433    
CTETRA  20175   1       4421    4212    2800    6424    
CTETRA  20176   1       697     667     2940    2671    
CTETRA  20177   1       1780    2796    3569    2797    
CTETRA  20178   1       1780    3569    2796    2798    
CTETRA  20179   1       547     1085    482     1177    
CTETRA  20180   1       547     482     1085    1217    
CTETRA  20181   1       3375    1392    3473    3794    
CTETRA  20182   1       3375    3473    1392    3639    
CTETRA  20183   1       572     3190    2075    2237    
CTETRA  20184   1       2875    3190    2075    3188    
CTETRA  20185   1       2875    2075    3190    2237    
CTETRA  20186   1       4762    3878    4819    5748    
CTETRA  20187   1       4762    4819    3878    3877    
CTETRA  20188   1       4293    4819    3878    5748    
CTETRA  20189   1       4293    3878    4819    3877    
CTETRA  20190   1       2833    4268    1321    442     
CTETRA  20191   1       1321    4268    2833    2832    
CTETRA  20192   1       766     1933    2309    3451    
CTETRA  20193   1       766     2309    1933    1834    
CTETRA  20194   1       2350    734     2940    697     
CTETRA  20195   1       2350    2940    734     736     
CTETRA  20196   1       667     2940    734     697     
CTETRA  20197   1       667     734     2940    736     
CTETRA  20198   1       1458    2737    403     1457    
CTETRA  20199   1       1458    403     2737    404     
CTETRA  20200   1       1968    2737    403     404     
CTETRA  20201   1       1399    6171    1397    6468    
CTETRA  20202   1       1399    1397    6171    1398    
CTETRA  20203   1       4933    3144    2183    3547    
CTETRA  20204   1       2240    2183    3144    3547    
CTETRA  20205   1       3144    5503    2183    2240    
CTETRA  20206   1       4933    5503    2183    3144    
CTETRA  20207   1       2183    5503    4933    2184    
CTETRA  20208   1       2034    1410    1677    636     
CTETRA  20209   1       1677    1410    2034    638     
CTETRA  20210   1       1677    637     2034    636     
CTETRA  20211   1       2034    637     1677    638     
CTETRA  20212   1       1340    1420    1413    5423    
CTETRA  20213   1       1340    1413    1420    1312    
CTETRA  20214   1       1412    1413    1420    5423    
CTETRA  20215   1       1412    1420    1413    1312    
CTETRA  20216   1       5445    6208    293     6100    
CTETRA  20217   1       5445    293     6208    3043    
CTETRA  20218   1       5955    5954    4294    4295    
CTETRA  20219   1       4756    5954    4294    4758    
CTETRA  20220   1       4756    4294    5954    4295    
CTETRA  20221   1       5948    5954    4294    5955    
CTETRA  20222   1       5948    4294    5954    4758    
CTETRA  20223   1       1021    5935    411     6302    
CTETRA  20224   1       1021    411     5935    6041    
CTETRA  20225   1       2697    3520    657     6490    
CTETRA  20226   1       2697    657     3520    2696    
CTETRA  20227   1       796     693     1310    674     
CTETRA  20228   1       1310    6492    693     796     
CTETRA  20229   1       693     6492    1310    1309    
CTETRA  20230   1       3608    892     3607    6335    
CTETRA  20231   1       3608    3607    892     1009    
CTETRA  20232   1       596     2196    1838    1876    
CTETRA  20233   1       596     1838    2196    594     
CTETRA  20234   1       1839    1838    2196    1876    
CTETRA  20235   1       1839    2196    1838    594     
CTETRA  20236   1       644     3443    6138    416     
CTETRA  20237   1       730     381     1308    1089    
CTETRA  20238   1       730     1308    381     729     
CTETRA  20239   1       301     1954    1249    1955    
CTETRA  20240   1       301     1249    1954    302     
CTETRA  20241   1       5569    6287    5401    6058    
CTETRA  20242   1       5399    6287    6489    5766    
CTETRA  20243   1       5399    6489    6287    5401    
CTETRA  20244   1       5569    6489    6287    5766    
CTETRA  20245   1       5569    6287    6489    5401    
CTETRA  20246   1       193     5445    4032    195     
CTETRA  20247   1       4032    5445    193     1995    
CTETRA  20248   1       4032    3281    193     195     
CTETRA  20249   1       193     3281    4032    1995    
CTETRA  20250   1       2267    1457    2216    807     
CTETRA  20251   1       2267    2216    1457    2737    
CTETRA  20252   1       2032    2216    1457    807     
CTETRA  20253   1       2032    1457    2216    2737    
CTETRA  20254   1       6100    194     6208    525     
CTETRA  20255   1       6100    6208    194     6306    
CTETRA  20256   1       2433    4024    3272    4022    
CTETRA  20257   1       2433    3272    4024    1454    
CTETRA  20258   1       1796    2849    1670    2039    
CTETRA  20259   1       1796    1669    2849    1797    
CTETRA  20260   1       2849    1669    1796    1670    
CTETRA  20261   1       1468    418     1910    6477    
CTETRA  20262   1       1468    1910    418     165     
CTETRA  20263   1       800     799     4175    801     
CTETRA  20264   1       800     4175    799     3847    
CTETRA  20265   1       1897    5569    6058    6287    
CTETRA  20266   1       1897    6058    5569    5570    
CTETRA  20267   1       2420    1901    1902    3402    
CTETRA  20268   1       2420    1902    1901    1900    
CTETRA  20269   1       2492    5972    2493    6349    
CTETRA  20270   1       2492    2493    5972    2494    
CTETRA  20271   1       3187    3190    3189    572     
CTETRA  20272   1       3187    3189    3190    3188    
CTETRA  20273   1       2075    3189    3190    572     
CTETRA  20274   1       2075    3190    3189    3188    
CTETRA  20275   1       6138    5694    644     645     
CTETRA  20276   1       6138    644     5694    3443    
CTETRA  20277   1       643     644     5694    645     
CTETRA  20278   1       643     5694    644     3443    
CTETRA  20279   1       1518    2737    1969    1968    
CTETRA  20280   1       1518    1969    2737    1457    
CTETRA  20281   1       403     1969    2737    1968    
CTETRA  20282   1       403     2737    1969    1457    
