$ Conforming BDF with all front person components removed
$ Source: __tracked_surface_tet_vol_noperson.bdf
$ Removed component ids (cz>23): 2,6
$ Local inverted-element mitigation file
$ Source: __tracked_surface_tet_vol_noperson2.bdf
$ Cropped CTETRA eids near warning hotspot: 1074,1379,2073,4666,5001
GRID,28,,5.100975,2.457956,21.41
GRID,59,,6.383966,3.181238,19.78
GRID,60,,6.43977,3.197778,19.83
GRID,61,,6.404585,3.096892,19.73
GRID,82,,4.514788,2.311277,20.88
GRID,83,,4.519884,2.223234,20.75
GRID,84,,4.483123,2.409027,20.72
GRID,92,,6.327609,2.954252,19.64
GRID,93,,6.23112,3.043902,19.67
GRID,94,,6.289442,3.147907,19.93
GRID,95,,6.401604,3.181619,19.93
GRID,96,,6.402857,3.235967,19.94
GRID,100,,4.386957,2.483672,20.4
GRID,101,,4.353134,2.414263,20.19
GRID,102,,4.31041,2.659883,20.11
GRID,151,,6.43697,2.962094,19.68
GRID,152,,6.36766,2.806978,19.61
GRID,193,,4.080832,2.348795,19.71
GRID,194,,4.167697,2.250248,19.79
GRID,195,,4.03078,2.304109,19.72
GRID,196,,6.082288,3.120083,19.91
GRID,197,,6.18966,3.119134,19.89
GRID,198,,6.140083,3.164124,19.94
GRID,199,,6.156536,3.173032,19.82
GRID,200,,6.140168,2.641095,19.64
GRID,201,,6.285956,2.670632,19.6
GRID,202,,6.296841,2.492579,19.61
GRID,211,,6.265409,3.183047,19.81
GRID,212,,6.349583,3.180863,19.85
GRID,254,,4.094228,2.871373,19.95
GRID,255,,4.055689,3.014335,20.02
GRID,256,,3.932251,2.934934,19.93
GRID,260,,6.086521,3.509969,20.25
GRID,261,,6.13605,3.461693,20.12
GRID,262,,5.994947,3.373752,20.15
GRID,263,,4.663688,2.200052,21.05
GRID,264,,4.757234,2.288957,21.2
GRID,265,,4.841921,2.246472,21.16
GRID,293,,4.209634,2.434362,19.99
GRID,294,,4.237457,2.321688,19.98
GRID,295,,4.281684,2.35066,20.12
GRID,301,,5.662673,2.521397,21.01
GRID,302,,5.62869,2.519422,21.16
GRID,303,,5.015183,2.426436,21.39
GRID,304,,5.022624,2.358178,21.43
GRID,305,,4.981399,2.361759,21.34
GRID,317,,5.131857,2.645436,21.85
GRID,318,,5.304086,2.659101,21.88
GRID,319,,5.181577,2.709898,21.92
GRID,323,,3.871213,3.1396,19.92
GRID,324,,3.76026,3.132892,19.9
GRID,325,,3.861058,3.110718,19.88
GRID,329,,5.630688,2.622,21.02
GRID,330,,5.649395,2.654094,20.95
GRID,331,,5.575132,2.657913,20.95
GRID,332,,5.625854,2.579425,20.94
GRID,333,,5.552923,2.543671,21.22
GRID,334,,5.606737,2.502681,21.21
GRID,335,,5.580612,2.509456,21.3
GRID,343,,5.072577,2.723924,21.9
GRID,346,,4.4901,2.770226,21.07
GRID,347,,4.513457,2.748134,21.17
GRID,348,,4.500281,2.711447,21.05
GRID,359,,5.59188,2.294757,21.11
GRID,360,,5.503802,2.158956,21.12
GRID,361,,5.595788,2.184524,20.98
GRID,362,,4.628151,2.349638,21.32
GRID,363,,4.678782,2.227892,21.27
GRID,364,,4.707568,2.327627,21.36
GRID,365,,5.065803,2.345553,21.46
GRID,366,,5.069725,2.358612,21.39
GRID,367,,5.116247,2.304175,21.42
GRID,368,,5.063756,2.260613,21.35
GRID,369,,5.090915,2.326919,21.32
GRID,370,,5.030464,2.316538,21.38
GRID,371,,4.403057,2.733805,21.01
GRID,372,,4.429133,2.70664,20.97
GRID,373,,4.421057,2.693041,21.02
GRID,377,,5.069487,2.586855,21.75
GRID,378,,5.131995,2.567158,21.69
GRID,379,,5.130579,2.565531,21.76
GRID,380,,5.089019,2.643558,21.73
GRID,381,,5.123667,2.738228,21.94
GRID,382,,5.098865,2.770611,21.93
GRID,383,,5.109996,2.799568,21.87
GRID,402,,4.364251,2.75689,21.11
GRID,403,,4.391193,2.709124,21.13
GRID,404,,4.392626,2.64476,21.23
GRID,408,,4.630845,2.737069,21.39
GRID,409,,4.582464,2.660422,21.4
GRID,410,,4.564232,2.756611,21.39
GRID,411,,6.58079,3.374892,17.96
GRID,412,,6.542304,3.45129,17.93
GRID,413,,6.490121,3.446619,18.04
GRID,427,,5.056793,2.192353,9.900594
GRID,428,,5.033772,2.202871,9.760342
GRID,429,,5.126495,2.199616,9.788909
GRID,430,,4.537707,3.023826,21.75
GRID,431,,4.523357,2.946177,21.78
GRID,432,,4.607608,3.008697,21.85
GRID,436,,4.505803,2.620899,21.54
GRID,437,,4.559487,2.560108,21.54
GRID,438,,4.548627,2.552511,21.61
GRID,439,,4.448201,2.587655,21.52
GRID,451,,5.392982,2.116251,20.78
GRID,452,,5.294111,2.155242,20.89
GRID,453,,5.483411,2.166789,20.83
GRID,461,,4.233995,3.092077,20.37
GRID,462,,4.25591,3.192324,20.44
GRID,463,,4.212983,3.260848,20.31
GRID,468,,5.251951,2.516214,21.68
GRID,469,,5.400891,2.537503,21.64
GRID,480,,5.994798,2.63911,19.74
GRID,481,,5.920033,2.896394,19.89
GRID,482,,6.082901,2.838708,19.68
GRID,489,,4.980596,2.144883,9.98793
GRID,490,,5.081077,2.124691,10.01
GRID,491,,4.928811,2.055932,10.04
GRID,495,,5.558732,2.041918,20.64
GRID,496,,5.590713,2.082047,20.76
GRID,497,,5.490797,2.038294,20.78
GRID,501,,5.765044,2.895082,20.98
GRID,502,,5.736362,2.82376,20.86
GRID,503,,5.765038,2.971707,20.87
GRID,513,,3.61233,2.761886,19.71
GRID,514,,3.669876,2.700977,19.61
GRID,515,,3.662616,2.626357,19.66
GRID,519,,6.472938,3.081081,19.79
GRID,520,,6.461895,3.173906,19.88
GRID,521,,4.461422,2.452096,20.55
GRID,522,,4.429968,2.590507,20.51
GRID,523,,4.449343,2.588556,20.65
GRID,524,,4.2969,2.178142,19.94
GRID,525,,4.198754,2.239986,19.88
GRID,528,,4.306381,2.816822,20.65
GRID,542,,5.107981,2.063566,10.05
GRID,543,,5.060442,1.963181,10.03
GRID,547,,6.259963,2.772646,19.85
GRID,548,,6.318154,2.621408,19.75
GRID,549,,6.472739,2.710506,19.72
GRID,553,,3.710317,3.291619,20
GRID,554,,3.682705,3.192211,19.92
GRID,555,,3.821159,3.205132,19.98
GRID,565,,3.821699,3.010649,19.95
GRID,566,,3.913131,3.087179,19.98
GRID,567,,3.762123,3.118415,19.95
GRID,571,,4.438283,2.881733,20.73
GRID,572,,4.439453,2.948405,20.83
GRID,573,,4.44396,2.869257,20.82
GRID,579,,3.861466,3.589356,20.3
GRID,580,,3.903241,3.601408,20.42
GRID,581,,3.939676,3.564193,20.28
GRID,591,,4.748114,3.002472,21.63
GRID,592,,4.72075,2.961111,21.48
GRID,593,,4.646083,2.978466,21.53
GRID,594,,4.600399,2.996481,21.8
GRID,595,,4.716297,2.972008,21.85
GRID,596,,4.681184,3.0142,21.8
GRID,607,,5.681902,2.95292,20.58
GRID,608,,5.661971,2.861499,20.61
GRID,609,,5.700469,2.867033,20.69
GRID,614,,4.425405,2.972217,20.57
GRID,615,,4.393233,2.913116,20.6
GRID,616,,4.39271,2.90709,20.52
GRID,619,,4.727648,2.979131,21.93
GRID,620,,4.795334,2.860856,21.95
GRID,621,,4.805953,2.997759,21.95
GRID,622,,4.797206,3.202027,21.71
GRID,623,,4.687891,3.095674,21.69
GRID,624,,4.743462,3.185663,21.77
GRID,629,,4.115144,3.121528,20.01
GRID,630,,3.996531,3.122633,19.93
GRID,631,,4.016085,3.083206,20.03
GRID,632,,4.025775,3.206924,20.04
GRID,633,,4.3404,2.856134,20.59
GRID,634,,4.412269,2.851611,20.63
GRID,635,,4.339527,2.84738,20.53
GRID,636,,4.783783,2.700311,21.9
GRID,637,,4.608834,2.739775,21.84
GRID,638,,4.607228,2.656788,21.73
GRID,646,,4.15712,3.235677,20.22
GRID,647,,4.205737,3.172024,20.27
GRID,651,,5.700806,3.062658,21.22
GRID,652,,5.748853,3.188019,21.09
GRID,653,,5.701245,3.15474,21.28
GRID,654,,4.729062,2.844688,21.18
GRID,655,,4.587231,2.87313,21.17
GRID,656,,4.663986,2.899083,21.06
GRID,660,,5.731296,3.405974,21.22
GRID,661,,5.678345,3.319482,21.29
GRID,662,,5.743249,3.313125,21.16
GRID,666,,5.416206,2.93296,21.86
GRID,667,,5.51127,3.021003,21.79
GRID,668,,5.409446,3.010047,21.82
GRID,669,,3.665351,3.235856,19.74
GRID,670,,3.876716,3.283247,19.8
GRID,671,,3.768247,3.197019,19.74
GRID,672,,5.373284,3.00822,21.64
GRID,673,,5.345976,2.97167,21.53
GRID,674,,5.194877,2.989449,21.57
GRID,676,,5.659315,3.159753,21.37
GRID,681,,5.83087,3.427017,21.03
GRID,682,,5.966311,3.586911,20.92
GRID,683,,5.850704,3.513203,21.08
GRID,684,,5.323238,2.932645,21.86
GRID,685,,5.342116,2.855593,21.89
GRID,686,,5.51973,3.400824,21.61
GRID,687,,5.431501,3.338341,21.58
GRID,688,,5.506592,3.369482,21.52
GRID,691,,5.356279,2.97455,21.78
GRID,692,,5.404018,2.973736,21.72
GRID,693,,5.307272,2.870595,21.73
GRID,694,,5.611569,3.015847,21.61
GRID,695,,5.555063,3.10118,21.75
GRID,696,,5.63504,3.084127,21.65
GRID,697,,5.516633,3.036389,21.63
GRID,698,,5.757299,3.496451,20.97
GRID,699,,5.688946,3.440458,21.1
GRID,700,,5.722684,3.499788,21.14
GRID,704,,5.567214,3.068941,20.68
GRID,705,,5.646508,3.022714,20.76
GRID,706,,5.543815,3.011013,20.82
GRID,711,,5.684262,2.618415,20.94
GRID,712,,5.319277,2.978115,21.95
GRID,713,,5.433155,2.991581,21.89
GRID,714,,5.377626,3.064739,21.88
GRID,715,,5.739642,3.257535,21.51
GRID,716,,5.647189,3.334048,21.49
GRID,717,,5.633482,3.211761,21.46
GRID,729,,5.115415,2.754352,21.99
GRID,730,,5.256333,2.760754,21.95
GRID,731,,5.242778,2.890857,21.99
GRID,732,,5.439212,2.873656,21.64
GRID,734,,5.466953,3.057139,21.69
GRID,736,,5.474603,3.019973,21.74
GRID,739,,5.064667,2.54138,21.68
GRID,746,,5.614354,2.479858,20.81
GRID,747,,5.588254,2.341732,20.86
GRID,748,,5.594057,2.459357,20.95
GRID,749,,5.563022,2.902293,21.79
GRID,761,,5.753053,2.918529,20.73
GRID,762,,5.776547,2.827929,20.78
GRID,766,,4.610768,3.450411,21.6
GRID,767,,4.741747,3.391571,21.74
GRID,768,,4.635116,3.433817,21.72
GRID,775,,4.985358,2.785202,21.92
GRID,776,,4.989457,2.742536,21.94
GRID,777,,5.022401,2.750614,21.87
GRID,778,,4.475023,2.78739,20.89
GRID,779,,4.49094,2.847323,20.97
GRID,780,,4.475031,2.781636,20.95
GRID,790,,5.606737,2.757202,20.91
GRID,791,,5.610385,2.78639,21.02
GRID,792,,5.646438,2.840897,20.95
GRID,794,,5.225581,3.122893,21.89
GRID,795,,5.397007,3.060069,21.76
GRID,796,,5.179604,3.078819,21.73
GRID,798,,4.48437,2.802979,21.02
GRID,799,,4.435133,2.798447,20.98
GRID,800,,4.454935,2.818589,21.08
GRID,801,,4.447181,2.860224,21.01
GRID,802,,4.488001,2.900799,21.07
GRID,803,,5.507895,3.121108,21.48
GRID,804,,5.639297,3.133783,21.52
GRID,807,,4.528035,2.681018,21.24
GRID,808,,4.546185,2.611072,21.34
GRID,809,,4.503647,2.628642,21.18
GRID,810,,5.575951,3.222824,21.79
GRID,811,,5.624338,3.16942,21.73
GRID,812,,4.98027,3.161953,21.84
GRID,813,,4.724323,3.08722,21.86
GRID,814,,4.860448,3.120882,21.91
GRID,815,,5.701361,3.141362,21.59
GRID,816,,5.601645,3.149869,21.67
GRID,817,,5.613431,3.154541,21.61
GRID,818,,5.579272,3.385462,21.52
GRID,819,,5.579048,3.31734,21.47
GRID,820,,5.694834,3.437625,21.22
GRID,821,,5.637971,3.367756,21.22
GRID,822,,4.789818,3.2997,21.8
GRID,823,,4.815477,3.291349,21.71
GRID,826,,5.467727,3.325135,21.44
GRID,829,,5.324816,2.973542,21.37
GRID,830,,5.569183,3.210135,21.62
GRID,831,,5.606872,3.209068,21.57
GRID,832,,5.179614,2.170732,9.918383
GRID,833,,5.19872,2.094852,9.99314
GRID,834,,5.223135,2.104164,9.877584
GRID,835,,5.822836,3.041062,20.05
GRID,836,,5.798401,3.038163,20.17
GRID,837,,5.869401,3.090822,20.13
GRID,840,,5.701266,3.049894,20.51
GRID,841,,5.707314,2.93547,20.48
GRID,842,,5.464274,3.137057,20.87
GRID,843,,5.582273,3.081925,21.07
GRID,844,,5.630332,3.134503,20.89
GRID,854,,6.20623,2.835349,19.63
GRID,855,,6.315826,3.153155,19.72
GRID,856,,5.937068,3.289108,20.23
GRID,857,,6.037297,3.34377,20.17
GRID,858,,5.974669,3.373951,20.33
GRID,882,,5.847607,3.448081,20.74
GRID,883,,5.748976,3.301645,20.84
GRID,884,,5.978328,3.23535,20.16
GRID,885,,6.034114,3.339311,20.01
GRID,886,,6.150735,3.395545,20
GRID,887,,6.104225,3.322736,19.9
GRID,888,,6.019507,3.127195,19.92
GRID,889,,6.023323,3.112769,19.99
GRID,890,,6.072577,3.014793,19.74
GRID,891,,5.96245,3.033845,19.89
GRID,892,,5.856273,3.117565,20.41
GRID,893,,5.812763,3.109576,20.49
GRID,894,,5.85083,3.061498,20.44
GRID,895,,5.858252,3.075913,20.51
GRID,899,,5.57963,3.217469,20.39
GRID,900,,5.723868,3.191616,20.43
GRID,901,,5.64774,3.188035,20.39
GRID,906,,4.089413,3.259773,19.93
GRID,907,,4.054269,3.206269,19.92
GRID,908,,4.026832,3.268103,19.85
GRID,910,,5.921488,3.142611,18.34
GRID,948,,3.71155,3.332025,19.86
GRID,949,,3.75775,3.428193,19.98
GRID,972,,5.134661,1.988594,9.731931
GRID,973,,5.208403,2.147719,9.803789
GRID,974,,5.16783,2.146095,9.693578
GRID,991,,4.250297,3.06603,20.18
GRID,992,,4.289463,2.997194,20.17
GRID,993,,4.278385,3.038186,20.04
GRID,1001,,6.499938,3.070435,19.88
GRID,1002,,6.386551,3.018948,19.93
GRID,1003,,6.42243,2.918099,19.87
GRID,1004,,6.152945,3.11189,19.95
GRID,1005,,6.305714,3.12036,19.88
GRID,1006,,6.377092,3.148381,19.86
GRID,1007,,5.844415,3.034471,20.39
GRID,1008,,5.772975,2.992686,20.44
GRID,1009,,5.808673,3.087799,20.36
GRID,1017,,6.444477,3.131346,19.94
GRID,1018,,6.477046,2.811573,19.67
GRID,1019,,6.630426,3.213987,17.85
GRID,1021,,6.562057,3.166558,17.97
GRID,1036,,5.742831,2.512857,20.29
GRID,1037,,5.780321,2.757138,20.25
GRID,1038,,5.793101,2.558455,20.04
GRID,1039,,5.69894,2.75649,20.68
GRID,1040,,5.725619,2.813839,20.66
GRID,1041,,5.719587,2.708054,20.73
GRID,1045,,5.691657,2.790415,20.76
GRID,1046,,5.663631,2.832081,20.71
GRID,1050,,5.865149,2.877824,20.26
GRID,1051,,5.867675,3.028152,20.22
GRID,1052,,5.819388,2.999559,20.29
GRID,1053,,5.712246,2.885736,20.55
GRID,1054,,5.7307,2.828336,20.51
GRID,1055,,5.685894,2.874004,20.5
GRID,1072,,6.287098,2.444692,19.7
GRID,1073,,6.368454,2.502242,19.65
GRID,1078,,5.071342,2.164605,9.667812
GRID,1083,,5.963907,2.945902,20.03
GRID,1084,,5.883911,2.790581,20.09
GRID,1085,,5.969391,2.805373,19.95
GRID,1089,,5.237312,2.769866,21.92
GRID,1091,,5.478377,2.755148,21.85
GRID,1095,,5.170714,2.00879,10.02
GRID,1099,,5.049636,1.750211,9.804385
GRID,1100,,5.017018,1.795345,9.931704
GRID,1101,,5.084811,1.866678,9.968746
GRID,1102,,4.977428,1.909268,9.788458
GRID,1125,,5.645725,2.340074,20.82
GRID,1126,,5.703585,2.457757,20.59
GRID,1127,,5.691565,2.590827,20.72
GRID,1130,,4.965926,1.91506,9.998434
GRID,1136,,4.904172,2.016911,9.859272
GRID,1137,,4.881726,2.131916,9.790751
GRID,1138,,4.878901,2.106413,9.973461
GRID,1139,,4.913281,2.170881,9.918594
GRID,1149,,5.571374,2.095337,20.52
GRID,1150,,5.650192,2.087008,20.25
GRID,1151,,5.612805,2.062865,20.48
GRID,1157,,5.105306,2.069942,9.585632
GRID,1162,,6.110635,2.400883,19.67
GRID,1163,,5.957907,2.41285,19.75
GRID,1177,,6.119089,2.672562,19.84
GRID,1178,,6.008924,2.557858,19.86
GRID,1184,,5.681839,2.608711,21.24
GRID,1186,,5.643987,2.579729,21.36
GRID,1188,,5.364658,2.062645,20.88
GRID,1194,,5.868095,2.473871,19.87
GRID,1195,,5.857092,2.289509,19.86
GRID,1196,,5.78451,2.361118,19.99
GRID,1197,,5.65433,2.541586,20.54
GRID,1198,,5.636467,2.558782,20.69
GRID,1199,,5.654719,2.720363,20.64
GRID,1204,,6.504224,2.923998,19.78
GRID,1215,,5.885235,2.594927,20
GRID,1216,,5.919484,2.962008,20.13
GRID,1217,,6.096516,2.917655,19.94
GRID,1221,,6.249855,2.40825,19.66
GRID,1240,,5.725727,2.65073,21.13
GRID,1241,,5.635819,2.600095,20.81
GRID,1242,,5.65202,2.727735,20.91
GRID,1243,,5.709518,2.707963,20.88
GRID,1244,,5.668458,2.739178,20.96
GRID,1245,,5.542825,2.310207,21.01
GRID,1246,,5.461768,2.18509,20.98
GRID,1247,,5.44546,2.276926,21.13
GRID,1248,,5.616676,2.545084,20.88
GRID,1249,,5.591595,2.58689,21.06
GRID,1250,,5.259557,2.341936,21.48
GRID,1251,,5.37076,2.311505,21.42
GRID,1252,,5.334948,2.4111,21.5
GRID,1253,,5.33295,2.444317,21.31
GRID,1255,,5.178114,2.379686,21.47
GRID,1256,,5.255932,2.405688,21.41
GRID,1257,,5.577827,2.559971,21.15
GRID,1259,,5.662224,2.609106,21.19
GRID,1260,,5.665803,2.848617,20.84
GRID,1261,,5.540921,2.882983,20.92
GRID,1262,,5.588343,2.644882,21.18
GRID,1263,,5.689499,2.668943,21.02
GRID,1264,,5.588484,2.640358,21.7
GRID,1265,,5.643336,2.648997,21.63
GRID,1266,,5.609313,2.727468,21.72
GRID,1267,,5.723493,2.647448,21.37
GRID,1268,,5.715183,2.700773,21.51
GRID,1269,,5.637322,2.586762,21.52
GRID,1274,,5.631221,2.668186,20.84
GRID,1275,,5.615976,2.772223,20.84
GRID,1276,,5.313771,2.670314,21.64
GRID,1277,,5.365541,2.750608,21.47
GRID,1278,,5.407059,2.700688,21.52
GRID,1279,,5.422813,2.759585,21.38
GRID,1280,,5.568546,2.77827,21.16
GRID,1281,,5.539216,2.725929,21.29
GRID,1282,,5.471191,2.824353,21.13
GRID,1283,,5.561158,2.825201,21.06
GRID,1285,,5.331985,2.303686,21.22
GRID,1286,,5.440288,2.351494,21.2
GRID,1287,,5.272162,2.108435,21.11
GRID,1288,,5.265705,2.169117,21.25
GRID,1289,,5.166512,2.147801,21.14
GRID,1290,,5.612971,2.401603,20.7
GRID,1291,,5.236465,2.116331,21.01
GRID,1292,,5.501791,2.104016,20.64
GRID,1293,,5.569089,2.213864,20.71
GRID,1294,,5.548232,2.210313,20.88
GRID,1295,,5.11384,2.719131,21.71
GRID,1296,,5.067642,2.727868,21.79
GRID,1297,,5.101861,2.788695,21.77
GRID,1298,,5.555651,2.894586,21.47
GRID,1299,,5.524825,2.695167,21.49
GRID,1300,,5.455495,2.790852,21.55
GRID,1304,,5.020607,2.840485,22.02
GRID,1305,,4.893152,2.77795,21.98
GRID,1306,,4.969289,2.678236,21.95
GRID,1307,,5.131473,2.911274,22.01
GRID,1308,,5.142029,2.804755,21.95
GRID,1309,,5.19996,2.81464,21.76
GRID,1310,,5.176366,2.789152,21.68
GRID,1311,,5.060965,2.671716,21.82
GRID,1318,,5.008515,2.685189,21.87
GRID,1319,,5.003907,2.591043,21.78
GRID,1320,,5.020703,2.632624,21.75
GRID,1323,,5.145033,2.518425,21.75
GRID,1324,,5.202141,2.556058,21.8
GRID,1325,,5.074342,2.573655,21.83
GRID,1326,,5.554372,2.738955,21.73
GRID,1327,,5.423338,2.663404,21.78
GRID,1328,,5.572003,2.675152,21.64
GRID,1331,,5.135319,2.664681,21.93
GRID,1332,,5.495019,2.58594,21.62
GRID,1336,,4.99269,2.42473,21.48
GRID,1337,,5.021418,2.333139,21.51
GRID,1341,,4.903238,2.133297,21.13
GRID,1342,,4.827954,2.094096,21.02
GRID,1343,,4.885624,2.190249,20.99
GRID,1344,,5.250235,2.41606,21.46
GRID,1345,,5.325165,2.396139,21.41
GRID,1346,,5.296725,2.463734,21.39
GRID,1347,,5.364429,2.423451,21.43
GRID,1348,,5.531419,2.562474,21.65
GRID,1349,,5.449872,2.552107,21.71
GRID,1352,,4.952296,2.391618,21.41
GRID,1353,,5.139508,2.245018,21.39
GRID,1354,,5.092823,2.202739,21.28
GRID,1355,,5.408725,2.205715,21.25
GRID,1356,,5.343303,2.27788,21.35
GRID,1357,,4.717779,2.085318,21.05
GRID,1358,,5.407844,2.397529,21.27
GRID,1359,,5.363132,2.394984,21.19
GRID,1360,,5.529646,2.313647,21.23
GRID,1361,,5.449608,2.301351,21.3
GRID,1362,,5.128173,2.272718,21.13
GRID,1363,,5.367092,2.207497,21.07
GRID,1364,,5.394748,2.064701,20.97
GRID,1365,,5.449464,2.441768,21.24
GRID,1368,,5.527861,2.399076,21.12
GRID,1369,,5.250119,2.243709,21.14
GRID,1370,,5.344652,2.837266,21.19
GRID,1371,,5.180017,2.830125,21.13
GRID,1372,,5.320739,2.880215,21
GRID,1373,,4.515028,2.116995,20.9
GRID,1374,,4.449455,2.195057,20.64
GRID,1375,,4.517569,2.066077,20.76
GRID,1376,,4.731213,2.061491,20.87
GRID,1377,,4.748157,2.129885,20.82
GRID,1378,,4.619046,2.360417,21.17
GRID,1379,,4.849053,2.426678,21.45
GRID,1380,,4.771622,2.424721,21.39
GRID,1382,,4.857779,2.341804,21.24
GRID,1383,,4.698191,2.352541,21.26
GRID,1384,,4.655947,2.401294,21.25
GRID,1385,,4.726583,2.38204,21.15
GRID,1386,,4.992963,2.326972,21.41
GRID,1387,,5.001956,2.27754,21.42
GRID,1388,,4.891087,2.315762,21.42
GRID,1391,,5.00167,2.238312,21.37
GRID,1392,,4.799055,2.329906,21.38
GRID,1393,,4.840001,2.414407,21.36
GRID,1394,,4.861728,2.169548,21.26
GRID,1395,,4.753394,2.128345,21.17
GRID,1396,,5.081149,2.417783,21.47
GRID,1401,,4.912818,2.389937,21.47
GRID,1403,,4.95622,2.524715,21.44
GRID,1404,,4.944764,2.586988,21.85
GRID,1405,,4.923149,2.631825,21.84
GRID,1406,,4.838989,2.544287,21.78
GRID,1407,,4.861722,2.7653,21.91
GRID,1408,,4.778904,2.87609,21.89
GRID,1409,,4.674551,2.842389,21.9
GRID,1410,,4.737069,2.587498,21.74
GRID,1414,,5.054269,2.535392,21.77
GRID,1415,,4.947614,2.516687,21.76
GRID,1416,,5.014003,2.578989,21.7
GRID,1419,,5.022538,2.71519,21.8
GRID,1421,,4.972687,2.766312,21.72
GRID,1423,,4.922367,2.974356,21.45
GRID,1424,,4.706948,2.983737,21.29
GRID,1425,,4.651513,2.735278,21.47
GRID,1426,,4.592471,2.704708,21.46
GRID,1427,,4.42899,2.612574,21.31
GRID,1428,,4.467976,2.567067,21.38
GRID,1429,,4.392022,2.620032,21.39
GRID,1430,,4.723383,2.449709,21.4
GRID,1431,,4.754982,2.46782,21.33
GRID,1432,,4.513611,2.507042,21.29
GRID,1433,,4.463118,2.416746,21.2
GRID,1434,,4.569055,2.425948,21.34
GRID,1435,,4.623979,2.576351,21.64
GRID,1436,,4.723086,2.415402,21.3
GRID,1437,,4.779526,2.352084,21.29
GRID,1438,,4.631077,2.626179,21.49
GRID,1439,,4.75253,3.162613,21.63
GRID,1440,,4.430149,2.531481,20.86
GRID,1441,,4.387481,2.615441,20.89
GRID,1442,,4.431087,2.626848,20.9
GRID,1443,,4.4096,2.579917,20.75
GRID,1444,,4.388247,2.659591,20.91
GRID,1445,,4.426591,2.680474,20.89
GRID,1446,,4.391412,2.677934,20.82
GRID,1452,,5.013648,3.054082,21.66
GRID,1453,,4.774469,3.068216,21.75
GRID,1454,,4.326763,2.909077,20.98
GRID,1455,,4.344903,2.768019,20.93
GRID,1456,,4.361156,2.784375,20.99
GRID,1457,,4.46961,2.676773,21.19
GRID,1458,,4.446783,2.77359,21.24
GRID,1459,,4.476746,2.729764,21.33
GRID,1460,,4.483019,2.734628,21.24
GRID,1461,,4.605166,3.019596,21.61
GRID,1463,,4.62723,2.826512,21.28
GRID,1464,,4.505019,2.823423,21.23
GRID,1479,,4.469084,2.635627,21.47
GRID,1480,,4.466043,2.748556,21.62
GRID,1481,,4.423677,2.683442,21.41
GRID,1482,,4.379895,2.807621,21.38
GRID,1492,,4.377747,2.697358,21.07
GRID,1493,,4.415168,2.72077,21.05
GRID,1494,,4.429154,2.708847,21.1
GRID,1495,,4.450679,2.620028,21.39
GRID,1496,,4.467861,2.577527,21.44
GRID,1497,,4.523111,2.577142,21.43
GRID,1517,,4.495107,2.487696,21.14
GRID,1518,,4.424295,2.619419,21.18
GRID,1519,,4.430933,2.524477,21.11
GRID,1521,,4.539896,2.542528,21.17
GRID,1522,,4.59223,2.484699,21.18
GRID,1524,,4.501707,2.480315,20.93
GRID,1525,,4.549689,2.585454,20.95
GRID,1526,,4.549251,2.462206,20.84
GRID,1527,,4.474036,2.548724,20.86
GRID,1528,,4.797055,2.210599,21.02
GRID,1562,,3.734179,2.559133,19.6
GRID,1587,,4.453506,2.705304,20.71
GRID,1588,,4.466745,2.629763,20.81
GRID,1589,,4.5712,2.27581,21.02
GRID,1590,,4.557728,2.183492,20.84
GRID,1592,,4.578915,2.161977,20.73
GRID,1598,,4.412497,2.768615,20.6
GRID,1599,,4.374369,2.758162,20.47
GRID,1602,,4.345606,2.198875,20.19
GRID,1603,,4.315122,2.167861,20.06
GRID,1620,,4.944413,2.033281,9.67665
GRID,1626,,5.04694,1.873603,9.560927
GRID,1627,,5.023151,1.806221,9.663198
GRID,1664,,3.625051,2.883018,19.68
GRID,1665,,3.741156,2.877789,19.62
GRID,1669,,3.586336,3.042966,19.85
GRID,1670,,3.694602,3.125758,19.75
GRID,1671,,3.664388,3.012755,19.7
GRID,1674,,4.692771,2.852326,21.64
GRID,1675,,4.821373,2.794811,21.64
GRID,1676,,4.642224,2.794383,21.55
GRID,1677,,4.823767,2.833655,21.71
GRID,1685,,4.316328,2.838206,20.74
GRID,1687,,4.381006,2.747896,20.7
GRID,1688,,4.385327,2.794619,20.67
GRID,1690,,4.29091,2.870174,20.46
GRID,1691,,4.301701,2.917301,20.51
GRID,1692,,4.328176,2.961598,20.47
GRID,1693,,3.940532,3.009598,19.98
GRID,1698,,3.686476,2.90904,19.86
GRID,1699,,3.742775,2.707428,19.78
GRID,1703,,4.064228,2.71991,19.89
GRID,1707,,4.266321,2.880542,20.02
GRID,1708,,4.302984,2.875893,20.17
GRID,1755,,3.786154,3.066598,19.67
GRID,1772,,4.03727,3.13188,19.89
GRID,1773,,4.151715,3.099128,20.08
GRID,1774,,4.224674,3.09056,20.1
GRID,1775,,4.167076,3.0959,20.02
GRID,1776,,4.261184,3.013695,20.25
GRID,1777,,4.137921,3.294454,20.07
GRID,1778,,4.134907,3.224607,20
GRID,1779,,4.170445,3.159897,20.08
GRID,1780,,4.122158,3.472208,20.35
GRID,1781,,4.197042,3.441281,20.49
GRID,1782,,4.213101,3.323581,20.3
GRID,1796,,3.66669,3.210124,19.84
GRID,1797,,3.624502,3.159072,19.92
GRID,1798,,3.686181,3.136717,19.94
GRID,1807,,3.47523,3.409514,17.89
GRID,1808,,3.409595,3.367544,17.77
GRID,1809,,3.47994,3.319989,17.92
GRID,1825,,4.252737,3.269788,20.58
GRID,1826,,4.191421,3.357823,20.48
GRID,1827,,4.35652,3.128793,20.85
GRID,1828,,4.349116,3.146259,20.64
GRID,1829,,4.295448,3.128397,20.74
GRID,1831,,4.765688,3.306531,21.59
GRID,1832,,4.674164,3.401755,21.56
GRID,1833,,4.6621,3.302245,21.47
GRID,1834,,4.540416,3.439227,21.46
GRID,1835,,4.439266,3.402206,21.38
GRID,1836,,4.550608,3.352134,21.4
GRID,1837,,4.548405,3.171364,21.43
GRID,1838,,4.659178,3.014248,21.74
GRID,1839,,4.623074,2.973473,21.68
GRID,1840,,4.598836,3.010147,21.73
GRID,1841,,4.385823,3.223701,21.5
GRID,1842,,4.41193,3.168137,21.54
GRID,1843,,4.369596,3.136804,21.55
GRID,1844,,4.682154,3.269733,21.85
GRID,1854,,5.031212,3.136875,21.92
GRID,1855,,4.916958,3.047496,21.97
GRID,1857,,4.799002,2.880866,21.83
GRID,1858,,4.64193,3.182328,21.8
GRID,1863,,4.588799,2.884538,21.6
GRID,1864,,4.537086,3.030768,21.51
GRID,1865,,4.444288,2.864039,21.68
GRID,1866,,4.455878,2.972116,21.65
GRID,1867,,4.382091,2.896192,21.51
GRID,1868,,4.454103,2.920568,21.28
GRID,1869,,4.512209,2.9541,21.45
GRID,1870,,4.530606,2.84764,21.45
GRID,1874,,4.917796,2.809108,21.94
GRID,1876,,4.717978,2.991412,21.77
GRID,1881,,5.029722,3.016278,21.99
GRID,1882,,4.904847,2.925142,21.99
GRID,1888,,4.43346,2.99997,21.55
GRID,1889,,4.363592,3.298634,21.45
GRID,1890,,4.318385,3.294095,21.42
GRID,1900,,4.346903,2.909743,20.66
GRID,1901,,4.326081,2.978642,20.7
GRID,1902,,4.304547,2.998847,20.58
GRID,1903,,4.377446,3.008882,20.78
GRID,1904,,4.393612,2.918627,20.92
GRID,1905,,4.403208,2.905574,20.81
GRID,1923,,4.404695,3.216643,21.31
GRID,1924,,4.447892,3.111008,21.39
GRID,1925,,4.455731,3.233221,21.31
GRID,1928,,3.981706,3.482271,20.52
GRID,1929,,3.951722,3.454837,20.39
GRID,1930,,4.064851,3.464204,20.54
GRID,1931,,4.373911,3.432194,21.41
GRID,1932,,4.393501,3.323873,21.36
GRID,1933,,4.456755,3.46957,21.46
GRID,1939,,4.425104,3.08226,21.16
GRID,1940,,4.405954,3.034809,21.37
GRID,1941,,4.496509,3.043173,21.37
GRID,1942,,4.366466,3.382985,21.48
GRID,1954,,5.521802,2.523553,21.11
GRID,1955,,5.574653,2.55156,21
GRID,1964,,5.485751,3.164864,20.42
GRID,1968,,4.374234,2.646903,21.17
GRID,1969,,4.416494,2.67579,21.14
GRID,1972,,5.524552,2.392558,21.34
GRID,1973,,5.483416,2.35944,21.3
GRID,1974,,5.512938,2.419143,21.27
GRID,1980,,4.5532,3.121782,21.77
GRID,1981,,4.568882,3.242543,21.84
GRID,1982,,4.525364,3.241723,21.79
GRID,1983,,5.607266,3.394397,21.58
GRID,1984,,5.719702,3.045578,20.55
GRID,1985,,5.629043,3.013681,20.57
GRID,1986,,5.656992,3.111067,20.59
GRID,1987,,4.689861,2.48369,21.23
GRID,1988,,4.397154,2.580469,21
GRID,1989,,4.434663,2.534268,21.03
GRID,1990,,4.438602,2.601629,21.02
GRID,1991,,4.396401,2.630146,21.09
GRID,1995,,4.121493,2.481228,19.74
GRID,1996,,3.956106,2.653959,19.63
GRID,1997,,4.095116,2.666197,19.73
GRID,2001,,5.377891,2.889269,21.93
GRID,2006,,4.099731,3.6159,20.61
GRID,2007,,4.207111,3.574214,20.76
GRID,2008,,4.202977,3.509913,20.63
GRID,2009,,5.432046,2.346387,21.36
GRID,2011,,5.221031,2.800584,21.84
GRID,2012,,5.411064,2.481363,21.37
GRID,2013,,3.924568,3.157663,19.83
GRID,2014,,3.870933,3.166148,19.85
GRID,2015,,3.582713,3.17174,18.02
GRID,2016,,3.619372,3.054441,18.1
GRID,2017,,3.578519,3.234106,18.07
GRID,2018,,4.453179,3.046749,21.54
GRID,2019,,4.49384,3.050215,21.67
GRID,2020,,4.518379,3.042003,21.59
GRID,2021,,4.44828,3.095303,21.63
GRID,2022,,4.436023,2.091334,20.23
GRID,2023,,4.356631,2.134062,20.04
GRID,2024,,5.352226,2.347574,21.39
GRID,2025,,5.21574,2.265424,21.45
GRID,2026,,5.193581,2.305412,21.43
GRID,2029,,4.202867,2.756156,19.87
GRID,2030,,4.166478,3.049524,19.94
GRID,2032,,4.505144,2.678007,21.3
GRID,2033,,4.516252,2.612887,21.39
GRID,2034,,4.684773,2.616136,21.8
GRID,2039,,3.70478,3.17634,19.79
GRID,2040,,3.764127,3.18476,19.84
GRID,2041,,4.496089,2.571119,21.06
GRID,2050,,4.965691,2.339076,21.45
GRID,2051,,4.666016,2.442623,21.36
GRID,2052,,4.658397,2.414421,21.31
GRID,2053,,4.636558,2.508399,21.32
GRID,2058,,5.58449,2.696667,21.39
GRID,2064,,5.418611,2.40199,21.36
GRID,2065,,5.210336,2.355622,21.3
GRID,2066,,5.231463,2.383266,21.38
GRID,2067,,5.172678,2.415334,21.42
GRID,2068,,5.14834,2.349002,21.36
GRID,2069,,4.529985,3.231369,21.64
GRID,2070,,4.492839,3.151955,21.64
GRID,2071,,4.492301,3.193327,21.58
GRID,2075,,4.575143,2.909868,20.85
GRID,2076,,4.63739,2.960221,20.72
GRID,2077,,4.744681,2.934443,20.91
GRID,2078,,4.551683,2.642822,20.79
GRID,2079,,5.787778,3.479562,21.15
GRID,2080,,4.558913,2.739478,21.29
GRID,2081,,4.626922,2.799623,21.21
GRID,2082,,4.639927,2.87963,20.96
GRID,2086,,4.534531,2.322376,21.2
GRID,2087,,4.47419,2.378591,21.09
GRID,2088,,4.538623,2.214667,21.11
GRID,2089,,5.105064,2.306431,21.5
GRID,2090,,4.806753,2.785933,21.31
GRID,2091,,4.692609,2.783554,21.39
GRID,2093,,3.874691,3.303812,20.1
GRID,2094,,4.595815,2.516929,21.24
GRID,2095,,4.535116,2.518378,21.21
GRID,2096,,5.577514,2.574871,21.44
GRID,2098,,4.440779,2.791529,20.71
GRID,2100,,4.457037,2.700106,20.83
GRID,2101,,4.513914,2.922327,21.64
GRID,2102,,4.474801,2.984184,21.5
GRID,2103,,4.419182,2.908162,21.51
GRID,2110,,4.38519,2.778575,20.87
GRID,2111,,4.410492,2.7712,20.93
GRID,2112,,3.921601,3.084689,19.69
GRID,2113,,4.013542,3.126672,19.77
GRID,2114,,3.917943,2.885757,19.64
GRID,2118,,4.037143,2.886562,19.7
GRID,2119,,5.198723,2.680809,21.68
GRID,2120,,5.073627,2.658063,21.66
GRID,2121,,3.804223,2.677477,19.59
GRID,2132,,4.635018,3.06342,21.77
GRID,2133,,4.581657,3.074802,21.71
GRID,2134,,5.305874,2.802167,21.62
GRID,2137,,5.536676,2.903026,21.58
GRID,2138,,5.600724,2.941113,21.57
GRID,2139,,5.630662,3.029738,21.47
GRID,2140,,4.670246,3.079307,21.59
GRID,2141,,4.636812,3.04037,21.69
GRID,2143,,5.46488,3.327464,21.73
GRID,2144,,5.611265,3.393755,21.69
GRID,2161,,5.759379,2.706237,21.04
GRID,2162,,5.736102,2.729322,20.94
GRID,2163,,5.749194,2.760617,21.03
GRID,2169,,4.673131,3.172771,21.52
GRID,2170,,4.683849,3.267655,21.56
GRID,2183,,4.399172,3.463156,21.1
GRID,2184,,4.320733,3.537106,21.05
GRID,2185,,4.363746,3.488559,21.17
GRID,2189,,5.692668,3.240203,21.59
GRID,2193,,4.373281,2.69318,20.97
GRID,2194,,4.402858,2.731612,20.91
GRID,2195,,4.522576,2.849245,21.77
GRID,2196,,4.572114,2.878337,21.82
GRID,2197,,4.528893,2.931794,21.7
GRID,2200,,5.460377,2.653271,21.57
GRID,2207,,5.662217,2.712745,21.1
GRID,2208,,5.657267,2.786403,21.13
GRID,2209,,4.52122,3.192867,21.69
GRID,2211,,4.457863,3.120349,21.74
GRID,2212,,4.425452,3.154889,21.64
GRID,2213,,4.413512,3.233236,21.65
GRID,2214,,4.460238,3.253325,21.37
GRID,2215,,4.384302,3.240267,21.35
GRID,2216,,4.485707,2.611423,21.28
GRID,2217,,4.395738,3.31274,21.54
GRID,2218,,4.380911,3.229735,21.55
GRID,2226,,4.595329,2.654965,21.54
GRID,2227,,4.565049,2.65349,21.45
GRID,2228,,4.543592,2.746454,21.46
GRID,2229,,4.649483,2.452316,21.4
GRID,2230,,4.639285,2.41132,21.42
GRID,2231,,4.705376,2.390096,21.4
GRID,2232,,4.721585,2.381017,21.47
GRID,2233,,4.550887,2.840842,20.99
GRID,2234,,4.621841,2.830311,21.06
GRID,2235,,4.570717,2.830234,21.1
GRID,2236,,4.518995,2.801846,21.08
GRID,2237,,4.485867,2.915397,20.78
GRID,2238,,4.238687,3.46818,20.7
GRID,2239,,4.270262,3.362146,20.64
GRID,2240,,4.31644,3.410882,20.83
GRID,2246,,5.230444,2.419675,21.35
GRID,2247,,5.222665,2.443261,21.39
GRID,2248,,4.281772,2.953502,20.21
GRID,2249,,4.310062,2.949152,20.38
GRID,2253,,4.328417,2.703076,21.15
GRID,2255,,4.340609,2.687108,21.06
GRID,2256,,5.652617,3.342815,21.61
GRID,2257,,5.597242,3.300423,21.59
GRID,2258,,5.600549,3.340558,21.64
GRID,2259,,5.74896,3.069563,20.44
GRID,2266,,4.43056,2.669005,21.08
GRID,2267,,4.464798,2.635453,21.18
GRID,2268,,5.563552,3.218981,21.7
GRID,2269,,5.562644,3.285865,21.67
GRID,2275,,6.439383,3.215114,19.77
GRID,2276,,6.394756,3.237313,19.75
GRID,2283,,5.673278,3.402425,21.54
GRID,2284,,4.527929,3.177038,20.71
GRID,2285,,4.728382,3.250509,20.6
GRID,2286,,4.598438,3.23234,20.55
GRID,2287,,5.161431,2.288718,21.24
GRID,2288,,5.077133,2.287143,21.26
GRID,2292,,4.399956,2.635877,20.99
GRID,2293,,4.399542,2.667868,21.04
GRID,2294,,4.442935,2.648328,20.98
GRID,2296,,4.770635,2.527555,21.68
GRID,2297,,4.872602,2.553149,21.65
GRID,2299,,6.090519,3.120969,19.76
GRID,2308,,4.466678,3.368706,21.51
GRID,2309,,4.540975,3.387386,21.54
GRID,2310,,4.453927,3.42055,21.6
GRID,2323,,5.699623,2.793514,20.48
GRID,2324,,5.692035,2.730224,20.55
GRID,2327,,5.705586,2.783886,20.61
GRID,2331,,6.116641,3.580465,20.33
GRID,2332,,5.993031,3.523021,20.41
GRID,2333,,6.054677,3.614111,20.52
GRID,2335,,5.692169,3.123791,20.98
GRID,2336,,5.7153,3.146944,20.82
GRID,2341,,4.365528,2.804517,20.75
GRID,2342,,4.340383,2.782173,20.86
GRID,2343,,4.606715,2.464841,21.26
GRID,2344,,5.432081,3.214929,21.72
GRID,2347,,5.778807,2.935226,20.54
GRID,2348,,5.813875,2.920993,20.64
GRID,2349,,5.742387,2.874232,20.63
GRID,2350,,5.471044,2.950994,21.67
GRID,2351,,4.316382,2.897143,21.26
GRID,2352,,4.324666,2.704925,21.27
GRID,2353,,4.332076,2.743182,21.38
GRID,2354,,4.525118,2.457888,21.06
GRID,2356,,4.341459,2.826967,21.2
GRID,2364,,5.619335,2.163605,20.81
GRID,2365,,5.628027,2.138039,20.63
GRID,2366,,4.464099,2.604691,21.61
GRID,2367,,4.636471,2.544137,21.6
GRID,2368,,4.668983,2.537698,21.7
GRID,2370,,5.105587,2.400707,21.35
GRID,2379,,4.56202,2.75696,21.75
GRID,2380,,4.82857,2.382391,21.48
GRID,2390,,5.923272,3.03599,18.26
GRID,2392,,5.466972,2.981722,21.48
GRID,2393,,5.501913,3.005435,21.3
GRID,2398,,5.579326,3.049575,21.42
GRID,2399,,5.548356,3.058747,21.53
GRID,2400,,5.616281,3.070554,21.49
GRID,2401,,5.783957,2.822852,20.62
GRID,2402,,5.770154,2.824122,20.7
GRID,2410,,4.714535,2.544966,21.62
GRID,2412,,5.724475,2.838536,20.57
GRID,2419,,4.352506,2.615168,20.52
GRID,2420,,4.303288,2.88794,20.63
GRID,2421,,4.259243,2.955599,20.56
GRID,2422,,4.301869,2.861606,20.55
GRID,2428,,4.448928,2.818577,20.85
GRID,2429,,4.423483,2.811836,20.75
GRID,2430,,4.482368,2.612247,20.94
GRID,2431,,4.494168,2.728157,20.99
GRID,2432,,4.527854,3.268447,21.7
GRID,2433,,4.390812,3.105526,21
GRID,2434,,4.40673,3.162323,21.08
GRID,2436,,4.419248,3.250743,21.13
GRID,2437,,4.453857,3.219164,21.21
GRID,2438,,5.730999,2.637424,20.57
GRID,2439,,4.57107,2.605167,21.73
GRID,2443,,4.724268,2.656188,21.61
GRID,2444,,4.698289,2.577218,21.57
GRID,2445,,5.013011,2.832478,21.24
GRID,2446,,4.868178,2.84438,21.15
GRID,2448,,4.785982,2.588423,21.62
GRID,2449,,5.554916,2.091443,20.9
GRID,2450,,5.498444,2.110821,21.02
GRID,2465,,4.52526,2.616549,20.87
GRID,2479,,6.054711,3.207356,20.06
GRID,2480,,4.691808,2.408319,21.36
GRID,2483,,5.964639,3.121455,20.06
GRID,2484,,5.917928,3.087368,20.02
GRID,2491,,5.766538,2.950567,20.61
GRID,2503,,5.277812,2.555071,21.77
GRID,2504,,5.345124,2.551049,21.74
GRID,2515,,3.556129,3.408638,18.01
GRID,2516,,3.645401,3.348097,18.16
GRID,2523,,4.568711,3.088729,21.63
GRID,2524,,4.524208,3.10245,21.69
GRID,2530,,4.863881,2.668221,21.68
GRID,2542,,3.676513,3.27767,19.88
GRID,2543,,5.677169,3.329725,21.56
GRID,2544,,5.652907,3.22366,21.55
GRID,2545,,5.520795,2.89546,21.11
GRID,2546,,5.515376,2.825453,21.28
GRID,2547,,4.380277,3.067786,21.24
GRID,2549,,3.476452,3.476465,17.82
GRID,2550,,4.464784,3.19998,20.52
GRID,2551,,4.389525,3.170529,20.54
GRID,2558,,4.961251,2.129275,9.638063
GRID,2559,,4.2005,3.158016,20.15
GRID,2560,,4.222208,3.202376,20.16
GRID,2561,,4.22467,3.129049,20.22
GRID,2562,,5.592345,2.820094,21.24
GRID,2563,,5.611498,2.862188,21.15
GRID,2564,,4.509982,2.809258,21.13
GRID,2565,,4.463539,2.743169,21.14
GRID,2566,,5.801625,3.068659,20.41
GRID,2567,,5.778997,3.125569,20.41
GRID,2568,,5.837692,2.999386,20.47
GRID,2571,,4.927453,2.713042,21.92
GRID,2576,,4.451162,2.561659,20.96
GRID,2577,,4.583003,2.594225,21.44
GRID,2581,,4.367082,2.735253,20.97
GRID,2582,,4.354213,2.842658,20.86
GRID,2584,,3.925442,3.183375,19.81
GRID,2585,,3.900822,3.175987,19.73
GRID,2586,,5.724782,2.841098,20.77
GRID,2588,,5.693863,2.640652,20.86
GRID,2589,,4.438452,3.212685,21.55
GRID,2590,,4.497088,3.263594,21.57
GRID,2592,,5.707604,2.980805,20.75
GRID,2596,,5.802692,3.548781,21.08
GRID,2601,,4.336497,3.139626,20.49
GRID,2602,,4.291151,3.135969,20.57
GRID,2603,,4.515459,2.278943,20.59
GRID,2618,,6.415872,2.635213,19.61
GRID,2623,,3.657048,3.45639,18.06
GRID,2625,,5.54931,2.636346,21.29
GRID,2626,,5.536935,2.604653,21.37
GRID,2627,,5.497078,2.67433,21.42
GRID,2631,,4.626412,3.129468,21.67
GRID,2641,,6.205039,3.160797,19.71
GRID,2644,,4.474499,3.159962,21.7
GRID,2647,,5.990489,3.051641,18.27
GRID,2649,,4.42437,3.467369,21.58
GRID,2650,,4.478265,3.361669,21.72
GRID,2651,,4.416709,3.354593,21.63
GRID,2652,,4.367813,3.13522,21.41
GRID,2660,,5.567513,2.432472,21.21
GRID,2661,,5.541131,2.479975,21.19
GRID,2668,,5.637635,2.843947,21.64
GRID,2669,,5.644794,2.923626,21.65
GRID,2670,,5.61634,2.845071,21.73
GRID,2671,,5.575906,3.008113,21.71
GRID,2674,,5.676153,2.694876,20.79
GRID,2675,,5.629401,2.604278,20.88
GRID,2676,,5.677457,3.064388,21.52
GRID,2677,,5.616742,2.663776,21.26
GRID,2678,,5.654936,2.655389,21.33
GRID,2682,,5.610404,3.320438,21.76
GRID,2683,,4.258142,2.71501,20.28
GRID,2684,,4.308153,2.74301,20.46
GRID,2687,,4.296165,2.514565,20.29
GRID,2688,,4.662776,3.198197,21.71
GRID,2689,,4.602364,3.086158,21.52
GRID,2690,,4.442366,3.278404,21.55
GRID,2691,,4.482972,3.322804,21.59
GRID,2698,,4.172305,3.148583,20.16
GRID,2699,,4.818226,2.730113,21.52
GRID,2703,,4.526264,2.643177,21.01
GRID,2705,,4.374516,3.15056,20.48
GRID,2706,,4.364627,3.112818,20.39
GRID,2708,,4.325904,3.127618,20.4
GRID,2715,,5.456234,2.434092,21.41
GRID,2729,,4.7256,2.383605,21.35
GRID,2730,,4.211277,3.075656,20.46
GRID,2731,,4.289611,3.036252,20.39
GRID,2732,,4.22215,3.019006,20.47
GRID,2733,,4.260795,3.084267,20.31
GRID,2737,,4.453502,2.644771,21.24
GRID,2738,,4.28427,2.831349,21.09
GRID,2756,,4.426637,2.653142,21.31
GRID,2762,,4.472284,3.135968,21.28
GRID,2763,,4.568916,2.994512,21.36
GRID,2764,,4.612732,3.053259,21.08
GRID,2772,,4.409873,3.207484,21.57
GRID,2794,,5.136846,2.733253,21.55
GRID,2795,,5.357419,2.601199,21.59
GRID,2796,,4.061889,3.418654,20.16
GRID,2797,,4.028821,3.507864,20.26
GRID,2798,,4.14038,3.382296,20.23
GRID,2799,,4.177462,3.2981,20.16
GRID,2800,,5.904258,3.599634,20.8
GRID,2805,,4.642839,2.391997,21.36
GRID,2808,,5.453396,3.071991,21.57
GRID,2809,,5.568177,3.082983,21.63
GRID,2810,,4.266851,2.887576,20.84
GRID,2814,,4.421684,3.085425,20.58
GRID,2815,,4.492356,3.116011,20.59
GRID,2826,,4.456287,3.032465,21.45
GRID,2847,,4.589293,2.111107,21.03
GRID,2848,,4.643886,2.133529,21.11
GRID,2849,,3.758274,3.135574,19.85
GRID,2850,,3.837341,3.147633,19.81
GRID,2851,,3.826127,3.190473,19.78
GRID,2852,,3.938091,3.240153,20.04
GRID,2853,,3.941227,3.181118,19.94
GRID,2856,,4.356534,3.305636,21.48
GRID,2857,,5.735581,2.743389,20.43
GRID,2862,,5.069355,2.29534,21.41
GRID,2863,,5.115532,2.388813,21.4
GRID,2865,,5.791515,2.862587,20.5
GRID,2866,,5.757719,2.752744,20.54
GRID,2867,,5.499851,2.587858,21.46
GRID,2868,,4.385688,2.827564,20.69
GRID,2869,,4.357872,2.854376,20.72
GRID,2874,,4.429313,2.993031,20.67
GRID,2875,,4.460481,2.952758,20.67
GRID,2881,,5.390035,3.172241,21.56
GRID,2885,,4.456553,3.152933,21.6
GRID,2890,,5.712765,3.380394,21.53
GRID,2891,,6.241785,2.95488,19.93
GRID,2897,,5.60443,2.694956,21.02
GRID,2898,,5.692083,2.660469,21.17
GRID,2899,,5.645503,2.687921,20.74
GRID,2900,,5.729375,2.732915,20.63
GRID,2901,,5.676014,3.293272,21.69
GRID,2917,,6.272362,3.464249,20.28
GRID,2918,,6.248031,3.547765,20.21
GRID,2919,,6.221253,3.573216,20.37
GRID,2922,,4.985433,2.28594,21.17
GRID,2932,,4.276682,2.774529,20.79
GRID,2933,,4.391612,2.7975,20.78
GRID,2938,,4.329538,2.962989,20.86
GRID,2939,,5.567968,2.925925,21.66
GRID,2940,,5.527353,2.964396,21.7
GRID,2941,,4.243954,3.093537,20.43
GRID,2942,,4.450318,3.227477,21.47
GRID,2943,,4.481056,3.311563,21.46
GRID,2947,,4.405465,2.565631,20.93
GRID,2953,,5.788465,3.111275,20.83
GRID,2964,,4.387258,2.99976,20.45
GRID,2967,,4.387987,2.768874,20.76
GRID,2979,,4.459485,2.337537,20.95
GRID,2980,,5.922059,3.184825,20.08
GRID,2981,,5.971819,3.144195,20
GRID,2982,,4.662457,2.340177,21.41
GRID,2983,,5.821968,3.005604,20.82
GRID,2984,,5.806747,2.918321,21.01
GRID,2985,,5.81568,2.885722,20.79
GRID,2987,,5.141314,2.400806,21.53
GRID,2988,,3.678747,3.035072,19.93
GRID,2989,,4.997536,2.201719,21.27
GRID,2990,,4.919808,2.210937,21.33
GRID,2991,,5.524306,2.568039,21.54
GRID,2992,,5.437066,2.585539,21.53
GRID,3003,,4.914907,2.263252,21.4
GRID,3004,,4.939038,2.305381,21.5
GRID,3007,,5.77319,2.991587,20.76
GRID,3008,,5.754411,3.062697,21.04
GRID,3012,,4.980907,2.798548,21.82
GRID,3017,,4.401989,2.83755,20.76
GRID,3018,,4.405753,2.833851,20.87
GRID,3020,,4.513533,3.024506,20.56
GRID,3027,,4.652274,2.928773,21.89
GRID,3036,,5.755979,2.852894,21.13
GRID,3043,,4.273633,2.483368,19.94
GRID,3054,,4.69396,2.501301,21.62
GRID,3056,,4.629376,3.367688,21.65
GRID,3057,,4.577216,3.376597,21.71
GRID,3058,,4.547018,3.403094,21.63
GRID,3059,,4.612794,3.310787,21.86
GRID,3060,,4.576574,3.401332,21.8
GRID,3061,,4.663724,3.382443,21.82
GRID,3069,,5.025462,2.274781,21.31
GRID,3074,,6.381086,3.463264,18.15
GRID,3075,,6.346799,3.30902,18.23
GRID,3076,,6.28401,3.423038,18.32
GRID,3082,,4.403009,3.08192,21.48
GRID,3083,,4.476987,3.09158,21.46
GRID,3084,,4.902536,2.454973,21.39
GRID,3089,,5.46555,2.481154,21.29
GRID,3090,,4.28286,3.254632,20.48
GRID,3091,,4.468788,2.680957,21.04
GRID,3092,,4.425454,2.851465,21.17
GRID,3108,,4.502661,2.052665,20.55
GRID,3109,,4.393613,2.200775,20.41
GRID,3110,,4.469342,2.071999,20.39
GRID,3124,,5.599621,2.730357,20.96
GRID,3125,,5.665502,2.724599,20.85
GRID,3138,,4.382596,3.015596,20.55
GRID,3139,,4.513746,3.317128,21.65
GRID,3143,,4.216651,3.428172,20.85
GRID,3144,,4.296935,3.310877,20.93
GRID,3145,,4.229552,3.470357,21
GRID,3146,,4.472746,3.240673,21.74
GRID,3150,,4.450861,2.80384,20.79
GRID,3152,,4.773906,3.177789,20.46
GRID,3153,,4.63587,3.212209,20.4
GRID,3154,,4.677695,3.286895,20.4
GRID,3155,,4.91158,3.123238,20.57
GRID,3156,,5.024332,3.225929,20.48
GRID,3157,,4.706996,3.120911,20.46
GRID,3164,,5.127667,2.888895,21.06
GRID,3165,,5.195842,2.940149,20.91
GRID,3172,,6.109342,3.377446,20.2
GRID,3174,,5.853962,3.188302,20.22
GRID,3175,,5.891682,3.291605,20.23
GRID,3177,,5.807168,3.141769,20.65
GRID,3178,,5.789324,3.136821,20.57
GRID,3179,,5.738667,3.169007,20.67
GRID,3180,,5.626075,2.811089,20.76
GRID,3181,,3.741851,3.164019,19.8
GRID,3183,,4.445631,3.395205,21.22
GRID,3184,,4.459417,3.350009,21.2
GRID,3185,,3.771689,2.455088,19.65
GRID,3187,,4.494615,3.128515,20.87
GRID,3188,,4.573624,3.018502,20.79
GRID,3189,,4.488601,2.972314,20.92
GRID,3190,,4.458671,3.049856,20.72
GRID,3193,,4.541801,2.429131,21.23
GRID,3197,,4.55463,3.044992,21.67
GRID,3200,,4.115073,3.182534,20.11
GRID,3208,,5.625188,3.099758,20.45
GRID,3209,,5.03449,1.929016,9.494743
GRID,3213,,5.581485,2.616925,21.54
GRID,3214,,5.656121,2.61361,21.41
GRID,3221,,6.157381,3.584195,20.54
GRID,3223,,6.218708,3.240835,20.03
GRID,3227,,5.438166,3.141635,21.62
GRID,3228,,5.523928,3.103338,21.68
GRID,3229,,5.399829,3.245502,21.62
GRID,3233,,4.574393,2.547623,21.26
GRID,3234,,4.601053,2.605018,21.25
GRID,3235,,6.19264,3.501472,20.47
GRID,3238,,4.500018,3.099832,21.55
GRID,3256,,4.269989,2.801207,20.37
GRID,3257,,4.255387,2.887358,20.34
GRID,3260,,4.419171,2.963077,21.11
GRID,3266,,5.744804,2.942545,21.3
GRID,3267,,5.701216,2.995221,21.39
GRID,3268,,5.733936,2.910903,21.38
GRID,3269,,4.827294,2.257107,21.36
GRID,3270,,5.684231,2.631682,20.48
GRID,3271,,5.168368,2.45578,21.46
GRID,3272,,4.349734,2.961731,21.11
GRID,3277,,5.639491,2.751206,21.25
GRID,3278,,5.414602,2.102677,21.09
GRID,3280,,3.893927,2.376133,19.7
GRID,3281,,3.92297,2.413133,19.64
GRID,3298,,4.622533,3.373136,21.57
GRID,3299,,5.661351,2.956481,21.5
GRID,3316,,4.618802,2.061785,20.92
GRID,3317,,4.614344,2.040979,20.78
GRID,3319,,4.970684,2.691466,21.64
GRID,3328,,4.036214,3.381652,20.05
GRID,3329,,5.705857,2.713914,21.25
GRID,3330,,5.651828,2.676156,21.19
GRID,3331,,5.717044,2.731911,21.14
GRID,3339,,5.885732,3.112025,18.27
GRID,3341,,5.825873,2.76167,20.36
GRID,3345,,5.707346,2.952272,20.89
GRID,3346,,5.77864,2.5829,20.4
GRID,3347,,5.63639,2.887007,21.06
GRID,3350,,4.438682,2.762759,20.76
GRID,3351,,5.505574,2.620662,21.75
GRID,3354,,5.118537,2.351762,21.45
GRID,3358,,5.727438,2.972803,20.51
GRID,3367,,4.77374,2.427344,21.46
GRID,3372,,4.933229,2.189545,9.770698
GRID,3375,,4.80602,2.367947,21.45
GRID,3376,,4.474574,2.631703,21.33
GRID,3377,,4.06251,3.594555,20.49
GRID,3378,,4.274998,3.009608,20.48
GRID,3392,,5.624596,2.926378,20.73
GRID,3395,,5.699707,2.789532,20.81
GRID,3396,,5.803456,2.745259,20.66
GRID,3397,,4.407275,2.620687,20.94
GRID,3402,,4.247141,2.947601,20.65
GRID,3404,,5.763787,2.873523,20.41
GRID,3412,,5.21859,2.592271,21.66
GRID,3420,,4.937972,2.898929,21.04
GRID,3436,,5.357778,2.982952,20.77
GRID,3450,,5.651019,3.042452,21.42
GRID,3451,,4.530186,3.457581,21.64
GRID,3455,,4.929113,2.298105,21.25
GRID,3458,,5.663196,2.533395,20.87
GRID,3461,,5.631003,2.361815,21.02
GRID,3463,,5.751159,2.899741,20.49
GRID,3466,,5.702704,3.164016,20.52
GRID,3467,,5.656636,3.196373,20.51
GRID,3472,,4.946652,2.592886,21.7
GRID,3473,,4.882189,2.365948,21.43
GRID,3474,,5.826298,2.922512,20.39
GRID,3496,,5.649134,2.303747,20.47
GRID,3497,,5.576787,2.271904,20.59
GRID,3501,,4.899785,2.007816,9.982858
GRID,3506,,4.688735,3.14526,20.84
GRID,3512,,5.69239,2.776701,20.92
GRID,3516,,4.853176,2.805858,21.85
GRID,3522,,5.664167,2.942194,20.79
GRID,3532,,6.017655,3.195549,19.93
GRID,3535,,5.62796,3.214382,21.24
GRID,3536,,5.704267,3.29294,21.03
GRID,3540,,5.63449,2.894751,21.29
GRID,3545,,4.298563,2.778724,21
GRID,3547,,4.391784,3.35622,21.05
GRID,3549,,5.805426,2.875355,20.08
GRID,3558,,5.684824,2.859375,21.04
GRID,3559,,5.833136,3.297974,20.71
GRID,3560,,5.781003,3.23766,20.91
GRID,3561,,5.792284,3.195045,20.75
GRID,3562,,6.312858,3.157383,19.81
GRID,3565,,5.750842,2.348796,20.38
GRID,3569,,4.075647,3.409703,20.34
GRID,3570,,4.193049,3.410677,20.67
GRID,3571,,4.114396,3.474643,20.67
GRID,3585,,5.737527,3.105628,20.53
GRID,3586,,5.710284,3.060963,20.63
GRID,3587,,5.74596,3.13414,20.59
GRID,3593,,4.322849,2.786877,20.89
GRID,3594,,4.29728,2.835168,20.8
GRID,3595,,4.475625,2.722077,20.94
GRID,3596,,4.339449,2.841307,20.39
GRID,3599,,5.451581,3.232108,20.6
GRID,3602,,5.479895,2.761298,21.42
GRID,3605,,5.933405,3.058008,20.12
GRID,3606,,5.858266,3.128902,20.24
GRID,3607,,5.851975,3.096767,20.31
GRID,3608,,5.81095,3.185466,20.33
GRID,3616,,4.296516,2.789744,21.18
GRID,3618,,5.736218,2.784781,20.81
GRID,3619,,5.631685,3.236732,21.3
GRID,3620,,4.332553,2.766987,20.6
GRID,3621,,4.311862,2.810342,20.54
GRID,3626,,4.314665,2.938683,20.53
GRID,3639,,4.780847,2.369522,21.41
GRID,3640,,4.769606,2.398046,21.47
GRID,3648,,5.394817,3.08569,20.54
GRID,3666,,4.572958,2.800735,21.14
GRID,3677,,5.669796,2.965787,21.16
GRID,3679,,6.082636,3.076343,20.02
GRID,3680,,4.229352,2.772929,20.16
GRID,3681,,4.188361,2.775201,20.02
GRID,3682,,4.247446,2.566846,20.09
GRID,3689,,6.299498,3.080284,19.97
GRID,3695,,4.27946,3.177425,20.32
GRID,3709,,4.794494,2.384947,21.52
GRID,3710,,4.744287,2.427268,21.53
GRID,3711,,5.930944,3.160067,20.16
GRID,3714,,4.274388,3.268204,20.72
GRID,3722,,3.979219,3.34936,19.93
GRID,3734,,6.269825,3.261207,18.38
GRID,3735,,6.327628,3.127333,18.3
GRID,3740,,4.392535,3.068269,20.49
GRID,3747,,4.366887,3.174108,21.18
GRID,3750,,4.442249,2.730572,21.03
GRID,3752,,4.680405,3.300084,21.64
GRID,3756,,6.007302,3.26946,19.94
GRID,3761,,5.76034,2.701545,21.13
GRID,3762,,5.794409,2.799788,21.15
GRID,3765,,3.565301,3.555186,17.9
GRID,3770,,5.179793,3.222471,20.77
GRID,3785,,4.607698,2.96526,20.91
GRID,3788,,4.38732,2.70322,21.55
GRID,3789,,5.833823,3.326529,20.57
GRID,3790,,5.840698,3.288447,20.39
GRID,3791,,5.797652,3.221621,20.49
GRID,3792,,5.122479,2.363406,21.25
GRID,3793,,5.664428,3.116176,21.17
GRID,3794,,4.854692,2.311389,21.46
GRID,3795,,4.861792,2.369962,21.48
GRID,3796,,4.807907,2.294144,21.46
GRID,3798,,5.727742,2.811694,21.27
GRID,3819,,4.267004,3.046515,20.82
GRID,3820,,4.251396,3.068729,20.7
GRID,3828,,5.184754,3.355381,20.41
GRID,3829,,5.266706,3.211212,20.45
GRID,3830,,5.128181,3.149635,20.55
GRID,3847,,4.432537,2.773477,21.05
GRID,3850,,4.219863,2.904543,20.22
GRID,3851,,4.171073,2.886345,20.06
GRID,3852,,5.638129,2.955907,20.92
GRID,3853,,4.144911,2.998109,20.1
GRID,3862,,5.785032,3.315858,20.7
GRID,3886,,4.323518,2.30988,20.25
GRID,3887,,4.393084,2.395068,20.56
GRID,3888,,4.4389,2.338645,20.75
GRID,3894,,4.600336,3.292663,21.76
GRID,3895,,4.650312,3.310664,21.71
GRID,3897,,5.212417,2.794023,21.32
GRID,3898,,4.973523,2.756067,21.45
GRID,3933,,5.615175,3.081167,21.32
GRID,3968,,5.692767,2.750473,21.42
GRID,3970,,5.606582,2.603719,21.31
GRID,3973,,3.54248,3.387798,17.91
GRID,3974,,5.736328,2.351003,20.14
GRID,3975,,5.673352,2.256635,20.3
GRID,3981,,4.336063,2.73893,20.34
GRID,3984,,4.825274,2.964208,20.77
GRID,4005,,4.019009,3.580719,20.38
GRID,4022,,4.354441,3.101644,21.07
GRID,4023,,4.317811,3.100945,20.91
GRID,4024,,4.293279,2.996051,21.03
GRID,4028,,4.485867,3.197731,20.4
GRID,4029,,4.472473,3.144547,20.4
GRID,4030,,4.400814,3.1606,20.39
GRID,4032,,3.904261,2.545941,19.76
GRID,4036,,5.610641,3.039601,21.39
GRID,4039,,4.657598,3.047789,20.58
GRID,4040,,4.62199,3.113948,20.49
GRID,4041,,4.577165,3.171308,20.41
GRID,4057,,4.873178,3.342852,20.4
GRID,4085,,4.419595,3.335716,21.28
GRID,4114,,4.299008,3.061597,20.64
GRID,4120,,5.355276,3.040898,21.13
GRID,4135,,4.486147,2.541111,21.43
GRID,4144,,5.801412,2.814559,20.94
GRID,4152,,5.694046,2.879699,21.4
GRID,4153,,5.382192,3.286425,20.4
GRID,4160,,4.571287,3.243615,20.46
GRID,4161,,5.758143,2.691716,21.22
GRID,4168,,4.963496,3.274653,20.69
GRID,4169,,4.918983,3.141827,20.94
GRID,4170,,6.063981,3.245303,19.86
GRID,4171,,6.171881,3.266779,19.8
GRID,4175,,4.413169,2.846099,21.07
GRID,4180,,5.773096,3.205791,20.57
GRID,4181,,5.771523,3.138326,20.51
GRID,4182,,5.731267,3.180312,20.55
GRID,4188,,5.635838,2.704029,20.96
GRID,4189,,6.171242,2.511493,19.76
GRID,4190,,6.121142,2.337736,19.71
GRID,4212,,6.039615,3.562803,20.79
GRID,4213,,5.971894,3.482855,20.84
GRID,4226,,6.191928,3.082482,19.99
GRID,4236,,4.336113,2.93394,20.79
GRID,4261,,4.488566,2.701491,21.72
GRID,4262,,4.343732,3.264303,20.78
GRID,4263,,4.375066,3.02371,20.88
GRID,4264,,5.848472,2.68251,20.18
GRID,4265,,5.818203,2.36375,20.11
GRID,4267,,4.237771,3.107127,20.59
GRID,4269,,4.77204,3.01445,20.65
GRID,4270,,4.938236,3.031162,21.2
GRID,4277,,4.445168,2.469131,20.97
GRID,4282,,5.714274,2.937176,21.25
GRID,4283,,3.695584,3.222354,18.17
GRID,4292,,4.349056,2.366226,20.37
GRID,4346,,5.802844,3.125654,20.73
GRID,4413,,4.558084,2.944261,20.99
GRID,4421,,6.07847,3.641048,20.67
GRID,4479,,4.772973,3.096119,20.56
GRID,4481,,4.841462,2.857204,21.07
GRID,4550,,4.736016,2.865663,21.03
GRID,4561,,3.932976,3.448345,20.07
GRID,4562,,3.947243,3.502482,20.17
GRID,4573,,5.826563,3.220258,20.61
GRID,4574,,5.842248,3.248345,20.53
GRID,4575,,5.894057,3.374063,20.59
GRID,4639,,5.818928,3.079404,20.76
GRID,4640,,5.835407,3.053978,20.68
GRID,4676,,3.900565,3.528524,20.41
GRID,4720,,5.663626,2.799741,21.55
GRID,4721,,5.719211,2.88077,21.47
GRID,4722,,5.683555,2.909604,21.56
GRID,4723,,5.715594,2.798668,21.52
GRID,4734,,5.953319,3.571785,20.6
GRID,4767,,6.22192,3.373595,20.19
GRID,4809,,3.854062,3.555175,20.19
GRID,4818,,5.141428,3.111435,21.02
GRID,4834,,4.585886,3.236052,20.39
GRID,4835,,4.561494,3.182963,20.36
GRID,4874,,4.387197,3.22668,21
GRID,4876,,5.163699,3.061457,20.67
GRID,4877,,4.984505,3.071093,20.68
GRID,4910,,4.151999,3.500266,20.9
GRID,4911,,4.154553,3.567512,20.96
GRID,4912,,4.120184,3.543854,20.88
GRID,4913,,3.698571,3.139286,18.24
GRID,4919,,4.841326,2.916686,20.98
GRID,4920,,4.919326,2.947292,20.9
GRID,4921,,4.825406,3.204701,20.76
GRID,4931,,4.345483,3.290477,21.13
GRID,4932,,4.312911,3.441551,21.15
GRID,4933,,4.282181,3.39103,21.07
GRID,4944,,5.070825,3.360257,20.52
GRID,4945,,4.999224,3.388075,20.43
GRID,4964,,6.011892,3.032004,20.07
GRID,4990,,5.795941,2.158766,19.97
GRID,4991,,5.758434,2.213547,20.18
GRID,4992,,5.719576,2.1187,20.12
GRID,4993,,5.177149,3.012506,21.24
GRID,5022,,5.950236,3.282689,20.07
GRID,5025,,4.376398,3.263047,21.23
GRID,5028,,4.346541,3.205285,21.1
GRID,5029,,4.331628,3.22904,21.03
GRID,5043,,4.118119,3.621124,20.75
GRID,5044,,3.820578,3.48564,20.28
GRID,5058,,6.270402,3.33084,19.85
GRID,5059,,6.2903,3.267914,19.78
GRID,5063,,4.324685,3.037056,20.81
GRID,5075,,5.883962,3.240208,20.32
GRID,5076,,5.90095,3.202508,20.25
GRID,5077,,5.905908,3.150062,20.22
GRID,5082,,3.783942,3.440217,20.2
GRID,5083,,3.740846,3.385802,20.12
GRID,5086,,6.380579,3.392467,20.05
GRID,5087,,6.42737,3.337271,19.95
GRID,5112,,4.321303,3.308196,21.04
GRID,5123,,3.9006,3.428549,20.31
GRID,5148,,5.410482,2.635426,21.82
GRID,5172,,5.903764,2.439229,19.94
GRID,5177,,4.30943,2.865565,20.29
GRID,5203,,6.148113,3.461507,20.41
GRID,5230,,4.308338,3.266715,20.61
GRID,5242,,3.978353,3.382731,20.2
GRID,5243,,4.099185,3.318419,20.17
GRID,5276,,4.198999,3.047189,20.16
GRID,5280,,3.992364,3.311352,20.12
GRID,5281,,4.36042,3.359679,21.21
GRID,5285,,4.13011,2.943968,20.02
GRID,5319,,6.313468,3.459416,20.08
GRID,5320,,6.326668,3.480576,20.14
GRID,5321,,6.30397,3.40069,20.18
GRID,5322,,6.337421,3.346305,20.11
GRID,5374,,4.159406,3.296076,20.24
GRID,5388,,6.417832,3.293019,19.83
GRID,5389,,6.373075,3.368607,19.89
GRID,5395,,5.988796,2.268029,19.76
GRID,5396,,5.916893,2.308604,19.88
GRID,5397,,5.893207,2.209862,19.86
GRID,5419,,6.310782,3.238401,19.98
GRID,5420,,6.370139,3.291136,20.02
GRID,5427,,6.491965,3.343653,18.09
GRID,5433,,6.022391,3.613979,20.8
GRID,5445,,4.138775,2.525191,19.89
GRID,5448,,3.944845,3.547995,20.52
GRID,5450,,5.727602,3.073166,20.72
GRID,5455,,4.383083,2.219935,20.08
GRID,5456,,4.432867,2.21426,20.27
GRID,5458,,3.869634,3.390553,20.21
GRID,5477,,4.51483,3.093936,20.46
GRID,5479,,4.134875,3.477282,20.74
GRID,5485,,5.649023,2.807982,21.67
GRID,5499,,4.64923,2.827513,21.12
GRID,5503,,4.30252,3.538682,20.93
GRID,5523,,4.105485,3.633594,20.86
GRID,5556,,4.610575,2.098047,20.67
GRID,5566,,5.760959,2.823685,21.34
GRID,5567,,6.603501,3.524407,17.85
GRID,5571,,5.674463,2.272115,20.58
GRID,5573,,6.112918,3.538694,20.65
GRID,5577,,5.685206,2.218954,20.18
GRID,5603,,5.850721,3.179251,20.45
GRID,5631,,5.809517,3.005426,20.56
GRID,5632,,5.836788,2.999126,20.57
GRID,5633,,5.833801,2.976349,20.7
GRID,5635,,5.772827,2.925156,21.2
GRID,5636,,5.915697,3.4322,20.42
GRID,5637,,5.900827,3.486537,20.59
GRID,5679,,6.222989,3.160469,19.88
GRID,5696,,4.121036,3.590062,20.93
GRID,5710,,6.038093,3.457261,20.5
GRID,5711,,5.934028,3.372136,20.45
GRID,5738,,4.419522,3.047489,20.47
GRID,5742,,5.055531,3.003339,20.81
GRID,5743,,5.206655,2.993146,20.79
GRID,5756,,5.879186,3.317791,20.49
GRID,5769,,5.829796,3.118394,20.57
GRID,5779,,6.244143,3.129396,19.84
GRID,5784,,3.955832,3.604288,20.47
GRID,5807,,5.429209,2.583741,21.76
GRID,5808,,5.410177,2.584164,21.71
GRID,5814,,3.638367,3.312678,18.07
GRID,5815,,3.756436,3.39876,18.22
GRID,5819,,4.445984,2.28716,20.45
GRID,5820,,4.401262,2.348798,20.33
GRID,5826,,4.070307,3.265903,20.12
GRID,5848,,5.847142,3.071283,20.59
GRID,5870,,5.826186,2.960496,20.55
GRID,5871,,5.130019,2.979169,21.41
GRID,5879,,5.701338,2.182281,20.38
GRID,5880,,3.818378,3.048662,18.36
GRID,5881,,3.854817,3.243243,18.41
GRID,5895,,6.232101,3.427481,20.04
GRID,5896,,6.288425,3.478633,20.08
GRID,5897,,6.308622,3.444067,20.02
GRID,5904,,4.353675,2.897002,20.44
GRID,5909,,5.781342,3.011467,20.66
GRID,5910,,5.808283,3.06403,20.58
GRID,5918,,4.092355,3.575603,20.82
GRID,5919,,4.016348,3.598321,20.7
GRID,5920,,4.056971,3.609889,20.78
GRID,5935,,6.454311,3.308556,18.07
GRID,5961,,4.216066,3.592056,20.92
GRID,5976,,5.207119,3.065814,21.97
GRID,5995,,5.60279,2.759619,21.65
GRID,6015,,4.034279,3.494427,20.63
GRID,6020,,6.254093,3.404023,19.97
GRID,6021,,6.330607,3.413399,19.96
GRID,6023,,5.782934,3.069497,20.73
GRID,6025,,5.041661,2.943808,20.94
GRID,6038,,5.259421,3.287773,20.57
GRID,6041,,6.473817,3.184689,18.12
GRID,6053,,5.717516,2.170453,20.06
GRID,6054,,5.788058,2.23595,19.95
GRID,6068,,4.392417,3.414764,21.23
GRID,6074,,3.984662,3.556316,20.62
GRID,6086,,3.433877,3.256309,17.82
GRID,6087,,3.474082,3.177601,17.91
GRID,6100,,4.163765,2.377065,19.88
GRID,6110,,6.036523,2.399409,19.8
GRID,6126,,3.564413,3.265124,17.98
GRID,6135,,5.763566,3.140141,20.75
GRID,6161,,5.032124,3.333133,20.41
GRID,6174,,3.740049,3.28252,18.3
GRID,6175,,3.772793,3.194066,18.36
GRID,6179,,5.673903,2.764381,21.63
GRID,6188,,5.784452,3.071296,20.62
GRID,6198,,4.005736,3.616191,20.55
GRID,6200,,4.340712,3.334131,21.37
GRID,6201,,4.338117,3.253579,21.36
GRID,6207,,4.934915,2.985512,20.79
GRID,6208,,4.241585,2.340791,19.86
GRID,6209,,4.328017,2.305905,19.99
GRID,6224,,4.011042,3.607256,20.63
GRID,6245,,4.876025,3.327749,20.52
GRID,6251,,3.780746,3.221385,18.31
GRID,6261,,3.880206,3.479915,20.35
GRID,6270,,6.644897,3.34894,17.82
GRID,6277,,4.523001,2.075918,20.52
GRID,6290,,4.085814,3.520197,20.8
GRID,6293,,6.414233,3.302631,18.22
GRID,6298,,3.805906,3.491684,20.08
GRID,6302,,6.55478,3.305679,17.94
GRID,6305,,5.058913,3.157077,21.82
GRID,6306,,4.164262,2.362864,19.77
GRID,6314,,5.974716,3.432042,20.29
GRID,6315,,5.940122,3.458808,20.72
GRID,6316,,5.838384,3.168764,20.52
GRID,6320,,4.035834,3.536662,20.71
GRID,6329,,5.65947,2.163033,20.52
GRID,6335,,5.870535,3.203573,20.35
GRID,6342,,5.596004,2.791451,21.69
GRID,6343,,5.614138,2.751668,21.68
GRID,6362,,4.262012,3.541456,21.08
GRID,6373,,6.220976,3.207519,19.79
GRID,6384,,6.313096,3.216056,19.77
GRID,6408,,3.821818,2.483673,19.71
GRID,6413,,3.831079,3.364289,18.35
GRID,6417,,4.344509,2.461385,20.43
GRID,6424,,5.992921,3.608479,20.66
GRID,6431,,4.486203,2.112257,20.37
GRID,6462,,5.122459,3.156204,21.89
GRID,6475,,4.463934,2.73971,20.89
GRID,6476,,4.773274,2.47525,21.62
GRID,6479,,5.886574,2.665,19.87
GRID,6482,,5.69723,2.980669,21.02
GRID,6487,,5.500819,3.252115,21.54
GRID,6488,,4.789455,2.98787,21.06
GRID,6492,,5.161534,2.953042,21.84
GRID,6493,,6.308498,3.033095,19.79
CTETRA,1,1,1881,3012,1855,6492
CTETRA,2,1,1857,1882,3012,1855
CTETRA,3,1,3565,3346,4265,1036
CTETRA,4,1,1280,1279,1281,2546
CTETRA,5,1,1857,621,1855,814
CTETRA,6,1,3346,4264,4265,1036
CTETRA,7,1,1309,1310,1297,6492
CTETRA,8,1,1881,3012,1882,1855
CTETRA,9,1,1452,1857,3012,1855
CTETRA,10,1,1988,1441,3397,2947
CTETRA,11,1,2017,2516,4913,4283
CTETRA,12,1,2590,2071,2169,2069
CTETRA,13,1,1452,1855,3012,6492
CTETRA,14,1,1857,621,1882,1855
CTETRA,15,1,1755,2849,325,2850
CTETRA,16,1,6087,3973,1809,6126
CTETRA,17,1,3501,489,543,1136
CTETRA,18,1,2351,4024,2547,3272
CTETRA,19,1,3139,2069,2590,3298
CTETRA,20,1,5636,5756,3789,3790
CTETRA,21,1,1421,1452,1297,1310
CTETRA,22,1,1406,2368,2034,1410
CTETRA,23,1,1374,1373,1375,83
CTETRA,24,1,5285,1774,1775,3853
CTETRA,25,1,411,1019,1021,6302
CTETRA,26,1,775,3012,1874,1882
CTETRA,27,1,3888,1373,1374,83
CTETRA,28,1,633,1690,2422,1691
CTETRA,29,1,490,543,489,1136
CTETRA,30,1,3788,1865,4261,1480
CTETRA,31,1,3012,775,383,6492
CTETRA,32,1,490,489,427,1136
CTETRA,33,1,2849,325,565,1755
CTETRA,34,1,1305,1306,636,2571
CTETRA,35,1,890,5779,197,6493
CTETRA,36,1,1421,1452,1310,2794
CTETRA,37,1,1297,1310,1452,6492
CTETRA,38,1,775,3012,1882,1881
CTETRA,39,1,490,543,1136,972
CTETRA,40,1,2649,2650,2651,2310
CTETRA,41,1,1855,1452,1857,812
CTETRA,42,1,2069,2432,3895,3139
CTETRA,43,1,3139,3752,2069,3298
CTETRA,44,1,1127,1125,3458,746
CTETRA,45,1,1855,1452,812,6492
CTETRA,46,1,2691,3139,2590,3298
CTETRA,47,1,2161,3762,4144,2163
CTETRA,48,1,101,100,102,2687
CTETRA,49,1,1136,427,490,972
CTETRA,50,1,3012,1881,775,6492
CTETRA,51,1,3752,3139,3056,3298
CTETRA,52,1,2980,3174,3606,3711
CTETRA,53,1,834,490,543,1095
CTETRA,54,1,621,1857,1453,814
CTETRA,55,1,2069,2170,2590,3298
CTETRA,56,1,1310,1297,1421,1295
CTETRA,57,1,3973,6086,6087,1809
CTETRA,58,1,666,732,692,2350
CTETRA,59,1,2069,3895,3752,3139
CTETRA,60,1,4171,198,5679,887
CTETRA,61,1,615,3138,1903,2874
CTETRA,62,1,100,3981,102,2687
CTETRA,63,1,1452,3012,1297,6492
CTETRA,64,1,3895,3752,3139,3056
CTETRA,65,1,2234,2235,2236,3666
CTETRA,66,1,2351,1867,2353,1482
CTETRA,67,1,4024,2738,2810,1454
CTETRA,68,1,1452,3012,1421,1297
CTETRA,69,1,194,525,524,6208
CTETRA,70,1,662,3560,652,3536
CTETRA,71,1,2738,2810,1454,3545
CTETRA,72,1,1809,2017,6087,6126
CTETRA,73,1,2644,1980,2019,2524
CTETRA,74,1,1304,382,383,1308
CTETRA,75,1,1782,1826,3090,1781
CTETRA,76,1,1882,1304,775,1881
CTETRA,77,1,5285,1774,3853,993
CTETRA,78,1,713,749,2001,666
CTETRA,79,1,3621,1690,633,635
CTETRA,80,1,887,5679,4171,5058
CTETRA,81,1,5419,212,94,5679
CTETRA,82,1,2112,1755,325,2850
CTETRA,83,1,637,1674,1409,1857
CTETRA,84,1,5566,1267,1268,3968
CTETRA,85,1,1837,2071,2169,2590
CTETRA,86,1,609,1260,1046,2586
CTETRA,87,1,809,808,807,2216
CTETRA,88,1,1125,1127,1290,746
CTETRA,89,1,637,4261,2195,2379
CTETRA,90,1,2196,1409,1674,1857
CTETRA,91,1,1857,3012,1677,1452
CTETRA,92,1,4024,2351,2738,3272
CTETRA,93,1,2169,2170,2590,2069
CTETRA,94,1,543,491,489,3501
CTETRA,95,1,1837,2071,2590,2942
CTETRA,96,1,1304,1305,776,1306
CTETRA,97,1,1452,1421,3898,2794
CTETRA,98,1,5995,6342,1300,1326
CTETRA,99,1,1288,360,1363,1355
CTETRA,100,1,4024,2547,3272,4022
CTETRA,101,1,2071,2523,2169,2069
CTETRA,102,1,1876,2196,1674,1857
CTETRA,103,1,890,2891,482,6493
CTETRA,104,1,1809,2515,2017,6126
CTETRA,105,1,1674,2379,637,2196
CTETRA,106,1,693,732,1327,2134
CTETRA,107,1,383,1297,3012,6492
CTETRA,108,1,1136,543,1102,972
CTETRA,109,1,429,427,428,972
CTETRA,110,1,3076,6293,3734,3075
CTETRA,111,1,2134,674,673,1277
CTETRA,112,1,1782,2560,3695,463
CTETRA,113,1,2070,2523,2071,2069
CTETRA,114,1,890,197,2891,6493
CTETRA,115,1,318,1331,730,319
CTETRA,116,1,428,427,1136,972
CTETRA,117,1,1408,1882,1874,1857
CTETRA,118,1,2011,1297,1309,1295
CTETRA,119,1,382,383,775,1304
CTETRA,120,1,3139,3057,3895,3056
CTETRA,121,1,2110,3017,2428,2933
CTETRA,122,1,2429,2428,2933,3150
CTETRA,123,1,3017,2342,2341,2933
CTETRA,124,1,1304,776,729,1306
CTETRA,125,1,3193,1434,1432,1433
CTETRA,126,1,3752,2170,2069,3298
CTETRA,127,1,5679,5419,212,5058
CTETRA,128,1,2113,325,630,2013
CTETRA,129,1,1452,1453,1857,812
CTETRA,130,1,1136,489,427,1139
CTETRA,131,1,1409,1674,637,2196
CTETRA,132,1,1421,1310,1295,2794
CTETRA,133,1,3501,543,1130,1136
CTETRA,134,1,1755,565,2849,1698
CTETRA,135,1,1326,732,1300,1327
CTETRA,136,1,2110,2342,3017,2933
CTETRA,137,1,1310,1452,674,2794
CTETRA,138,1,732,692,693,666
CTETRA,139,1,1674,637,1677,1857
CTETRA,140,1,2200,1326,1300,1327
CTETRA,141,1,543,490,834,972
CTETRA,142,1,256,565,325,1755
CTETRA,143,1,4723,5566,1268,3968
CTETRA,144,1,3238,2071,2942,2589
CTETRA,145,1,317,1296,1297,1295
CTETRA,146,1,1671,1670,2849,1755
CTETRA,147,1,1675,1421,3898,1423
CTETRA,148,1,1452,3898,1421,1423
CTETRA,149,1,2850,325,2112,2013
CTETRA,150,1,1091,1266,3351,1326
CTETRA,151,1,1125,2365,2364,1293
CTETRA,152,1,3036,4282,651,3677
CTETRA,153,1,2071,2590,2942,2589
CTETRA,154,1,2213,2772,1843,2218
CTETRA,155,1,3181,2849,1755,2850
CTETRA,156,1,1309,2134,693,1276
CTETRA,157,1,5319,2918,5321,5320
CTETRA,158,1,6342,732,1300,1326
CTETRA,159,1,1421,3898,3319,1675
CTETRA,160,1,6305,812,1452,6492
CTETRA,161,1,92,152,151,1003
CTETRA,162,1,2988,1671,2849,1698
CTETRA,163,1,2299,5779,197,890
CTETRA,164,1,732,1327,2134,1276
CTETRA,165,1,93,854,92,6493
CTETRA,166,1,1755,325,256,2112
CTETRA,167,1,3057,3895,2432,3139
CTETRA,168,1,1874,1304,775,1882
CTETRA,169,1,1327,685,693,2011
CTETRA,170,1,2849,565,2988,1698
CTETRA,171,1,542,543,490,1095
CTETRA,172,1,2979,1373,3888,82
CTETRA,173,1,1009,1008,1007,2566
CTETRA,174,1,2379,637,638,1674
CTETRA,175,1,2169,1831,1833,2170
CTETRA,176,1,830,2268,2269,2344
CTETRA,177,1,834,490,427,972
CTETRA,178,1,2849,1671,1755,1698
CTETRA,179,1,1421,1677,3012,1452
CTETRA,180,1,1408,621,1882,1857
CTETRA,181,1,6054,5396,4265,4990
CTETRA,182,1,3179,844,842,704
CTETRA,183,1,2691,2590,2309,3298
CTETRA,184,1,2590,2170,1833,3298
CTETRA,185,1,6373,4171,5679,5058
CTETRA,186,1,691,796,693,6492
CTETRA,187,1,1307,1304,383,1308
CTETRA,188,1,152,151,1003,1018
CTETRA,189,1,800,802,1464,2564
CTETRA,190,1,543,1102,1130,1136
CTETRA,191,1,571,1901,1903,615
CTETRA,192,1,482,2891,547,6493
CTETRA,193,1,2070,2209,2631,2069
CTETRA,194,1,2309,2590,1833,3298
CTETRA,195,1,1620,1136,428,1137
CTETRA,196,1,1126,1125,1290,5571
CTETRA,197,1,1266,6179,6343,5485
CTETRA,198,1,3973,5814,2623,2515
CTETRA,199,1,1297,2011,317,1295
CTETRA,200,1,3888,1373,83,82
CTETRA,201,1,2134,1300,732,1276
CTETRA,202,1,410,2032,1460,2080
CTETRA,203,1,1685,2932,2582,3594
CTETRA,204,1,92,854,547,6493
CTETRA,205,1,1262,2897,791,2207
CTETRA,206,1,1774,5285,1775,2030
CTETRA,207,1,1453,1857,1677,1452
CTETRA,208,1,1126,1125,1127,1290
CTETRA,209,1,666,749,732,2350
CTETRA,210,1,5756,3789,3790,3791
CTETRA,211,1,1151,1150,1149,5879
CTETRA,212,1,1280,1279,2546,1282
CTETRA,213,1,2368,1406,2296,1410
CTETRA,214,1,1332,1327,5808,3351
CTETRA,215,1,1139,427,1136,1137
CTETRA,216,1,2257,686,687,2269
CTETRA,217,1,3319,3898,1421,2794
CTETRA,218,1,1327,732,1300,1276
CTETRA,219,1,2443,1677,1675,1674
CTETRA,220,1,2208,3347,792,791
CTETRA,221,1,634,2429,2868,2098
CTETRA,222,1,3602,2392,1298,2546
CTETRA,223,1,1125,2365,1293,5571
CTETRA,224,1,1004,196,197,1217
CTETRA,225,1,854,482,547,6493
CTETRA,226,1,2699,592,2090,2091
CTETRA,227,1,1826,2239,3090,1781
CTETRA,228,1,5389,6021,5419,5420
CTETRA,229,1,1324,1331,317,1325
CTETRA,230,1,1277,673,829,3897
CTETRA,231,1,3695,3090,1782,463
CTETRA,232,1,1255,2089,1250,2987
CTETRA,233,1,5679,211,6373,5058
CTETRA,234,1,1139,3372,427,1137
CTETRA,235,1,842,3436,3165,5743
CTETRA,236,1,693,672,796,691
CTETRA,237,1,674,2134,2794,1277
CTETRA,238,1,212,211,5679,5058
CTETRA,239,1,803,831,830,817
CTETRA,240,1,732,693,1327,1091
CTETRA,241,1,1150,1149,5879,3975
CTETRA,242,1,834,833,490,1095
CTETRA,243,1,2090,2081,408,2091
CTETRA,244,1,5679,198,3223,887
CTETRA,245,1,1327,1300,2200,1276
CTETRA,246,1,2071,2523,2689,2169
CTETRA,247,1,1882,1874,620,1408
CTETRA,248,1,630,566,325,1693
CTETRA,249,1,3223,5419,5679,5058
CTETRA,250,1,2670,1266,1091,1326
CTETRA,251,1,2259,1008,1009,2566
CTETRA,252,1,1755,1671,1665,1698
CTETRA,253,1,1995,3043,2029,5445
CTETRA,254,1,410,1460,1464,2080
CTETRA,255,1,2170,1833,2169,2590
CTETRA,256,1,2545,706,3852,1261
CTETRA,257,1,3341,1084,1037,1050
CTETRA,258,1,3043,101,102,3682
CTETRA,259,1,1277,674,673,3897
CTETRA,260,1,1837,3238,2689,2071
CTETRA,261,1,428,1136,1620,972
CTETRA,262,1,3108,3317,5556,1375
CTETRA,263,1,513,1664,1669,1698
CTETRA,264,1,3027,595,1409,2196
CTETRA,265,1,2852,632,2853,907
CTETRA,266,1,2849,565,324,2988
CTETRA,267,1,1464,800,2564,2565
CTETRA,268,1,830,2257,2269,2901
CTETRA,269,1,1307,1308,383,6492
CTETRA,270,1,3895,2688,2432,2069
CTETRA,271,1,2443,638,1677,1674
CTETRA,272,1,673,732,2392,2350
CTETRA,273,1,6305,6462,1854,6492
CTETRA,274,1,2545,1372,706,1261
CTETRA,275,1,1423,1452,3898,2794
CTETRA,276,1,2134,1327,693,1276
CTETRA,277,1,687,688,686,2257
CTETRA,278,1,3895,624,822,1844
CTETRA,279,1,201,200,548,854
CTETRA,280,1,1677,638,637,1674
CTETRA,281,1,3138,615,1903,1901
CTETRA,282,1,1434,2095,3193,1432
CTETRA,283,1,2093,555,3722,2852
CTETRA,284,1,1078,429,428,972
CTETRA,285,1,1833,1837,2169,2590
CTETRA,286,1,2308,2690,2590,2691
CTETRA,287,1,687,2257,2269,6487
CTETRA,288,1,1675,592,2699,1674
CTETRA,289,1,1005,1006,1002,6493
CTETRA,290,1,2590,1833,1837,2943
CTETRA,291,1,2772,2213,1843,2212
CTETRA,292,1,5566,3762,4161,3798
CTETRA,293,1,2071,2689,1837,2169
CTETRA,294,1,5058,6021,5419,5389
CTETRA,295,1,890,197,196,1217
CTETRA,296,1,256,565,1755,1698
CTETRA,297,1,5815,6174,6251,6413
CTETRA,298,1,2134,1309,2119,1276
CTETRA,299,1,3165,4818,842,5743
CTETRA,300,1,1857,595,621,1453
CTETRA,301,1,1676,2699,592,1674
CTETRA,302,1,3496,1036,3565,3975
CTETRA,303,1,1002,1006,519,6493
CTETRA,304,1,1327,1326,732,1091
CTETRA,305,1,3752,2170,2688,2069
CTETRA,306,1,2596,2800,682,698
CTETRA,307,1,2011,1327,318,1276
CTETRA,308,1,2081,408,1463,2080
CTETRA,309,1,2688,3895,3752,2069
CTETRA,310,1,2309,2308,2590,2691
CTETRA,311,1,3559,3560,681,883
CTETRA,312,1,654,656,655,1424
CTETRA,313,1,3887,5819,3109,4292
CTETRA,314,1,6342,1300,2137,5995
CTETRA,315,1,1991,2294,2292,2293
CTETRA,316,1,2134,1309,1310,2119
CTETRA,317,1,4283,5815,5814,2516
CTETRA,318,1,2113,2112,325,2013
CTETRA,319,1,2942,2590,1837,2943
CTETRA,320,1,6021,5897,6020,5086
CTETRA,321,1,2432,2688,2209,2069
CTETRA,322,1,5779,2641,855,6493
CTETRA,323,1,691,693,692,666
CTETRA,324,1,3516,1677,636,1857
CTETRA,325,1,1677,1675,2530,2443
CTETRA,326,1,199,3532,888,196
CTETRA,327,1,2901,2268,830,816
CTETRA,328,1,1217,890,197,2891
CTETRA,329,1,1295,317,380,2119
CTETRA,330,1,482,890,1217,2891
CTETRA,331,1,5779,197,199,2299
CTETRA,332,1,5779,855,3562,6493
CTETRA,333,1,1423,674,1452,2794
CTETRA,334,1,6020,5419,6021,5420
CTETRA,335,1,1677,2530,1410,2443
CTETRA,336,1,1665,1755,1698,2114
CTETRA,337,1,1674,2195,2379,2196
CTETRA,338,1,1409,2196,1876,1857
CTETRA,339,1,826,717,819,6487
CTETRA,340,1,5058,5419,96,5389
CTETRA,341,1,794,691,684,6492
CTETRA,342,1,4168,5742,4877,3770
CTETRA,343,1,830,803,817,2809
CTETRA,344,1,823,622,3895,3752
CTETRA,345,1,5389,5419,96,5420
CTETRA,346,1,1828,2705,2551,2814
CTETRA,347,1,2170,2169,2631,2069
CTETRA,348,1,489,491,543,490
CTETRA,349,1,3602,1279,2392,2546
CTETRA,350,1,520,1017,212,1006
CTETRA,351,1,5814,2515,3973,6126
CTETRA,352,1,651,3036,3677,3008
CTETRA,353,1,2030,2118,2029,254
CTETRA,354,1,4152,3299,4720,4721
CTETRA,355,1,3223,5679,887,5058
CTETRA,356,1,691,693,684,6492
CTETRA,357,1,831,2544,819,2257
CTETRA,358,1,429,1078,974,972
CTETRA,359,1,2853,3722,555,2852
CTETRA,360,1,1282,1279,2546,1370
CTETRA,361,1,2943,2590,1833,2309
CTETRA,362,1,1217,197,1004,2891
CTETRA,363,1,3887,523,2419,1443
CTETRA,364,1,383,317,1296,1297
CTETRA,365,1,688,2257,687,6487
CTETRA,366,1,1903,615,2874,571
CTETRA,367,1,5897,5895,6020,5322
CTETRA,368,1,5814,5815,2623,2516
CTETRA,369,1,662,3560,3536,681
CTETRA,370,1,2200,1327,1276,5808
CTETRA,371,1,1332,1327,2200,5808
CTETRA,372,1,3003,1391,2990,3069
CTETRA,373,1,2040,669,671,2039
CTETRA,374,1,2523,2689,3238,2071
CTETRA,375,1,1863,2195,1674,2197
CTETRA,376,1,630,256,255,1693
CTETRA,377,1,198,199,4171,5679
CTETRA,378,1,3229,826,687,6487
CTETRA,379,1,890,93,5779,6493
CTETRA,380,1,832,490,427,834
CTETRA,381,1,6021,5419,6020,5058
CTETRA,382,1,3328,2093,2852,5280
CTETRA,383,1,3496,5879,1149,3975
CTETRA,384,1,816,830,2189,817
CTETRA,385,1,1464,802,655,2564
CTETRA,386,1,1677,637,636,1857
CTETRA,387,1,3562,1006,1005,6493
CTETRA,388,1,318,685,1327,2011
CTETRA,389,1,632,3328,2852,5280
CTETRA,390,1,5419,96,212,5058
CTETRA,391,1,1409,636,637,1857
CTETRA,392,1,3269,1388,3003,3455
CTETRA,393,1,2137,2939,732,6342
CTETRA,394,1,2169,2523,2631,2069
CTETRA,395,1,2446,1424,654,2090
CTETRA,396,1,1677,3516,3012,1857
CTETRA,397,1,1078,428,1620,972
CTETRA,398,1,5322,6020,5897,5086
CTETRA,399,1,1136,3501,489,1138
CTETRA,400,1,1300,732,673,2134
CTETRA,401,1,2257,2258,686,2269
CTETRA,402,1,2081,1463,408,2091
CTETRA,403,1,3608,3175,3790,5075
CTETRA,404,1,4168,4877,5742,4169
CTETRA,405,1,571,1901,615,1900
CTETRA,406,1,2299,5779,93,2641
CTETRA,407,1,1307,731,729,1308
CTETRA,408,1,4005,5784,4676,1928
CTETRA,409,1,211,3562,5779,855
CTETRA,410,1,1091,730,2001,685
CTETRA,411,1,2239,5230,1825,3090
CTETRA,412,1,92,1003,151,6493
CTETRA,413,1,3179,842,3599,704
CTETRA,414,1,3689,197,1005,2891
CTETRA,415,1,3181,2849,1670,1755
CTETRA,416,1,383,775,777,382
CTETRA,417,1,3272,402,1454,4175
CTETRA,418,1,4171,4170,198,887
CTETRA,419,1,3602,1300,2392,1277
CTETRA,420,1,1421,2530,1405,3516
CTETRA,421,1,3056,3139,3058,3298
CTETRA,422,1,547,1003,92,6493
CTETRA,423,1,490,832,833,834
CTETRA,424,1,595,1409,1876,1857
CTETRA,425,1,2565,3847,4175,800
CTETRA,426,1,1410,638,1677,2443
CTETRA,427,1,830,2269,2257,6487
CTETRA,428,1,972,543,1102,1101
CTETRA,429,1,152,92,547,1003
CTETRA,430,1,761,762,502,2586
CTETRA,431,1,794,796,691,6492
CTETRA,432,1,1980,2133,2019,2524
CTETRA,433,1,3640,3375,3709,2232
CTETRA,434,1,1255,1250,1344,2987
CTETRA,435,1,212,1017,94,1006
CTETRA,436,1,2699,2090,592,1423
CTETRA,437,1,1328,1327,3351,1326
CTETRA,438,1,3347,2208,792,3558
CTETRA,439,1,318,317,2011,2119
CTETRA,440,1,2208,792,1244,791
CTETRA,441,1,6343,1326,2670,6342
CTETRA,442,1,2269,2268,830,2901
CTETRA,443,1,2631,2688,2170,2069
CTETRA,444,1,3984,3188,4269,2076
CTETRA,445,1,571,2098,3150,2429
CTETRA,446,1,3762,5635,2984,3036
CTETRA,447,1,152,547,92,854
CTETRA,448,1,2090,2446,4270,2445
CTETRA,449,1,199,888,2299,196
CTETRA,450,1,1089,684,685,2011
CTETRA,451,1,2071,1837,3238,2942
CTETRA,452,1,822,3895,1844,3061
CTETRA,453,1,2699,592,1675,1423
CTETRA,454,1,2112,256,1755,2114
CTETRA,455,1,3558,1244,2208,792
CTETRA,456,1,2040,2542,555,948
CTETRA,457,1,318,2119,1276,2503
CTETRA,458,1,555,670,2040,948
CTETRA,459,1,1676,592,2699,2091
CTETRA,460,1,1374,5819,3109,3887
CTETRA,461,1,1382,1388,1392,3269
CTETRA,462,1,1674,1676,2379,1863
CTETRA,463,1,4676,5784,5448,1928
CTETRA,464,1,2137,2392,732,2350
CTETRA,465,1,3056,767,3752,1832
CTETRA,466,1,1300,673,2392,1277
CTETRA,467,1,325,565,324,2849
CTETRA,468,1,6179,1265,1266,6343
CTETRA,469,1,2983,3008,503,2984
CTETRA,470,1,4039,4269,4479,2285
CTETRA,471,1,2103,3788,1482,1480
CTETRA,472,1,2990,3455,3003,3069
CTETRA,473,1,1363,1369,452,1291
CTETRA,474,1,1674,2379,2195,1863
CTETRA,475,1,1300,2137,732,6342
CTETRA,476,1,2014,670,555,2853
CTETRA,477,1,3887,3888,84,1443
CTETRA,478,1,1677,1675,591,1423
CTETRA,479,1,673,829,2392,1277
CTETRA,480,1,693,685,1327,1091
CTETRA,481,1,2017,2515,2516,5814
CTETRA,482,1,501,3036,3008,6482
CTETRA,483,1,670,555,949,948
CTETRA,484,1,1328,1327,1332,3351
CTETRA,485,1,1328,1327,1326,2200
CTETRA,486,1,4023,3144,1827,1829
CTETRA,487,1,1300,5995,1326,1328
CTETRA,488,1,1003,547,152,1018
CTETRA,489,1,830,3229,2269,6487
CTETRA,490,1,2137,6342,5995,2668
CTETRA,491,1,1277,2794,674,3897
CTETRA,492,1,572,801,3189,1904
CTETRA,493,1,1328,1326,1300,2200
CTETRA,494,1,1369,1362,452,1291
CTETRA,495,1,3516,636,1408,1857
CTETRA,496,1,4269,3188,4039,2076
CTETRA,497,1,3139,2590,2213,2691
CTETRA,498,1,4921,4479,4269,2285
CTETRA,499,1,3229,830,2269,2344
CTETRA,500,1,4152,3266,4282,3267
CTETRA,501,1,1005,1002,2891,6493
CTETRA,502,1,2432,2209,2213,2069
CTETRA,503,1,1037,1052,3404,1050
CTETRA,504,1,630,325,256,1693
CTETRA,505,1,4877,6207,5742,4169
CTETRA,506,1,6053,4990,4991,4992
CTETRA,507,1,2033,2032,2216,3376
CTETRA,508,1,5995,4720,6179,1265
CTETRA,509,1,201,152,548,2618
CTETRA,510,1,670,555,2040,2014
CTETRA,511,1,1698,1755,256,2114
CTETRA,512,1,1388,305,3003,3455
CTETRA,513,1,632,3328,5280,5826
CTETRA,514,1,819,818,688,2257
CTETRA,515,1,2544,716,819,2257
CTETRA,516,1,883,2335,2336,3560
CTETRA,517,1,3540,3677,2208,2563
CTETRA,518,1,1019,6302,411,6270
CTETRA,519,1,2209,2070,2213,2069
CTETRA,520,1,636,2530,1677,3516
CTETRA,521,1,2070,2071,2213,2069
CTETRA,522,1,2196,595,1409,1876
CTETRA,523,1,383,343,381,382
CTETRA,524,1,3722,949,555,2093
CTETRA,525,1,199,3532,198,4170
CTETRA,526,1,402,1454,4175,1456
CTETRA,527,1,4933,5503,3145,2184
CTETRA,528,1,796,6305,1452,6492
CTETRA,529,1,2144,686,2258,2269
CTETRA,530,1,3984,6207,4877,4921
CTETRA,531,1,3895,622,2688,3752
CTETRA,532,1,1825,2239,3090,1826
CTETRA,533,1,1038,1037,1036,4264
CTETRA,534,1,1324,2119,318,2503
CTETRA,535,1,1986,705,607,3586
CTETRA,536,1,6020,3223,5419,5420
CTETRA,537,1,4270,3420,6025,3164
CTETRA,538,1,2590,2213,2069,3139
CTETRA,539,1,197,196,2299,890
CTETRA,540,1,1627,1101,972,1102
CTETRA,541,1,2419,2683,2684,3981
CTETRA,542,1,1262,791,1280,2207
CTETRA,543,1,2268,830,3228,3227
CTETRA,544,1,2230,364,2982,2805
CTETRA,545,1,4818,3770,842,5743
CTETRA,546,1,2230,364,2805,2231
CTETRA,547,1,908,2853,2013,907
CTETRA,548,1,2196,1674,1839,1876
CTETRA,549,1,2542,555,554,2040
CTETRA,550,1,1217,547,482,2891
CTETRA,551,1,1675,591,592,1674
CTETRA,552,1,830,2189,2901,816
CTETRA,553,1,82,1373,83,1590
CTETRA,554,1,883,2335,3560,3536
CTETRA,555,1,5918,4912,2007,5523
CTETRA,556,1,1676,2379,638,1674
CTETRA,557,1,732,673,672,2350
CTETRA,558,1,4169,2764,3506,6488
CTETRA,559,1,3090,462,1825,1826
CTETRA,560,1,2077,4919,4920,4169
CTETRA,561,1,1300,2392,1298,3602
CTETRA,562,1,693,674,2134,1310
CTETRA,563,1,830,2268,2344,3227
CTETRA,564,1,2040,671,670,2851
CTETRA,565,1,566,255,630,631
CTETRA,566,1,1401,2380,1379,3795
CTETRA,567,1,2014,555,323,2853
CTETRA,568,1,1038,1084,6479,3549
CTETRA,569,1,2688,624,622,3895
CTETRA,570,1,2019,2018,2021,2020
CTETRA,571,1,714,691,794,795
CTETRA,572,1,1808,3973,2549,1807
CTETRA,573,1,199,5779,2299,2641
CTETRA,574,1,1833,1832,2309,3298
CTETRA,575,1,656,655,802,2235
CTETRA,576,1,3060,3451,768,3057
CTETRA,577,1,826,2881,803,6487
CTETRA,578,1,572,801,1904,573
CTETRA,579,1,317,383,2011,1297
CTETRA,580,1,778,799,2111,780
CTETRA,581,1,3585,4182,900,3466
CTETRA,582,1,254,2030,1707,2029
CTETRA,583,1,4175,2565,800,3092
CTETRA,584,1,2810,1685,1901,4236
CTETRA,585,1,1439,823,3752,622
CTETRA,586,1,684,691,794,714
CTETRA,587,1,2590,2213,2071,2069
CTETRA,588,1,2530,1410,636,1677
CTETRA,589,1,5374,5243,3569,2798
CTETRA,590,1,3155,4479,4269,4921
CTETRA,591,1,4964,891,889,3679
CTETRA,592,1,732,672,673,2134
CTETRA,593,1,1982,3894,2209,2432
CTETRA,594,1,2810,1901,3819,4236
CTETRA,595,1,841,840,607,3358
CTETRA,596,1,1037,3549,1052,1050
CTETRA,597,1,402,1454,1456,2738
CTETRA,598,1,1139,1136,489,1138
CTETRA,599,1,2546,829,2392,2393
CTETRA,600,1,2143,687,686,2269
CTETRA,601,1,2064,1356,2009,2024
CTETRA,602,1,1296,317,380,1295
CTETRA,603,1,1826,463,3569,1782
CTETRA,604,1,3571,5043,6320,5479
CTETRA,605,1,1676,638,2443,1674
CTETRA,606,1,2169,1439,1831,2170
CTETRA,607,1,2392,732,673,1300
CTETRA,608,1,255,256,630,1772
CTETRA,609,1,2234,656,4413,2235
CTETRA,610,1,3420,4920,4919,4169
CTETRA,611,1,4270,1424,2446,2090
CTETRA,612,1,317,319,318,2011
CTETRA,613,1,2011,383,1308,6492
CTETRA,614,1,674,2134,1310,2794
CTETRA,615,1,2763,2764,655,1868
CTETRA,616,1,2082,4413,656,3785
CTETRA,617,1,2069,2213,2432,3139
CTETRA,618,1,2118,1996,1703,2114
CTETRA,619,1,693,1309,684,6492
CTETRA,620,1,1263,1262,1240,2207
CTETRA,621,1,3762,5566,5635,3798
CTETRA,622,1,2030,254,1707,5285
CTETRA,623,1,4169,4877,6207,4921
CTETRA,624,1,4024,2938,2810,3819
CTETRA,625,1,2985,2983,503,2984
CTETRA,626,1,3090,3695,2708,462
CTETRA,627,1,1434,2086,3193,362
CTETRA,628,1,1279,829,2392,2546
CTETRA,629,1,2114,2113,2112,256
CTETRA,630,1,1005,3689,2891,1002
CTETRA,631,1,1674,1677,1876,1857
CTETRA,632,1,6020,5419,3223,5058
CTETRA,633,1,96,5058,5389,5388
CTETRA,634,1,6329,5879,3496,5571
CTETRA,635,1,1777,3722,632,3328
CTETRA,636,1,732,693,672,2134
CTETRA,637,1,3973,3765,2515,2623
CTETRA,638,1,1127,1290,746,1198
CTETRA,639,1,2058,3602,1298,2546
CTETRA,640,1,949,553,555,2093
CTETRA,641,1,2652,3083,1837,2942
CTETRA,642,1,1197,1036,3565,3496
CTETRA,643,1,2530,636,1405,3516
CTETRA,644,1,3536,3793,2335,652
CTETRA,645,1,1373,2088,1589,2979
CTETRA,646,1,3003,3269,3455,2990
CTETRA,647,1,3602,2392,1279,1277
CTETRA,648,1,2392,672,673,2350
CTETRA,649,1,706,2545,3852,843
CTETRA,650,1,882,3789,5637,4575
CTETRA,651,1,198,199,4170,4171
CTETRA,652,1,855,5779,211,2641
CTETRA,653,1,6015,6074,6198,1930
CTETRA,654,1,2590,2071,2213,2589
CTETRA,655,1,1698,1699,1665,2114
CTETRA,656,1,3076,3074,6293,3075
CTETRA,657,1,2134,673,1300,1277
CTETRA,658,1,4152,3266,3267,3268
CTETRA,659,1,2852,2853,3722,907
CTETRA,660,1,3058,3057,3139,3056
CTETRA,661,1,1130,1102,543,1101
CTETRA,662,1,1452,1677,591,1423
CTETRA,663,1,5086,6020,6021,5420
CTETRA,664,1,4120,842,1372,3165
CTETRA,665,1,3269,1382,1388,3455
CTETRA,666,1,317,383,319,2011
CTETRA,667,1,3436,842,3770,5743
CTETRA,668,1,1393,1388,1392,1382
CTETRA,669,1,305,1388,1382,3455
CTETRA,670,1,691,796,794,795
CTETRA,671,1,5976,1307,1881,6492
CTETRA,672,1,3189,2433,3260,4413
CTETRA,673,1,2011,1308,731,6492
CTETRA,674,1,891,889,2484,4964
CTETRA,675,1,3043,101,295,6209
CTETRA,676,1,324,554,555,2040
CTETRA,677,1,831,2257,819,6487
CTETRA,678,1,211,212,5059,5058
CTETRA,679,1,1295,1296,1421,2120
CTETRA,680,1,803,830,3227,2809
CTETRA,681,1,1017,1002,1005,1006
CTETRA,682,1,3272,402,4175,2356
CTETRA,683,1,830,831,803,6487
CTETRA,684,1,3187,1828,3190,1827
CTETRA,685,1,197,198,94,5679
CTETRA,686,1,3770,3436,4876,3648
CTETRA,687,1,1699,1703,1996,2114
CTETRA,688,1,2233,2234,4413,2235
CTETRA,689,1,3402,1901,3820,3819
CTETRA,690,1,1263,2897,1262,2207
CTETRA,691,1,93,2641,5779,6493
CTETRA,692,1,3506,2285,4039,2284
CTETRA,693,1,5059,6373,211,5058
CTETRA,694,1,833,542,490,1095
CTETRA,695,1,1675,592,591,1423
CTETRA,696,1,547,549,152,1018
CTETRA,697,1,3018,1455,2111,1456
CTETRA,698,1,2299,93,5779,890
CTETRA,699,1,555,670,949,3722
CTETRA,700,1,3785,656,2082,2077
CTETRA,701,1,2687,295,101,3886
CTETRA,702,1,653,676,661,3619
CTETRA,703,1,1464,410,1463,1870
CTETRA,704,1,4818,842,4120,3165
CTETRA,705,1,656,802,4413,2235
CTETRA,706,1,636,1406,1405,1404
CTETRA,707,1,5087,5389,96,5420
CTETRA,708,1,381,383,382,1308
CTETRA,709,1,2285,4269,4921,3506
CTETRA,710,1,2257,830,2189,2901
CTETRA,711,1,1882,620,621,1408
CTETRA,712,1,2103,2228,1482,1870
CTETRA,713,1,3238,2071,2885,2070
CTETRA,714,1,3895,2688,624,1844
CTETRA,715,1,4039,4269,2285,3506
CTETRA,716,1,5456,2022,3109,1602
CTETRA,717,1,635,1692,1691,616
CTETRA,718,1,1260,1243,3125,3395
CTETRA,719,1,94,3223,5419,5679
CTETRA,720,1,4933,3145,5503,3144
CTETRA,721,1,2432,3894,3895,3057
CTETRA,722,1,1463,1868,655,1464
CTETRA,723,1,1676,1870,592,2091
CTETRA,724,1,324,1798,2849,2988
CTETRA,725,1,1204,1003,151,1018
CTETRA,726,1,2011,684,693,1309
CTETRA,727,1,2137,697,2392,2350
CTETRA,728,1,2011,684,1309,6492
CTETRA,729,1,2189,815,816,817
CTETRA,730,1,2392,1298,2546,2393
CTETRA,731,1,482,200,854,1177
CTETRA,732,1,151,519,61,6493
CTETRA,733,1,655,656,654,5499
CTETRA,734,1,1300,1278,2200,1276
CTETRA,735,1,3770,3436,5743,4876
CTETRA,736,1,3420,6025,4920,4169
CTETRA,737,1,992,993,3851,3853
CTETRA,738,1,3272,1868,3092,3260
CTETRA,739,1,5058,96,212,5388
CTETRA,740,1,2090,592,1424,2091
CTETRA,741,1,549,1073,548,2618
CTETRA,742,1,2668,4723,4720,4722
CTETRA,743,1,4262,3144,3714,1829
CTETRA,744,1,3895,768,3057,3061
CTETRA,745,1,5242,3569,5243,2798
CTETRA,746,1,548,200,547,854
CTETRA,747,1,1372,843,4120,2545
CTETRA,748,1,3894,2688,2209,2432
CTETRA,749,1,1410,1405,1406,2530
CTETRA,750,1,1006,1017,94,1005
CTETRA,751,1,2071,3238,2523,2070
CTETRA,752,1,318,2504,1327,5148
CTETRA,753,1,1928,4005,3377,1930
CTETRA,754,1,3540,2208,2562,2563
CTETRA,755,1,2850,2112,2585,2013
CTETRA,756,1,6020,5895,3223,5322
CTETRA,757,1,2794,5871,674,3897
CTETRA,758,1,907,2853,2013,1772
CTETRA,759,1,3328,3722,632,2852
CTETRA,760,1,1290,3497,1197,1126
CTETRA,761,1,2530,1421,1677,3516
CTETRA,762,1,777,775,383,3012
CTETRA,763,1,3722,632,2852,907
CTETRA,764,1,3277,1281,2058,2562
CTETRA,765,1,826,803,717,6487
CTETRA,766,1,4170,3756,198,887
CTETRA,767,1,819,2257,688,6487
CTETRA,768,1,5779,3562,1005,6493
CTETRA,769,1,1482,1481,1480,3788
CTETRA,770,1,3722,3328,2093,2852
CTETRA,771,1,1408,636,1409,1857
CTETRA,772,1,3496,5879,3565,5571
CTETRA,773,1,4723,6179,2668,4720
CTETRA,774,1,803,3227,830,6487
CTETRA,775,1,1464,1463,1868,1870
CTETRA,776,1,2850,2585,1755,2851
CTETRA,777,1,5738,3740,2814,5477
CTETRA,778,1,4921,3155,4479,2285
CTETRA,779,1,1434,2094,2095,1432
CTETRA,780,1,1620,1136,1102,972
CTETRA,781,1,2392,697,672,2350
CTETRA,782,1,1939,2547,1941,2762
CTETRA,783,1,4175,799,1904,801
CTETRA,784,1,2058,3540,1298,4152
CTETRA,785,1,1391,1387,1386,3003
CTETRA,786,1,1453,1677,591,1452
CTETRA,787,1,61,1006,3562,6493
CTETRA,788,1,842,3436,1372,3165
CTETRA,789,1,1424,2446,654,6488
CTETRA,790,1,1038,4264,4265,1215
CTETRA,791,1,2213,2590,2690,2691
CTETRA,792,1,430,2132,432,594
CTETRA,793,1,1455,1444,2194,2193
CTETRA,794,1,1084,1038,6479,1215
CTETRA,795,1,2090,1424,592,1423
CTETRA,796,1,5742,4818,3165,5743
CTETRA,797,1,2670,6343,6342,5485
CTETRA,798,1,4261,3788,1480,2366
CTETRA,799,1,1870,593,592,1869
CTETRA,800,1,6298,5082,5083,5458
CTETRA,801,1,1777,3722,906,632
CTETRA,802,1,5458,5083,6298,2093
CTETRA,803,1,319,343,381,383
CTETRA,804,1,432,594,596,3027
CTETRA,805,1,1772,2118,2113,2030
CTETRA,806,1,5742,4168,4169,3770
CTETRA,807,1,6054,5396,1196,4265
CTETRA,808,1,1677,1876,1857,1453
CTETRA,809,1,2112,325,256,2113
CTETRA,810,1,5935,6041,6293,3075
CTETRA,811,1,1125,361,3461,747
CTETRA,812,1,2891,1003,547,6493
CTETRA,813,1,3570,2239,3714,1825
CTETRA,814,1,3722,555,670,2853
CTETRA,815,1,2849,2039,3181,1670
CTETRA,816,1,1407,620,636,1305
CTETRA,817,1,2040,555,324,2014
CTETRA,818,1,2226,638,2443,1676
CTETRA,819,1,712,731,5976,6492
CTETRA,820,1,1405,1421,3516,3012
CTETRA,821,1,6025,3420,4270,4169
CTETRA,822,1,2077,4919,4169,6488
CTETRA,823,1,4818,5742,3770,5743
CTETRA,824,1,6342,2137,2939,2668
CTETRA,825,1,1842,2021,3238,2885
CTETRA,826,1,2216,2033,3376,1428
CTETRA,827,1,4161,1267,5566,3329
CTETRA,828,1,2523,2070,2631,2069
CTETRA,829,1,687,2269,3229,6487
CTETRA,830,1,2688,2631,2209,2069
CTETRA,831,1,152,549,547,548
CTETRA,832,1,886,857,262,885
CTETRA,833,1,3260,802,3189,4413
CTETRA,834,1,2898,1240,1262,2207
CTETRA,835,1,1244,2208,791,2207
CTETRA,836,1,5086,5322,6020,5420
CTETRA,837,1,3752,3895,767,3056
CTETRA,838,1,1327,1328,1332,2200
CTETRA,839,1,503,3008,2983,2953
CTETRA,840,1,2857,1036,3346,3270
CTETRA,841,1,2138,2139,2392,2399
CTETRA,842,1,1387,1386,370,1391
CTETRA,843,1,671,3181,2040,2039
CTETRA,844,1,4270,2090,2445,1423
CTETRA,845,1,730,729,731,1308
CTETRA,846,1,256,1699,1698,2114
CTETRA,847,1,3789,5756,5636,4575
CTETRA,848,1,1464,1463,410,2080
CTETRA,849,1,5285,993,3853,3851
CTETRA,850,1,1481,1480,3788,1479
CTETRA,851,1,623,2133,1980,2631
CTETRA,852,1,1305,1304,1874,1882
CTETRA,853,1,2143,686,2144,2269
CTETRA,854,1,1857,1876,595,1453
CTETRA,855,1,3984,3188,2076,2077
CTETRA,856,1,410,1464,1459,1870
CTETRA,857,1,1256,2026,1345,1250
CTETRA,858,1,101,5456,5820,3886
CTETRA,859,1,2652,1837,2214,2942
CTETRA,860,1,2699,1425,1676,2091
CTETRA,861,1,2269,2143,687,3229
CTETRA,862,1,1083,891,4964,3679
CTETRA,863,1,2942,1842,3238,2589
CTETRA,864,1,3852,3347,6482,843
CTETRA,865,1,3144,4262,1827,1829
CTETRA,866,1,343,729,776,1306
CTETRA,867,1,631,255,630,629
CTETRA,868,1,630,256,325,2113
CTETRA,869,1,691,672,796,795
CTETRA,870,1,1675,3898,2699,1423
CTETRA,871,1,1311,317,380,1296
CTETRA,872,1,1295,1310,1309,2119
CTETRA,873,1,5631,1008,3358,1984
CTETRA,874,1,2227,2033,410,409
CTETRA,875,1,2017,4913,2016,4283
CTETRA,876,1,5285,255,3853,1775
CTETRA,877,1,2007,5961,4912,4910
CTETRA,878,1,3281,6408,1562,3185
CTETRA,879,1,2101,1864,2020,1461
CTETRA,880,1,691,693,672,692
CTETRA,881,1,82,2354,2979,1589
CTETRA,882,1,5374,3569,463,1782
CTETRA,883,1,1307,731,1308,6492
CTETRA,884,1,343,383,317,1296
CTETRA,885,1,4269,4877,3155,4921
CTETRA,886,1,431,430,432,594
CTETRA,887,1,592,593,1870,1676
CTETRA,888,1,3083,2652,3082,2942
CTETRA,889,1,3677,2563,3540,2393
CTETRA,890,1,1372,843,842,4120
CTETRA,891,1,891,835,1083,2484
CTETRA,892,1,3036,501,3008,2984
CTETRA,893,1,82,2354,1524,2979
CTETRA,894,1,3266,4152,3798,3268
CTETRA,895,1,519,1006,61,6493
CTETRA,896,1,3110,6431,2022,3109
CTETRA,897,1,2544,2543,716,2257
CTETRA,898,1,794,5976,6462,6492
CTETRA,899,1,1296,777,383,1297
CTETRA,900,1,1311,343,317,1296
CTETRA,901,1,438,2368,2367,1435
CTETRA,902,1,4039,3188,3506,2284
CTETRA,903,1,331,1249,332,329
CTETRA,904,1,5995,1300,2137,4720
CTETRA,905,1,2090,2699,3898,1423
CTETRA,906,1,1984,5631,893,5910
CTETRA,907,1,2230,364,2231,2982
CTETRA,908,1,382,775,776,1304
CTETRA,909,1,1297,1296,1421,1295
CTETRA,910,1,992,3853,3851,3850
CTETRA,911,1,4267,3402,4114,3820
CTETRA,912,1,2017,6087,6126,2015
CTETRA,913,1,1443,523,2419,1687
CTETRA,914,1,1149,6329,5879,3496
CTETRA,915,1,801,2428,573,779
CTETRA,916,1,3057,3058,768,3056
CTETRA,917,1,1125,2364,361,1294
CTETRA,918,1,212,5059,5058,5388
CTETRA,919,1,2228,2103,1480,1870
CTETRA,920,1,2644,2070,2213,2209
CTETRA,921,1,2228,1426,2226,2227
CTETRA,922,1,3316,1590,263,1377
CTETRA,923,1,2071,3238,1842,2589
CTETRA,924,1,655,802,3260,2764
CTETRA,925,1,974,973,429,972
CTETRA,926,1,2285,2286,4039,2284
CTETRA,927,1,830,831,2189,817
CTETRA,928,1,4277,1440,1524,2979
CTETRA,929,1,4413,3189,2764,3785
CTETRA,930,1,4562,581,4809,5044
CTETRA,931,1,2007,4912,6290,4910
CTETRA,932,1,4720,5995,1300,1299
CTETRA,933,1,2236,2564,347,3666
CTETRA,934,1,2562,1281,2058,2546
CTETRA,935,1,831,803,804,817
CTETRA,936,1,1781,2006,1930,2008
CTETRA,937,1,5319,2918,5896,5321
CTETRA,938,1,816,2901,2268,811
CTETRA,939,1,1311,317,1318,1325
CTETRA,940,1,2140,2689,2523,2169
CTETRA,941,1,3012,1405,1421,1419
CTETRA,942,1,3898,2445,2090,1423
CTETRA,943,1,1278,1300,2134,1276
CTETRA,944,1,2419,2683,3981,2687
CTETRA,945,1,1434,2095,2343,3193
CTETRA,946,1,1439,823,1831,3752
CTETRA,947,1,1276,2794,2134,1277
CTETRA,948,1,1674,1839,1863,2197
CTETRA,949,1,256,255,2030,1772
CTETRA,950,1,2310,3058,3139,2691
CTETRA,951,1,3886,5456,1602,5455
CTETRA,952,1,5058,886,3223,6020
CTETRA,953,1,906,632,3722,907
CTETRA,954,1,256,255,254,2030
CTETRA,955,1,884,3174,2980,3711
CTETRA,956,1,816,815,2189,811
CTETRA,957,1,2590,2942,2589,2690
CTETRA,958,1,1665,1671,1664,1698
CTETRA,959,1,854,200,547,1177
CTETRA,960,1,6373,4171,199,5679
CTETRA,961,1,3535,652,3793,3536
CTETRA,962,1,796,674,672,693
CTETRA,963,1,4573,4574,3789,4575
CTETRA,964,1,776,729,343,382
CTETRA,965,1,3299,4720,4721,4722
CTETRA,966,1,630,2113,2013,1772
CTETRA,967,1,2095,2094,3234,3233
CTETRA,968,1,4005,3377,5784,1928
CTETRA,969,1,1385,1383,1436,1384
CTETRA,970,1,5458,6298,4561,2093
CTETRA,971,1,1707,2029,102,3681
CTETRA,972,1,6207,3984,4169,4921
CTETRA,973,1,1928,4676,4005,1929
CTETRA,974,1,1772,2118,256,2113
CTETRA,975,1,2984,503,2985,4144
CTETRA,976,1,5637,3789,5636,4575
CTETRA,977,1,1889,2652,2215,1841
CTETRA,978,1,1437,1382,1392,3269
CTETRA,979,1,4032,1699,1703,1996
CTETRA,980,1,3227,830,3228,2809
CTETRA,981,1,566,565,325,1693
CTETRA,982,1,4269,3188,3506,4039
CTETRA,983,1,4169,4168,4877,4921
CTETRA,984,1,1298,4152,3968,2058
CTETRA,985,1,1408,595,621,1857
CTETRA,986,1,3069,305,2922,3455
CTETRA,987,1,2093,3328,4561,5280
CTETRA,988,1,2561,3695,2560,647
CTETRA,989,1,696,811,815,816
CTETRA,990,1,1459,1464,1868,1870
CTETRA,991,1,1405,1320,1421,1419
CTETRA,992,1,3540,2058,1298,2546
CTETRA,993,1,101,5456,3886,5455
CTETRA,994,1,2163,2984,3762,4144
CTETRA,995,1,1676,1870,2228,1863
CTETRA,996,1,3057,768,3895,3056
CTETRA,997,1,343,381,729,1331
CTETRA,998,1,2546,1370,829,2393
CTETRA,999,1,2208,3277,3540,2562
CTETRA,1000,1,2437,4085,1925,3184
CTETRA,1001,1,632,3328,5826,1777
CTETRA,1002,1,1089,684,731,685
CTETRA,1003,1,548,152,549,2618
CTETRA,1004,1,3172,260,6314,5203
CTETRA,1005,1,151,1003,519,6493
CTETRA,1006,1,2571,3012,777,1318
CTETRA,1007,1,61,59,3562,1006
CTETRA,1008,1,5779,6373,211,2641
CTETRA,1009,1,2763,592,1870,2091
CTETRA,1010,1,4270,1424,2090,1423
CTETRA,1011,1,2189,831,830,2257
CTETRA,1012,1,263,1590,3316,2847
CTETRA,1013,1,4919,3420,4169,6488
CTETRA,1014,1,3083,3082,1842,2942
CTETRA,1015,1,3229,2881,826,6487
CTETRA,1016,1,4269,3984,4877,4921
CTETRA,1017,1,3532,3756,198,4170
CTETRA,1018,1,264,363,2848,1395
CTETRA,1019,1,2479,198,3756,887
CTETRA,1020,1,3146,2432,2213,3139
CTETRA,1021,1,5871,3898,2445,3897
CTETRA,1022,1,3570,3571,2008,1930
CTETRA,1023,1,364,3269,363,1437
CTETRA,1024,1,2094,1434,2095,2343
CTETRA,1025,1,895,893,5631,5910
CTETRA,1026,1,2137,732,2392,1300
CTETRA,1027,1,949,3722,4561,2093
CTETRA,1028,1,3223,6020,5322,5420
CTETRA,1029,1,767,1831,3752,1832
CTETRA,1030,1,566,255,1693,630
CTETRA,1031,1,5779,5679,197,1005
CTETRA,1032,1,3193,1517,1522,1378
CTETRA,1033,1,2592,3007,5450,2953
CTETRA,1034,1,549,547,1003,1018
CTETRA,1035,1,816,2189,2901,811
CTETRA,1036,1,885,2479,3756,887
CTETRA,1037,1,706,1372,3436,1261
CTETRA,1038,1,2058,1298,3602,1299
CTETRA,1039,1,3894,3895,2688,2432
CTETRA,1040,1,3984,4920,6207,4169
CTETRA,1041,1,2077,3785,2764,3506
CTETRA,1042,1,666,736,749,2940
CTETRA,1043,1,4152,3266,3798,4282
CTETRA,1044,1,3898,5871,2794,3897
CTETRA,1045,1,1986,705,3586,5450
CTETRA,1046,1,1703,1997,1996,2118
CTETRA,1047,1,4767,261,5895,886
CTETRA,1048,1,3125,1045,1275,3395
CTETRA,1049,1,685,730,318,1091
CTETRA,1050,1,2007,4912,5918,6290
CTETRA,1051,1,3895,822,767,3061
CTETRA,1052,1,1003,1002,519,6493
CTETRA,1053,1,1279,2392,829,1277
CTETRA,1054,1,2200,1276,2795,5808
CTETRA,1055,1,2550,2814,3740,5477
CTETRA,1056,1,6074,5448,6198,1928
CTETRA,1057,1,2344,3229,830,3227
CTETRA,1058,1,1419,777,3012,1318
CTETRA,1059,1,1005,3689,1002,1017
CTETRA,1060,1,656,1424,654,6488
CTETRA,1061,1,891,890,196,1217
CTETRA,1062,1,2058,3277,2562,3540
CTETRA,1063,1,3110,3108,6277,3109
CTETRA,1064,1,3278,1288,360,1363
CTETRA,1065,1,1870,1463,2763,2091
CTETRA,1066,1,1480,2379,1676,1863
CTETRA,1067,1,2670,2671,2669,2939
CTETRA,1068,1,3895,767,823,3752
CTETRA,1069,1,2287,2068,369,1353
CTETRA,1070,1,4920,3984,2077,4169
CTETRA,1071,1,3565,4991,5879,3975
CTETRA,1072,1,5756,5711,5636,4575
CTETRA,1073,1,2080,807,808,2032
CTETRA,1075,1,2101,2195,1863,2197
CTETRA,1076,1,5082,4809,5044,5458
CTETRA,1077,1,490,491,543,542
CTETRA,1078,1,2366,438,638,2439
CTETRA,1079,1,2650,3057,3451,3060
CTETRA,1080,1,3894,2209,2688,1982
CTETRA,1081,1,548,200,201,202
CTETRA,1082,1,1260,1242,1243,3512
CTETRA,1083,1,2688,1980,1982,2209
CTETRA,1084,1,1836,1832,2309,1833
CTETRA,1085,1,2601,1828,3090,2602
CTETRA,1086,1,5976,731,1307,6492
CTETRA,1087,1,2228,2226,1426,1676
CTETRA,1088,1,4171,6373,5059,5058
CTETRA,1089,1,1217,1004,196,3679
CTETRA,1090,1,1039,2674,2899,1041
CTETRA,1091,1,2259,5631,893,1984
CTETRA,1092,1,5455,295,101,6209
CTETRA,1093,1,2137,5995,4720,2668
CTETRA,1094,1,84,523,3887,1443
CTETRA,1095,1,630,256,2113,1772
CTETRA,1096,1,6021,5389,5087,5420
CTETRA,1097,1,3012,1405,1419,1318
CTETRA,1098,1,802,800,1464,3092
CTETRA,1099,1,762,3618,4144,502
CTETRA,1100,1,3036,3677,3008,6482
CTETRA,1101,1,2808,803,3227,2809
CTETRA,1102,1,3540,3968,3277,3798
CTETRA,1103,1,436,1435,2226,638
CTETRA,1104,1,3648,842,704,3599
CTETRA,1105,1,692,736,668,666
CTETRA,1106,1,5742,4920,6025,4169
CTETRA,1107,1,2568,893,5631,895
CTETRA,1108,1,712,684,731,6492
CTETRA,1109,1,684,2011,731,6492
CTETRA,1110,1,1410,1405,2530,636
CTETRA,1111,1,1480,638,2226,1676
CTETRA,1112,1,2699,3319,3898,1675
CTETRA,1113,1,1370,829,1279,2546
CTETRA,1114,1,3516,1405,3012,2571
CTETRA,1115,1,1392,364,1437,3269
CTETRA,1116,1,2294,1991,2292,1990
CTETRA,1117,1,255,630,629,1772
CTETRA,1118,1,3455,3269,1394,2990
CTETRA,1119,1,6314,858,3172,5203
CTETRA,1120,1,2087,2088,2979,1589
CTETRA,1121,1,5044,4809,4562,5458
CTETRA,1122,1,1017,94,1005,3689
CTETRA,1123,1,3272,1868,2356,3092
CTETRA,1124,1,1386,305,370,1391
CTETRA,1125,1,885,3223,2479,887
CTETRA,1126,1,6198,6074,1928,1930
CTETRA,1127,1,1269,1348,3213,2991
CTETRA,1128,1,1373,2088,2847,1589
CTETRA,1129,1,1309,693,2134,1310
CTETRA,1130,1,94,96,95,212
CTETRA,1131,1,5961,2007,4912,5523
CTETRA,1132,1,1424,656,655,2764
CTETRA,1133,1,2066,2065,2246,2024
CTETRA,1134,1,6320,2006,5043,3571
CTETRA,1135,1,555,323,324,2014
CTETRA,1136,1,2235,655,802,2564
CTETRA,1137,1,1391,1386,305,3003
CTETRA,1138,1,361,1125,1294,747
CTETRA,1139,1,854,547,482,1177
CTETRA,1140,1,1889,2652,6201,2215
CTETRA,1141,1,3895,3894,1844,3061
CTETRA,1142,1,3450,2398,3933,4036
CTETRA,1143,1,2276,6384,59,5388
CTETRA,1144,1,3682,295,293,3043
CTETRA,1145,1,1383,364,363,1437
CTETRA,1146,1,1392,364,3796,3639
CTETRA,1147,1,4182,3585,900,4181
CTETRA,1148,1,667,668,714,795
CTETRA,1149,1,4152,3968,2058,3540
CTETRA,1150,1,263,1590,2847,1589
CTETRA,1151,1,776,729,382,1304
CTETRA,1152,1,4005,3377,1930,1780
CTETRA,1153,1,295,101,3682,2687
CTETRA,1154,1,1458,1464,1868,1459
CTETRA,1155,1,2772,2213,2071,2589
CTETRA,1156,1,3228,2344,2268,3227
CTETRA,1157,1,383,319,343,317
CTETRA,1158,1,635,1692,1690,1691
CTETRA,1159,1,3341,1084,4264,1037
CTETRA,1160,1,3213,3968,4720,1268
CTETRA,1161,1,2764,655,1424,2763
CTETRA,1162,1,1437,264,1382,3269
CTETRA,1163,1,1388,3473,1352,1393
CTETRA,1164,1,5123,4562,581,2797
CTETRA,1165,1,3358,5631,1984,2491
CTETRA,1166,1,6320,6074,6224,6015
CTETRA,1167,1,2589,2213,2590,2690
CTETRA,1168,1,2797,4005,581,1929
CTETRA,1169,1,3888,1440,84,1443
CTETRA,1170,1,4040,2550,4041,5477
CTETRA,1171,1,830,3227,3229,6487
CTETRA,1172,1,3187,1828,2284,3190
CTETRA,1173,1,4720,5995,1299,3213
CTETRA,1174,1,1864,2102,2101,2020
CTETRA,1175,1,634,2429,571,2868
CTETRA,1176,1,3277,2058,3968,3540
CTETRA,1177,1,4169,3506,2077,6488
CTETRA,1178,1,383,343,777,1296
CTETRA,1179,1,2797,5123,5242,3569
CTETRA,1180,1,3057,3894,3895,3060
CTETRA,1181,1,692,693,672,732
CTETRA,1182,1,2007,5961,4910,3143
CTETRA,1183,1,3722,2853,908,907
CTETRA,1184,1,2269,2268,2143,2344
CTETRA,1185,1,655,2763,1868,1463
CTETRA,1186,1,1984,893,3585,5910
CTETRA,1187,1,549,1003,1204,1018
CTETRA,1188,1,2032,410,1460,1459
CTETRA,1189,1,2558,428,1620,1078
CTETRA,1190,1,3299,4036,3267,4152
CTETRA,1191,1,647,463,461,3695
CTETRA,1192,1,2439,438,638,1435
CTETRA,1193,1,198,2479,3223,887
CTETRA,1194,1,609,761,2491,2592
CTETRA,1195,1,1360,1355,1361,1286
CTETRA,1196,1,810,2143,2268,2344
CTETRA,1197,1,2799,2796,5243,2798
CTETRA,1198,1,4818,4270,6025,3164
CTETRA,1199,1,5895,3223,4767,886
CTETRA,1200,1,4175,1904,3260,801
CTETRA,1201,1,3152,3156,4057,6245
CTETRA,1202,1,823,822,767,3895
CTETRA,1203,1,1902,4267,3402,4114
CTETRA,1204,1,768,767,3895,3056
CTETRA,1205,1,817,816,830,2809
CTETRA,1206,1,2688,3895,3894,1844
CTETRA,1207,1,2197,431,430,1866
CTETRA,1208,1,1836,1832,1834,2309
CTETRA,1209,1,5909,1984,5631,2491
CTETRA,1210,1,1798,1797,1796,2849
CTETRA,1211,1,636,1407,1305,2571
CTETRA,1212,1,1311,777,343,1296
CTETRA,1213,1,5742,3770,5743,4876
CTETRA,1214,1,2566,894,893,2259
CTETRA,1215,1,4189,1072,4190,1221
CTETRA,1216,1,885,886,3223,887
CTETRA,1217,1,2040,670,2014,2851
CTETRA,1218,1,2942,2652,2215,2214
CTETRA,1219,1,2810,1454,2938,4024
CTETRA,1220,1,1997,4032,1703,1996
CTETRA,1221,1,3968,4720,1298,1299
CTETRA,1222,1,3229,2269,2143,2344
CTETRA,1223,1,3497,3496,1197,1126
CTETRA,1224,1,1358,1359,1285,1253
CTETRA,1225,1,2032,410,2033,409
CTETRA,1226,1,2086,1517,3193,1378
CTETRA,1227,1,714,713,668,667
CTETRA,1228,1,655,654,1424,1463
CTETRA,1229,1,2631,2140,2523,2169
CTETRA,1230,1,2592,2336,5450,705
CTETRA,1231,1,521,84,523,3887
CTETRA,1232,1,3075,6293,5935,3074
CTETRA,1233,1,1053,2347,2349,2412
CTETRA,1234,1,1901,571,4236,2869
CTETRA,1235,1,2050,304,1387,1386
CTETRA,1236,1,2213,2651,3139,2691
CTETRA,1237,1,1480,2379,638,1676
CTETRA,1238,1,3599,704,1986,3179
CTETRA,1239,1,1939,1941,1868,2763
CTETRA,1240,1,3770,5742,4877,4876
CTETRA,1241,1,2266,3091,1494,1457
CTETRA,1242,1,3455,305,3003,3069
CTETRA,1243,1,5895,4767,3223,5322
CTETRA,1244,1,2431,372,373,3750
CTETRA,1245,1,1481,1480,1479,2228
CTETRA,1246,1,482,480,1177,1085
CTETRA,1247,1,2368,438,2439,1435
CTETRA,1248,1,305,1391,3003,3069
CTETRA,1249,1,1392,1393,1382,1437
CTETRA,1250,1,4920,5742,6207,4169
CTETRA,1251,1,2030,255,254,5285
CTETRA,1252,1,1396,366,28,2863
CTETRA,1253,1,4152,3968,3540,3798
CTETRA,1254,1,6251,5880,5881,6175
CTETRA,1255,1,3722,3328,4561,2093
CTETRA,1256,1,609,2592,2586,761
CTETRA,1257,1,1870,1480,2228,1863
CTETRA,1258,1,1870,410,1463,2091
CTETRA,1259,1,592,593,1676,1674
CTETRA,1260,1,1127,1126,1290,1198
CTETRA,1261,1,343,317,1318,1311
CTETRA,1262,1,685,318,1327,1091
CTETRA,1263,1,2217,2772,2213,2218
CTETRA,1264,1,3175,3608,3174,5075
CTETRA,1265,1,1423,3898,2445,5871
CTETRA,1266,1,2347,3463,2412,1053
CTETRA,1267,1,348,347,2565,1457
CTETRA,1268,1,2590,2943,2308,2309
CTETRA,1269,1,317,379,380,2119
CTETRA,1270,1,5319,5321,5896,5895
CTETRA,1271,1,3074,5935,413,5427
CTETRA,1272,1,2014,2850,2040,2851
CTETRA,1273,1,6015,6198,3377,1930
CTETRA,1274,1,5063,1901,4236,3819
CTETRA,1275,1,1365,1253,1359,1358
CTETRA,1276,1,1003,2891,1002,6493
CTETRA,1277,1,2853,632,630,907
CTETRA,1278,1,403,1494,1457,1969
CTETRA,1279,1,5044,4562,581,5123
CTETRA,1280,1,3060,3895,3057,3061
CTETRA,1281,1,2419,521,523,3887
CTETRA,1282,1,2763,1939,2764,1868
CTETRA,1283,1,4990,4265,6054,6053
CTETRA,1284,1,2040,2849,2850,2014
CTETRA,1285,1,2436,1939,3747,2434
CTETRA,1286,1,2764,3260,2433,4413
CTETRA,1287,1,1931,2649,1942,1933
CTETRA,1288,1,2077,3785,3188,2076
CTETRA,1289,1,4993,1371,2445,3164
CTETRA,1290,1,2504,1276,1327,5808
CTETRA,1291,1,804,803,2809,817
CTETRA,1292,1,2215,1841,2652,2942
CTETRA,1293,1,6298,5083,949,2093
CTETRA,1294,1,94,96,212,5419
CTETRA,1295,1,3602,2058,1281,2546
CTETRA,1296,1,891,2484,1083,4964
CTETRA,1297,1,1410,1405,636,1406
CTETRA,1298,1,2065,1356,2026,1353
CTETRA,1299,1,199,6373,5779,2641
CTETRA,1300,1,2550,4040,4041,4160
CTETRA,1301,1,2705,4030,4028,4029
CTETRA,1302,1,1456,1492,2581,371
CTETRA,1303,1,4818,6025,5742,3165
CTETRA,1304,1,1676,593,1870,1863
CTETRA,1305,1,2558,1620,3209,1157
CTETRA,1306,1,1602,3109,5456,3886
CTETRA,1307,1,890,481,482,1217
CTETRA,1308,1,343,777,775,382
CTETRA,1309,1,4562,6298,4561,5458
CTETRA,1310,1,1036,1037,2857,3346
CTETRA,1311,1,1376,3316,263,1377
CTETRA,1312,1,2197,1865,431,1866
CTETRA,1313,1,1005,94,197,3689
CTETRA,1314,1,2544,819,717,831
CTETRA,1315,1,1676,2228,1480,1863
CTETRA,1316,1,1293,496,453,1292
CTETRA,1317,1,949,4561,6298,2093
CTETRA,1318,1,2560,3695,463,647
CTETRA,1319,1,693,691,684,666
CTETRA,1320,1,2226,2443,1438,1425
CTETRA,1321,1,2233,4413,802,2235
CTETRA,1322,1,2932,2582,3593,2342
CTETRA,1323,1,367,369,368,2862
CTETRA,1324,1,501,503,2984,4144
CTETRA,1325,1,6188,3586,1984,5909
CTETRA,1326,1,1480,2195,2379,1863
CTETRA,1327,1,5285,254,1707,3851
CTETRA,1328,1,4993,2445,4270,3164
CTETRA,1329,1,1348,1265,1269,3213
CTETRA,1330,1,519,1002,1001,1006
CTETRA,1331,1,410,2091,1425,408
CTETRA,1332,1,2797,5123,4562,5242
CTETRA,1333,1,1983,716,2543,2257
CTETRA,1334,1,2296,2297,2448,2530
CTETRA,1335,1,3319,2530,3472,1421
CTETRA,1336,1,1320,1421,1419,1296
CTETRA,1337,1,3213,3968,3214,1299
CTETRA,1338,1,2213,2772,2071,2885
CTETRA,1339,1,6038,3770,4944,3830
CTETRA,1340,1,4152,3299,4036,1298
CTETRA,1341,1,2398,4036,1298,2393
CTETRA,1342,1,5895,5319,5321,5322
CTETRA,1343,1,6384,5059,212,5388
CTETRA,1344,1,2343,362,3193,1384
CTETRA,1345,1,2114,2113,256,2118
CTETRA,1346,1,1388,1387,3003,1386
CTETRA,1347,1,619,595,621,1408
CTETRA,1348,1,1453,813,621,814
CTETRA,1349,1,1138,1139,1136,1137
CTETRA,1350,1,1863,1869,2102,1864
CTETRA,1351,1,1825,3570,2239,1826
CTETRA,1352,1,3793,3933,3677,651
CTETRA,1353,1,3188,3785,2077,3506
CTETRA,1354,1,199,3532,196,198
CTETRA,1355,1,3648,4876,6038,3830
CTETRA,1356,1,3830,3828,6038,3829
CTETRA,1357,1,1261,3392,3436,706
CTETRA,1358,1,883,698,681,882
CTETRA,1359,1,2918,5896,5321,4767
CTETRA,1360,1,5058,886,887,3223
CTETRA,1361,1,1253,2246,2065,2024
CTETRA,1362,1,3501,491,489,1138
CTETRA,1363,1,3223,94,198,5679
CTETRA,1364,1,1008,5631,2259,1984
CTETRA,1365,1,3474,1050,3404,1052
CTETRA,1366,1,4413,2082,2234,2233
CTETRA,1367,1,305,1388,1393,1382
CTETRA,1368,1,2943,2690,2590,2308
CTETRA,1369,1,101,295,3682,3043
CTETRA,1370,1,749,736,667,2940
CTETRA,1371,1,5995,1328,1299,3213
CTETRA,1372,1,1083,2484,3605,4964
CTETRA,1373,1,2052,362,2343,1384
CTETRA,1374,1,2058,2562,2546,3540
CTETRA,1375,1,716,1983,818,2257
CTETRA,1376,1,5448,5784,3377,1928
CTETRA,1377,1,263,363,264,1378
CTETRA,1378,1,1983,2258,686,2257
CTETRA,1380,1,2682,2143,2144,2269
CTETRA,1381,1,2006,1781,1930,3377
CTETRA,1382,1,801,2428,779,799
CTETRA,1383,1,1874,620,1305,1882
CTETRA,1384,1,2631,1439,2140,2169
CTETRA,1385,1,1306,343,729,1331
CTETRA,1386,1,830,2257,831,6487
CTETRA,1387,1,3090,3695,462,463
CTETRA,1388,1,1425,1870,1676,2091
CTETRA,1389,1,362,3193,1384,1378
CTETRA,1390,1,1331,317,318,1324
CTETRA,1391,1,3897,1371,2445,4993
CTETRA,1392,1,884,3174,3175,2980
CTETRA,1393,1,4723,5566,3968,4721
CTETRA,1394,1,894,893,2568,895
CTETRA,1395,1,817,804,696,2809
CTETRA,1396,1,3770,4169,5742,4818
CTETRA,1397,1,1358,1361,1285,1286
CTETRA,1398,1,6384,212,59,5388
CTETRA,1399,1,6261,5123,581,1929
CTETRA,1400,1,102,2029,3043,3682
CTETRA,1401,1,1480,2226,2228,1676
CTETRA,1402,1,4036,4152,1298,3540
CTETRA,1403,1,2103,1480,1863,2101
CTETRA,1404,1,2217,2772,2690,2213
CTETRA,1405,1,1311,1419,777,1296
CTETRA,1406,1,2772,2217,1841,2218
CTETRA,1407,1,1355,1285,1361,1286
CTETRA,1408,1,4153,6038,3828,3829
CTETRA,1409,1,2688,622,1439,3752
CTETRA,1410,1,4168,3155,4921,2285
CTETRA,1411,1,3157,4040,2286,3153
CTETRA,1412,1,1253,1356,1358,2024
CTETRA,1413,1,555,554,553,2542
CTETRA,1414,1,1394,1382,3269,3455
CTETRA,1415,1,3852,2545,3347,843
CTETRA,1416,1,1085,3549,6479,1084
CTETRA,1417,1,778,779,799,780
CTETRA,1418,1,2810,1901,3402,3819
CTETRA,1419,1,2848,263,264,1395
CTETRA,1420,1,2103,1480,1870,1863
CTETRA,1421,1,1388,1387,1386,2050
CTETRA,1422,1,3175,2980,5022,884
CTETRA,1423,1,2336,503,3345,2592
CTETRA,1424,1,202,4189,1162,1221
CTETRA,1425,1,819,716,818,2257
CTETRA,1426,1,2077,3506,2764,6488
CTETRA,1427,1,1424,2763,1463,2091
CTETRA,1428,1,2585,671,1755,2851
CTETRA,1429,1,883,3561,3179,3862
CTETRA,1430,1,2134,1310,2794,2119
CTETRA,1431,1,2443,1435,638,2226
CTETRA,1432,1,2215,1889,1841,2942
CTETRA,1433,1,2058,3968,1298,1299
CTETRA,1434,1,992,5276,3853,3850
CTETRA,1435,1,3153,2286,3157,3152
CTETRA,1436,1,2964,2708,3740,2706
CTETRA,1437,1,261,260,4767,2918
CTETRA,1438,1,3472,1320,3319,1421
CTETRA,1439,1,4912,5696,5961,5523
CTETRA,1440,1,363,3269,264,1437
CTETRA,1441,1,1328,1300,5995,1299
CTETRA,1442,1,830,2268,3228,816
CTETRA,1443,1,4676,6261,581,1929
CTETRA,1444,1,767,1831,823,3752
CTETRA,1445,1,2550,3740,2705,5477
CTETRA,1446,1,5910,5632,5848,5909
CTETRA,1447,1,840,841,1008,3358
CTETRA,1448,1,4269,3984,4921,3506
CTETRA,1449,1,325,323,630,2013
CTETRA,1450,1,1620,1078,972,1157
CTETRA,1451,1,2102,2101,1863,1864
CTETRA,1452,1,4226,1217,1004,2891
CTETRA,1453,1,4264,4265,1036,1038
CTETRA,1454,1,567,324,565,2988
CTETRA,1455,1,4282,3540,2208,3798
CTETRA,1456,1,4767,5203,2917,3172
CTETRA,1457,1,3376,2216,1428,1427
CTETRA,1458,1,3345,2586,2592,761
CTETRA,1459,1,5203,3172,260,2917
CTETRA,1460,1,3189,2764,2433,4413
CTETRA,1461,1,3984,2077,4169,3506
CTETRA,1462,1,3540,2562,2546,2393
CTETRA,1463,1,1072,202,1073,1221
CTETRA,1464,1,5123,5044,4562,5458
CTETRA,1465,1,593,1676,1674,1863
CTETRA,1466,1,736,667,668,666
CTETRA,1467,1,1255,1344,3271,2987
CTETRA,1468,1,1353,2287,2065,1288
CTETRA,1469,1,348,2565,1494,1457
CTETRA,1470,1,4032,515,2121,6408
CTETRA,1471,1,1276,2119,3412,2503
CTETRA,1472,1,697,2399,2138,2137
CTETRA,1473,1,1980,623,2631,1858
CTETRA,1474,1,761,5909,2491,2592
CTETRA,1475,1,715,804,815,2544
CTETRA,1476,1,260,2332,6314,5203
CTETRA,1477,1,3851,1708,992,3850
CTETRA,1478,1,972,1626,1620,1157
CTETRA,1479,1,3595,780,372,2431
CTETRA,1480,1,196,891,1217,3679
CTETRA,1481,1,1306,1318,343,1331
CTETRA,1482,1,3565,3496,5571,1126
CTETRA,1483,1,3164,3420,2445,4270
CTETRA,1484,1,196,888,2299,891
CTETRA,1485,1,2592,3345,2336,705
CTETRA,1486,1,1405,3012,2571,1318
CTETRA,1487,1,2445,4270,5871,4993
CTETRA,1488,1,2284,2286,4039,2815
CTETRA,1489,1,717,831,819,6487
CTETRA,1490,1,2763,1424,592,2091
CTETRA,1491,1,2119,2794,2134,1276
CTETRA,1492,1,1358,1285,1356,1253
CTETRA,1493,1,2075,3785,2077,2076
CTETRA,1494,1,637,2034,2439,638
CTETRA,1495,1,729,381,343,382
CTETRA,1496,1,5281,5025,4931,3184
CTETRA,1497,1,746,748,1125,3458
CTETRA,1498,1,2795,2504,469,5808
CTETRA,1499,1,3569,1929,1930,1780
CTETRA,1500,1,5895,5897,5319,5322
CTETRA,1501,1,5779,211,5679,1005
CTETRA,1502,1,1299,3968,3214,2058
CTETRA,1503,1,5043,6290,6320,5479
CTETRA,1504,1,2943,1833,1837,1836
CTETRA,1505,1,1376,263,3316,1357
CTETRA,1506,1,802,801,3260,3189
CTETRA,1507,1,2874,572,571,2237
CTETRA,1508,1,1267,1184,1186,2678
CTETRA,1509,1,779,778,799,2428
CTETRA,1510,1,4189,6110,1163,1162
CTETRA,1511,1,1242,1260,3125,1275
CTETRA,1512,1,2392,2398,2399,2139
CTETRA,1513,1,3549,1085,6479,481
CTETRA,1514,1,3679,1217,1004,4226
CTETRA,1515,1,6408,515,2121,1562
CTETRA,1516,1,4160,2550,4040,2286
CTETRA,1517,1,3984,3188,2077,3506
CTETRA,1518,1,813,621,595,1453
CTETRA,1519,1,3179,2336,3561,883
CTETRA,1520,1,2437,5025,4085,3184
CTETRA,1521,1,1980,2524,2209,2631
CTETRA,1522,1,1423,2445,4270,5871
CTETRA,1523,1,5022,884,262,856
CTETRA,1524,1,2353,3788,1429,1481
CTETRA,1525,1,4921,3984,4169,3506
CTETRA,1526,1,5059,6384,2276,5388
CTETRA,1527,1,2064,1251,1345,2024
CTETRA,1528,1,196,199,197,2299
CTETRA,1529,1,61,92,151,6493
CTETRA,1530,1,3830,6038,3648,3829
CTETRA,1531,1,6245,3152,3156,3155
CTETRA,1532,1,2848,363,263,2088
CTETRA,1533,1,3968,2678,3277,3329
CTETRA,1534,1,2799,5243,2796,1777
CTETRA,1535,1,2017,5814,4283,2015
CTETRA,1536,1,1864,2101,1863,1461
CTETRA,1537,1,3535,821,662,3536
CTETRA,1538,1,3189,801,573,779
CTETRA,1539,1,670,3722,2853,908
CTETRA,1540,1,1331,1318,317,1325
CTETRA,1541,1,1408,1407,1874,620
CTETRA,1542,1,3347,1261,2545,3852
CTETRA,1543,1,656,4413,2082,2234
CTETRA,1544,1,2393,1370,829,4120
CTETRA,1545,1,2592,2336,2953,5450
CTETRA,1546,1,5396,1196,4265,5172
CTETRA,1547,1,2568,894,2566,2259
CTETRA,1548,1,5566,4161,3329,3798
CTETRA,1549,1,4169,4270,6025,4818
CTETRA,1550,1,5909,3586,1984,2491
CTETRA,1551,1,1406,1405,3472,2530
CTETRA,1552,1,2399,697,2392,2137
CTETRA,1553,1,607,705,2592,3586
CTETRA,1554,1,480,482,481,1085
CTETRA,1555,1,361,747,1245,3461
CTETRA,1556,1,3682,3043,5445,2029
CTETRA,1557,1,3968,3213,4720,1299
CTETRA,1558,1,4676,581,4005,1929
CTETRA,1559,1,1298,2392,2398,2393
CTETRA,1560,1,1620,1102,1626,972
CTETRA,1561,1,3734,6293,3735,3075
CTETRA,1562,1,1479,3788,1429,439
CTETRA,1563,1,2077,656,2082,4550
CTETRA,1564,1,2433,3260,1904,3189
CTETRA,1565,1,2772,2213,2589,2690
CTETRA,1566,1,1320,1421,1296,2120
CTETRA,1567,1,3175,262,6314,856
CTETRA,1568,1,503,3007,2592,2953
CTETRA,1569,1,1089,684,2011,731
CTETRA,1570,1,3981,102,2687,2683
CTETRA,1571,1,4720,6179,1265,1268
CTETRA,1572,1,3272,1868,3260,2547
CTETRA,1573,1,3188,3984,4269,3506
CTETRA,1574,1,1494,3091,348,1457
CTETRA,1575,1,463,462,3090,1826
CTETRA,1576,1,1247,1285,1363,1355
CTETRA,1577,1,2849,2040,324,2014
CTETRA,1578,1,3450,676,653,3933
CTETRA,1579,1,3785,2764,656,2077
CTETRA,1580,1,3155,4168,6245,2285
CTETRA,1581,1,2705,2814,2550,2551
CTETRA,1582,1,3125,1260,3395,1275
CTETRA,1583,1,2068,369,2370,3792
CTETRA,1584,1,2918,260,2917,2331
CTETRA,1585,1,2797,581,5123,1929
CTETRA,1586,1,1901,571,2869,1900
CTETRA,1587,1,264,363,263,2848
CTETRA,1588,1,993,5276,3853,992
CTETRA,1589,1,1296,3012,777,1297
CTETRA,1590,1,1255,2068,3354,2067
CTETRA,1591,1,3278,1288,1363,1287
CTETRA,1592,1,3897,2445,5871,4993
CTETRA,1593,1,5285,1707,993,3851
CTETRA,1594,1,747,361,1245,1294
CTETRA,1595,1,1370,3897,829,4993
CTETRA,1596,1,2138,2399,2392,2137
CTETRA,1597,1,553,949,5083,2093
CTETRA,1598,1,2847,1590,1373,1589
CTETRA,1599,1,3004,1387,1388,2050
CTETRA,1600,1,1085,482,481,1217
CTETRA,1601,1,4023,2938,4024,3819
CTETRA,1602,1,2567,901,2259,900
CTETRA,1603,1,2443,2444,1435,2226
CTETRA,1604,1,592,2763,1870,1869
CTETRA,1605,1,2239,4262,3714,5230
CTETRA,1606,1,2070,2885,3238,2021
CTETRA,1607,1,3689,1004,94,197
CTETRA,1608,1,1405,3516,1407,2571
CTETRA,1609,1,1125,5571,1293,1290
CTETRA,1610,1,347,348,809,1457
CTETRA,1611,1,1905,571,2869,4236
CTETRA,1612,1,491,543,1130,3501
CTETRA,1613,1,2530,2448,1410,2443
CTETRA,1614,1,2430,2703,1990,2576
CTETRA,1615,1,3472,2297,2530,3319
CTETRA,1616,1,6373,6384,855,2641
CTETRA,1617,1,1425,2226,2443,1676
CTETRA,1618,1,900,3585,2259,4181
CTETRA,1619,1,1409,595,1408,1857
CTETRA,1620,1,1438,2444,2443,2226
CTETRA,1621,1,1308,2011,731,1089
CTETRA,1622,1,2011,318,685,1089
CTETRA,1623,1,1464,800,2565,3092
CTETRA,1624,1,3506,3785,2764,3187
CTETRA,1625,1,2772,2071,2885,2589
CTETRA,1626,1,4169,6025,5742,4818
CTETRA,1627,1,2433,1904,4263,3189
CTETRA,1628,1,1454,2433,3272,3260
CTETRA,1629,1,4036,3267,4152,3540
CTETRA,1630,1,362,363,1378,1383
CTETRA,1631,1,2690,2651,2213,2691
CTETRA,1632,1,3153,4160,2286,3154
CTETRA,1633,1,3618,4144,502,2162
CTETRA,1634,1,265,264,263,1395
CTETRA,1635,1,1378,263,363,2088
CTETRA,1636,1,3540,2546,1298,2393
CTETRA,1637,1,1178,480,6110,1163
CTETRA,1638,1,1242,1260,1275,790
CTETRA,1639,1,3571,6015,2006,1930
CTETRA,1640,1,3570,5479,3143,2238
CTETRA,1641,1,3974,3565,4991,4265
CTETRA,1642,1,1901,3138,1902,4114
CTETRA,1643,1,2601,2731,2941,2708
CTETRA,1644,1,2875,3020,3190,2076
CTETRA,1645,1,3467,3599,1986,3179
CTETRA,1646,1,1755,2112,2585,2850
CTETRA,1647,1,264,1394,1382,3269
CTETRA,1648,1,5177,102,3981,2683
CTETRA,1649,1,2412,3463,1054,1053
CTETRA,1650,1,2170,2688,1439,3752
CTETRA,1651,1,5756,3789,4574,4575
CTETRA,1652,1,2006,6198,3377,6015
CTETRA,1653,1,891,1083,1217,3679
CTETRA,1654,1,3316,1590,1373,2847
CTETRA,1655,1,2763,1868,1463,1870
CTETRA,1656,1,4120,1370,829,4993
CTETRA,1657,1,2268,695,810,2344
CTETRA,1658,1,1864,1863,593,1461
CTETRA,1659,1,3155,4168,4877,3830
CTETRA,1660,1,3420,4481,2446,6488
CTETRA,1661,1,1974,335,333,3089
CTETRA,1662,1,655,1424,2763,1463
CTETRA,1663,1,1365,2064,1253,1358
CTETRA,1664,1,2652,1842,3082,2942
CTETRA,1665,1,2439,638,2366,4261
CTETRA,1666,1,3060,3057,768,3061
CTETRA,1667,1,3682,5445,3681,2029
CTETRA,1668,1,2256,2682,2144,2258
CTETRA,1669,1,2491,607,609,2592
CTETRA,1670,1,1300,1298,4720,1299
CTETRA,1671,1,325,323,566,630
CTETRA,1672,1,2763,592,593,1869
CTETRA,1673,1,2119,2120,2794,3412
CTETRA,1674,1,5918,2007,5043,5523
CTETRA,1675,1,1453,2132,2141,1838
CTETRA,1676,1,2545,2563,3677,2393
CTETRA,1677,1,841,1053,1054,3463
CTETRA,1678,1,93,855,2641,6493
CTETRA,1679,1,1699,1665,1664,1698
CTETRA,1680,1,1782,2799,5374,2798
CTETRA,1681,1,886,5895,3223,6020
CTETRA,1682,1,1395,1394,264,363
CTETRA,1683,1,2284,4039,3188,2815
CTETRA,1684,1,462,461,463,3695
CTETRA,1685,1,3043,295,293,6209
CTETRA,1686,1,2162,2161,4144,2163
CTETRA,1687,1,211,6373,6384,855
CTETRA,1688,1,261,4767,5896,2918
CTETRA,1689,1,3164,1370,1372,4120
CTETRA,1690,1,843,3677,3793,2393
CTETRA,1691,1,2853,630,2013,1772
CTETRA,1692,1,2284,3188,3190,2815
CTETRA,1693,1,4573,3789,4180,3862
CTETRA,1694,1,1781,1782,1826,1780
CTETRA,1695,1,1324,3412,2119,2503
CTETRA,1696,1,2688,1858,624,1844
CTETRA,1697,1,4877,4168,3770,3830
CTETRA,1698,1,5123,2797,1929,3569
CTETRA,1699,1,855,211,6373,2641
CTETRA,1700,1,469,468,2504,2795
CTETRA,1701,1,410,1460,1459,1464
CTETRA,1702,1,6188,5450,6023,3177
CTETRA,1703,1,1425,2443,2699,1676
CTETRA,1704,1,4039,2286,4040,2815
CTETRA,1705,1,4876,4877,3770,3830
CTETRA,1706,1,3933,3793,3677,2393
CTETRA,1707,1,3540,1298,4036,2393
CTETRA,1708,1,96,5389,5087,5388
CTETRA,1709,1,61,855,93,6493
CTETRA,1710,1,6482,3558,3345,501
CTETRA,1711,1,632,906,1777,1778
CTETRA,1712,1,596,595,432,3027
CTETRA,1713,1,1826,1930,3570,1781
CTETRA,1714,1,802,3260,2764,4413
CTETRA,1715,1,857,2479,5022,885
CTETRA,1716,1,858,6314,2332,5203
CTETRA,1717,1,1246,2450,1364,2449
CTETRA,1718,1,1440,1524,2979,3888
CTETRA,1719,1,1125,1293,747,1290
CTETRA,1720,1,4189,6110,480,1163
CTETRA,1721,1,522,521,523,2419
CTETRA,1722,1,6329,1151,1149,5879
CTETRA,1723,1,5632,4640,5909,5633
CTETRA,1724,1,2134,1278,1276,1277
CTETRA,1725,1,2286,3153,3154,3152
CTETRA,1726,1,6277,5819,6431,3109
CTETRA,1727,1,1394,363,3269,264
CTETRA,1728,1,1373,83,1590,1375
CTETRA,1729,1,2432,2213,2209,3146
CTETRA,1730,1,5450,2336,6135,3179
CTETRA,1731,1,1867,2351,1940,1482
CTETRA,1732,1,893,892,894,2566
CTETRA,1733,1,581,5044,5123,6261
CTETRA,1734,1,2226,2577,437,2227
CTETRA,1735,1,2590,2942,2690,2943
CTETRA,1736,1,2065,2068,2287,1353
CTETRA,1737,1,5321,4767,5895,5322
CTETRA,1738,1,2101,1865,2195,2197
CTETRA,1739,1,1298,1300,3602,1299
CTETRA,1740,1,4282,2208,3036,3798
CTETRA,1741,1,437,1435,436,438
CTETRA,1742,1,1870,1868,1482,1869
CTETRA,1743,1,1268,1265,4720,3213
CTETRA,1744,1,3012,383,777,1297
CTETRA,1745,1,5242,4561,3328,5280
CTETRA,1746,1,804,696,815,817
CTETRA,1747,1,3172,4767,3223,886
CTETRA,1748,1,4550,654,4481,6488
CTETRA,1749,1,4964,889,2483,3679
CTETRA,1750,1,2086,1378,363,2088
CTETRA,1751,1,2651,2310,3139,2691
CTETRA,1752,1,3532,198,3756,2479
CTETRA,1753,1,2013,323,630,2853
CTETRA,1754,1,3830,3156,3828,3829
CTETRA,1755,1,4944,3770,4168,3830
CTETRA,1756,1,2068,3354,2067,2863
CTETRA,1757,1,2026,1345,1250,2024
CTETRA,1758,1,1863,1870,2103,1869
CTETRA,1759,1,1869,1863,593,1864
CTETRA,1760,1,6188,5910,3585,3587
CTETRA,1761,1,2602,1902,3378,2601
CTETRA,1762,1,6482,2335,3793,3008
CTETRA,1763,1,1289,2287,1354,1288
CTETRA,1764,1,1842,2212,2021,2885
CTETRA,1765,1,369,367,366,2862
CTETRA,1766,1,6320,6224,2006,6015
CTETRA,1767,1,2731,2601,2941,3378
CTETRA,1768,1,3277,2208,3540,3798
CTETRA,1769,1,2933,2110,3350,3150
CTETRA,1770,1,2582,2932,3593,3594
CTETRA,1771,1,2019,2644,2524,2021
CTETRA,1772,1,829,1279,3897,1370
CTETRA,1773,1,1370,2546,2545,2393
CTETRA,1774,1,593,1870,1863,1869
CTETRA,1775,1,2008,3571,2006,1930
CTETRA,1776,1,2067,2370,2068,2863
CTETRA,1777,1,1199,1197,2324,2438
CTETRA,1778,1,3036,3008,5635,2984
CTETRA,1779,1,5456,2022,1602,5455
CTETRA,1780,1,4561,5242,2093,5280
CTETRA,1781,1,1311,1318,1319,1325
CTETRA,1782,1,4993,4818,4120,3164
CTETRA,1783,1,1904,3260,801,3189
CTETRA,1784,1,1925,5025,4085,2437
CTETRA,1785,1,4263,2433,1454,1904
CTETRA,1786,1,706,1372,842,3436
CTETRA,1787,1,1858,3059,1844,3894
CTETRA,1788,1,366,367,369,2068
CTETRA,1789,1,1039,2674,1045,2899
CTETRA,1790,1,1775,255,3853,1773
CTETRA,1791,1,3174,884,5076,3711
CTETRA,1792,1,3057,2432,3894,2650
CTETRA,1793,1,3155,4877,4168,4921
CTETRA,1794,1,1414,1404,1319,1415
CTETRA,1795,1,4152,4720,3968,4721
CTETRA,1796,1,3152,4479,3155,2285
CTETRA,1797,1,1386,2050,1352,1388
CTETRA,1798,1,5450,3586,5909,2592
CTETRA,1799,1,318,1327,1091,5148
CTETRA,1800,1,343,775,776,382
CTETRA,1801,1,2089,1250,2025,1255
CTETRA,1802,1,777,343,383,382
CTETRA,1803,1,1459,1868,1482,1870
CTETRA,1804,1,1149,6329,3496,3497
CTETRA,1805,1,2170,1439,1831,3752
CTETRA,1806,1,2479,5022,884,857
CTETRA,1807,1,94,197,5679,1005
CTETRA,1808,1,684,693,666,685
CTETRA,1809,1,2796,2797,5242,3569
CTETRA,1810,1,1041,2588,2674,1127
CTETRA,1811,1,5896,4767,261,5895
CTETRA,1812,1,3791,2567,3608,5603
CTETRA,1813,1,6277,3108,1374,3109
CTETRA,1814,1,3798,3968,3277,3329
CTETRA,1815,1,2065,2068,369,2287
CTETRA,1816,1,607,3522,3392,609
CTETRA,1817,1,3150,2110,6475,2428
CTETRA,1818,1,2448,1410,2296,2530
CTETRA,1819,1,3375,1380,3367,1379
CTETRA,1820,1,3894,1858,2688,1844
CTETRA,1821,1,4270,4818,4993,3164
CTETRA,1822,1,1251,2064,2715,2009
CTETRA,1823,1,2077,656,4550,6488
CTETRA,1824,1,1699,1996,2121,2114
CTETRA,1825,1,829,1279,1277,3897
CTETRA,1826,1,2810,3545,3593,1454
CTETRA,1827,1,61,93,92,6493
CTETRA,1828,1,668,691,692,666
CTETRA,1829,1,1376,1357,1342,1528
CTETRA,1830,1,3375,3796,3709,2232
CTETRA,1831,1,1371,3897,1370,4993
CTETRA,1832,1,891,481,890,1217
CTETRA,1833,1,3200,5826,646,2799
CTETRA,1834,1,3347,3677,6482,843
CTETRA,1835,1,2336,503,2335,3345
CTETRA,1836,1,2943,2214,1932,1835
CTETRA,1837,1,884,5022,3175,856
CTETRA,1838,1,3562,855,61,6493
CTETRA,1839,1,2344,2268,695,3228
CTETRA,1840,1,3139,3146,2432,2650
CTETRA,1841,1,2433,1454,1904,3260
CTETRA,1842,1,5321,4767,5896,5895
CTETRA,1843,1,1298,2137,1300,4720
CTETRA,1844,1,4481,654,2446,6488
CTETRA,1845,1,1974,1286,1365,2660
CTETRA,1846,1,1980,2688,1982,1858
CTETRA,1847,1,1626,3209,1620,1157
CTETRA,1848,1,2082,4413,2075,2233
CTETRA,1849,1,3007,4639,6023,2953
CTETRA,1850,1,2631,2209,1980,2688
CTETRA,1851,1,1298,4152,4720,3968
CTETRA,1852,1,1424,4270,2446,6488
CTETRA,1853,1,1964,4153,3599,899
CTETRA,1854,1,2444,1438,2367,2226
CTETRA,1855,1,2077,4550,4919,6488
CTETRA,1856,1,409,808,2032,2080
CTETRA,1857,1,2014,2585,2850,2851
CTETRA,1858,1,638,436,1480,2226
CTETRA,1859,1,4189,200,202,1162
CTETRA,1860,1,835,891,1083,481
CTETRA,1861,1,1310,1309,1297,1295
CTETRA,1862,1,2354,1378,2087,1589
CTETRA,1863,1,2065,1356,2066,2026
CTETRA,1864,1,318,319,317,1331
CTETRA,1865,1,1842,3238,2071,2885
CTETRA,1866,1,647,2559,2561,2698
CTETRA,1867,1,2102,1869,2103,2826
CTETRA,1868,1,5756,5636,5711,3790
CTETRA,1869,1,4039,4040,2286,2285
CTETRA,1870,1,2239,2238,3570,2240
CTETRA,1871,1,841,1054,3404,3463
CTETRA,1872,1,667,736,749,666
CTETRA,1873,1,1285,1356,1361,1358
CTETRA,1874,1,2677,1281,3277,1262
CTETRA,1875,1,1078,974,972,1157
CTETRA,1876,1,2550,4028,4041,5477
CTETRA,1877,1,1355,1360,1247,1286
CTETRA,1878,1,3852,844,706,843
CTETRA,1879,1,2410,1410,1435,2368
CTETRA,1880,1,2484,835,1083,3605
CTETRA,1881,1,2565,1458,403,1457
CTETRA,1882,1,2017,2515,5814,6126
CTETRA,1883,1,1827,1828,1903,1829
CTETRA,1884,1,2866,2857,3341,3346
CTETRA,1885,1,5808,2795,2200,1332
CTETRA,1886,1,2207,2898,3330,1262
CTETRA,1887,1,3785,3189,2764,3187
CTETRA,1888,1,1482,1940,2103,1869
CTETRA,1889,1,2917,4767,260,2918
CTETRA,1890,1,1003,151,519,1204
CTETRA,1891,1,1775,3853,1774,1773
CTETRA,1892,1,1008,840,3358,1984
CTETRA,1893,1,5710,6315,5637,4575
CTETRA,1894,1,2006,6320,6015,3571
CTETRA,1895,1,202,548,200,4189
CTETRA,1896,1,1495,2033,3376,1459
CTETRA,1897,1,3268,3798,3266,5566
CTETRA,1898,1,1261,1282,1283,2545
CTETRA,1899,1,3639,364,3796,2982
CTETRA,1900,1,261,4767,3172,886
CTETRA,1901,1,6038,4944,3828,3830
CTETRA,1902,1,2588,1127,3458,1241
CTETRA,1903,1,1931,1889,6200,1932
CTETRA,1904,1,3562,212,211,1005
CTETRA,1905,1,1876,1677,591,1453
CTETRA,1906,1,816,3228,830,2809
CTETRA,1907,1,1456,3018,1455,1904
CTETRA,1908,1,652,651,653,3793
CTETRA,1909,1,3639,3367,2232,3640
CTETRA,1910,1,2940,697,2939,2350
CTETRA,1911,1,717,716,819,2544
CTETRA,1912,1,5808,1327,2504,5807
CTETRA,1913,1,2121,1665,1699,2114
CTETRA,1914,1,890,196,2299,891
CTETRA,1915,1,4561,5242,5458,2093
CTETRA,1916,1,656,802,2764,4413
CTETRA,1917,1,634,2429,2098,571
CTETRA,1918,1,5808,1349,1332,3351
CTETRA,1919,1,2065,1356,1253,2024
CTETRA,1920,1,2366,638,1480,4261
CTETRA,1921,1,591,1675,1677,1674
CTETRA,1922,1,2065,1356,1285,1253
CTETRA,1923,1,572,801,573,3189
CTETRA,1924,1,1337,2050,1401,1336
CTETRA,1925,1,808,1428,1497,2033
CTETRA,1926,1,6188,6023,5450,5909
CTETRA,1927,1,3091,2266,809,1457
CTETRA,1928,1,1319,1404,1414,1325
CTETRA,1929,1,3585,840,3466,2259
CTETRA,1930,1,1406,3472,2297,2530
CTETRA,1931,1,3569,1826,1782,1780
CTETRA,1932,1,3319,2699,2530,1675
CTETRA,1933,1,2348,2985,761,2402
CTETRA,1934,1,4991,4265,4990,6053
CTETRA,1935,1,1361,2064,1973,1358
CTETRA,1936,1,3299,4720,4722,1298
CTETRA,1937,1,2943,1833,1836,2309
CTETRA,1938,1,1940,1482,1868,1869
CTETRA,1939,1,2058,3968,2678,3277
CTETRA,1940,1,2066,1356,2024,2026
CTETRA,1941,1,6023,5450,3007,2953
CTETRA,1942,1,2111,780,372,3595
CTETRA,1943,1,3791,4574,3789,4180
CTETRA,1944,1,2682,2268,2269,2901
CTETRA,1945,1,1781,1930,3377,1780
CTETRA,1946,1,3968,4152,5566,3798
CTETRA,1947,1,522,2419,1599,3981
CTETRA,1948,1,2684,1599,2419,3981
CTETRA,1949,1,1036,3974,3565,3975
CTETRA,1950,1,196,2479,3532,889
CTETRA,1951,1,469,2795,5808,1332
CTETRA,1952,1,60,519,520,1006
CTETRA,1953,1,2335,3008,2953,3560
CTETRA,1954,1,3569,5242,2796,2798
CTETRA,1955,1,4030,2705,2706,4029
CTETRA,1956,1,2020,3197,2101,1461
CTETRA,1957,1,3181,2040,2039,2849
CTETRA,1958,1,4413,2764,656,3785
CTETRA,1959,1,2865,3341,3404,3474
CTETRA,1960,1,2287,369,2288,1353
CTETRA,1961,1,638,2366,1480,436
CTETRA,1962,1,803,831,717,6487
CTETRA,1963,1,5374,463,646,2560
CTETRA,1964,1,1357,1376,263,1528
CTETRA,1965,1,671,3181,1670,1755
CTETRA,1966,1,365,3354,1396,2987
CTETRA,1967,1,2850,2849,325,2014
CTETRA,1968,1,1391,305,370,3069
CTETRA,1969,1,6417,5819,521,3887
CTETRA,1970,1,1401,3794,3795,3473
CTETRA,1971,1,3214,2626,3970,1186
CTETRA,1972,1,2942,2215,1889,2214
CTETRA,1973,1,1982,2650,3060,3894
CTETRA,1974,1,1905,2938,1904,1903
CTETRA,1975,1,802,655,656,2764
CTETRA,1976,1,1940,2103,1869,2826
CTETRA,1977,1,5819,2603,1374,6277
CTETRA,1978,1,2703,2041,1990,2576
CTETRA,1979,1,2445,3420,2446,4270
CTETRA,1980,1,6174,6251,6175,4913
CTETRA,1981,1,2308,2309,2310,2691
CTETRA,1982,1,4236,1905,571,1903
CTETRA,1983,1,3789,5756,4574,3791
CTETRA,1984,1,3018,2582,1455,1904
CTETRA,1985,1,2214,2942,1837,2943
CTETRA,1986,1,1125,3461,748,747
CTETRA,1987,1,1360,1355,1247,360
CTETRA,1988,1,629,255,1775,1773
CTETRA,1989,1,5148,1327,1091,3351
CTETRA,1990,1,729,382,1304,1308
CTETRA,1991,1,3894,3895,3060,3061
CTETRA,1992,1,6293,6041,3735,3075
CTETRA,1993,1,432,595,619,3027
CTETRA,1994,1,816,815,696,817
CTETRA,1995,1,1358,1973,1361,1286
CTETRA,1996,1,1242,1260,792,3512
CTETRA,1997,1,1901,1902,615,1900
CTETRA,1998,1,777,775,3012,2571
CTETRA,1999,1,2008,3570,1930,1781
CTETRA,2000,1,520,212,60,1006
CTETRA,2001,1,1562,6408,515,3185
CTETRA,2002,1,1377,263,1376,1528
CTETRA,2003,1,1923,3747,2437,2762
CTETRA,2004,1,1197,2324,2438,3270
CTETRA,2005,1,3570,2008,2239,1781
CTETRA,2006,1,4213,698,682,2800
CTETRA,2007,1,2491,761,609,2349
CTETRA,2008,1,5242,5123,4562,5458
CTETRA,2009,1,1840,594,1839,1838
CTETRA,2010,1,1259,3330,2898,1262
CTETRA,2011,1,2103,3788,1867,1482
CTETRA,2012,1,3894,2688,1858,1982
CTETRA,2013,1,102,1708,1707,3680
CTETRA,2014,1,3109,4292,5820,3886
CTETRA,2015,1,2550,5477,4040,2815
CTETRA,2016,1,6417,2419,100,2687
CTETRA,2017,1,684,693,685,2011
CTETRA,2018,1,410,1459,2228,1870
CTETRA,2019,1,2869,1685,4236,1901
CTETRA,2020,1,1409,619,620,1408
CTETRA,2021,1,6293,5935,3074,5427
CTETRA,2022,1,3007,6023,4639,5633
CTETRA,2023,1,2990,1394,3455,2989
CTETRA,2024,1,3152,3154,6245,4057
CTETRA,2025,1,2444,2367,1435,2226
CTETRA,2026,1,5961,2007,5503,3143
CTETRA,2027,1,1394,2922,3455,2989
CTETRA,2028,1,2029,102,3681,3682
CTETRA,2029,1,3450,653,3267,3933
CTETRA,2030,1,1353,1354,2287,1288
CTETRA,2031,1,3058,2310,2309,2691
CTETRA,2032,1,3345,3558,792,501
CTETRA,2033,1,1085,6479,1178,1215
CTETRA,2034,1,1888,2102,2103,2826
CTETRA,2035,1,2065,1356,1353,1288
CTETRA,2036,1,5477,2705,2550,4029
CTETRA,2037,1,1421,1677,3516,3012
CTETRA,2038,1,5280,3328,5243,5826
CTETRA,2039,1,1017,1001,1002,1006
CTETRA,2040,1,646,5374,2560,2799
CTETRA,2041,1,363,264,1383,1437
CTETRA,2042,1,3156,4168,3155,3830
CTETRA,2043,1,2308,2217,2651,2310
CTETRA,2044,1,1378,2086,2087,1589
CTETRA,2045,1,4720,4722,2138,2668
CTETRA,2046,1,2308,2943,1942,1835
CTETRA,2047,1,3003,1386,305,1388
CTETRA,2048,1,894,2568,893,2259
CTETRA,2049,1,2310,2651,2308,2691
CTETRA,2050,1,2286,4040,3157,2285
CTETRA,2051,1,893,3585,2259,1984
CTETRA,2052,1,2286,4040,4160,3153
CTETRA,2053,1,2439,637,638,4261
CTETRA,2054,1,3798,3268,4152,5566
CTETRA,2055,1,3395,3180,1045,1275
CTETRA,2056,1,3895,767,768,3061
CTETRA,2057,1,775,777,776,2571
CTETRA,2058,1,362,363,2086,1378
CTETRA,2059,1,1197,2438,1199,1198
CTETRA,2060,1,694,697,2399,2138
CTETRA,2061,1,2586,3345,1260,502
CTETRA,2062,1,1868,1482,1458,1459
CTETRA,2063,1,1837,2214,2943,1836
CTETRA,2064,1,1421,3319,2530,1675
CTETRA,2065,1,1435,437,436,2226
CTETRA,2066,1,5631,3358,2347,2491
CTETRA,2067,1,2546,1282,1370,2545
CTETRA,2068,1,260,5203,2917,2331
CTETRA,2069,1,3299,4152,4720,1298
CTETRA,2070,1,4189,480,200,1162
CTETRA,2071,1,2308,2943,1835,1834
CTETRA,2072,1,3354,2068,367,2863
CTETRA,2074,1,2041,1525,1524,2576
CTETRA,2075,1,4114,1829,4267,3820
CTETRA,2076,1,2336,503,2592,2953
CTETRA,2077,1,1320,1419,1318,1311
CTETRA,2078,1,706,704,3392,3436
CTETRA,2079,1,5904,3596,635,1690
CTETRA,2080,1,2682,2268,2901,811
CTETRA,2081,1,2981,889,2484,891
CTETRA,2082,1,1384,1383,362,1378
CTETRA,2083,1,2013,2014,2585,2850
CTETRA,2084,1,6431,3110,6277,3109
CTETRA,2085,1,2491,609,607,2349
CTETRA,2086,1,1901,5063,3820,3819
CTETRA,2087,1,2571,777,776,1318
CTETRA,2088,1,6074,6015,1928,1930
CTETRA,2089,1,2086,1517,1378,2087
CTETRA,2090,1,821,699,662,3536
CTETRA,2091,1,3267,3540,3933,4282
CTETRA,2092,1,2899,1039,1199,3180
CTETRA,2093,1,404,403,2356,1458
CTETRA,2094,1,2331,2332,5203,2333
CTETRA,2095,1,6479,480,481,1085
CTETRA,2096,1,6431,5819,5456,3109
CTETRA,2097,1,1703,256,254,2118
CTETRA,2098,1,1890,1889,2856,1841
CTETRA,2099,1,2564,2235,655,3666
CTETRA,2100,1,5573,3235,5710,3221
CTETRA,2101,1,2238,3143,3570,2240
CTETRA,2102,1,2419,522,521,6417
CTETRA,2103,1,1364,453,1246,2449
CTETRA,2104,1,1163,480,4189,1162
CTETRA,2105,1,5203,3235,2331,2333
CTETRA,2106,1,325,565,256,1693
CTETRA,2107,1,1982,2650,3894,2432
CTETRA,2108,1,2979,1524,82,3888
CTETRA,2109,1,366,368,369,2862
CTETRA,2110,1,889,2483,2484,4964
CTETRA,2111,1,503,2336,2335,2953
CTETRA,2112,1,2091,410,1425,1870
CTETRA,2113,1,1247,1285,1355,1286
CTETRA,2114,1,2603,5556,1374,6277
CTETRA,2115,1,596,1838,2132,1453
CTETRA,2116,1,651,3267,4282,3266
CTETRA,2117,1,3607,3606,5076,5077
CTETRA,2118,1,3299,2139,4036,1298
CTETRA,2119,1,2119,378,2120,3412
CTETRA,2120,1,1458,1482,2756,1459
CTETRA,2121,1,1276,2504,2795,5808
CTETRA,2122,1,2865,1008,2347,2568
CTETRA,2123,1,3535,662,652,3536
CTETRA,2124,1,2504,468,1276,2795
CTETRA,2125,1,1374,5819,6277,3109
CTETRA,2126,1,2392,1298,2137,1300
CTETRA,2127,1,1458,403,402,2565
CTETRA,2128,1,6314,858,856,857
CTETRA,2129,1,3605,837,1216,1051
CTETRA,2130,1,2436,4931,5025,3184
CTETRA,2131,1,1463,655,654,2081
CTETRA,2132,1,705,844,3345,2336
CTETRA,2133,1,4550,656,654,6488
CTETRA,2134,1,4413,779,2075,2233
CTETRA,2135,1,3277,2208,3798,3331
CTETRA,2136,1,263,3316,1357,2847
CTETRA,2137,1,2550,4028,5477,4029
CTETRA,2138,1,4028,4041,5477,4029
CTETRA,2139,1,2979,1373,82,1589
CTETRA,2140,1,4265,5172,1038,1215
CTETRA,2141,1,3060,3894,2650,3057
CTETRA,2142,1,5203,260,2332,2331
CTETRA,2143,1,3331,3798,3277,3329
CTETRA,2144,1,2919,2918,2917,2331
CTETRA,2145,1,366,367,2068,2863
CTETRA,2146,1,5573,5710,5637,4734
CTETRA,2147,1,631,255,629,1773
CTETRA,2148,1,3059,1844,3894,3061
CTETRA,2149,1,3785,2082,2075,2077
CTETRA,2150,1,60,59,2276,2275
CTETRA,2151,1,5075,3790,858,3175
CTETRA,2152,1,565,567,566,323
CTETRA,2153,1,3562,211,5779,1005
CTETRA,2154,1,2249,2248,3257,1776
CTETRA,2155,1,1410,2410,1435,2443
CTETRA,2156,1,2814,5738,5477,3020
CTETRA,2157,1,480,1194,1163,1178
CTETRA,2158,1,4160,2550,4028,4041
CTETRA,2159,1,1464,2564,347,2565
CTETRA,2160,1,623,1461,2141,2631
CTETRA,2161,1,212,96,60,5388
CTETRA,2162,1,4032,1995,3281,1996
CTETRA,2163,1,3461,748,1245,1368
CTETRA,2164,1,1053,2347,2491,2349
CTETRA,2165,1,4175,1904,1454,3260
CTETRA,2166,1,2034,1410,636,1406
CTETRA,2167,1,201,548,1073,2618
CTETRA,2168,1,6302,412,411,6270
CTETRA,2169,1,2310,2309,2649,3451
CTETRA,2170,1,2139,4036,3267,3299
CTETRA,2171,1,2235,2234,5499,3666
CTETRA,2172,1,380,377,317,1311
CTETRA,2173,1,1299,1328,1300,2200
CTETRA,2174,1,2393,843,2545,4120
CTETRA,2175,1,5456,2022,6431,3109
CTETRA,2176,1,1178,6110,480,4189
CTETRA,2177,1,2938,5063,4023,4263
CTETRA,2178,1,1985,704,1986,3648
CTETRA,2179,1,324,1796,2040,2849
CTETRA,2180,1,5285,1774,993,2030
CTETRA,2181,1,2064,1356,2024,1358
CTETRA,2182,1,776,777,775,343
CTETRA,2183,1,6179,5995,1265,6343
CTETRA,2184,1,3008,503,2335,2953
CTETRA,2185,1,3139,3058,2310,2650
CTETRA,2186,1,1102,1100,1099,1101
CTETRA,2187,1,1524,1527,84,1440
CTETRA,2188,1,2705,2814,3740,2550
CTETRA,2189,1,1826,3090,463,1782
CTETRA,2190,1,3266,4282,651,5635
CTETRA,2191,1,432,594,3027,2196
CTETRA,2192,1,5636,5711,858,5710
CTETRA,2193,1,3981,2684,3256,2683
CTETRA,2194,1,654,656,4550,5499
CTETRA,2195,1,2814,3138,2601,3740
CTETRA,2196,1,3608,3790,5603,6335
CTETRA,2197,1,1482,2103,1870,1869
CTETRA,2198,1,6417,521,2419,3887
CTETRA,2199,1,501,3036,6482,3558
CTETRA,2200,1,2284,1828,2550,2815
CTETRA,2201,1,1388,1352,305,1393
CTETRA,2202,1,324,1796,554,2040
CTETRA,2203,1,6245,3156,4168,3155
CTETRA,2204,1,1858,3059,3894,1981
CTETRA,2205,1,655,2564,3666,1464
CTETRA,2206,1,3354,2026,2068,1255
CTETRA,2207,1,4722,2669,694,2138
CTETRA,2208,1,1419,3012,777,1296
CTETRA,2209,1,1197,1290,1126,1198
CTETRA,2210,1,5909,6023,5450,3007
CTETRA,2211,1,3090,2708,2601,462
CTETRA,2212,1,3558,3512,501,2163
CTETRA,2213,1,402,3092,1458,2565
CTETRA,2214,1,6362,4911,5961,3145
CTETRA,2215,1,3298,2309,766,1832
CTETRA,2216,1,2234,5499,656,2235
CTETRA,2217,1,3091,809,348,1457
CTETRA,2218,1,4640,5848,5632,5909
CTETRA,2219,1,2810,3594,1685,4236
CTETRA,2220,1,4005,580,581,4676
CTETRA,2221,1,5756,4574,3791,5603
CTETRA,2222,1,778,2428,3150,6475
CTETRA,2223,1,1974,333,335,2661
CTETRA,2224,1,6188,3585,1984,3587
CTETRA,2225,1,1394,265,1382,3455
CTETRA,2226,1,3008,2335,652,3560
CTETRA,2227,1,2226,1425,1426,1676
CTETRA,2228,1,6135,2336,3561,3179
CTETRA,2229,1,717,804,715,2544
CTETRA,2230,1,1184,1262,3970,2677
CTETRA,2231,1,4265,3974,3565,1036
CTETRA,2232,1,3189,2433,2764,3187
CTETRA,2233,1,2068,2065,2026,1353
CTETRA,2234,1,3155,6245,3152,2285
CTETRA,2235,1,5059,212,211,6384
CTETRA,2236,1,4991,3565,3974,3975
CTETRA,2237,1,1888,2101,2102,2020
CTETRA,2238,1,4261,637,638,2379
CTETRA,2239,1,705,607,3522,3392
CTETRA,2240,1,2065,2068,2370,3792
CTETRA,2241,1,2332,858,5203,5710
CTETRA,2242,1,2524,2209,2644,1980
CTETRA,2243,1,2419,1687,1598,3620
CTETRA,2244,1,60,59,212,5388
CTETRA,2245,1,3213,2096,1299,3214
CTETRA,2246,1,3420,4919,4481,6488
CTETRA,2247,1,647,646,463,2560
CTETRA,2248,1,3540,4282,2208,3677
CTETRA,2249,1,3796,3375,3639,2232
CTETRA,2250,1,856,262,6314,857
CTETRA,2251,1,4265,1196,6054,6053
CTETRA,2252,1,4876,3770,6038,3830
CTETRA,2253,1,2875,2874,571,2237
CTETRA,2254,1,1162,1163,5395,4190
CTETRA,2255,1,4114,1901,1829,3820
CTETRA,2256,1,5603,3791,3790,3608
CTETRA,2257,1,3709,3640,2232,3710
CTETRA,2258,1,1524,1989,2576,4277
CTETRA,2259,1,4723,3968,4720,4721
CTETRA,2260,1,2985,761,5633,2348
CTETRA,2261,1,2023,1602,2022,5455
CTETRA,2262,1,84,1524,1440,3888
CTETRA,2263,1,2545,3677,843,2393
CTETRA,2264,1,1085,6479,1177,1178
CTETRA,2265,1,3266,5635,5566,3798
CTETRA,2266,1,1197,3346,1036,3270
CTETRA,2267,1,682,698,683,2596
CTETRA,2268,1,1395,263,265,1528
CTETRA,2269,1,3828,4944,3156,3830
CTETRA,2270,1,1524,1989,2041,2576
CTETRA,2271,1,3496,3565,1197,1126
CTETRA,2272,1,1782,5374,3569,2798
CTETRA,2273,1,5242,3328,2796,5280
CTETRA,2274,1,593,592,591,1674
CTETRA,2275,1,5633,5909,5632,2348
CTETRA,2276,1,2064,1251,2024,2009
CTETRA,2277,1,5448,3377,6198,1928
CTETRA,2278,1,346,348,347,2565
CTETRA,2279,1,3640,3639,3375,2232
CTETRA,2280,1,262,261,260,3172
CTETRA,2281,1,662,699,660,2079
CTETRA,2282,1,3143,5479,2007,2238
CTETRA,2283,1,3648,1986,1985,3208
CTETRA,2284,1,1380,3639,3375,3367
CTETRA,2285,1,369,2068,2065,3792
CTETRA,2286,1,2257,2189,2256,2901
CTETRA,2287,1,5148,2504,1327,5807
CTETRA,2288,1,2217,2690,2308,2691
CTETRA,2289,1,1986,607,1985,1984
CTETRA,2290,1,6270,412,411,5567
CTETRA,2291,1,3968,2678,3329,1267
CTETRA,2292,1,3154,3152,6245,2285
CTETRA,2293,1,3378,3138,2601,1902
CTETRA,2294,1,1369,1363,1285,1355
CTETRA,2295,1,1286,1974,1360,2660
CTETRA,2296,1,3329,4161,1267,1184
CTETRA,2297,1,2138,1298,4722,4720
CTETRA,2298,1,436,2226,2228,1480
CTETRA,2299,1,906,3722,908,907
CTETRA,2300,1,1703,254,2029,2118
CTETRA,2301,1,1841,1842,2652,2942
CTETRA,2302,1,1620,2558,1078,1157
CTETRA,2303,1,4270,4169,3420,6488
CTETRA,2304,1,324,1798,1796,2849
CTETRA,2305,1,2436,1939,2437,3747
CTETRA,2306,1,380,378,2120,2119
CTETRA,2307,1,1932,1889,2943,1835
CTETRA,2308,1,4550,4481,4919,6488
CTETRA,2309,1,638,2379,1480,4261
CTETRA,2310,1,3933,3677,3540,2393
CTETRA,2311,1,1928,3377,6198,1930
CTETRA,2312,1,2284,2550,2286,2815
CTETRA,2313,1,3412,2504,1276,2503
CTETRA,2314,1,1598,1687,523,1587
CTETRA,2315,1,1216,1083,835,3605
CTETRA,2316,1,2240,3143,3570,3714
CTETRA,2317,1,1374,2603,5819,3887
CTETRA,2318,1,900,3585,3466,2259
CTETRA,2319,1,2309,2649,2308,2310
CTETRA,2320,1,1336,3084,303,1352
CTETRA,2321,1,201,548,202,1073
CTETRA,2322,1,1995,4032,1997,1996
CTETRA,2323,1,2226,1438,2577,2227
CTETRA,2324,1,84,83,82,3888
CTETRA,2325,1,3144,4874,5029,4023
CTETRA,2326,1,2581,371,372,2111
CTETRA,2327,1,635,3596,1599,1690
CTETRA,2328,1,624,623,1858,2688
CTETRA,2329,1,2661,1974,333,3089
CTETRA,2330,1,1125,1294,1293,2364
CTETRA,2331,1,2545,2546,2562,2393
CTETRA,2332,1,96,60,95,212
CTETRA,2333,1,1415,1406,3472,2297
CTETRA,2334,1,5087,5086,6021,5420
CTETRA,2335,1,2732,4267,1902,3378
CTETRA,2336,1,571,1901,4236,1903
CTETRA,2337,1,3606,5075,3607,5076
CTETRA,2338,1,265,1394,2922,3455
CTETRA,2339,1,304,2050,1387,1337
CTETRA,2340,1,548,202,1072,4189
CTETRA,2341,1,3973,2515,3765,1807
CTETRA,2342,1,6261,581,579,4676
CTETRA,2343,1,1307,729,1304,1308
CTETRA,2344,1,4640,4639,6023,5633
CTETRA,2345,1,2228,1425,410,1870
CTETRA,2346,1,2670,2671,2939,749
CTETRA,2347,1,1401,2050,1337,3004
CTETRA,2348,1,2545,1370,2393,4120
CTETRA,2349,1,3017,2342,2582,2341
CTETRA,2350,1,2354,2087,2979,1589
CTETRA,2351,1,2308,2651,2217,2691
CTETRA,2352,1,4809,581,579,5044
CTETRA,2353,1,3852,6482,2335,843
CTETRA,2354,1,3008,6482,2335,3345
CTETRA,2355,1,2432,3057,3139,2650
CTETRA,2356,1,1675,2699,2530,2443
CTETRA,2357,1,2213,2217,2651,2690
CTETRA,2358,1,2075,4413,2082,3785
CTETRA,2359,1,3970,3214,1186,2678
CTETRA,2360,1,2938,1905,2582,4236
CTETRA,2361,1,1707,2030,5285,993
CTETRA,2362,1,2412,2347,2401,2865
CTETRA,2363,1,1246,1188,453,1364
CTETRA,2364,1,655,656,5499,2235
CTETRA,2365,1,799,346,3847,3750
CTETRA,2366,1,1365,2064,1358,1973
CTETRA,2367,1,3677,6482,3558,3347
CTETRA,2368,1,1980,2133,2524,2631
CTETRA,2369,1,501,3008,2984,503
CTETRA,2370,1,3562,59,61,855
CTETRA,2371,1,1438,437,2367,2226
CTETRA,2372,1,362,3193,1434,2343
CTETRA,2373,1,1903,1901,1829,4114
CTETRA,2374,1,362,3193,1378,2086
CTETRA,2375,1,2353,1867,3788,1482
CTETRA,2376,1,2524,2070,2523,2021
CTETRA,2377,1,1974,1972,335,3089
CTETRA,2378,1,1424,656,2764,6488
CTETRA,2379,1,2875,2075,2076,3188
CTETRA,2380,1,2120,2794,1295,2119
CTETRA,2381,1,1045,1046,2586,2402
CTETRA,2382,1,694,2399,2139,2138
CTETRA,2383,1,2137,2939,697,2350
CTETRA,2384,1,5910,3585,1984,6188
CTETRA,2385,1,1480,2103,1865,2101
CTETRA,2386,1,5025,1923,3747,2437
CTETRA,2387,1,4153,3599,6038,3829
CTETRA,2388,1,3018,3017,2428,2110
CTETRA,2389,1,1685,2869,1900,1901
CTETRA,2390,1,2226,436,2228,2227
CTETRA,2391,1,1394,1395,264,265
CTETRA,2392,1,2213,2644,2209,3146
CTETRA,2393,1,4144,762,502,2985
CTETRA,2394,1,748,747,746,1125
CTETRA,2395,1,3455,2990,2989,3069
CTETRA,2396,1,1522,1517,2354,1378
CTETRA,2397,1,324,323,325,2014
CTETRA,2398,1,3711,3606,5077,3174
CTETRA,2399,1,3164,6025,4818,3165
CTETRA,2400,1,636,1405,3516,1407
CTETRA,2401,1,6245,6161,3156,4057
CTETRA,2402,1,4945,6161,6245,4057
CTETRA,2403,1,749,713,667,666
CTETRA,2404,1,4040,4041,4160,3153
CTETRA,2405,1,2138,2137,4720,2668
CTETRA,2406,1,3200,632,5826,1778
CTETRA,2407,1,5242,4562,4561,5458
CTETRA,2408,1,1932,1889,2215,2214
CTETRA,2409,1,6342,2939,2670,2668
CTETRA,2410,1,2012,1972,2715,2064
CTETRA,2411,1,732,672,692,2350
CTETRA,2412,1,2559,1779,3200,2560
CTETRA,2413,1,705,1986,607,1985
CTETRA,2414,1,5281,4085,5025,3184
CTETRA,2415,1,2437,2436,5025,3184
CTETRA,2416,1,1278,2200,1276,2795
CTETRA,2417,1,4767,260,261,3172
CTETRA,2418,1,5920,5043,6290,6320
CTETRA,2419,1,480,200,482,1177
CTETRA,2420,1,1392,3473,1388,1393
CTETRA,2421,1,3197,430,1866,2197
CTETRA,2422,1,3506,3188,3785,3187
CTETRA,2423,1,2335,2336,3345,844
CTETRA,2424,1,3793,652,651,3008
CTETRA,2425,1,717,803,804,831
CTETRA,2426,1,3570,2008,2238,2239
CTETRA,2427,1,2483,837,2484,3605
CTETRA,2428,1,1318,777,343,1311
CTETRA,2429,1,28,2370,2067,2863
CTETRA,2430,1,2240,5503,3145,3144
CTETRA,2431,1,883,681,698,3536
CTETRA,2432,1,2021,2523,3238,2070
CTETRA,2433,1,2480,362,2805,2052
CTETRA,2434,1,3586,5450,705,2592
CTETRA,2435,1,1627,1626,1102,972
CTETRA,2436,1,3886,295,101,5455
CTETRA,2437,1,694,3299,4722,2138
CTETRA,2438,1,2885,2071,1842,2589
CTETRA,2439,1,5603,892,3608,6335
CTETRA,2440,1,2194,2193,2581,1455
CTETRA,2441,1,1829,1901,5063,3820
CTETRA,2442,1,1262,2625,3970,2677
CTETRA,2443,1,410,409,2032,2080
CTETRA,2444,1,2236,801,798,800
CTETRA,2445,1,502,761,503,2985
CTETRA,2446,1,1267,2678,3329,1184
CTETRA,2447,1,3227,3228,2808,2809
CTETRA,2448,1,264,363,1383,1378
CTETRA,2449,1,2343,1434,362,2052
CTETRA,2450,1,5870,2347,5631,2568
CTETRA,2451,1,3886,1602,295,5455
CTETRA,2452,1,294,295,1603,6209
CTETRA,2453,1,2582,3593,1455,1454
CTETRA,2454,1,3680,3682,102,2683
CTETRA,2455,1,1310,1295,2794,2119
CTETRA,2456,1,3570,2239,2240,3714
CTETRA,2457,1,3057,768,3058,3451
CTETRA,2458,1,1494,1991,2266,1969
CTETRA,2459,1,378,468,3412,1323
CTETRA,2460,1,1968,1492,403,1991
CTETRA,2461,1,2922,1394,1341,2989
CTETRA,2462,1,746,3458,1127,1241
CTETRA,2463,1,2543,2283,2256,2890
CTETRA,2464,1,694,2399,2400,2139
CTETRA,2465,1,5871,829,3897,4993
CTETRA,2466,1,5112,4931,5029,2436
CTETRA,2467,1,2543,2544,2189,2257
CTETRA,2468,1,3268,4152,5566,4721
CTETRA,2469,1,4346,5450,6023,6135
CTETRA,2470,1,3189,802,801,4413
CTETRA,2471,1,1294,1293,747,1125
CTETRA,2472,1,367,366,3354,2863
CTETRA,2473,1,1378,2343,3193,1384
CTETRA,2474,1,360,1247,1245,1246
CTETRA,2475,1,2988,1669,1671,1698
CTETRA,2476,1,3346,1036,3565,1197
CTETRA,2477,1,1687,523,2419,1598
CTETRA,2478,1,682,681,698,4213
CTETRA,2479,1,2849,324,325,2014
CTETRA,2480,1,5044,581,579,6261
CTETRA,2481,1,4767,260,3172,2917
CTETRA,2482,1,5918,5043,2007,6290
CTETRA,2483,1,1262,2677,1281,2625
CTETRA,2484,1,1984,3586,6188,3587
CTETRA,2485,1,705,704,706,844
CTETRA,2486,1,1374,1592,5556,2603
CTETRA,2487,1,2268,2682,810,811
CTETRA,2488,1,3378,2941,2602,2601
CTETRA,2489,1,2698,3200,646,2560
CTETRA,2490,1,2058,1299,2096,3214
CTETRA,2491,1,3181,2040,2850,2851
CTETRA,2492,1,332,330,331,329
CTETRA,2493,1,835,3549,481,1083
CTETRA,2494,1,3221,3235,5710,2333
CTETRA,2495,1,2524,2644,2070,2021
CTETRA,2496,1,1524,84,82,3888
CTETRA,2497,1,3933,651,3267,4282
CTETRA,2498,1,3461,302,301,1368
CTETRA,2499,1,3143,2240,3144,3714
CTETRA,2500,1,3791,3790,5756,5603
CTETRA,2501,1,410,1426,2227,409
CTETRA,2502,1,2058,2677,3277,2678
CTETRA,2503,1,4036,3267,3540,3933
CTETRA,2504,1,2687,2419,100,3981
CTETRA,2505,1,1194,1196,1195,5172
CTETRA,2506,1,1387,304,370,1386
CTETRA,2507,1,1984,607,3358,2491
CTETRA,2508,1,857,5022,262,885
CTETRA,2509,1,2544,2189,831,817
CTETRA,2510,1,3277,3330,2677,1262
CTETRA,2511,1,3091,372,373,2431
CTETRA,2512,1,5276,992,2248,3850
CTETRA,2513,1,1690,635,3621,2684
CTETRA,2514,1,2729,1392,364,1437
CTETRA,2515,1,1829,4114,4267,2602
CTETRA,2516,1,2410,1410,2448,2443
CTETRA,2517,1,1827,4262,1828,1829
CTETRA,2518,1,323,565,567,325
CTETRA,2519,1,2342,2110,3017,2582
CTETRA,2520,1,6110,5395,1163,4190
CTETRA,2521,1,4032,3281,6408,1996
CTETRA,2522,1,2216,808,807,2032
CTETRA,2523,1,2504,5808,5807,1349
CTETRA,2524,1,1285,1356,2065,1288
CTETRA,2525,1,4152,4282,3798,3540
CTETRA,2526,1,1360,1368,1247,1286
CTETRA,2527,1,265,264,1394,1382
CTETRA,2528,1,1216,1083,3605,4964
CTETRA,2529,1,4023,5063,1829,1827
CTETRA,2530,1,324,567,565,325
CTETRA,2531,1,621,620,619,1408
CTETRA,2532,1,404,2356,2253,2352
CTETRA,2533,1,2120,1295,380,2119
CTETRA,2534,1,1479,1480,436,2228
CTETRA,2535,1,889,2981,888,891
CTETRA,2536,1,656,2077,2764,6488
CTETRA,2537,1,6188,5450,3586,5909
CTETRA,2538,1,813,596,432,2132
CTETRA,2539,1,656,2082,4550,2234
CTETRA,2540,1,3267,4152,3268,4721
CTETRA,2541,1,4944,3156,6161,3828
CTETRA,2542,1,1438,2577,437,2226
CTETRA,2543,1,653,661,3535,3619
CTETRA,2544,1,802,2235,2564,2236
CTETRA,2545,1,3175,5022,262,856
CTETRA,2546,1,4189,202,1072,1221
CTETRA,2547,1,4944,4168,3156,3830
CTETRA,2548,1,319,318,2011,1089
CTETRA,2549,1,59,60,2276,5388
CTETRA,2550,1,732,2939,2137,2350
CTETRA,2551,1,1318,1419,777,1311
CTETRA,2552,1,3200,629,632,1778
CTETRA,2553,1,2275,2276,60,5388
CTETRA,2554,1,1870,2228,1425,1676
CTETRA,2555,1,1828,2705,2814,2601
CTETRA,2556,1,2228,1459,1482,1870
CTETRA,2557,1,653,662,652,3535
CTETRA,2558,1,3682,101,102,2687
CTETRA,2559,1,3788,1479,1429,1481
CTETRA,2560,1,2649,2217,2310,2651
CTETRA,2561,1,3083,1842,3082,3238
CTETRA,2562,1,549,152,1018,2618
CTETRA,2563,1,2110,3017,2582,3018
CTETRA,2564,1,1939,3260,2433,2764
CTETRA,2565,1,2504,1276,468,3412
CTETRA,2566,1,4874,3144,1827,4023
CTETRA,2567,1,2763,1868,1870,1869
CTETRA,2568,1,2007,3143,2238,2240
CTETRA,2569,1,1832,2309,766,1834
CTETRA,2570,1,2039,2040,1796,2849
CTETRA,2571,1,1003,519,1002,1001
CTETRA,2572,1,2419,522,100,3981
CTETRA,2573,1,3793,653,652,3535
CTETRA,2574,1,380,379,378,2119
CTETRA,2575,1,3666,2564,347,1464
CTETRA,2576,1,2947,1990,3397,1988
CTETRA,2577,1,2953,6023,5450,6135
CTETRA,2578,1,3143,2007,5503,2240
CTETRA,2579,1,3785,2075,3188,2076
CTETRA,2580,1,514,1665,1699,2121
CTETRA,2581,1,2253,403,404,1968
CTETRA,2582,1,2342,1685,2582,2341
CTETRA,2583,1,705,844,3852,3345
CTETRA,2584,1,196,2479,198,3532
CTETRA,2585,1,572,2874,3190,2237
CTETRA,2586,1,1300,1278,2134,1277
CTETRA,2587,1,1293,453,496,2364
CTETRA,2588,1,1318,317,343,1331
CTETRA,2589,1,5820,5456,3109,3886
CTETRA,2590,1,3351,1348,1332,1264
CTETRA,2591,1,3677,2208,3036,4282
CTETRA,2592,1,3058,766,768,3056
CTETRA,2593,1,2163,3762,2984,3036
CTETRA,2594,1,4944,6161,4945,3828
CTETRA,2595,1,3197,2101,1866,2020
CTETRA,2596,1,2033,3376,1459,2032
CTETRA,2597,1,3378,4267,1902,2602
CTETRA,2598,1,2530,1421,1675,1677
CTETRA,2599,1,2564,346,347,2565
CTETRA,2600,1,295,294,293,6209
CTETRA,2601,1,1368,1365,1286,2660
CTETRA,2602,1,430,2197,3197,1840
CTETRA,2603,1,3208,1964,1986,3467
CTETRA,2604,1,1904,1903,2938,4263
CTETRA,2605,1,2209,2644,2070,2524
CTETRA,2606,1,2183,6068,5281,3183
CTETRA,2607,1,3214,3213,2096,1269
CTETRA,2608,1,3512,501,792,3558
CTETRA,2609,1,1826,3570,2239,1781
CTETRA,2610,1,3747,2434,4022,5028
CTETRA,2611,1,3461,301,748,1368
CTETRA,2612,1,3558,6482,3345,3852
CTETRA,2613,1,1989,2087,4277,2354
CTETRA,2614,1,1829,2602,3714,1828
CTETRA,2615,1,2919,2917,5203,2331
CTETRA,2616,1,2398,4036,2139,1298
CTETRA,2617,1,1216,835,837,3605
CTETRA,2618,1,410,2032,2033,1459
CTETRA,2619,1,5322,5897,5319,5086
CTETRA,2620,1,5063,4236,2938,3819
CTETRA,2621,1,2103,1867,1940,1482
CTETRA,2622,1,826,688,687,6487
CTETRA,2623,1,831,2189,2544,2257
CTETRA,2624,1,1493,346,3750,3847
CTETRA,2625,1,1247,1363,360,1355
CTETRA,2626,1,803,2881,3227,6487
CTETRA,2627,1,2677,2058,3277,1281
CTETRA,2628,1,623,1461,2631,2140
CTETRA,2629,1,3852,2335,6482,3345
CTETRA,2630,1,1407,3516,636,1408
CTETRA,2631,1,1464,1868,3092,1458
CTETRA,2632,1,2550,4040,2286,2815
CTETRA,2633,1,3235,2917,5203,2919
CTETRA,2634,1,3341,2857,2866,2865
CTETRA,2635,1,363,362,364,1383
CTETRA,2636,1,373,3091,2431,3750
CTETRA,2637,1,520,519,1001,1006
CTETRA,2638,1,1986,3648,1964,3208
CTETRA,2639,1,1589,263,1378,2088
CTETRA,2640,1,5814,2017,6126,2015
CTETRA,2641,1,1352,305,1386,1388
CTETRA,2642,1,858,5711,5636,3790
CTETRA,2643,1,1687,1443,523,1587
CTETRA,2644,1,716,715,2543,2544
CTETRA,2645,1,5320,5321,2917,2918
CTETRA,2646,1,4911,5961,3145,4910
CTETRA,2647,1,1669,1664,1671,1698
CTETRA,2648,1,1188,453,452,1246
CTETRA,2649,1,2086,2087,1589,2088
CTETRA,2650,1,5995,6342,1326,6343
CTETRA,2651,1,1839,593,1674,1863
CTETRA,2652,1,1387,1337,2050,3004
CTETRA,2653,1,6479,1177,480,1085
CTETRA,2654,1,2013,2014,323,2853
CTETRA,2655,1,1480,2195,4261,2379
CTETRA,2656,1,1197,3346,2438,1126
CTETRA,2657,1,1517,1989,1519,2041
CTETRA,2658,1,691,714,668,795
CTETRA,2659,1,2545,1283,1261,3347
CTETRA,2660,1,6314,262,260,3172
CTETRA,2661,1,714,684,691,668
CTETRA,2662,1,1356,1285,1361,1355
CTETRA,2663,1,3747,1923,2547,2762
CTETRA,2664,1,807,347,1460,2080
CTETRA,2665,1,3350,2341,2098,2967
CTETRA,2666,1,462,1825,2602,3090
CTETRA,2667,1,2139,2392,2398,1298
CTETRA,2668,1,3181,2040,2849,2850
CTETRA,2669,1,1358,2064,1253,2024
CTETRA,2670,1,3565,3346,1197,1126
CTETRA,2671,1,3599,1986,704,3648
CTETRA,2672,1,1392,2729,1393,1437
CTETRA,2673,1,1942,2308,1835,1933
CTETRA,2674,1,1439,2140,623,2631
CTETRA,2675,1,609,608,607,2349
CTETRA,2676,1,1362,1369,1289,1291
CTETRA,2677,1,5028,5029,4931,2436
CTETRA,2678,1,688,826,819,6487
CTETRA,2679,1,5910,5632,895,5848
CTETRA,2680,1,502,503,501,4144
CTETRA,2681,1,1298,3299,2139,2138
CTETRA,2682,1,884,3174,5076,3175
CTETRA,2683,1,2560,3200,646,2799
CTETRA,2684,1,3561,3559,883,3560
CTETRA,2685,1,4562,2796,2797,5242
CTETRA,2686,1,6314,858,3175,856
CTETRA,2687,1,762,761,502,2985
CTETRA,2688,1,453,496,2364,2449
CTETRA,2689,1,1356,2065,2066,2024
CTETRA,2690,1,1184,1186,2678,3970
CTETRA,2691,1,1365,1973,1974,3089
CTETRA,2692,1,1298,4722,3299,2138
CTETRA,2693,1,202,201,1073,2618
CTETRA,2694,1,2939,2138,2669,2668
CTETRA,2695,1,2356,3092,4175,3272
CTETRA,2696,1,1311,377,317,1325
CTETRA,2697,1,3298,3056,3752,1832
CTETRA,2698,1,892,3607,1007,1009
CTETRA,2699,1,907,906,632,1778
CTETRA,2700,1,1989,1517,2087,2354
CTETRA,2701,1,3354,1255,1396,2987
CTETRA,2702,1,3887,6417,5819,4292
CTETRA,2703,1,3329,5566,3968,1267
CTETRA,2704,1,2335,503,3008,3345
CTETRA,2705,1,2943,1889,1942,1835
CTETRA,2706,1,2732,2730,4267,3378
CTETRA,2707,1,2259,840,1008,1984
CTETRA,2708,1,3375,3639,1380,1379
CTETRA,2709,1,4561,3328,2796,5242
CTETRA,2710,1,1245,359,361,3461
CTETRA,2711,1,1294,361,1245,1246
CTETRA,2712,1,1378,1517,2354,2087
CTETRA,2713,1,3138,2814,2601,1828
CTETRA,2714,1,1369,1363,1355,1288
CTETRA,2715,1,5172,1194,1196,1038
CTETRA,2716,1,1459,2033,2228,1481
CTETRA,2717,1,1708,2248,992,3850
CTETRA,2718,1,2288,1354,2287,1353
CTETRA,2719,1,2729,1392,1393,3639
CTETRA,2720,1,698,683,681,682
CTETRA,2721,1,2352,2356,3616,2351
CTETRA,2722,1,2309,2943,2308,1834
CTETRA,2723,1,594,432,431,2196
CTETRA,2724,1,4991,3974,6053,5577
CTETRA,2725,1,1687,1446,1443,1587
CTETRA,2726,1,1332,1349,469,1348
CTETRA,2727,1,1038,1194,6479,1215
CTETRA,2728,1,1375,1374,5556,3108
CTETRA,2729,1,6224,5919,6074,6320
CTETRA,2730,1,2111,2110,1455,3018
CTETRA,2731,1,1990,2947,1989,1988
CTETRA,2732,1,3474,841,3404,3463
CTETRA,2733,1,653,651,3267,3933
CTETRA,2734,1,1828,1827,1903,3190
CTETRA,2735,1,3144,4262,4874,1827
CTETRA,2736,1,662,653,661,3535
CTETRA,2737,1,1017,520,1001,1006
CTETRA,2738,1,1100,1102,1130,1101
CTETRA,2739,1,366,365,2863,1396
CTETRA,2740,1,1354,1362,2287,1289
CTETRA,2741,1,1365,2064,1973,3089
CTETRA,2742,1,2947,1990,2576,3397
CTETRA,2743,1,5910,893,3178,5769
CTETRA,2744,1,3139,3057,3058,2650
CTETRA,2745,1,2523,2021,3238,2020
CTETRA,2746,1,1347,1345,1252,1344
CTETRA,2747,1,3189,4263,2433,3187
CTETRA,2748,1,2603,84,521,3887
CTETRA,2749,1,1855,1854,812,814
CTETRA,2750,1,3190,3188,2875,2076
CTETRA,2751,1,2021,1842,3238,2018
CTETRA,2752,1,3172,858,6314,857
CTETRA,2753,1,1457,2267,2266,809
CTETRA,2754,1,1360,1973,1974,1286
CTETRA,2755,1,1245,747,748,3461
CTETRA,2756,1,2070,2213,2212,2644
CTETRA,2757,1,2103,1865,2101,1866
CTETRA,2758,1,2982,3639,364,2231
CTETRA,2759,1,4022,3272,1939,2547
CTETRA,2760,1,3354,2089,2026,1255
CTETRA,2761,1,776,1305,2571,1306
CTETRA,2762,1,3354,365,2089,2987
CTETRA,2763,1,3043,293,3682,5445
CTETRA,2764,1,2947,1990,1989,2576
CTETRA,2765,1,4005,5784,580,4676
CTETRA,2766,1,1831,1833,2170,1832
CTETRA,2767,1,5920,5043,5918,6290
CTETRA,2768,1,3762,3329,3331,4161
CTETRA,2769,1,5503,3145,3143,2240
CTETRA,2770,1,3036,3798,2208,3331
CTETRA,2771,1,333,334,335,2661
CTETRA,2772,1,894,892,1007,2566
CTETRA,2773,1,1426,409,1438,2227
CTETRA,2774,1,4032,515,1699,2121
CTETRA,2775,1,1868,2356,3092,1458
CTETRA,2776,1,1336,3084,1401,1403
CTETRA,2777,1,858,2332,5636,5710
CTETRA,2778,1,2066,2068,2065,2026
CTETRA,2779,1,343,776,777,1318
CTETRA,2780,1,330,332,711,329
CTETRA,2781,1,4933,3547,5112,3144
CTETRA,2782,1,5919,2006,5043,6320
CTETRA,2783,1,3798,5566,3968,3329
CTETRA,2784,1,4931,5025,3747,2436
CTETRA,2785,1,1932,1889,2214,2943
CTETRA,2786,1,1776,5276,2248,3850
CTETRA,2787,1,5935,411,413,5427
CTETRA,2788,1,302,1954,1257,1249
CTETRA,2789,1,403,1991,1969,1968
CTETRA,2790,1,629,3200,1779,1778
CTETRA,2791,1,1395,265,1341,1528
CTETRA,2792,1,2989,2990,1391,3069
CTETRA,2793,1,3605,2484,2483,4964
CTETRA,2794,1,2349,2348,761,2402
CTETRA,2795,1,2430,1990,2703,2294
CTETRA,2796,1,5243,2796,5242,2798
CTETRA,2797,1,5710,2332,5637,4734
CTETRA,2798,1,615,2874,571,2875
CTETRA,2799,1,2602,1829,4114,1828
CTETRA,2800,1,6245,6161,4945,4944
CTETRA,2801,1,3084,1336,303,1403
CTETRA,2802,1,1421,3012,1296,1297
CTETRA,2803,1,5819,521,100,6417
CTETRA,2804,1,3189,572,4263,3187
CTETRA,2805,1,2348,2491,2347,2349
CTETRA,2806,1,5710,5203,2332,2333
CTETRA,2807,1,2410,2444,1435,2443
CTETRA,2808,1,1286,1973,1974,1365
CTETRA,2809,1,5819,2603,521,3887
CTETRA,2810,1,496,1293,2364,2365
CTETRA,2811,1,468,2504,3412,2503
CTETRA,2812,1,1320,3319,1421,2120
CTETRA,2813,1,5603,892,2567,3608
CTETRA,2814,1,1482,1481,1459,2228
CTETRA,2815,1,3973,3765,2549,1807
CTETRA,2816,1,795,691,672,692
CTETRA,2817,1,3020,2814,614,2874
CTETRA,2818,1,4028,2550,2705,4029
CTETRA,2819,1,4722,2669,2138,2668
CTETRA,2820,1,1429,439,1496,1479
CTETRA,2821,1,265,1394,1341,2922
CTETRA,2822,1,84,83,3888,2603
CTETRA,2823,1,371,402,1493,3847
CTETRA,2824,1,5571,3497,1293,1290
CTETRA,2825,1,468,3412,1323,1324
CTETRA,2826,1,3175,858,5075,856
CTETRA,2827,1,3377,2006,6015,1930
CTETRA,2828,1,5910,5631,5632,5909
CTETRA,2829,1,2308,1835,1933,1834
CTETRA,2830,1,2953,6023,4346,4639
CTETRA,2831,1,3545,1492,2581,1456
CTETRA,2832,1,1198,746,1127,1241
CTETRA,2833,1,6251,6175,4913,5880
CTETRA,2834,1,681,883,3560,3536
CTETRA,2835,1,4931,3547,5281,3184
CTETRA,2836,1,3569,1782,2798,1780
CTETRA,2837,1,1320,1319,1405,3472
CTETRA,2838,1,1286,1358,1973,1365
CTETRA,2839,1,3328,5243,5826,1777
CTETRA,2840,1,436,2577,1497,2227
CTETRA,2841,1,5029,2433,4022,4023
CTETRA,2842,1,1903,4263,572,3187
CTETRA,2843,1,1776,5276,992,2248
CTETRA,2844,1,1997,1703,2029,2118
CTETRA,2845,1,5477,2550,2814,2815
CTETRA,2846,1,5808,2504,469,1349
CTETRA,2847,1,2214,2943,1836,1835
CTETRA,2848,1,3620,3621,1599,2684
CTETRA,2849,1,2410,1410,2296,2448
CTETRA,2850,1,1996,6408,4032,2121
CTETRA,2851,1,842,706,844,843
CTETRA,2852,1,2026,2068,367,3354
CTETRA,2853,1,5499,656,4550,2234
CTETRA,2854,1,3677,6482,3793,3008
CTETRA,2855,1,2075,3189,779,4413
CTETRA,2856,1,1428,1427,1429,1495
CTETRA,2857,1,5203,5710,3235,2333
CTETRA,2858,1,4182,3467,1986,3179
CTETRA,2859,1,2437,3747,1939,2762
CTETRA,2860,1,3152,2286,3157,2285
CTETRA,2861,1,3351,1332,1328,1264
CTETRA,2862,1,3747,2434,5028,2436
CTETRA,2863,1,1298,2138,2137,4720
CTETRA,2864,1,2228,1426,1425,1676
CTETRA,2865,1,5445,3681,2029,1703
CTETRA,2866,1,2053,2229,1434,2051
CTETRA,2867,1,1337,304,2050,1336
CTETRA,2868,1,2577,436,437,2227
CTETRA,2869,1,5808,5807,1349,3351
CTETRA,2870,1,2480,1436,1380,2729
CTETRA,2871,1,502,501,792,3512
CTETRA,2872,1,3852,2335,844,843
CTETRA,2873,1,580,579,581,4676
CTETRA,2874,1,324,567,1798,2988
CTETRA,2875,1,5910,895,893,5769
CTETRA,2876,1,100,5819,4292,5820
CTETRA,2877,1,2342,1685,2932,2582
CTETRA,2878,1,1435,2367,437,2226
CTETRA,2879,1,2762,1925,1923,1924
CTETRA,2880,1,1445,1588,2430,1442
CTETRA,2881,1,1378,2343,1522,3193
CTETRA,2882,1,2543,2256,1983,2257
CTETRA,2883,1,1889,2942,2214,2943
CTETRA,2884,1,595,619,621,813
CTETRA,2885,1,5243,3328,2796,1777
CTETRA,2886,1,318,730,685,1089
CTETRA,2887,1,571,2869,3017,1905
CTETRA,2888,1,2235,802,2233,2236
CTETRA,2889,1,6314,262,3172,857
CTETRA,2890,1,4182,900,3466,3467
CTETRA,2891,1,503,502,2985,4144
CTETRA,2892,1,2018,3082,1842,3238
CTETRA,2893,1,199,198,197,5679
CTETRA,2894,1,1902,1901,615,3138
CTETRA,2895,1,3189,779,573,2075
CTETRA,2896,1,3933,3540,4036,2393
CTETRA,2897,1,3331,3761,2207,2161
CTETRA,2898,1,3257,5177,3256,2683
CTETRA,2899,1,3596,1690,3256,2684
CTETRA,2900,1,5573,5637,6315,4734
CTETRA,2901,1,3358,2347,3463,1008
CTETRA,2902,1,1375,1374,1592,5556
CTETRA,2903,1,2560,1777,3200,2799
CTETRA,2904,1,5321,4767,2917,2918
CTETRA,2905,1,5172,6110,5396,1163
CTETRA,2906,1,1372,2545,1370,1282
CTETRA,2907,1,5637,6315,5710,5573
CTETRA,2908,1,1973,1360,1361,1286
CTETRA,2909,1,6224,2006,5919,6320
CTETRA,2910,1,2068,367,369,1353
CTETRA,2911,1,3082,2018,3083,3238
CTETRA,2912,1,5285,2030,255,1775
CTETRA,2913,1,3184,2183,5281,3183
CTETRA,2914,1,3084,1401,1352,1336
CTETRA,2915,1,1939,3747,4022,2547
CTETRA,2916,1,1493,346,1494,3750
CTETRA,2917,1,3138,2601,1902,2602
CTETRA,2918,1,4175,1454,3272,3260
CTETRA,2919,1,623,2631,1858,2688
CTETRA,2920,1,3272,2433,4022,3260
CTETRA,2921,1,1360,1368,1286,2660
CTETRA,2922,1,2567,4181,900,2259
CTETRA,2923,1,1363,452,1246,1364
CTETRA,2924,1,3152,3154,2286,2285
CTETRA,2925,1,731,730,685,2001
CTETRA,2926,1,1942,2217,2943,2308
CTETRA,2927,1,2354,4277,1524,2979
CTETRA,2928,1,3227,2881,803,2808
CTETRA,2929,1,1036,4265,3974,1038
CTETRA,2930,1,2939,749,2671,2940
CTETRA,2931,1,2098,3150,2429,3350
CTETRA,2932,1,3317,1590,3316,1377
CTETRA,2933,1,1260,1242,792,790
CTETRA,2934,1,566,565,323,325
CTETRA,2935,1,799,372,2431,3750
CTETRA,2936,1,96,95,60,520
CTETRA,2937,1,739,380,377,378
CTETRA,2938,1,1073,548,202,1072
CTETRA,2939,1,2030,255,629,1772
CTETRA,2940,1,2676,694,2400,2139
CTETRA,2941,1,3200,2698,2559,2560
CTETRA,2942,1,3558,1244,3512,2163
CTETRA,2943,1,1464,347,2081,2080
CTETRA,2944,1,1195,6054,5396,1196
CTETRA,2945,1,2014,325,2850,2013
CTETRA,2946,1,694,697,2138,2939
CTETRA,2947,1,365,3354,2863,1396
CTETRA,2948,1,5910,6188,3178,3587
CTETRA,2949,1,647,2559,2560,2561
CTETRA,2950,1,1888,1866,2101,2020
CTETRA,2951,1,3272,3092,4175,3260
CTETRA,2952,1,1374,3888,2603,3887
CTETRA,2953,1,1968,1492,2253,403
CTETRA,2954,1,501,2984,2163,4144
CTETRA,2955,1,1253,3089,2064,1365
CTETRA,2956,1,6290,5043,2007,5479
CTETRA,2957,1,1419,1405,1320,1318
CTETRA,2958,1,1005,212,94,1006
CTETRA,2959,1,1378,2086,1589,2088
CTETRA,2960,1,761,503,3007,2592
CTETRA,2961,1,593,2763,1869,1864
CTETRA,2962,1,1363,1369,1287,1288
CTETRA,2963,1,2491,5909,761,2348
CTETRA,2964,1,2563,2208,1283,3347
CTETRA,2965,1,5028,4931,3747,2436
CTETRA,2966,1,2738,3616,2356,2351
CTETRA,2967,1,361,360,1245,1246
CTETRA,2968,1,496,453,497,2449
CTETRA,2969,1,686,2258,1983,2144
CTETRA,2970,1,1482,2356,1868,1458
CTETRA,2971,1,4734,6315,6424,2800
CTETRA,2972,1,3547,5281,4932,4931
CTETRA,2973,1,82,1373,1590,1589
CTETRA,2974,1,3267,4282,4152,3540
CTETRA,2975,1,697,2138,2939,2137
CTETRA,2976,1,607,1984,3586,2491
CTETRA,2977,1,2194,2581,372,2111
CTETRA,2978,1,4292,101,2687,5820
CTETRA,2979,1,1341,1394,265,1395
CTETRA,2980,1,5281,2185,6068,2183
CTETRA,2981,1,2119,379,3412,1324
CTETRA,2982,1,436,1479,2228,2227
CTETRA,2983,1,615,634,633,616
CTETRA,2984,1,567,324,323,325
CTETRA,2985,1,1194,480,6479,1178
CTETRA,2986,1,5710,2332,4734,2333
CTETRA,2987,1,1428,1495,3376,1427
CTETRA,2988,1,2582,2341,1685,3017
CTETRA,2989,1,2189,2544,715,815
CTETRA,2990,1,3847,2565,4175,402
CTETRA,2991,1,2601,2705,2814,3740
CTETRA,2992,1,3681,3682,102,3680
CTETRA,2993,1,5807,5808,1327,3351
CTETRA,2994,1,5910,893,3585,3178
CTETRA,2995,1,2577,2033,808,1497
CTETRA,2996,1,633,2420,1691,2422
CTETRA,2997,1,840,607,3358,1984
CTETRA,2998,1,4032,1699,1996,2121
CTETRA,2999,1,1426,410,2227,2228
CTETRA,3000,1,3412,379,378,1323
CTETRA,3001,1,1421,3012,1419,1296
CTETRA,3002,1,1245,1247,359,1368
CTETRA,3003,1,4479,3152,3157,2285
CTETRA,3004,1,5243,2796,3328,5280
CTETRA,3005,1,1255,3354,2089,2987
CTETRA,3006,1,1127,2438,1126,1198
CTETRA,3007,1,1460,2032,1457,807
CTETRA,3008,1,3178,3585,5910,3587
CTETRA,3009,1,761,3345,503,2592
CTETRA,3010,1,2103,2101,2102,1888
CTETRA,3011,1,3267,3450,4036,2139
CTETRA,3012,1,3139,2310,2651,2650
CTETRA,3013,1,1007,2568,894,2566
CTETRA,3014,1,2240,3145,3143,3144
CTETRA,3015,1,837,836,1216,1051
CTETRA,3016,1,453,1294,1246,2449
CTETRA,3017,1,1260,3618,3395,2586
CTETRA,3018,1,892,893,2567,2566
CTETRA,3019,1,347,2081,3666,1464
CTETRA,3020,1,596,432,595,813
CTETRA,3021,1,1290,5571,3497,1126
CTETRA,3022,1,2942,2217,1841,2690
CTETRA,3023,1,1319,1320,1318,1311
CTETRA,3024,1,2288,1354,1362,2287
CTETRA,3025,1,2020,2523,2689,3238
CTETRA,3026,1,2964,3740,5738,2706
CTETRA,3027,1,402,2255,2253,2738
CTETRA,3028,1,3404,3341,1050,3474
CTETRA,3029,1,3377,6198,5784,5448
CTETRA,3030,1,3020,4040,5477,2815
CTETRA,3031,1,1261,1283,792,3347
CTETRA,3032,1,2197,431,2195,2196
CTETRA,3033,1,3317,5556,1592,1377
CTETRA,3034,1,3850,3851,1708,3680
CTETRA,3035,1,2588,2674,1127,1241
CTETRA,3036,1,1045,1046,2402,1040
CTETRA,3037,1,2687,102,3682,2683
CTETRA,3038,1,5395,1195,5396,1163
CTETRA,3039,1,4168,3156,6245,4944
CTETRA,3040,1,5177,3257,3850,2683
CTETRA,3041,1,1903,1828,4114,1829
CTETRA,3042,1,2189,2544,815,817
CTETRA,3043,1,1435,638,1410,2443
CTETRA,3044,1,3007,5909,6023,5633
CTETRA,3045,1,1458,3092,1464,2565
CTETRA,3046,1,5450,5909,3007,2592
CTETRA,3047,1,2081,655,654,5499
CTETRA,3048,1,1053,1055,1054,2412
CTETRA,3049,1,2480,362,2052,2729
CTETRA,3050,1,402,371,1456,3847
CTETRA,3051,1,2623,2516,2515,5814
CTETRA,3052,1,2991,2992,2200,2867
CTETRA,3053,1,3299,694,2139,2138
CTETRA,3054,1,2810,2938,4236,3819
CTETRA,3055,1,3402,1901,4114,3820
CTETRA,3056,1,2007,5479,2008,2238
CTETRA,3057,1,2032,2033,2216,808
CTETRA,3058,1,3558,6482,3677,3036
CTETRA,3059,1,2208,3277,3330,3331
CTETRA,3060,1,1240,2207,3761,2161
CTETRA,3061,1,430,431,2197,1840
CTETRA,3062,1,6362,4932,2184,2185
CTETRA,3063,1,2259,3585,840,1984
CTETRA,3064,1,901,2259,900,3208
CTETRA,3065,1,1527,1443,84,1440
CTETRA,3066,1,5635,3266,4282,3798
CTETRA,3067,1,1247,359,360,1245
CTETRA,3068,1,3367,2380,3375,1379
CTETRA,3069,1,1360,360,1247,359
CTETRA,3070,1,1692,635,1690,5904
CTETRA,3071,1,4040,3157,4041,3153
CTETRA,3072,1,2577,437,436,1497
CTETRA,3073,1,2119,379,378,3412
CTETRA,3074,1,5679,197,199,5779
CTETRA,3075,1,5396,1195,1194,1163
CTETRA,3076,1,347,1464,1460,2080
CTETRA,3077,1,453,1293,1294,2364
CTETRA,3078,1,4277,2354,2087,2979
CTETRA,3079,1,3257,1776,2248,3850
CTETRA,3080,1,513,1665,1664,1699
CTETRA,3081,1,2089,2026,367,3354
CTETRA,3082,1,1186,2626,2096,3214
CTETRA,3083,1,2941,462,2602,2601
CTETRA,3084,1,2216,2033,1428,808
CTETRA,3085,1,3791,5603,4181,2567
CTETRA,3086,1,1255,2026,2068,2067
CTETRA,3087,1,1250,1345,1252,1251
CTETRA,3088,1,1380,1436,1393,2729
CTETRA,3089,1,748,332,3458,1248
CTETRA,3090,1,5075,5076,3174,3175
CTETRA,3091,1,1008,2568,2566,2259
CTETRA,3092,1,2058,2627,2625,2626
CTETRA,3093,1,1592,1590,3317,1377
CTETRA,3094,1,303,305,1352,3084
CTETRA,3095,1,762,1045,2586,2402
CTETRA,3096,1,2050,304,1352,1336
CTETRA,3097,1,3347,6482,3558,3852
CTETRA,3098,1,2491,5632,5909,2348
CTETRA,3099,1,6208,3043,294,6209
CTETRA,3100,1,1981,3894,1858,1982
CTETRA,3101,1,5029,4022,2434,5028
CTETRA,3102,1,4175,2565,3092,402
CTETRA,3103,1,2545,1261,1282,1372
CTETRA,3104,1,699,698,681,3536
CTETRA,3105,1,2195,1480,4261,1865
CTETRA,3106,1,4292,2687,101,3886
CTETRA,3107,1,2033,409,808,2032
CTETRA,3108,1,3043,293,294,6209
CTETRA,3109,1,2144,2258,2682,2269
CTETRA,3110,1,3974,1196,4265,6053
CTETRA,3111,1,5631,5632,5909,2491
CTETRA,3112,1,809,807,347,1457
CTETRA,3113,1,2067,2026,1256,1255
CTETRA,3114,1,3621,635,1598,1599
CTETRA,3115,1,102,1707,3681,3680
CTETRA,3116,1,895,5910,5848,5769
CTETRA,3117,1,1479,1480,3788,436
CTETRA,3118,1,295,1602,1603,5455
CTETRA,3119,1,1981,1858,1980,1982
CTETRA,3120,1,3200,5826,2799,1777
CTETRA,3121,1,362,364,2480,2805
CTETRA,3122,1,1492,402,371,1456
CTETRA,3123,1,1037,3341,1050,3404
CTETRA,3124,1,5566,4152,3968,4721
CTETRA,3125,1,3420,2446,4270,6488
CTETRA,3126,1,2352,2353,1482,2351
CTETRA,3127,1,2189,2256,2543,2257
CTETRA,3128,1,2729,1383,362,2052
CTETRA,3129,1,3057,2650,3451,3058
CTETRA,3130,1,4153,3648,3599,3829
CTETRA,3131,1,3188,3189,3785,3187
CTETRA,3132,1,5769,6316,3178,4573
CTETRA,3133,1,513,514,1665,1699
CTETRA,3134,1,699,662,660,821
CTETRA,3135,1,4085,1923,5025,1925
CTETRA,3136,1,3522,1261,1260,3852
CTETRA,3137,1,2733,647,461,3695
CTETRA,3138,1,619,595,432,813
CTETRA,3139,1,3347,2545,3677,843
CTETRA,3140,1,5603,893,4181,2567
CTETRA,3141,1,1318,1404,1319,1325
CTETRA,3142,1,5631,5632,895,5910
CTETRA,3143,1,3144,2240,4262,3714
CTETRA,3144,1,1461,1864,2020,2689
CTETRA,3145,1,3345,3558,3852,792
CTETRA,3146,1,3175,5076,884,856
CTETRA,3147,1,856,884,262,857
CTETRA,3148,1,2863,2067,28,1396
CTETRA,3149,1,377,380,739,1416
CTETRA,3150,1,2729,1436,1393,1437
CTETRA,3151,1,2737,1458,404,2756
CTETRA,3152,1,1524,1527,1525,1526
CTETRA,3153,1,4190,1162,4189,1221
CTETRA,3154,1,4023,1827,2433,4263
CTETRA,3155,1,1986,607,1984,3586
CTETRA,3156,1,734,672,697,2350
CTETRA,3157,1,5631,5632,2568,895
CTETRA,3158,1,2690,2942,2217,2943
CTETRA,3159,1,1091,1327,1326,3351
CTETRA,3160,1,3188,3506,2284,3187
CTETRA,3161,1,1774,5276,3853,993
CTETRA,3162,1,1482,2756,2353,2352
CTETRA,3163,1,1690,3596,1599,2684
CTETRA,3164,1,3458,746,748,1248
CTETRA,3165,1,2332,5636,5710,5637
CTETRA,3166,1,572,571,1905,1903
CTETRA,3167,1,761,2491,2348,2349
CTETRA,3168,1,1865,1867,1866,2103
CTETRA,3169,1,1244,2207,2161,2163
CTETRA,3170,1,1038,1084,4264,1215
CTETRA,3171,1,2309,2308,2649,1933
CTETRA,3172,1,1125,747,746,1290
CTETRA,3173,1,4283,2017,2015,2016
CTETRA,3174,1,2163,501,3558,3036
CTETRA,3175,1,2309,2310,3058,3451
CTETRA,3176,1,2737,1459,2756,2032
CTETRA,3177,1,2020,2523,1461,2689
CTETRA,3178,1,3331,3277,3330,3329
CTETRA,3179,1,3298,3752,2170,1832
CTETRA,3180,1,3829,4153,3648,1964
CTETRA,3181,1,502,501,503,3345
CTETRA,3182,1,1291,452,1363,1364
CTETRA,3183,1,3677,2563,2545,3347
CTETRA,3184,1,2200,1299,2991,2867
CTETRA,3185,1,2163,2984,501,3036
CTETRA,3186,1,3473,1352,2050,1388
CTETRA,3187,1,367,368,369,1353
CTETRA,3188,1,1699,1664,513,1698
CTETRA,3189,1,2650,1982,3146,2432
CTETRA,3190,1,2438,1197,1126,1198
CTETRA,3191,1,1690,3257,3596,3256
CTETRA,3192,1,302,1368,2661,1954
CTETRA,3193,1,523,522,2419,1598
CTETRA,3194,1,3260,1939,2547,1868
CTETRA,3195,1,2026,2067,1256,2066
CTETRA,3196,1,2729,1380,3639,1393
CTETRA,3197,1,2364,361,1294,2449
CTETRA,3198,1,1865,431,2195,2197
CTETRA,3199,1,1324,468,3412,2503
CTETRA,3200,1,1252,1345,1347,1251
CTETRA,3201,1,761,5909,3007,5633
CTETRA,3202,1,1318,343,776,1306
CTETRA,3203,1,1244,3558,3512,792
CTETRA,3204,1,1196,5396,1195,5172
CTETRA,3205,1,2524,2523,2019,2021
CTETRA,3206,1,6417,100,5819,4292
CTETRA,3207,1,5826,5243,646,2799
CTETRA,3208,1,2576,2430,1525,1527
CTETRA,3209,1,1900,3626,2420,1902
CTETRA,3210,1,2660,302,1368,2661
CTETRA,3211,1,1446,1442,1443,1588
CTETRA,3212,1,1902,4114,3138,2602
CTETRA,3213,1,5633,761,5909,2348
CTETRA,3214,1,372,780,799,2431
CTETRA,3215,1,1900,3626,1902,615
CTETRA,3216,1,3496,3497,5571,1126
CTETRA,3217,1,2450,1246,361,2449
CTETRA,3218,1,2232,2231,1430,3367
CTETRA,3219,1,2523,2020,2019,2021
CTETRA,3220,1,3350,2341,2429,2098
CTETRA,3221,1,3109,5819,5456,5820
CTETRA,3222,1,361,360,359,1245
CTETRA,3223,1,5577,4991,3974,3975
CTETRA,3224,1,820,660,661,821
CTETRA,3225,1,1376,3317,3316,1377
CTETRA,3226,1,522,2419,1598,1599
CTETRA,3227,1,1869,1868,1940,1941
CTETRA,3228,1,713,668,667,666
CTETRA,3229,1,554,324,567,1798
CTETRA,3230,1,2981,3532,3756,2479
CTETRA,3231,1,3602,2627,1299,1278
CTETRA,3232,1,2230,1434,2051,2805
CTETRA,3233,1,1889,1932,2215,6201
CTETRA,3234,1,3392,1261,1260,3522
CTETRA,3235,1,731,684,712,685
CTETRA,3236,1,2253,2352,2356,3616
CTETRA,3237,1,4562,4561,2796,5242
CTETRA,3238,1,2110,2933,2428,3150
CTETRA,3239,1,2561,647,2733,3695
CTETRA,3240,1,2737,1458,2756,1459
CTETRA,3241,1,3060,3059,3894,3061
CTETRA,3242,1,3473,2050,3004,1388
CTETRA,3243,1,1905,3017,3018,2582
CTETRA,3244,1,1599,2419,3620,2684
CTETRA,3245,1,1425,410,1426,2228
CTETRA,3246,1,101,100,2687,5820
CTETRA,3247,1,3472,1320,1416,3319
CTETRA,3248,1,2089,2025,2026,1255
CTETRA,3249,1,1435,638,2368,1410
CTETRA,3250,1,572,2874,571,1903
CTETRA,3251,1,3473,3375,3795,1379
CTETRA,3252,1,2058,2627,1281,2625
CTETRA,3253,1,1369,1363,1287,1291
CTETRA,3254,1,2660,359,1360,1368
CTETRA,3255,1,1127,1199,2438,1198
CTETRA,3256,1,3648,6038,3599,3829
CTETRA,3257,1,3378,2731,2964,1692
CTETRA,3258,1,520,212,95,60
CTETRA,3259,1,3329,3762,3798,4161
CTETRA,3260,1,2436,5025,3747,2437
CTETRA,3261,1,1980,1858,2631,2688
CTETRA,3262,1,4263,1827,2433,3187
CTETRA,3263,1,2163,2208,2207,3331
CTETRA,3264,1,5820,4292,101,3886
CTETRA,3265,1,3852,844,2335,3345
CTETRA,3266,1,2247,1346,1344,1256
CTETRA,3267,1,1691,616,633,635
CTETRA,3268,1,4262,2240,2239,3714
CTETRA,3269,1,6316,5603,893,4181
CTETRA,3270,1,844,704,706,842
CTETRA,3271,1,3595,2111,780,6475
CTETRA,3272,1,3108,1374,5556,6277
CTETRA,3273,1,2631,1461,2523,2140
CTETRA,3274,1,2708,3740,2706,2601
CTETRA,3275,1,2867,2626,2627,2096
CTETRA,3276,1,1268,1265,3213,1269
CTETRA,3277,1,2874,3020,3190,2875
CTETRA,3278,1,1246,452,1188,1364
CTETRA,3279,1,3189,801,779,4413
CTETRA,3280,1,1355,1285,1369,1288
CTETRA,3281,1,364,1383,2729,1437
CTETRA,3282,1,410,408,1463,2091
CTETRA,3283,1,370,304,305,1386
CTETRA,3284,1,4874,5112,5029,2436
CTETRA,3285,1,3190,1903,572,3187
CTETRA,3286,1,1434,2053,2051,2052
CTETRA,3287,1,2661,335,1974,2660
CTETRA,3288,1,2586,1046,609,2402
CTETRA,3289,1,891,1083,481,1217
CTETRA,3290,1,2207,3330,2898,3331
CTETRA,3291,1,4114,1902,4267,2602
CTETRA,3292,1,1267,3968,2678,3214
CTETRA,3293,1,2479,3756,5022,885
CTETRA,3294,1,1436,2480,1380,1430
CTETRA,3295,1,3190,2874,2875,2237
CTETRA,3296,1,2023,6209,524,1603
CTETRA,3297,1,2661,334,335,2660
CTETRA,3298,1,6479,1085,1084,1215
CTETRA,3299,1,497,453,451,1188
CTETRA,3300,1,1369,2287,1289,1288
CTETRA,3301,1,4640,5848,6188,3177
CTETRA,3302,1,607,1053,2491,2349
CTETRA,3303,1,4265,1196,3974,1038
CTETRA,3304,1,2226,437,436,2227
CTETRA,3305,1,1368,2661,1365,2660
CTETRA,3306,1,83,1375,1374,1592
CTETRA,3307,1,1840,2133,430,2132
CTETRA,3308,1,715,716,717,2544
CTETRA,3309,1,1493,402,371,1492
CTETRA,3310,1,2101,2103,1866,1888
CTETRA,3311,1,1599,3621,635,2684
CTETRA,3312,1,1674,591,593,1839
CTETRA,3313,1,3852,3522,705,3345
CTETRA,3314,1,366,365,3354,2863
CTETRA,3315,1,4152,3267,3299,4721
CTETRA,3316,1,2650,3058,2310,3451
CTETRA,3317,1,635,1690,1599,2684
CTETRA,3318,1,6424,5573,6315,4734
CTETRA,3319,1,616,1691,633,3626
CTETRA,3320,1,2356,2738,2351,3272
CTETRA,3321,1,1866,2197,2101,3197
CTETRA,3322,1,799,4175,1454,1456
CTETRA,3323,1,2772,2213,2212,2885
CTETRA,3324,1,1216,1083,3549,835
CTETRA,3325,1,1827,4263,1903,3187
CTETRA,3326,1,1246,361,360,2450
CTETRA,3327,1,3681,254,1707,2029
CTETRA,3328,1,6245,3156,6161,4944
CTETRA,3329,1,2033,1495,1481,1459
CTETRA,3330,1,4028,4834,4160,4041
CTETRA,3331,1,1287,1289,1369,1291
CTETRA,3332,1,5920,5918,5043,5523
CTETRA,3333,1,3788,2353,1482,1481
CTETRA,3334,1,1177,480,200,4189
CTETRA,3335,1,409,410,408,2080
CTETRA,3336,1,2208,3558,3677,3036
CTETRA,3337,1,2523,1461,2689,2140
CTETRA,3338,1,1320,1419,1311,1296
CTETRA,3339,1,5710,5573,3221,2333
CTETRA,3340,1,1150,4991,5577,3975
CTETRA,3341,1,2390,3339,910,2647
CTETRA,3342,1,2603,3888,84,3887
CTETRA,3343,1,2051,1436,1430,2480
CTETRA,3344,1,2772,1841,2690,2589
CTETRA,3345,1,3545,1455,3593,1454
CTETRA,3346,1,2018,2020,3238,2021
CTETRA,3347,1,2545,1372,1370,4120
CTETRA,3348,1,3851,1707,1708,3680
CTETRA,3349,1,2810,3593,2582,1454
CTETRA,3350,1,1888,1866,1867,2103
CTETRA,3351,1,1464,1460,2565,347
CTETRA,3352,1,2939,2671,697,2940
CTETRA,3353,1,2542,554,1796,2040
CTETRA,3354,1,4282,5635,3798,3036
CTETRA,3355,1,6023,6188,4640,5909
CTETRA,3356,1,2246,1345,1256,2066
CTETRA,3357,1,3547,4931,2436,3184
CTETRA,3358,1,2023,6209,1603,5455
CTETRA,3359,1,1455,2582,2342,3593
CTETRA,3360,1,1838,1839,591,1876
CTETRA,3361,1,4991,1150,5879,3975
CTETRA,3362,1,3851,254,1707,3681
CTETRA,3363,1,2429,2428,3017,2933
CTETRA,3364,1,4041,4028,4834,4835
CTETRA,3365,1,3620,1598,2419,1599
CTETRA,3366,1,1368,1247,359,1360
CTETRA,3367,1,3795,3375,2380,1379
CTETRA,3368,1,5573,5710,4734,2333
CTETRA,3369,1,699,662,681,2079
CTETRA,3370,1,2354,1521,1517,1522
CTETRA,3371,1,841,3358,3463,1008
CTETRA,3372,1,4640,6188,6023,3177
CTETRA,3373,1,431,430,594,1840
CTETRA,3374,1,1396,1255,3271,2987
CTETRA,3375,1,1283,791,792,3347
CTETRA,3376,1,5063,2938,4023,3819
CTETRA,3377,1,2967,1688,2341,2098
CTETRA,3378,1,1831,2170,3752,1832
CTETRA,3379,1,1841,2772,2690,2217
CTETRA,3380,1,1407,636,1405,2571
CTETRA,3381,1,1216,835,836,837
CTETRA,3382,1,3559,4573,3789,4575
CTETRA,3383,1,409,2577,1438,2227
CTETRA,3384,1,1349,469,5808,1332
CTETRA,3385,1,3404,2857,1037,3341
CTETRA,3386,1,2259,1009,2567,2566
CTETRA,3387,1,615,3138,2874,614
CTETRA,3388,1,705,1986,1985,704
CTETRA,3389,1,367,366,365,3354
CTETRA,3390,1,792,501,502,3345
CTETRA,3391,1,1933,2309,2308,1834
CTETRA,3392,1,262,884,5022,857
CTETRA,3393,1,4144,2163,3512,2162
CTETRA,3394,1,2336,2953,5450,6135
CTETRA,3395,1,372,799,371,3750
CTETRA,3396,1,2352,2353,1429,2756
CTETRA,3397,1,2631,1461,2141,2523
CTETRA,3398,1,2626,2058,2627,2096
CTETRA,3399,1,2484,837,835,3605
CTETRA,3400,1,2589,2942,1841,2690
CTETRA,3401,1,1835,2943,1836,1834
CTETRA,3402,1,1438,2226,1425,1426
CTETRA,3403,1,5043,5920,5919,6320
CTETRA,3404,1,3378,1902,3626,1692
CTETRA,3405,1,4040,3020,4039,2815
CTETRA,3406,1,1311,380,1320,1296
CTETRA,3407,1,1456,4175,402,3847
CTETRA,3408,1,1001,1003,519,1204
CTETRA,3409,1,1876,1838,596,1453
CTETRA,3410,1,2670,6343,5485,1266
CTETRA,3411,1,1454,1904,2938,4263
CTETRA,3412,1,647,2559,2698,2560
CTETRA,3413,1,3402,1901,1902,4114
CTETRA,3414,1,3561,4346,2953,6135
CTETRA,3415,1,3512,3618,1260,502
CTETRA,3416,1,2626,3214,3970,2058
CTETRA,3417,1,381,343,319,1331
CTETRA,3418,1,6200,1889,6201,1932
CTETRA,3419,1,2671,749,667,2940
CTETRA,3420,1,6023,2953,4346,6135
CTETRA,3421,1,514,513,1665,1664
CTETRA,3422,1,1084,1050,1216,3549
CTETRA,3423,1,1324,379,1323,1325
CTETRA,3424,1,1162,6110,1163,4190
CTETRA,3425,1,3020,2814,2874,2815
CTETRA,3426,1,1280,3277,1281,1262
CTETRA,3427,1,2008,5479,3571,2238
CTETRA,3428,1,2420,1691,2421,3626
CTETRA,3429,1,1903,1827,1829,5063
CTETRA,3430,1,1355,1288,1356,1285
CTETRA,3431,1,4292,2687,100,5820
CTETRA,3432,1,4874,5028,2434,2436
CTETRA,3433,1,2053,1434,2343,2052
CTETRA,3434,1,2195,637,2379,2196
CTETRA,3435,1,5909,4640,6023,5633
CTETRA,3436,1,2067,1255,3271,1396
CTETRA,3437,1,2992,2795,469,1332
CTETRA,3438,1,4932,4933,3547,4931
CTETRA,3439,1,1127,2899,1199,1198
CTETRA,3440,1,1521,2041,2354,1517
CTETRA,3441,1,6068,2183,2185,3183
CTETRA,3442,1,3298,2170,1833,1832
CTETRA,3443,1,2026,2066,2068,2067
CTETRA,3444,1,2110,778,2111,6475
CTETRA,3445,1,2327,1054,2412,2866
CTETRA,3446,1,4175,802,801,3260
CTETRA,3447,1,3228,2268,695,816
CTETRA,3448,1,3007,4639,2983,5633
CTETRA,3449,1,2698,646,647,2560
CTETRA,3450,1,1357,263,1395,1528
CTETRA,3451,1,1246,1294,361,2449
CTETRA,3452,1,1905,2938,2582,1904
CTETRA,3453,1,799,4175,1904,1454
CTETRA,3454,1,4991,3974,4265,6053
CTETRA,3455,1,2138,2939,2137,2668
CTETRA,3456,1,3467,1964,3599,899
CTETRA,3457,1,2582,1455,2110,3018
CTETRA,3458,1,3970,2677,2058,2678
CTETRA,3459,1,1829,1901,1903,5063
CTETRA,3460,1,346,800,3847,2565
CTETRA,3461,1,2111,2428,778,2110
CTETRA,3462,1,2881,3229,3227,6487
CTETRA,3463,1,3020,5477,2814,2815
CTETRA,3464,1,3331,3761,3762,4161
CTETRA,3465,1,4911,5696,5961,4912
CTETRA,3466,1,3007,5909,761,2592
CTETRA,3467,1,2428,778,2110,6475
CTETRA,3468,1,1196,4265,5172,1038
CTETRA,3469,1,2690,2217,2651,2691
CTETRA,3470,1,1348,1332,1349,3351
CTETRA,3471,1,2865,2857,2866,1054
CTETRA,3472,1,2433,4022,3260,1939
CTETRA,3473,1,5455,1603,295,6209
CTETRA,3474,1,2308,1942,2649,1933
CTETRA,3475,1,2248,5177,2249,3257
CTETRA,3476,1,6023,4640,3177,4346
CTETRA,3477,1,3331,3330,2898,3329
CTETRA,3478,1,4573,4180,3179,3862
CTETRA,3479,1,3640,3375,3639,3367
CTETRA,3480,1,3358,3463,1053,841
CTETRA,3481,1,3330,2207,2208,3331
CTETRA,3482,1,1479,1495,1497,1496
CTETRA,3483,1,2141,1453,1838,591
CTETRA,3484,1,1345,2012,2064,1253
CTETRA,3485,1,3560,2335,652,3536
CTETRA,3486,1,1777,5826,632,1778
CTETRA,3487,1,1827,2433,4874,4023
CTETRA,3488,1,1278,2200,2795,2992
CTETRA,3489,1,403,1493,1494,1492
CTETRA,3490,1,4262,3714,5230,1828
CTETRA,3491,1,1864,2020,2689,3238
CTETRA,3492,1,3345,3522,705,2592
CTETRA,3493,1,3549,1085,1083,1084
CTETRA,3494,1,5063,4023,1829,3819
CTETRA,3495,1,4022,2433,2434,1939
CTETRA,3496,1,3138,1828,2601,2602
CTETRA,3497,1,1401,2050,3004,3473
CTETRA,3498,1,2669,2671,694,2939
CTETRA,3499,1,6068,4085,5281,3183
CTETRA,3500,1,2565,402,3847,1494
CTETRA,3501,1,2848,1357,263,1395
CTETRA,3502,1,410,1425,1426,408
CTETRA,3503,1,1986,5450,3586,3179
CTETRA,3504,1,2068,2370,366,2863
CTETRA,3505,1,1299,1300,3602,1278
CTETRA,3506,1,1305,1407,620,1874
CTETRA,3507,1,196,199,198,197
CTETRA,3508,1,4640,6023,4639,4346
CTETRA,3509,1,503,761,3007,2985
CTETRA,3510,1,5396,1194,5172,1163
CTETRA,3511,1,1194,5172,1178,1215
CTETRA,3512,1,712,684,714,713
CTETRA,3513,1,480,1177,6479,1178
CTETRA,3514,1,1592,1374,83,2603
CTETRA,3515,1,2040,3181,671,2851
CTETRA,3516,1,1345,1346,2012,1253
CTETRA,3517,1,2200,2795,2992,1332
CTETRA,3518,1,1323,3412,379,1324
CTETRA,3519,1,5603,892,893,2567
CTETRA,3520,1,1874,776,1305,2571
CTETRA,3521,1,3084,305,1352,1393
CTETRA,3522,1,371,799,372,2111
CTETRA,3523,1,59,3562,6384,855
CTETRA,3524,1,1904,2582,1454,2938
CTETRA,3525,1,2113,2585,2112,2013
CTETRA,3526,1,6041,5935,6293,5427
CTETRA,3527,1,1497,1495,1428,1496
CTETRA,3528,1,3257,2249,1690,3596
CTETRA,3529,1,2026,1256,1255,1250
CTETRA,3530,1,608,609,1046,1040
CTETRA,3531,1,451,453,452,1188
CTETRA,3532,1,3331,2207,2163,2161
CTETRA,3533,1,652,3793,2335,3008
CTETRA,3534,1,2075,573,572,2237
CTETRA,3535,1,5395,5396,6110,1163
CTETRA,3536,1,1241,1198,2899,1127
CTETRA,3537,1,1352,304,303,1336
CTETRA,3538,1,3639,3473,1392,1393
CTETRA,3539,1,684,714,713,668
CTETRA,3540,1,991,1776,5276,992
CTETRA,3541,1,2814,1828,3190,2815
CTETRA,3542,1,3619,653,676,3933
CTETRA,3543,1,3358,1053,607,841
CTETRA,3544,1,5819,3109,4292,5820
CTETRA,3545,1,4734,6424,5573,2333
CTETRA,3546,1,1247,360,1363,1246
CTETRA,3547,1,2515,1809,3973,6126
CTETRA,3548,1,408,410,1463,2080
CTETRA,3549,1,3973,1809,2515,1807
CTETRA,3550,1,1497,1495,2033,1428
CTETRA,3551,1,372,799,780,2111
CTETRA,3552,1,495,1151,1149,2365
CTETRA,3553,1,2444,2410,2448,2443
CTETRA,3554,1,2874,2814,3190,2815
CTETRA,3555,1,2349,761,609,2402
CTETRA,3556,1,3545,1456,1455,1454
CTETRA,3557,1,3458,746,1248,1241
CTETRA,3558,1,2677,3970,2058,2625
CTETRA,3559,1,1194,1195,5396,5172
CTETRA,3560,1,3599,3648,4153,1964
CTETRA,3561,1,5961,4911,4912,4910
CTETRA,3562,1,4181,3585,893,3178
CTETRA,3563,1,594,596,1838,2132
CTETRA,3564,1,1482,1481,2756,1459
CTETRA,3565,1,5603,6316,3791,4181
CTETRA,3566,1,5995,1265,6343,1328
CTETRA,3567,1,1863,1839,593,1461
CTETRA,3568,1,3190,1827,1903,3187
CTETRA,3569,1,3562,59,212,1006
CTETRA,3570,1,2356,403,402,1458
CTETRA,3571,1,3549,1085,481,1083
CTETRA,3572,1,3639,3375,3473,1393
CTETRA,3573,1,3473,3375,3794,3795
CTETRA,3574,1,294,293,6208,6100
CTETRA,3575,1,1840,430,594,2132
CTETRA,3576,1,1279,3602,1281,2546
CTETRA,3577,1,1379,3473,3375,1393
CTETRA,3578,1,1903,1901,4236,5063
CTETRA,3579,1,3347,792,1261,3852
CTETRA,3580,1,3621,1598,3620,1599
CTETRA,3581,1,3319,1320,1416,2120
CTETRA,3582,1,5636,6314,2332,858
CTETRA,3583,1,2763,1868,1869,1941
CTETRA,3584,1,3639,1392,364,2729
CTETRA,3585,1,2805,1434,2051,2052
CTETRA,3586,1,2826,1869,1941,1864
CTETRA,3587,1,1777,3200,5826,1778
CTETRA,3588,1,6179,4720,5995,2668
CTETRA,3589,1,2438,3346,1197,3270
CTETRA,3590,1,1292,1293,496,2365
CTETRA,3591,1,2420,1902,3626,2421
CTETRA,3592,1,2370,366,369,2068
CTETRA,3593,1,2200,1299,1328,3213
CTETRA,3594,1,1990,2576,3397,2294
CTETRA,3595,1,2095,3193,1517,1522
CTETRA,3596,1,1250,1344,1256,1255
CTETRA,3597,1,2132,813,596,1453
CTETRA,3598,1,2565,346,348,1494
CTETRA,3599,1,3007,503,2983,2953
CTETRA,3600,1,2677,2058,1281,2625
CTETRA,3601,1,348,346,3750,1494
CTETRA,3602,1,294,293,3043,6208
CTETRA,3603,1,1195,5396,5397,5395
CTETRA,3604,1,1443,1442,1440,1588
CTETRA,3605,1,2235,2564,2236,3666
CTETRA,3606,1,1009,1007,892,2566
CTETRA,3607,1,2942,1889,2217,2943
CTETRA,3608,1,3608,892,2567,1009
CTETRA,3609,1,1527,2576,2430,2947
CTETRA,3610,1,3968,2058,2678,3214
CTETRA,3611,1,1353,367,368,2862
CTETRA,3612,1,662,699,681,3536
CTETRA,3613,1,1311,1319,377,1325
CTETRA,3614,1,480,1177,1178,4189
CTETRA,3615,1,3036,2208,2163,3331
CTETRA,3616,1,3347,3558,792,3852
CTETRA,3617,1,1162,4189,6110,4190
CTETRA,3618,1,1380,1436,1431,1393
CTETRA,3619,1,3666,2081,655,1464
CTETRA,3620,1,614,2814,3138,2874
CTETRA,3621,1,1434,2230,2051,2229
CTETRA,3622,1,5281,2185,2183,4932
CTETRA,3623,1,5022,884,2980,2479
CTETRA,3624,1,1428,1429,1496,1495
CTETRA,3625,1,5904,1690,2249,3596
CTETRA,3626,1,1352,1401,2050,1336
CTETRA,3627,1,2491,5870,5632,2348
CTETRA,3628,1,3677,3793,651,3008
CTETRA,3629,1,2292,1990,3397,2294
CTETRA,3630,1,2438,2900,1199,1127
CTETRA,3631,1,2096,2626,2058,3214
CTETRA,3632,1,711,332,301,329
CTETRA,3633,1,800,346,2564,2565
CTETRA,3634,1,1250,2026,2025,1255
CTETRA,3635,1,3278,1363,1246,1364
CTETRA,3636,1,2009,1972,2064,2715
CTETRA,3637,1,1260,792,502,3345
CTETRA,3638,1,3616,402,2253,2738
CTETRA,3639,1,4413,2075,3189,3785
CTETRA,3640,1,1587,1446,1588,2100
CTETRA,3641,1,3970,3214,2678,2058
CTETRA,3642,1,2217,1889,1942,2943
CTETRA,3643,1,5632,5631,5870,2491
CTETRA,3644,1,1344,1345,1252,1250
CTETRA,3645,1,6476,2410,3054,2296
CTETRA,3646,1,3329,2678,2677,1184
CTETRA,3647,1,1974,1365,2661,2660
CTETRA,3648,1,1443,1588,523,1587
CTETRA,3649,1,364,362,2480,2729
CTETRA,3650,1,802,4175,3092,3260
CTETRA,3651,1,1380,1430,2231,3367
CTETRA,3652,1,3850,3680,5177,2683
CTETRA,3653,1,2564,800,802,2236
CTETRA,3654,1,1458,2565,1460,1457
CTETRA,3655,1,2284,3190,1828,2815
CTETRA,3656,1,196,3532,888,889
CTETRA,3657,1,2568,1007,1008,2566
CTETRA,3658,1,2364,1294,453,2449
CTETRA,3659,1,3153,4834,4160,3154
CTETRA,3660,1,893,3585,4181,2259
CTETRA,3661,1,5029,5028,4874,2436
CTETRA,3662,1,2922,3455,2989,3069
CTETRA,3663,1,2866,2865,2412,2401
CTETRA,3664,1,2900,1041,1199,1127
CTETRA,3665,1,4181,4180,3587,3178
CTETRA,3666,1,889,2981,2483,2479
CTETRA,3667,1,1383,362,364,2729
CTETRA,3668,1,2586,609,761,2402
CTETRA,3669,1,3463,2347,2412,2865
CTETRA,3670,1,607,1053,2347,2491
CTETRA,3671,1,380,377,379,317
CTETRA,3672,1,706,705,844,3852
CTETRA,3673,1,811,696,695,816
CTETRA,3674,1,6384,3562,211,855
CTETRA,3675,1,696,3228,816,2809
CTETRA,3676,1,1401,3794,3473,3004
CTETRA,3677,1,6343,1326,5995,1328
CTETRA,3678,1,1839,2101,3197,1461
CTETRA,3679,1,3358,607,2347,2491
CTETRA,3680,1,1005,3562,212,1006
CTETRA,3681,1,2292,3397,1990,1988
CTETRA,3682,1,3017,1905,3018,573
CTETRA,3683,1,2731,2733,461,2708
CTETRA,3684,1,3545,1492,1456,402
CTETRA,3685,1,2400,2399,2398,2139
CTETRA,3686,1,799,1454,1904,1456
CTETRA,3687,1,3058,768,766,3451
CTETRA,3688,1,1280,2207,3330,1262
CTETRA,3689,1,3545,1492,402,2255
CTETRA,3690,1,1481,1482,2756,2353
CTETRA,3691,1,1352,305,304,1386
CTETRA,3692,1,5485,5995,6342,2668
CTETRA,3693,1,692,734,736,2350
CTETRA,3694,1,2209,1982,2432,3146
CTETRA,3695,1,3330,3277,1280,1262
CTETRA,3696,1,4931,5112,3547,2436
CTETRA,3697,1,1054,2865,2857,3404
CTETRA,3698,1,2678,2677,3277,3329
CTETRA,3699,1,4874,5112,3547,3144
CTETRA,3700,1,3004,3794,3473,1388
CTETRA,3701,1,2866,2865,1054,2412
CTETRA,3702,1,5203,3235,2919,2331
CTETRA,3703,1,1405,1319,1320,1318
CTETRA,3704,1,6329,1149,1151,2365
CTETRA,3705,1,5633,3007,761,2985
CTETRA,3706,1,5485,6179,5995,2668
CTETRA,3707,1,2491,2347,5870,2348
CTETRA,3708,1,6188,5910,3178,5769
CTETRA,3709,1,1905,2938,1903,4236
CTETRA,3710,1,1244,3512,2163,2162
CTETRA,3711,1,3862,883,3559,882
CTETRA,3712,1,5632,5870,5631,2568
CTETRA,3713,1,672,734,692,2350
CTETRA,3714,1,1240,3761,2207,3331
CTETRA,3715,1,2433,5029,4874,4023
CTETRA,3716,1,323,325,2014,2013
CTETRA,3717,1,3138,3378,2964,1692
CTETRA,3718,1,3397,2576,2430,2294
CTETRA,3719,1,1692,616,3626,1691
CTETRA,3720,1,2235,5499,655,3666
CTETRA,3721,1,1983,2256,2144,2258
CTETRA,3722,1,3619,3535,653,3933
CTETRA,3723,1,1308,731,730,1089
CTETRA,3724,1,1459,1458,1464,1460
CTETRA,3725,1,3058,766,2309,3451
CTETRA,3726,1,2631,623,1439,2688
CTETRA,3727,1,2217,2690,2943,2308
CTETRA,3728,1,2217,2856,1841,2218
CTETRA,3729,1,2897,2207,1263,1244
CTETRA,3730,1,2661,1365,1974,3089
CTETRA,3731,1,5814,4283,2516,2017
CTETRA,3732,1,2039,671,3181,1670
CTETRA,3733,1,685,712,731,2001
CTETRA,3734,1,1839,2101,2197,3197
CTETRA,3735,1,2212,1842,2021,1843
CTETRA,3736,1,3190,3188,2284,3187
CTETRA,3737,1,2111,2428,2110,3018
CTETRA,3738,1,2444,1435,2367,2410
CTETRA,3739,1,1084,1216,1083,3549
CTETRA,3740,1,2874,3190,3020,2815
CTETRA,3741,1,1184,2678,2677,3970
CTETRA,3742,1,2584,2014,670,2851
CTETRA,3743,1,4932,2183,4933,2184
CTETRA,3744,1,402,3092,2356,1458
CTETRA,3745,1,3535,3793,653,3933
CTETRA,3746,1,1903,4263,1827,5063
CTETRA,3747,1,2601,3740,2706,2705
CTETRA,3748,1,893,6316,4181,3178
CTETRA,3749,1,1685,2341,1688,2868
CTETRA,3750,1,761,762,2586,2402
CTETRA,3751,1,5281,3547,2183,3184
CTETRA,3752,1,2249,1692,1690,5904
CTETRA,3753,1,2335,2953,2336,3560
CTETRA,3754,1,1266,1265,1328,6343
CTETRA,3755,1,3549,836,1216,835
CTETRA,3756,1,695,696,3228,816
CTETRA,3757,1,1973,2009,1972,2064
CTETRA,3758,1,3138,1828,2602,4114
CTETRA,3759,1,2601,462,2602,3090
CTETRA,3760,1,1265,1264,1266,1328
CTETRA,3761,1,572,2874,1903,3190
CTETRA,3762,1,3341,1037,4264,3346
CTETRA,3763,1,333,2661,1954,1257
CTETRA,3764,1,2356,2352,1482,2351
CTETRA,3765,1,3007,2983,4639,2953
CTETRA,3766,1,713,712,684,666
CTETRA,3767,1,1383,2729,1436,2052
CTETRA,3768,1,1905,2582,3018,1904
CTETRA,3769,1,2874,614,3020,2875
CTETRA,3770,1,1278,1299,1300,2200
CTETRA,3771,1,6316,4181,3178,4180
CTETRA,3772,1,1405,1319,1404,1415
CTETRA,3773,1,778,780,2111,6475
CTETRA,3774,1,1874,775,776,2571
CTETRA,3775,1,1036,4264,1037,3346
CTETRA,3776,1,1299,2200,2991,3213
CTETRA,3777,1,3695,461,2733,2708
CTETRA,3778,1,2402,1046,609,1040
CTETRA,3779,1,4723,4720,4722,4721
CTETRA,3780,1,3535,661,821,3619
CTETRA,3781,1,3570,3571,5479,2238
CTETRA,3782,1,5243,5242,2796,5280
CTETRA,3783,1,3138,614,616,2964
CTETRA,3784,1,2644,2212,2070,2021
CTETRA,3785,1,2588,3458,711,2675
CTETRA,3786,1,816,2268,695,811
CTETRA,3787,1,2826,1869,1940,1941
CTETRA,3788,1,3178,893,6316,5769
CTETRA,3789,1,799,371,2581,2111
CTETRA,3790,1,3695,462,461,2708
CTETRA,3791,1,1438,2226,1426,2227
CTETRA,3792,1,1464,2081,1463,2080
CTETRA,3793,1,2081,1463,655,1464
CTETRA,3794,1,3197,2197,1839,1840
CTETRA,3795,1,377,380,1320,1311
CTETRA,3796,1,4175,800,802,3092
CTETRA,3797,1,697,694,2671,2939
CTETRA,3798,1,2309,1836,2943,1834
CTETRA,3799,1,1589,2847,263,2088
CTETRA,3800,1,2138,2669,694,2939
CTETRA,3801,1,3124,791,2897,4188
CTETRA,3802,1,2625,3970,2058,2626
CTETRA,3803,1,3888,83,1374,2603
CTETRA,3804,1,2067,3271,28,1396
CTETRA,3805,1,1835,1931,1942,1933
CTETRA,3806,1,3608,3790,6335,5075
CTETRA,3807,1,1050,1084,1037,3549
CTETRA,3808,1,1127,2674,2899,1241
CTETRA,3809,1,2544,717,804,831
CTETRA,3810,1,1445,1442,1441,1446
CTETRA,3811,1,2256,2258,1983,2257
CTETRA,3812,1,1864,2018,2102,2020
CTETRA,3813,1,1246,2450,3278,1364
CTETRA,3814,1,1923,5025,1925,2437
CTETRA,3815,1,1941,2547,1940,2762
CTETRA,3816,1,2865,3341,2857,3404
CTETRA,3817,1,1291,1188,452,1364
CTETRA,3818,1,3272,3260,1939,2547
CTETRA,3819,1,2857,1037,3341,3346
CTETRA,3820,1,1969,1991,403,1492
CTETRA,3821,1,1900,3626,615,2420
CTETRA,3822,1,1404,1406,1405,1415
CTETRA,3823,1,2544,715,2543,2189
CTETRA,3824,1,2207,2897,791,1244
CTETRA,3825,1,795,667,668,736
CTETRA,3826,1,2021,2644,2212,2211
CTETRA,3827,1,2547,1939,3747,2762
CTETRA,3828,1,596,594,432,2132
CTETRA,3829,1,371,373,372,3750
CTETRA,3830,1,1274,2674,2588,1241
CTETRA,3831,1,2582,2810,1454,2938
CTETRA,3832,1,2420,633,1691,3626
CTETRA,3833,1,1344,1346,1345,1256
CTETRA,3834,1,1281,2562,1280,2546
CTETRA,3835,1,3547,4933,5112,4931
CTETRA,3836,1,2268,810,695,811
CTETRA,3837,1,1416,1415,1319,3472
CTETRA,3838,1,3330,2898,3329,1184
CTETRA,3839,1,573,572,3189,2075
CTETRA,3840,1,1707,3851,3681,3680
CTETRA,3841,1,4181,6316,3791,4180
CTETRA,3842,1,1494,403,1457,2565
CTETRA,3843,1,2050,1352,304,1386
CTETRA,3844,1,1241,3458,2588,2675
CTETRA,3845,1,2255,402,3545,2738
CTETRA,3846,1,3788,2366,439,436
CTETRA,3847,1,2208,2207,3330,1280
CTETRA,3848,1,2805,362,1434,2052
CTETRA,3849,1,821,662,661,3535
CTETRA,3850,1,1345,1250,2024,1251
CTETRA,3851,1,3395,3180,1275,1260
CTETRA,3852,1,3056,3058,766,3298
CTETRA,3853,1,1460,1464,2565,1458
CTETRA,3854,1,2582,3594,3593,2810
CTETRA,3855,1,2437,1925,1923,2762
CTETRA,3856,1,1283,2208,791,3347
CTETRA,3857,1,3329,2677,3330,1184
CTETRA,3858,1,5881,6251,6174,6413
CTETRA,3859,1,3174,3711,5076,5077
CTETRA,3860,1,1479,1495,1496,1429
CTETRA,3861,1,502,2162,4144,3512
CTETRA,3862,1,317,319,343,1331
CTETRA,3863,1,3036,2163,3762,3331
CTETRA,3864,1,792,791,1283,1261
CTETRA,3865,1,705,607,3392,1985
CTETRA,3866,1,2562,3277,1281,1280
CTETRA,3867,1,1300,3602,1278,1277
CTETRA,3868,1,2483,2981,2980,2479
CTETRA,3869,1,1517,3193,2095,1433
CTETRA,3870,1,2964,616,3138,1692
CTETRA,3871,1,2050,1401,1352,3473
CTETRA,3872,1,367,2068,2026,1353
CTETRA,3873,1,629,255,2030,1775
CTETRA,3874,1,1292,3497,1293,2365
CTETRA,3875,1,3532,2981,889,2479
CTETRA,3876,1,1341,1343,1342,1528
CTETRA,3877,1,4036,2398,3933,2393
CTETRA,3878,1,1249,332,329,301
CTETRA,3879,1,1332,2991,2200,3213
CTETRA,3880,1,1299,2991,2867,3213
CTETRA,3881,1,305,304,303,1352
CTETRA,3882,1,5635,3762,3798,3036
CTETRA,3883,1,1352,3473,3084,1393
CTETRA,3884,1,4180,4574,3789,4573
CTETRA,3885,1,1495,1479,2033,1481
CTETRA,3886,1,2018,1888,2102,2020
CTETRA,3887,1,364,2805,2231,2480
CTETRA,3888,1,5631,2347,5870,2491
CTETRA,3889,1,462,2941,2708,2601
CTETRA,3890,1,1319,1414,1415,1416
CTETRA,3891,1,3571,3570,2008,2238
CTETRA,3892,1,2983,3007,5633,2985
CTETRA,3893,1,1320,1319,377,1311
CTETRA,3894,1,1876,813,595,1453
CTETRA,3895,1,1839,591,593,1461
CTETRA,3896,1,1497,1479,436,2227
CTETRA,3897,1,1345,1253,2064,2024
CTETRA,3898,1,1708,3850,3680,5177
CTETRA,3899,1,2236,2233,801,802
CTETRA,3900,1,2163,3558,2208,3036
CTETRA,3901,1,3184,5281,4085,3183
CTETRA,3902,1,1436,2729,1383,1437
CTETRA,3903,1,1327,5148,5807,3351
CTETRA,3904,1,6175,6251,6174,5881
CTETRA,3905,1,2567,893,4181,2259
CTETRA,3906,1,1240,2207,2898,3331
CTETRA,3907,1,2939,2669,2670,2668
CTETRA,3908,1,668,713,684,666
CTETRA,3909,1,2096,1299,2867,3213
CTETRA,3910,1,2661,302,334,2660
CTETRA,3911,1,3375,3639,1379,1393
CTETRA,3912,1,2353,1481,1429,2756
CTETRA,3913,1,1345,1344,1256,1250
CTETRA,3914,1,3404,3463,2865,3474
CTETRA,3915,1,5230,3714,2239,1825
CTETRA,3916,1,1178,6479,1194,1215
CTETRA,3917,1,3626,3138,616,1692
CTETRA,3918,1,3177,3178,6188,3587
CTETRA,3919,1,1292,1149,3497,2365
CTETRA,3920,1,1041,2899,1199,1127
CTETRA,3921,1,1038,5172,1194,1215
CTETRA,3922,1,2814,3740,5738,3138
CTETRA,3923,1,2412,2401,1040,2327
CTETRA,3924,1,3461,1245,359,1368
CTETRA,3925,1,437,438,2367,1435
CTETRA,3926,1,2336,2953,3561,3560
CTETRA,3927,1,211,6373,5059,6384
CTETRA,3928,1,762,761,2985,2402
CTETRA,3929,1,522,100,521,6417
CTETRA,3930,1,3178,3177,5769,4573
CTETRA,3931,1,1149,6329,3497,2365
CTETRA,3932,1,2868,2341,1688,2098
CTETRA,3933,1,1775,1779,629,1773
CTETRA,3934,1,3350,2341,2933,2429
CTETRA,3935,1,6424,4421,5573,2333
CTETRA,3936,1,4022,2434,3747,1939
CTETRA,3937,1,2401,1040,2327,2900
CTETRA,3938,1,3547,5281,2183,4932
CTETRA,3939,1,685,730,731,1089
CTETRA,3940,1,1590,1375,83,1592
CTETRA,3941,1,3188,3189,2075,3785
CTETRA,3942,1,2052,1383,362,1384
CTETRA,3943,1,2438,2324,2866,3270
CTETRA,3944,1,1525,2576,1527,1524
CTETRA,3945,1,1864,3083,2018,3238
CTETRA,3946,1,813,595,596,1876
CTETRA,3947,1,1344,1256,1255,2067
CTETRA,3948,1,1346,2247,2246,1256
CTETRA,3949,1,1369,2287,1362,1289
CTETRA,3950,1,4874,3547,5112,2436
CTETRA,3951,1,2772,1841,1843,2218
CTETRA,3952,1,4188,3124,791,1244
CTETRA,3953,1,377,379,317,1325
CTETRA,3954,1,883,2336,3561,3560
CTETRA,3955,1,1332,2200,1328,3213
CTETRA,3956,1,2868,2429,2341,2098
CTETRA,3957,1,1905,3018,573,1904
CTETRA,3958,1,6316,3791,4574,5603
CTETRA,3959,1,2576,4277,1440,1524
CTETRA,3960,1,1902,3378,3138,1692
CTETRA,3961,1,1401,3473,1379,3084
CTETRA,3962,1,3092,4175,402,2356
CTETRA,3963,1,2563,1280,2562,2545
CTETRA,3964,1,1495,1479,1497,2033
CTETRA,3965,1,666,713,712,2001
CTETRA,3966,1,1842,2212,2772,1843
CTETRA,3967,1,3796,3375,1392,3639
CTETRA,3968,1,668,684,691,666
CTETRA,3969,1,2991,2096,3213,1269
CTETRA,3970,1,3138,5738,2814,3020
CTETRA,3971,1,1494,1991,1969,1492
CTETRA,3972,1,1838,1840,594,2132
CTETRA,3973,1,402,2253,2356,3616
CTETRA,3974,1,2942,1841,1842,2589
CTETRA,3975,1,1244,2161,2162,2163
CTETRA,3976,1,2991,1332,1348,3213
CTETRA,3977,1,1839,1863,2101,1461
CTETRA,3978,1,1410,2368,2410,2296
CTETRA,3979,1,2349,2412,2401,1040
CTETRA,3980,1,609,608,2349,1040
CTETRA,3981,1,1986,840,3466,3585
CTETRA,3982,1,3330,3277,2208,1280
CTETRA,3983,1,2141,2133,623,2631
CTETRA,3984,1,2434,2433,4022,5029
CTETRA,3985,1,3392,704,705,1985
CTETRA,3986,1,2141,1839,591,1838
CTETRA,3987,1,572,571,573,1905
CTETRA,3988,1,1292,496,495,2365
CTETRA,3989,1,4720,6179,1268,4723
CTETRA,3990,1,3522,706,1261,3852
CTETRA,3991,1,799,4175,1456,3847
CTETRA,3992,1,4874,5029,5112,3144
CTETRA,3993,1,2412,3463,2865,1054
CTETRA,3994,1,402,1493,3847,1494
CTETRA,3995,1,1083,1085,481,1217
CTETRA,3996,1,2627,2058,3602,1299
CTETRA,3997,1,2582,2810,2938,4236
CTETRA,3998,1,2096,2867,2991,3213
CTETRA,3999,1,4022,3272,3260,1939
CTETRA,4000,1,3793,651,653,3933
CTETRA,4001,1,379,1414,1323,1325
CTETRA,4002,1,2810,2582,3594,4236
CTETRA,4003,1,2582,1455,2342,2110
CTETRA,4004,1,1876,591,1838,1453
CTETRA,4005,1,3626,1902,3138,1692
CTETRA,4006,1,3124,790,791,1244
CTETRA,4007,1,2586,1045,762,3618
CTETRA,4008,1,893,2567,2566,2259
CTETRA,4009,1,3473,1401,1352,3084
CTETRA,4010,1,439,436,1479,3788
CTETRA,4011,1,1841,2772,1843,1842
CTETRA,4012,1,3788,2366,436,1480
CTETRA,4013,1,1436,1430,1380,1431
CTETRA,4014,1,2576,1990,2430,2294
CTETRA,4015,1,6408,3280,3281,4032
CTETRA,4016,1,1493,371,2293,1492
CTETRA,4017,1,2368,3054,2410,2296
CTETRA,4018,1,1326,6343,2670,1266
CTETRA,4019,1,3272,1454,2738,4024
CTETRA,4020,1,1527,2430,1442,2947
CTETRA,4021,1,2208,791,2207,1280
CTETRA,4022,1,2941,461,462,2708
CTETRA,4023,1,2897,1263,4188,1244
CTETRA,4024,1,2546,2562,1282,2545
CTETRA,4025,1,660,662,661,821
CTETRA,4026,1,705,706,3522,3852
CTETRA,4027,1,2576,1527,1440,2947
CTETRA,4028,1,2033,1479,1497,2227
CTETRA,4029,1,2524,2133,2523,2631
CTETRA,4030,1,2401,2412,2866,2327
CTETRA,4031,1,1260,3522,3852,3345
CTETRA,4032,1,1493,3091,3750,1494
CTETRA,4033,1,2023,1603,1602,5455
CTETRA,4034,1,4180,3178,6316,4573
CTETRA,4035,1,792,1242,3512,1244
CTETRA,4036,1,212,59,60,1006
CTETRA,4037,1,3177,6188,3178,5769
CTETRA,4038,1,2848,263,2847,2088
CTETRA,4039,1,3853,5276,1774,1773
CTETRA,4040,1,666,712,684,2001
CTETRA,4041,1,3058,2309,766,3298
CTETRA,4042,1,3639,1380,1379,1393
CTETRA,4043,1,3392,706,1261,3522
CTETRA,4044,1,2236,801,800,802
CTETRA,4045,1,1282,1280,2562,2546
CTETRA,4046,1,1902,2420,3402,2421
CTETRA,4047,1,4161,3329,2898,1184
CTETRA,4048,1,1587,1688,1598,1687
CTETRA,4049,1,3392,1260,609,3522
CTETRA,4050,1,3375,3794,3796,1392
CTETRA,4051,1,685,684,712,2001
CTETRA,4052,1,4182,3585,4181,3587
CTETRA,4053,1,2900,1039,1041,3396
CTETRA,4054,1,1324,317,379,1325
CTETRA,4055,1,638,2439,2368,2034
CTETRA,4056,1,1456,3545,2738,1454
CTETRA,4057,1,2052,1987,1436,1384
CTETRA,4058,1,2661,333,334,1257
CTETRA,4059,1,1369,1289,1287,1288
CTETRA,4060,1,4161,1240,3331,3761
CTETRA,4061,1,571,572,573,2237
CTETRA,4062,1,3512,792,502,1260
CTETRA,4063,1,2674,2899,1041,1127
CTETRA,4064,1,3197,2020,2523,1461
CTETRA,4065,1,2898,3331,3329,4161
CTETRA,4066,1,1380,2480,2231,1430
CTETRA,4067,1,1940,1941,2762,1924
CTETRA,4068,1,360,1246,2450,3278
CTETRA,4069,1,1240,4161,3331,2898
CTETRA,4070,1,2991,2200,2992,1332
CTETRA,4071,1,1380,2480,2729,2231
CTETRA,4072,1,616,633,615,3626
CTETRA,4073,1,380,1416,1320,2120
CTETRA,4074,1,1261,792,1260,3852
CTETRA,4075,1,1428,1495,2033,3376
CTETRA,4076,1,3221,5573,4421,2333
CTETRA,4077,1,3596,1599,2684,3981
CTETRA,4078,1,6188,3586,5450,3179
CTETRA,4079,1,1588,1443,1446,1587
CTETRA,4080,1,301,748,332,3458
CTETRA,4081,1,3138,2814,614,3020
CTETRA,4082,1,2089,367,365,3354
CTETRA,4083,1,3256,3596,2684,3981
CTETRA,4084,1,3017,3018,2428,573
CTETRA,4085,1,1592,1590,1375,3317
CTETRA,4086,1,2336,3561,2953,6135
CTETRA,4087,1,2465,2078,1588,2100
CTETRA,4088,1,1699,515,514,2121
CTETRA,4089,1,3138,615,616,614
CTETRA,4090,1,2052,1436,1383,1384
CTETRA,4091,1,1986,840,3208,3466
CTETRA,4092,1,817,696,816,2809
CTETRA,4093,1,5029,2434,2433,4874
CTETRA,4094,1,3587,4182,1986,3179
CTETRA,4095,1,1318,2571,1405,1306
CTETRA,4096,1,4346,6023,5450,3179
CTETRA,4097,1,3585,4182,3466,3587
CTETRA,4098,1,1495,3376,1427,2756
CTETRA,4099,1,1517,1989,2041,2354
CTETRA,4100,1,3466,3467,1986,4182
CTETRA,4101,1,2102,2826,2018,1864
CTETRA,4102,1,1184,3330,2898,1259
CTETRA,4103,1,2434,5029,5028,4874
CTETRA,4104,1,3178,4181,3585,3587
CTETRA,4105,1,1248,3458,1241,2675
CTETRA,4106,1,3820,5063,1829,3819
CTETRA,4107,1,1256,1344,2247,2067
CTETRA,4108,1,3271,1344,1255,2067
CTETRA,4109,1,2231,3639,364,2729
CTETRA,4110,1,2019,3197,2020,2523
CTETRA,4111,1,2327,1054,2866,2324
CTETRA,4112,1,3586,6188,3587,3179
CTETRA,4113,1,2141,1840,1838,2132
CTETRA,4114,1,1941,1869,2763,1864
CTETRA,4115,1,5499,2081,655,3666
CTETRA,4116,1,3559,882,6315,4575
CTETRA,4117,1,1410,638,2368,2034
CTETRA,4118,1,2847,1357,263,2848
CTETRA,4119,1,2869,1685,2341,3017
CTETRA,4120,1,2230,2051,2480,2805
CTETRA,4121,1,1249,332,301,1955
CTETRA,4122,1,3277,2677,3330,3329
CTETRA,4123,1,2111,2194,2581,1455
CTETRA,4124,1,3467,3208,1964,899
CTETRA,4125,1,591,1839,2141,1461
CTETRA,4126,1,6208,525,294,6100
CTETRA,4127,1,1404,1319,1405,1318
CTETRA,4128,1,792,1242,1244,790
CTETRA,4129,1,6329,3496,3497,5571
CTETRA,4130,1,2184,4932,2183,2185
CTETRA,4131,1,2041,1990,2576,1989
CTETRA,4132,1,1492,403,1969,1494
CTETRA,4133,1,573,2429,3017,571
CTETRA,4134,1,2565,403,402,1494
CTETRA,4135,1,4036,3450,3267,3933
CTETRA,4136,1,739,1323,378,379
CTETRA,4137,1,1246,360,1363,3278
CTETRA,4138,1,5897,5319,5896,5895
CTETRA,4139,1,2687,100,6417,4292
CTETRA,4140,1,792,1260,3852,3345
CTETRA,4141,1,609,2349,2402,1040
CTETRA,4142,1,2428,573,2429,3017
CTETRA,4143,1,2772,2212,1842,2885
CTETRA,4144,1,1009,892,2567,2566
CTETRA,4145,1,4263,1904,572,3189
CTETRA,4146,1,2032,1460,2080,807
CTETRA,4147,1,2826,2102,1869,1864
CTETRA,4148,1,1840,2141,2133,2132
CTETRA,4149,1,318,319,730,1089
CTETRA,4150,1,1497,2577,2033,2227
CTETRA,4151,1,668,691,795,692
CTETRA,4152,1,3639,2231,1380,2729
CTETRA,4153,1,2826,1888,2102,2018
CTETRA,4154,1,1283,1280,2208,2563
CTETRA,4155,1,3847,371,799,3750
CTETRA,4156,1,2051,2229,2230,2480
CTETRA,4157,1,766,3056,3298,1832
CTETRA,4158,1,1280,2208,791,1283
CTETRA,4159,1,736,668,795,692
CTETRA,4160,1,4023,1827,4263,5063
CTETRA,4161,1,6135,4346,5450,3179
CTETRA,4162,1,3968,4720,1268,4723
CTETRA,4163,1,3177,6188,5450,3179
CTETRA,4164,1,739,1323,379,1414
CTETRA,4165,1,2101,1863,1839,2197
CTETRA,4166,1,1293,3497,5571,2365
CTETRA,4167,1,2545,2563,1283,3347
CTETRA,4168,1,3750,3091,348,1494
CTETRA,4169,1,2051,1436,2480,2052
CTETRA,4170,1,3138,615,1902,3626
CTETRA,4171,1,776,2571,1318,1306
CTETRA,4172,1,2480,1436,2729,2052
CTETRA,4173,1,5995,6179,5485,6343
CTETRA,4174,1,6408,3281,3280,3185
CTETRA,4175,1,2133,430,3197,1840
CTETRA,4176,1,4182,1986,3466,3587
CTETRA,4177,1,1199,1039,1041,2900
CTETRA,4178,1,2885,1842,2772,2589
CTETRA,4179,1,638,2439,1435,2368
CTETRA,4180,1,2029,3681,254,1703
CTETRA,4181,1,1318,1405,1404,1306
CTETRA,4182,1,5573,4212,4421,6424
CTETRA,4183,1,5637,6315,882,4575
CTETRA,4184,1,2865,1054,3463,3404
CTETRA,4185,1,2857,2866,2324,3270
CTETRA,4186,1,6316,4574,3791,4180
CTETRA,4187,1,377,380,1416,1320
CTETRA,4188,1,2581,371,799,1456
CTETRA,4189,1,2706,2708,2601,2705
CTETRA,4190,1,3175,5075,5076,856
CTETRA,4191,1,2577,409,2033,2227
CTETRA,4192,1,1436,2051,1430,1431
CTETRA,4193,1,3545,402,1456,2738
CTETRA,4194,1,3795,1401,3473,1379
CTETRA,4195,1,3177,5450,6023,3179
CTETRA,4196,1,1199,2324,2900,2438
CTETRA,4197,1,2111,2581,799,1456
CTETRA,4198,1,615,3138,616,3626
CTETRA,4199,1,1598,528,633,3620
CTETRA,4200,1,4262,3714,1828,1829
CTETRA,4201,1,3789,4573,3559,3862
CTETRA,4202,1,3197,2523,2133,2141
CTETRA,4203,1,1954,2661,302,1257
CTETRA,4204,1,4346,3177,6023,3179
CTETRA,4205,1,1186,1267,2678,3214
CTETRA,4206,1,2229,2231,2230,2480
CTETRA,4207,1,1456,371,799,3847
CTETRA,4208,1,2020,1864,2018,3238
CTETRA,4209,1,1905,573,572,1904
CTETRA,4210,1,2410,1435,2367,2368
CTETRA,4211,1,3256,5177,3596,3981
CTETRA,4212,1,2212,2885,2070,2021
CTETRA,4213,1,346,798,800,2236
CTETRA,4214,1,795,672,734,692
CTETRA,4215,1,347,807,1460,1457
CTETRA,4216,1,4180,6316,4574,4573
CTETRA,4217,1,2480,2231,2230,2805
CTETRA,4218,1,883,3559,3561,3862
CTETRA,4219,1,2248,3257,3850,5177
CTETRA,4220,1,1260,3618,2586,502
CTETRA,4221,1,2420,615,633,3626
CTETRA,4222,1,1199,1039,2899,1041
CTETRA,4223,1,3197,2523,2141,1461
CTETRA,4224,1,346,800,2564,2236
CTETRA,4225,1,2141,2133,3197,1840
CTETRA,4226,1,3596,3257,2249,5177
CTETRA,4227,1,5485,6342,5995,6343
CTETRA,4228,1,408,410,409,1426
CTETRA,4229,1,1429,1495,1427,2756
CTETRA,4230,1,2799,5826,5243,1777
CTETRA,4231,1,4835,4834,4041,3153
CTETRA,4232,1,3466,3208,3467,900
CTETRA,4233,1,100,522,2419,6417
CTETRA,4234,1,2430,1588,1527,1442
CTETRA,4235,1,4041,4834,4160,3153
CTETRA,4236,1,3585,3466,1986,3587
CTETRA,4237,1,377,739,1414,1416
CTETRA,4238,1,5571,3497,6329,2365
CTETRA,4239,1,2523,2133,2141,2631
CTETRA,4240,1,2197,2101,1865,1866
CTETRA,4241,1,3496,3565,5879,3975
CTETRA,4242,1,1876,596,813,1453
CTETRA,4243,1,1446,1445,1588,2100
CTETRA,4244,1,4188,791,2897,1244
CTETRA,4245,1,1326,6343,1266,1328
CTETRA,4246,1,5485,6342,2670,2668
CTETRA,4247,1,1429,1479,1495,1481
CTETRA,4248,1,4236,2938,1903,5063
CTETRA,4249,1,379,739,377,378
CTETRA,4250,1,2095,1517,1521,1522
CTETRA,4251,1,5243,5374,2799,2798
CTETRA,4252,1,2576,1527,1524,1440
CTETRA,4253,1,2805,2051,2480,2052
CTETRA,4254,1,3007,2983,503,2985
CTETRA,4255,1,2941,2731,461,2708
CTETRA,4256,1,1428,1496,4135,1497
CTETRA,4257,1,1280,2562,2208,2563
CTETRA,4258,1,3981,3256,5177,2683
CTETRA,4259,1,379,377,739,1414
CTETRA,4260,1,373,1493,2293,2266
CTETRA,4261,1,2420,615,634,633
CTETRA,4262,1,2341,1685,2869,2868
CTETRA,4263,1,1460,2565,347,1457
CTETRA,4264,1,840,1985,1986,3208
CTETRA,4265,1,3473,1379,3084,1393
CTETRA,4266,1,3395,1045,2586,3618
CTETRA,4267,1,633,528,2420,2422
CTETRA,4268,1,734,736,795,692
CTETRA,4269,1,1588,1442,1445,1446
CTETRA,4270,1,3587,6188,3177,3179
CTETRA,4271,1,3017,573,571,1905
CTETRA,4272,1,3397,2430,1442,2294
CTETRA,4273,1,2066,1256,2247,2067
CTETRA,4274,1,2581,2111,1455,1456
CTETRA,4275,1,1282,2562,1280,2545
CTETRA,4276,1,2857,2323,2866,1054
CTETRA,4277,1,3208,3467,901,899
CTETRA,4278,1,373,1493,3091,3750
CTETRA,4279,1,706,704,705,3392
CTETRA,4280,1,729,381,382,1308
CTETRA,4281,1,3177,3178,4180,4573
CTETRA,4282,1,2183,4933,3547,4932
CTETRA,4283,1,615,614,2874,2875
CTETRA,4284,1,2981,888,3532,889
CTETRA,4285,1,5374,646,5243,2799
CTETRA,4286,1,403,1493,402,1494
CTETRA,4287,1,1521,2095,1522,2094
CTETRA,4288,1,2324,2866,2900,2438
CTETRA,4289,1,2868,2429,571,3017
CTETRA,4290,1,1562,514,515,2121
CTETRA,4291,1,5177,3596,3257,3256
CTETRA,4292,1,514,513,515,1699
CTETRA,4293,1,2938,4263,1903,5063
CTETRA,4294,1,2729,364,2231,2480
CTETRA,4295,1,379,377,380,378
CTETRA,4296,1,2562,2208,3277,1280
CTETRA,4297,1,3559,3179,3561,3862
CTETRA,4298,1,790,792,791,1244
CTETRA,4299,1,1874,1305,1407,2571
CTETRA,4300,1,332,748,301,1955
CTETRA,4301,1,1459,3376,2756,2032
CTETRA,4302,1,3559,4573,3179,3862
CTETRA,4303,1,1481,1495,1429,2756
CTETRA,4304,1,2431,3091,348,3750
CTETRA,4305,1,1320,1416,1319,3472
CTETRA,4306,1,901,3467,3208,900
CTETRA,4307,1,334,302,2661,1257
CTETRA,4308,1,1986,840,3585,1984
CTETRA,4309,1,3467,1986,3208,3466
CTETRA,4310,1,5556,1592,1375,3317
CTETRA,4311,1,571,2869,2868,3017
CTETRA,4312,1,2586,762,502,3618
CTETRA,4313,1,3847,1493,371,3750
CTETRA,4314,1,1414,1319,377,1416
CTETRA,4315,1,2327,1040,1039,2900
CTETRA,4316,1,3124,4188,1242,1244
CTETRA,4317,1,403,1493,1492,402
CTETRA,4318,1,2141,1839,3197,1461
CTETRA,4319,1,2563,1283,1280,2545
CTETRA,4320,1,1598,1687,528,3620
CTETRA,4321,1,402,403,2253,1492
CTETRA,4322,1,1292,495,1149,2365
CTETRA,4323,1,1440,1527,1442,2947
CTETRA,4324,1,2141,3197,1839,1840
CTETRA,4325,1,3587,1986,3586,3179
CTETRA,4326,1,3561,3177,4346,3179
CTETRA,4327,1,6135,3561,4346,3179
CTETRA,4328,1,377,1319,1414,1325
CTETRA,4329,1,1256,2247,2246,2066
CTETRA,4330,1,373,1493,2266,3091
CTETRA,4331,1,3376,2216,1427,2756
CTETRA,4332,1,1199,2324,2327,2900
CTETRA,4333,1,683,681,2079,2596
CTETRA,4334,1,2253,2255,402,1492
CTETRA,4335,1,1242,790,3124,1244
CTETRA,4336,1,3850,1708,2248,5177
CTETRA,4337,1,3616,2356,402,2738
CTETRA,4338,1,1986,1985,840,1984
CTETRA,4339,1,1841,2772,1842,2589
CTETRA,4340,1,1588,1442,1440,1527
CTETRA,4341,1,2327,1039,1199,2900
CTETRA,4342,1,1456,1455,2581,3545
CTETRA,4343,1,2323,2324,2866,1054
CTETRA,4344,1,373,371,1493,3750
CTETRA,4345,1,5076,3606,3174,5077
CTETRA,4346,1,1493,2266,3091,1494
CTETRA,4347,1,2866,2324,2323,2857
CTETRA,4348,1,801,800,802,4175
CTETRA,4349,1,2293,1493,1492,2266
CTETRA,4350,1,2868,2341,2429,3017
CTETRA,4351,1,379,377,1414,1325
CTETRA,4352,1,3350,2429,2933,3150
CTETRA,4353,1,2324,2866,2327,2900
CTETRA,4354,1,1527,1443,1440,1588
CTETRA,4355,1,4180,3179,3177,4573
CTETRA,4356,1,1416,1319,377,1320
CTETRA,4357,1,685,666,684,2001
CTETRA,4358,1,1839,2141,1840,1838
CTETRA,4359,1,705,706,3392,3522
CTETRA,4360,1,2868,2869,2341,3017
CTETRA,4361,1,1941,1940,2826,1924
CTETRA,4362,1,1282,1280,1283,2545
CTETRA,4363,1,2266,1493,1492,1494
CTETRA,4364,1,681,683,698,2596
CTETRA,4365,1,799,798,779,801
CTETRA,4366,1,2933,2429,2341,3017
CTETRA,4367,1,3397,1442,1441,1444
CTETRA,4368,1,2398,4036,3450,2139
CTETRA,4369,1,813,812,814,1453
CTETRA,4370,1,4639,4640,2983,5633
CTETRA,4371,1,1627,1101,1102,1099
CTETRA,4372,1,633,1690,1691,635
CTETRA,4373,1,1424,2764,4270,6488
CTETRA,4374,1,4270,2764,4169,6488
CTETRA,4375,1,1324,317,2119,379
CTETRA,4376,1,1324,2119,317,318
CTETRA,4377,1,2732,3402,1902,4267
CTETRA,4378,1,1902,3402,2732,2421
CTETRA,4379,1,2428,799,2111,778
CTETRA,4380,1,2111,799,2428,3018
CTETRA,4381,1,2138,2392,1298,2137
CTETRA,4382,1,2138,1298,2392,2139
CTETRA,4383,1,1262,1184,3330,2677
CTETRA,4384,1,1262,3330,1184,1259
CTETRA,4385,1,844,3179,705,704
CTETRA,4386,1,844,705,3179,2336
CTETRA,4387,1,5450,3179,705,2336
CTETRA,4388,1,1588,84,1443,523
CTETRA,4389,1,1588,1443,84,1527
CTETRA,4390,1,1392,3473,3794,1388
CTETRA,4391,1,814,1857,812,1855
CTETRA,4392,1,814,812,1857,1453
CTETRA,4393,1,1004,3689,2891,197
CTETRA,4394,1,1004,2891,3689,4226
CTETRA,4395,1,2942,3238,3083,1837
CTETRA,4396,1,2942,3083,3238,1842
CTETRA,4397,1,1528,2922,1341,1343
CTETRA,4398,1,1528,1341,2922,265
CTETRA,4399,1,1307,6492,1304,1881
CTETRA,4400,1,1307,1304,6492,383
CTETRA,4401,1,775,1304,6492,1881
CTETRA,4402,1,775,6492,1304,383
CTETRA,4403,1,2065,1369,1288,2287
CTETRA,4404,1,2065,1288,1369,1285
CTETRA,4405,1,5815,2516,6251,6174
CTETRA,4406,1,5815,6251,2516,4283
CTETRA,4407,1,4913,6251,2516,6174
CTETRA,4408,1,4913,2516,6251,4283
CTETRA,4409,1,6100,5445,6208,6306
CTETRA,4410,1,1995,5445,6208,3043
CTETRA,4411,1,1995,6208,5445,6306
CTETRA,4412,1,1778,2560,3200,1779
CTETRA,4413,1,1778,3200,2560,1777
CTETRA,4414,1,5636,3175,858,3790
CTETRA,4415,1,858,3175,5636,6314
CTETRA,4416,1,1874,1857,3012,3516
CTETRA,4417,1,3012,1857,1874,1882
CTETRA,4418,1,403,2253,2356,402
CTETRA,4419,1,403,2356,2253,404
CTETRA,4420,1,2064,1361,1356,1358
CTETRA,4421,1,2064,1356,1361,2009
CTETRA,4422,1,651,3036,5635,4282
CTETRA,4423,1,651,5635,3036,3008
CTETRA,4424,1,949,2542,555,553
CTETRA,4425,1,949,555,2542,948
CTETRA,4426,1,404,1429,2756,2352
CTETRA,4427,1,404,2756,1429,1427
CTETRA,4428,1,1904,1455,1454,2582
CTETRA,4429,1,1904,1454,1455,1456
CTETRA,4430,1,412,5935,411,413
CTETRA,4431,1,412,411,5935,6302
CTETRA,4432,1,2732,3626,1902,2421
CTETRA,4433,1,2732,1902,3626,3378
CTETRA,4434,1,6492,812,1854,6305
CTETRA,4435,1,2756,2352,1458,404
CTETRA,4436,1,2756,1458,2352,1482
CTETRA,4437,1,2356,1458,2352,404
CTETRA,4438,1,2356,2352,1458,1482
CTETRA,4439,1,1904,3018,801,799
CTETRA,4440,1,1904,801,3018,573
CTETRA,4441,1,2428,801,3018,799
CTETRA,4442,1,2428,3018,801,573
CTETRA,4443,1,1101,834,543,1095
CTETRA,4444,1,1101,543,834,972
CTETRA,4445,1,6493,197,1005,5779
CTETRA,4446,1,6493,1005,197,2891
CTETRA,4447,1,2547,2351,1868,1940
CTETRA,4448,1,1482,1868,2351,1940
CTETRA,4449,1,1482,2351,1868,2356
CTETRA,4450,1,3213,1269,3968,1268
CTETRA,4451,1,3213,3968,1269,3214
CTETRA,4452,1,1267,3968,1269,1268
CTETRA,4453,1,1267,1269,3968,3214
CTETRA,4454,1,2350,2939,749,732
CTETRA,4455,1,2350,749,2939,2940
CTETRA,4456,1,3272,2738,402,2356
CTETRA,4457,1,3272,402,2738,1454
CTETRA,4458,1,1452,796,1310,674
CTETRA,4459,1,1452,1310,796,6492
CTETRA,4460,1,2980,3756,2479,2981
CTETRA,4461,1,2980,2479,3756,5022
CTETRA,4462,1,767,766,3056,768
CTETRA,4463,1,3056,766,767,1832
CTETRA,4464,1,2011,1276,693,1327
CTETRA,4465,1,693,1276,2011,1309
CTETRA,4466,1,3740,3138,3378,2964
CTETRA,4467,1,3740,3378,3138,2601
CTETRA,4468,1,2731,3740,3378,2964
CTETRA,4469,1,2731,3378,3740,2601
CTETRA,4470,1,2708,3740,2731,2964
CTETRA,4471,1,2708,2731,3740,2601
CTETRA,4472,1,1460,2032,2737,1457
CTETRA,4473,1,2737,2032,1460,1459
CTETRA,4474,1,2737,1458,1460,1457
CTETRA,4475,1,1460,1458,2737,1459
CTETRA,4476,1,212,5679,1005,94
CTETRA,4477,1,212,1005,5679,211
CTETRA,4478,1,669,670,2040,671
CTETRA,4479,1,2040,670,669,948
CTETRA,4480,1,1981,3060,3894,1982
CTETRA,4481,1,1981,3894,3060,3059
CTETRA,4482,1,3190,1903,2814,2874
CTETRA,4483,1,3190,2814,1903,1828
CTETRA,4484,1,3138,2814,1903,2874
CTETRA,4485,1,3138,1903,2814,1828
CTETRA,4486,1,428,1137,427,3372
CTETRA,4487,1,427,1137,428,1136
CTETRA,4488,1,1295,2011,2119,1309
CTETRA,4489,1,1295,2119,2011,317
CTETRA,4490,1,2011,1276,2119,1309
CTETRA,4491,1,2119,1276,2011,318
CTETRA,4492,1,607,3522,2592,705
CTETRA,4493,1,607,2592,3522,609
CTETRA,4494,1,1603,525,6209,524
CTETRA,4495,1,1603,6209,525,294
CTETRA,4496,1,6208,6209,525,524
CTETRA,4497,1,6208,525,6209,294
CTETRA,4498,1,2682,2256,2269,2258
CTETRA,4499,1,2682,2269,2256,2901
CTETRA,4500,1,2257,2269,2256,2258
CTETRA,4501,1,2257,2256,2269,2901
CTETRA,4502,1,1854,1855,6492,1881
CTETRA,4503,1,6492,1855,1854,812
CTETRA,4504,1,2351,3272,1868,2356
CTETRA,4505,1,2351,1868,3272,2547
CTETRA,4506,1,2029,1995,1703,1997
CTETRA,4507,1,2029,1703,1995,5445
CTETRA,4508,1,4032,1703,1995,1997
CTETRA,4509,1,4032,1995,1703,5445
CTETRA,4510,1,2233,798,801,779
CTETRA,4511,1,2233,801,798,2236
CTETRA,4512,1,3027,596,2196,594
CTETRA,4513,1,3027,2196,596,595
CTETRA,4514,1,1876,596,2196,595
CTETRA,4515,1,404,2216,2756,1427
CTETRA,4516,1,404,2756,2216,2737
CTETRA,4517,1,3522,3345,2586,2592
CTETRA,4518,1,2586,3345,3522,1260
CTETRA,4519,1,2586,609,3522,2592
CTETRA,4520,1,3522,609,2586,1260
CTETRA,4521,1,1137,428,2558,3372
CTETRA,4522,1,1137,2558,428,1620
CTETRA,4523,1,2576,2703,1525,2430
CTETRA,4524,1,2576,1525,2703,2041
CTETRA,4525,1,1864,1837,3238,2689
CTETRA,4526,1,1864,3238,1837,3083
CTETRA,4527,1,681,3559,882,6315
CTETRA,4528,1,681,882,3559,883
CTETRA,4529,1,1370,3164,4993,4120
CTETRA,4530,1,1370,4993,3164,1371
CTETRA,4531,1,5396,4990,1195,5397
CTETRA,4532,1,1195,4990,5396,6054
CTETRA,4533,1,1306,1405,636,2571
CTETRA,4534,1,1306,636,1405,1404
CTETRA,4535,1,802,1464,3260,3092
CTETRA,4536,1,802,3260,1464,655
CTETRA,4537,1,1868,3260,1464,3092
CTETRA,4538,1,1868,1464,3260,655
CTETRA,4539,1,3090,1828,1825,2602
CTETRA,4540,1,3090,1825,1828,5230
CTETRA,4541,1,3714,1825,1828,2602
CTETRA,4542,1,3714,1828,1825,5230
CTETRA,4543,1,2547,1868,1941,1940
CTETRA,4544,1,2547,1941,1868,1939
CTETRA,4545,1,2350,2940,666,749
CTETRA,4546,1,3648,3392,704,3436
CTETRA,4547,1,3648,704,3392,1985
CTETRA,4548,1,2919,2333,3235,3221
CTETRA,4549,1,2919,3235,2333,2331
CTETRA,4550,1,502,761,3345,503
CTETRA,4551,1,502,3345,761,2586
CTETRA,4552,1,2851,3181,1755,2850
CTETRA,4553,1,2851,1755,3181,671
CTETRA,4554,1,1969,1457,2266,1494
CTETRA,4555,1,1969,2266,1457,2267
CTETRA,4556,1,2121,3281,6408,1562
CTETRA,4557,1,2121,6408,3281,1996
CTETRA,4558,1,1494,346,3847,2565
CTETRA,4559,1,1494,3847,346,1493
CTETRA,4560,1,749,2001,685,1091
CTETRA,4561,1,749,685,2001,666
CTETRA,4562,1,693,732,685,1091
CTETRA,4563,1,693,685,732,666
CTETRA,4564,1,732,749,685,1091
CTETRA,4565,1,732,685,749,666
CTETRA,4566,1,1331,730,381,729
CTETRA,4567,1,1331,381,730,319
CTETRA,4568,1,1089,730,381,319
CTETRA,4569,1,3547,4262,3144,2240
CTETRA,4570,1,3144,4262,3547,4874
CTETRA,4571,1,1955,301,1954,748
CTETRA,4572,1,1368,1954,301,748
CTETRA,4573,1,1368,301,1954,302
CTETRA,4574,1,497,1364,453,1188
CTETRA,4575,1,497,453,1364,2449
CTETRA,4576,1,6373,5779,5679,199
CTETRA,4577,1,6373,5679,5779,211
CTETRA,4578,1,2208,1244,2163,2207
CTETRA,4579,1,2208,2163,1244,3558
CTETRA,4580,1,1677,1423,1421,1675
CTETRA,4581,1,1421,1423,1677,1452
CTETRA,4582,1,3466,2259,3208,900
CTETRA,4583,1,3466,3208,2259,840
CTETRA,4584,1,3298,2691,3058,2309
CTETRA,4585,1,3298,3058,2691,3139
CTETRA,4586,1,302,359,1368,3461
CTETRA,4587,1,302,1368,359,2660
CTETRA,4588,1,2794,1423,5871,3898
CTETRA,4589,1,2794,5871,1423,674
CTETRA,4590,1,437,1496,436,1497
CTETRA,4591,1,437,436,1496,439
CTETRA,4592,1,1479,436,1496,1497
CTETRA,4593,1,1479,1496,436,439
CTETRA,4594,1,2134,672,674,693
CTETRA,4595,1,2134,674,672,673
CTETRA,4596,1,993,1708,3851,1707
CTETRA,4597,1,993,3851,1708,992
CTETRA,4598,1,1421,3472,1405,2530
CTETRA,4599,1,1421,1405,3472,1320
CTETRA,4600,1,6306,193,5445,1995
CTETRA,4601,1,6306,5445,193,6100
CTETRA,4602,1,195,193,5445,6100
CTETRA,4603,1,5458,4809,6298,5082
CTETRA,4604,1,5458,6298,4809,4562
CTETRA,4605,1,2350,736,666,2940
CTETRA,4606,1,2350,666,736,692
CTETRA,4607,1,2091,1424,654,1463
CTETRA,4608,1,654,1424,2091,2090
CTETRA,4609,1,654,2081,2091,1463
CTETRA,4610,1,2091,2081,654,2090
CTETRA,4611,1,1868,2764,3260,1939
CTETRA,4612,1,1868,3260,2764,655
CTETRA,4613,1,669,2040,1796,2039
CTETRA,4614,1,854,548,152,547
CTETRA,4615,1,854,152,548,201
CTETRA,4616,1,1863,2102,2103,2101
CTETRA,4617,1,1863,2103,2102,1869
CTETRA,4618,1,5769,6188,5848,3177
CTETRA,4619,1,5769,5848,6188,5910
CTETRA,4620,1,2030,256,2118,254
CTETRA,4621,1,2030,2118,256,1772
CTETRA,4622,1,5573,4213,6424,6315
CTETRA,4623,1,5573,6424,4213,4212
CTETRA,4624,1,2800,6424,4213,6315
CTETRA,4625,1,2800,4213,6424,4212
CTETRA,4626,1,636,1408,620,1407
CTETRA,4627,1,636,620,1408,1409
CTETRA,4628,1,2670,1326,732,6342
CTETRA,4629,1,732,2939,2670,6342
CTETRA,4630,1,2670,2939,732,749
CTETRA,4631,1,60,61,1006,59
CTETRA,4632,1,60,1006,61,519
CTETRA,4633,1,1216,3549,1051,836
CTETRA,4634,1,1216,1051,3549,1050
CTETRA,4635,1,1052,1051,3549,836
CTETRA,4636,1,1052,3549,1051,1050
CTETRA,4637,1,3648,842,3770,3436
CTETRA,4638,1,3648,3770,842,3599
CTETRA,4639,1,829,674,3897,673
CTETRA,4640,1,829,3897,674,5871
CTETRA,4641,1,102,5177,3680,2683
CTETRA,4642,1,102,3680,5177,1708
CTETRA,4643,1,882,3789,3559,3862
CTETRA,4644,1,3559,3789,882,4575
CTETRA,4645,1,438,638,436,2366
CTETRA,4646,1,438,436,638,1435
CTETRA,4647,1,1888,1940,2103,1867
CTETRA,4648,1,1888,2103,1940,2826
CTETRA,4649,1,525,6100,194,195
CTETRA,4650,1,193,194,6100,195
CTETRA,4651,1,193,6100,194,6306
CTETRA,4652,1,1405,1415,3472,1319
CTETRA,4653,1,1405,3472,1415,1406
CTETRA,4654,1,2670,1091,732,1326
CTETRA,4655,1,2670,732,1091,749
CTETRA,4656,1,1685,2869,2420,1900
CTETRA,4657,1,2420,2869,1685,2868
CTETRA,4658,1,2869,615,2420,1900
CTETRA,4659,1,2869,571,615,1900
CTETRA,4660,1,431,1840,1839,2197
CTETRA,4661,1,1839,1840,431,594
CTETRA,4662,1,1839,2196,431,2197
CTETRA,4663,1,431,2196,1839,594
CTETRA,4664,1,670,908,2014,2584
CTETRA,4665,1,670,2014,908,2853
CTETRA,4667,1,2013,908,2014,2853
CTETRA,4668,1,2120,1296,380,1295
CTETRA,4669,1,2120,380,1296,1320
CTETRA,4670,1,1929,1930,4005,1928
CTETRA,4671,1,4005,1930,1929,1780
CTETRA,4672,1,2431,346,3750,348
CTETRA,4673,1,2431,3750,346,799
CTETRA,4674,1,4032,3281,195,3280
CTETRA,4675,1,2479,3711,2980,2483
CTETRA,4676,1,2479,2980,3711,884
CTETRA,4677,1,1345,2246,2024,2066
CTETRA,4678,1,1345,2024,2246,1253
CTETRA,4679,1,5995,3213,1265,1328
CTETRA,4680,1,5995,1265,3213,4720
CTETRA,4681,1,5075,3606,3174,5076
CTETRA,4682,1,5075,3174,3606,3608
CTETRA,4683,1,5637,2800,6315,4734
CTETRA,4684,1,6315,2800,5637,882
CTETRA,4685,1,1266,3351,1328,1264
CTETRA,4686,1,1266,1328,3351,1326
CTETRA,4687,1,3559,3177,3179,4573
CTETRA,4688,1,3559,3179,3177,3561
CTETRA,4689,1,2196,2197,1674,2195
CTETRA,4690,1,2196,1674,2197,1839
CTETRA,4691,1,1345,2026,2066,2024
CTETRA,4692,1,1345,2066,2026,1256
CTETRA,4693,1,4024,2938,4263,1454
CTETRA,4694,1,4024,4263,2938,4023
CTETRA,4695,1,2433,4024,4263,1454
CTETRA,4696,1,2433,4263,4024,4023
CTETRA,4697,1,4022,2433,4024,4023
CTETRA,4698,1,1281,3602,2627,2058
CTETRA,4699,1,1281,2627,3602,1279
CTETRA,4700,1,2114,1703,256,1699
CTETRA,4701,1,2114,256,1703,2118
CTETRA,4702,1,843,1372,706,2545
CTETRA,4703,1,843,706,1372,842
CTETRA,4704,1,1674,2699,2443,1676
CTETRA,4705,1,1674,2443,2699,1675
CTETRA,4706,1,1854,5976,6492,6462
CTETRA,4707,1,6492,5976,1854,1881
CTETRA,4708,1,3395,1260,1045,3180
CTETRA,4709,1,3395,1045,1260,2586
CTETRA,4710,1,1046,1045,1260,3180
CTETRA,4711,1,1046,1260,1045,2586
CTETRA,4712,1,1421,2120,2794,1295
CTETRA,4713,1,2794,2120,1421,3319
CTETRA,4714,1,5477,3740,4029,5738
CTETRA,4715,1,5477,4029,3740,2705
CTETRA,4716,1,2706,4029,3740,5738
CTETRA,4717,1,2706,3740,4029,2705
CTETRA,4718,1,2070,2631,2524,2523
CTETRA,4719,1,2524,2631,2070,2209
CTETRA,4720,1,1243,1244,3512,1242
CTETRA,4721,1,1243,3512,1244,2162
CTETRA,4722,1,3648,3770,6038,4876
CTETRA,4723,1,3648,6038,3770,3599
CTETRA,4724,1,973,972,427,429
CTETRA,4725,1,427,972,973,834
CTETRA,4726,1,427,832,973,429
CTETRA,4727,1,973,832,427,834
CTETRA,4728,1,1782,2560,5374,2799
CTETRA,4729,1,1782,5374,2560,463
CTETRA,4730,1,1480,1482,2228,1481
CTETRA,4731,1,1480,2228,1482,2103
CTETRA,4732,1,818,686,2257,1983
CTETRA,4733,1,818,2257,686,688
CTETRA,4734,1,1973,3089,1972,1974
CTETRA,4735,1,1973,1972,3089,2064
CTETRA,4736,1,2631,2170,1439,2169
CTETRA,4737,1,2631,1439,2170,2688
CTETRA,4738,1,2479,857,3223,885
CTETRA,4739,1,2479,3223,857,3172
CTETRA,4740,1,886,3223,857,885
CTETRA,4741,1,886,857,3223,3172
CTETRA,4742,1,2019,2133,2523,2524
CTETRA,4743,1,2019,2523,2133,3197
CTETRA,4744,1,2982,3639,2232,3796
CTETRA,4745,1,2982,2232,3639,2231
CTETRA,4746,1,2033,2228,410,1459
CTETRA,4747,1,2033,410,2228,2227
CTETRA,4748,1,2491,3586,2592,5909
CTETRA,4749,1,2491,2592,3586,607
CTETRA,4750,1,889,196,891,888
CTETRA,4751,1,891,196,889,3679
CTETRA,4752,1,2217,2649,2308,1942
CTETRA,4753,1,2217,2308,2649,2310
CTETRA,4754,1,3146,1980,2209,1982
CTETRA,4755,1,3146,2209,1980,2644
CTETRA,4756,1,93,482,6493,890
CTETRA,4757,1,93,6493,482,854
CTETRA,4758,1,6015,6224,6198,6074
CTETRA,4759,1,6015,6198,6224,2006
CTETRA,4760,1,5961,3143,3145,4910
CTETRA,4761,1,3145,3143,5961,5503
CTETRA,4762,1,3451,1933,2309,2649
CTETRA,4763,1,2033,2228,1479,2227
CTETRA,4764,1,2033,1479,2228,1481
CTETRA,4765,1,2393,2563,2562,2545
CTETRA,4766,1,2393,2562,2563,3540
CTETRA,4767,1,3020,2815,2076,4039
CTETRA,4768,1,3020,2076,2815,3190
CTETRA,4769,1,3188,2076,2815,4039
CTETRA,4770,1,3188,2815,2076,3190
CTETRA,4771,1,1903,4114,3138,1901
CTETRA,4772,1,1903,3138,4114,1828
CTETRA,4773,1,5479,2007,3571,5043
CTETRA,4774,1,5479,3571,2007,2008
CTETRA,4775,1,2006,3571,2007,5043
CTETRA,4776,1,2006,2007,3571,2008
CTETRA,4777,1,1685,2582,4236,3594
CTETRA,4778,1,2571,3012,1874,775
CTETRA,4779,1,705,1986,3179,5450
CTETRA,4780,1,705,3179,1986,704
CTETRA,4781,1,2011,1089,383,319
CTETRA,4782,1,2011,383,1089,1308
CTETRA,4783,1,381,383,1089,319
CTETRA,4784,1,381,1089,383,1308
CTETRA,4785,1,5909,5848,6188,4640
CTETRA,4786,1,5909,6188,5848,5910
CTETRA,4787,1,438,439,436,437
CTETRA,4788,1,438,436,439,2366
CTETRA,4789,1,1964,1986,3599,3648
CTETRA,4790,1,1964,3599,1986,3467
CTETRA,4791,1,6492,5976,684,794
CTETRA,4792,1,6492,684,5976,712
CTETRA,4793,1,714,684,5976,794
CTETRA,4794,1,714,5976,684,712
CTETRA,4795,1,623,622,2688,624
CTETRA,4796,1,623,2688,622,1439
CTETRA,4797,1,4282,3933,3677,3540
CTETRA,4798,1,4282,3677,3933,651
CTETRA,4799,1,3018,799,1456,2111
CTETRA,4800,1,3018,1456,799,1904
CTETRA,4801,1,2268,2682,2143,810
CTETRA,4802,1,2268,2143,2682,2269
CTETRA,4803,1,3345,3008,501,503
CTETRA,4804,1,3345,501,3008,6482
CTETRA,4805,1,2885,2213,2070,2071
CTETRA,4806,1,2885,2070,2213,2212
CTETRA,4807,1,3367,2231,3639,2232
CTETRA,4808,1,3367,3639,2231,1380
CTETRA,4809,1,2530,2296,1406,1410
CTETRA,4810,1,2530,1406,2296,2297
CTETRA,4811,1,622,822,3895,624
CTETRA,4812,1,622,3895,822,823
CTETRA,4813,1,2582,1905,1685,4236
CTETRA,4814,1,2582,1685,1905,3017
CTETRA,4815,1,2869,1685,1905,4236
CTETRA,4816,1,2869,1905,1685,3017
CTETRA,4817,1,2504,318,1276,2503
CTETRA,4818,1,2504,1276,318,1327
CTETRA,4819,1,3143,6290,2007,5479
CTETRA,4820,1,3143,2007,6290,4910
CTETRA,4821,1,1345,2246,1346,1253
CTETRA,4822,1,1345,1346,2246,1256
CTETRA,4823,1,5631,1008,2347,3358
CTETRA,4824,1,5631,2347,1008,2568
CTETRA,4825,1,3165,4120,3164,1372
CTETRA,4826,1,3165,3164,4120,4818
CTETRA,4827,1,1669,2849,1671,1670
CTETRA,4828,1,1669,1671,2849,2988
CTETRA,4829,1,2259,2568,5631,1008
CTETRA,4830,1,2259,5631,2568,893
CTETRA,4831,1,1780,1929,2797,3569
CTETRA,4832,1,1780,2797,1929,4005
CTETRA,4833,1,4039,3157,2285,4479
CTETRA,4834,1,4039,2285,3157,4040
CTETRA,4835,1,1874,776,1304,1305
CTETRA,4836,1,1874,1304,776,775
CTETRA,4837,1,595,1409,619,3027
CTETRA,4838,1,595,619,1409,1408
CTETRA,4839,1,2161,3762,3331,3761
CTETRA,4840,1,2161,3331,3762,2163
CTETRA,4841,1,571,634,2869,615
CTETRA,4842,1,571,2869,634,2868
CTETRA,4843,1,2420,2869,634,615
CTETRA,4844,1,2420,634,2869,2868
CTETRA,4845,1,1297,2011,6492,383
CTETRA,4846,1,1297,6492,2011,1309
CTETRA,4847,1,2184,5961,3145,6362
CTETRA,4848,1,2184,3145,5961,5503
CTETRA,4849,1,1940,1923,2762,2547
CTETRA,4850,1,1940,2762,1923,1924
CTETRA,4851,1,1524,1989,2354,2041
CTETRA,4852,1,1524,2354,1989,4277
CTETRA,4853,1,2480,2229,1430,2051
CTETRA,4854,1,2480,1430,2229,2231
CTETRA,4855,1,3270,2866,3346,2857
CTETRA,4856,1,3270,3346,2866,2438
CTETRA,4857,1,1797,2988,2849,1798
CTETRA,4858,1,2849,2988,1797,1669
CTETRA,4859,1,2103,3788,1865,1867
CTETRA,4860,1,2103,1865,3788,1480
CTETRA,4861,1,2162,3618,3512,502
CTETRA,4862,1,2162,3512,3618,1243
CTETRA,4863,1,2288,1353,368,1354
CTETRA,4864,1,368,1353,2288,369
CTETRA,4865,1,5636,4575,5710,5637
CTETRA,4866,1,5710,4575,5636,5711
CTETRA,4867,1,5910,5909,1984,5631
CTETRA,4868,1,1984,5909,5910,6188
CTETRA,4869,1,1780,1826,1930,3569
CTETRA,4870,1,1780,1930,1826,1781
CTETRA,4871,1,1984,3587,1986,3586
CTETRA,4872,1,1984,1986,3587,3585
CTETRA,4873,1,2571,3516,1874,3012
CTETRA,4874,1,2571,1874,3516,1407
CTETRA,4875,1,1364,1287,1363,1291
CTETRA,4876,1,1364,1363,1287,3278
CTETRA,4877,1,1889,1931,1835,1932
CTETRA,4878,1,1889,1835,1931,1942
CTETRA,4879,1,1163,5172,1178,1194
CTETRA,4880,1,1163,1178,5172,6110
CTETRA,4881,1,2217,1889,1841,2856
CTETRA,4882,1,1841,1889,2217,2942
CTETRA,4883,1,1480,2101,2195,1863
CTETRA,4884,1,2195,2101,1480,1865
CTETRA,4885,1,2200,2867,2627,1299
CTETRA,4886,1,2627,2867,2200,2992
CTETRA,4887,1,2627,1278,2200,1299
CTETRA,4888,1,2200,1278,2627,2992
CTETRA,4889,1,3587,3177,4180,3179
CTETRA,4890,1,3587,4180,3177,3178
CTETRA,4891,1,3347,2208,3677,2563
CTETRA,4892,1,3347,3677,2208,3558
CTETRA,4893,1,6041,411,5935,5427
CTETRA,4894,1,1808,1809,3973,1807
CTETRA,4895,1,1808,3973,1809,6086
CTETRA,4896,1,1264,1332,1265,1348
CTETRA,4897,1,1264,1265,1332,1328
CTETRA,4898,1,3213,1265,1332,1348
CTETRA,4899,1,3213,1332,1265,1328
CTETRA,4900,1,1084,1037,1038,4264
CTETRA,4901,1,1084,1038,1037,3549
CTETRA,4902,1,993,991,5276,992
CTETRA,4903,1,993,5276,991,1774
CTETRA,4904,1,1375,3316,1590,1373
CTETRA,4905,1,1375,1590,3316,3317
CTETRA,4906,1,262,3172,886,261
CTETRA,4907,1,262,886,3172,857
CTETRA,4908,1,1495,1459,2756,1481
CTETRA,4909,1,2756,1459,1495,3376
CTETRA,4910,1,2542,669,2040,1796
CTETRA,4911,1,2040,669,2542,948
CTETRA,4912,1,3621,1598,633,3620
CTETRA,4913,1,3621,633,1598,635
CTETRA,4914,1,2216,2267,807,809
CTETRA,4915,1,1457,807,2267,809
CTETRA,4916,1,2730,2731,3378,2732
CTETRA,4917,1,2730,3378,2731,2941
CTETRA,4918,1,2343,2095,1522,3193
CTETRA,4919,1,2343,1522,2095,2094
CTETRA,4920,1,700,698,2079,699
CTETRA,4921,1,700,2079,698,2596
CTETRA,4922,1,681,2079,698,699
CTETRA,4923,1,681,698,2079,2596
CTETRA,4924,1,2550,2814,1828,2551
CTETRA,4925,1,1828,2814,2550,2815
CTETRA,4926,1,2756,2216,2032,3376
CTETRA,4927,1,2756,2032,2216,2737
CTETRA,4928,1,2947,2430,3397,2576
CTETRA,4929,1,2947,3397,2430,1442
CTETRA,4930,1,2233,801,4413,779
CTETRA,4931,1,2233,4413,801,802
CTETRA,4932,1,4212,2800,682,5433
CTETRA,4933,1,682,2800,4212,4213
CTETRA,4934,1,2544,817,804,815
CTETRA,4935,1,2544,804,817,831
CTETRA,4936,1,3516,1408,1874,1857
CTETRA,4937,1,3516,1874,1408,1407
CTETRA,4938,1,3436,704,842,706
CTETRA,4939,1,3436,842,704,3648
CTETRA,4940,1,453,451,496,497
CTETRA,4941,1,453,496,451,1292
CTETRA,4942,1,495,496,451,497
CTETRA,4943,1,495,451,496,1292
CTETRA,4944,1,1341,1357,1528,1342
CTETRA,4945,1,1341,1528,1357,1395
CTETRA,4946,1,1343,1376,1528,1377
CTETRA,4947,1,1343,1528,1376,1342
CTETRA,4948,1,346,799,800,798
CTETRA,4949,1,346,800,799,3847
CTETRA,4950,1,801,800,799,798
CTETRA,4951,1,1903,1904,572,4263
CTETRA,4952,1,1903,572,1904,1905
CTETRA,4953,1,4932,3145,2184,4933
CTETRA,4954,1,4932,2184,3145,6362
CTETRA,4955,1,3402,2420,1901,2810
CTETRA,4956,1,1685,2420,1901,1900
CTETRA,4957,1,1685,1901,2420,2810
CTETRA,4958,1,1674,1876,591,1839
CTETRA,4959,1,1674,591,1876,1677
CTETRA,4960,1,3146,2651,3139,2213
CTETRA,4961,1,3146,3139,2651,2650
CTETRA,4962,1,794,6305,6492,6462
CTETRA,4963,1,794,6492,6305,796
CTETRA,4964,1,1243,1260,3618,3395
CTETRA,4965,1,1243,3618,1260,3512
CTETRA,4966,1,3562,6384,212,59
CTETRA,4967,1,3562,212,6384,211
CTETRA,4968,1,5075,3607,3608,3606
CTETRA,4969,1,5075,3608,3607,6335
CTETRA,4970,1,1009,3608,3607,3606
CTETRA,4971,1,547,4189,200,548
CTETRA,4972,1,547,200,4189,1177
CTETRA,4973,1,1053,3358,2347,3463
CTETRA,4974,1,1053,2347,3358,607
CTETRA,4975,1,6482,3793,843,3677
CTETRA,4976,1,6482,843,3793,2335
CTETRA,4977,1,4144,3512,501,502
CTETRA,4978,1,4144,501,3512,2163
CTETRA,4979,1,3798,3331,3762,3329
CTETRA,4980,1,3798,3762,3331,3036
CTETRA,4981,1,2800,6315,698,882
CTETRA,4982,1,2800,698,6315,4213
CTETRA,4983,1,681,698,6315,882
CTETRA,4984,1,681,6315,698,4213
CTETRA,4985,1,1125,301,748,3461
CTETRA,4986,1,1125,748,301,3458
CTETRA,4987,1,1150,6053,4991,4992
CTETRA,4988,1,4991,6053,1150,5577
CTETRA,4989,1,2627,2096,1299,2867
CTETRA,4990,1,2627,1299,2096,2058
CTETRA,4991,1,1331,1404,1318,1325
CTETRA,4992,1,1331,1318,1404,1306
CTETRA,4993,1,2067,3354,1396,2863
CTETRA,4994,1,2067,1396,3354,1255
CTETRA,4995,1,2079,700,660,820
CTETRA,4996,1,2079,660,700,699
CTETRA,4997,1,821,660,700,820
CTETRA,4998,1,821,700,660,699
CTETRA,4999,1,632,1778,630,907
CTETRA,5000,1,632,630,1778,629
CTETRA,5002,1,1772,1778,630,629
CTETRA,5003,1,4267,2941,3378,2730
CTETRA,5004,1,4267,3378,2941,2602
CTETRA,5005,1,4421,2800,4212,5433
CTETRA,5006,1,4421,4212,2800,6424
CTETRA,5007,1,697,667,2940,2671
CTETRA,5008,1,1780,2796,3569,2797
CTETRA,5009,1,1780,3569,2796,2798
CTETRA,5010,1,547,1085,482,1177
CTETRA,5011,1,547,482,1085,1217
CTETRA,5012,1,3375,1392,3473,3794
CTETRA,5013,1,3375,3473,1392,3639
CTETRA,5014,1,572,3190,2075,2237
CTETRA,5015,1,2875,3190,2075,3188
CTETRA,5016,1,2875,2075,3190,2237
CTETRA,5017,1,766,1933,2309,3451
CTETRA,5018,1,766,2309,1933,1834
CTETRA,5019,1,2350,734,2940,697
CTETRA,5020,1,2350,2940,734,736
CTETRA,5021,1,667,2940,734,697
CTETRA,5022,1,667,734,2940,736
CTETRA,5023,1,1458,2737,403,1457
CTETRA,5024,1,1458,403,2737,404
CTETRA,5025,1,1968,2737,403,404
CTETRA,5026,1,4933,3144,2183,3547
CTETRA,5027,1,2240,2183,3144,3547
CTETRA,5028,1,3144,5503,2183,2240
CTETRA,5029,1,4933,5503,2183,3144
CTETRA,5030,1,2183,5503,4933,2184
CTETRA,5031,1,2034,1410,1677,636
CTETRA,5032,1,1677,1410,2034,638
CTETRA,5033,1,1677,637,2034,636
CTETRA,5034,1,2034,637,1677,638
CTETRA,5035,1,5445,6208,293,6100
CTETRA,5036,1,5445,293,6208,3043
CTETRA,5037,1,1021,5935,411,6302
CTETRA,5038,1,1021,411,5935,6041
CTETRA,5039,1,796,693,1310,674
CTETRA,5040,1,1310,6492,693,796
CTETRA,5041,1,693,6492,1310,1309
CTETRA,5042,1,3608,892,3607,6335
CTETRA,5043,1,3608,3607,892,1009
CTETRA,5044,1,596,2196,1838,1876
CTETRA,5045,1,596,1838,2196,594
CTETRA,5046,1,1839,1838,2196,1876
CTETRA,5047,1,1839,2196,1838,594
CTETRA,5048,1,730,381,1308,1089
CTETRA,5049,1,730,1308,381,729
CTETRA,5050,1,301,1954,1249,1955
CTETRA,5051,1,301,1249,1954,302
CTETRA,5052,1,193,5445,4032,195
CTETRA,5053,1,4032,5445,193,1995
CTETRA,5054,1,4032,3281,193,195
CTETRA,5055,1,193,3281,4032,1995
CTETRA,5056,1,2267,1457,2216,807
CTETRA,5057,1,2267,2216,1457,2737
CTETRA,5058,1,2032,2216,1457,807
CTETRA,5059,1,2032,1457,2216,2737
CTETRA,5060,1,6100,194,6208,525
CTETRA,5061,1,6100,6208,194,6306
CTETRA,5062,1,2433,4024,3272,4022
CTETRA,5063,1,2433,3272,4024,1454
CTETRA,5064,1,1796,2849,1670,2039
CTETRA,5065,1,1796,1669,2849,1797
CTETRA,5066,1,2849,1669,1796,1670
CTETRA,5067,1,800,799,4175,801
CTETRA,5068,1,800,4175,799,3847
CTETRA,5069,1,2420,1901,1902,3402
CTETRA,5070,1,2420,1902,1901,1900
CTETRA,5071,1,3187,3190,3189,572
CTETRA,5072,1,3187,3189,3190,3188
CTETRA,5073,1,2075,3189,3190,572
CTETRA,5074,1,2075,3190,3189,3188
CTETRA,5075,1,1518,2737,1969,1968
CTETRA,5076,1,1518,1969,2737,1457
CTETRA,5077,1,403,1969,2737,1968
CTETRA,5078,1,403,2737,1969,1457
CTRIA3,5079,1,3346,3565,4265
CTRIA3,5080,1,1279,1280,1281
CTRIA3,5081,1,621,814,1855
CTRIA3,5082,1,3346,4264,4265
CTRIA3,5083,1,1855,1881,1882
CTRIA3,5084,1,1441,1988,3397
CTRIA3,5085,1,1441,1988,2947
CTRIA3,5086,1,1441,2947,3397
CTRIA3,5087,1,2017,2516,4913
CTRIA3,5088,1,621,1855,1882
CTRIA3,5089,1,3973,6087,6126
CTRIA3,5090,1,2351,2547,4024
CTRIA3,5091,1,3789,3790,5636
CTRIA3,5092,1,1406,2034,2368
CTRIA3,5093,1,1373,1374,1375
CTRIA3,5094,1,411,1019,1021
CTRIA3,5095,1,1019,1021,6302
CTRIA3,5096,1,1373,1374,3888
CTRIA3,5097,1,633,1690,2422
CTRIA3,5098,1,1690,1691,2422
CTRIA3,5099,1,1865,3788,4261
CTRIA3,5100,1,427,489,490
CTRIA3,5101,1,636,1305,1306
CTRIA3,5102,1,2649,2650,2651
CTRIA3,5103,1,2310,2649,2650
CTRIA3,5104,1,1125,1127,3458
CTRIA3,5105,1,2161,3762,4144
CTRIA3,5106,1,100,101,102
CTRIA3,5107,1,2980,3174,3606
CTRIA3,5108,1,2980,3606,3711
CTRIA3,5109,1,3973,6086,6087
CTRIA3,5110,1,1809,6086,6087
CTRIA3,5111,1,100,102,3981
CTRIA3,5112,1,2234,2235,2236
CTRIA3,5113,1,2234,2236,3666
CTRIA3,5114,1,1867,2351,2353
CTRIA3,5115,1,2738,2810,4024
CTRIA3,5116,1,194,524,525
CTRIA3,5117,1,194,524,6208
CTRIA3,5118,1,652,662,3560
CTRIA3,5119,1,2738,2810,3545
CTRIA3,5120,1,1809,2017,6087
CTRIA3,5121,1,1980,2019,2644
CTRIA3,5122,1,1781,1782,3090
CTRIA3,5123,1,1304,1881,1882
CTRIA3,5124,1,713,749,2001
CTRIA3,5125,1,633,1690,3621
CTRIA3,5126,1,887,4171,5058
CTRIA3,5127,1,1267,1268,5566
CTRIA3,5128,1,609,1046,1260
CTRIA3,5129,1,807,808,809
CTRIA3,5130,1,808,809,2216
CTRIA3,5131,1,637,2195,4261
CTRIA3,5132,1,2351,2738,4024
CTRIA3,5133,1,1304,1305,1306
CTRIA3,5134,1,360,1288,1355
CTRIA3,5135,1,2547,4022,4024
CTRIA3,5136,1,1809,2017,2515
CTRIA3,5137,1,427,428,429
CTRIA3,5138,1,3076,3734,6293
CTRIA3,5139,1,3075,3076,3734
CTRIA3,5140,1,1782,2560,3695
CTRIA3,5141,1,318,730,1331
CTRIA3,5142,1,2428,2429,3150
CTRIA3,5143,1,2341,2342,2933
CTRIA3,5144,1,729,1304,1306
CTRIA3,5145,1,1433,1434,3193
CTRIA3,5146,1,1432,1433,3193
CTRIA3,5147,1,1432,1433,1434
CTRIA3,5148,1,812,1452,1453
CTRIA3,5149,1,427,489,1139
CTRIA3,5150,1,637,1409,2196
CTRIA3,5151,1,1130,1136,3501
CTRIA3,5152,1,2110,2342,2933
CTRIA3,5153,1,1268,4723,5566
CTRIA3,5154,1,1670,1671,1755
CTRIA3,5155,1,1091,1266,3351
CTRIA3,5156,1,1125,2364,2365
CTRIA3,5157,1,1843,2213,2218
CTRIA3,5158,1,2918,5319,5320
CTRIA3,5159,1,5319,5320,5321
CTRIA3,5160,1,812,1452,6305
CTRIA3,5161,1,92,151,152
CTRIA3,5162,1,92,93,854
CTRIA3,5163,1,565,1698,2988
CTRIA3,5164,1,542,543,1095
CTRIA3,5165,1,1373,2979,3888
CTRIA3,5166,1,1007,1008,1009
CTRIA3,5167,1,1831,1833,2169
CTRIA3,5168,1,4265,4990,5396
CTRIA3,5169,1,842,844,3179
CTRIA3,5170,1,151,152,1018
CTRIA3,5171,1,1102,1130,1136
CTRIA3,5172,1,1136,1137,1620
CTRIA3,5173,1,1125,1126,5571
CTRIA3,5174,1,1266,5485,6179
CTRIA3,5175,1,2623,3973,5814
CTRIA3,5176,1,1685,2932,3594
CTRIA3,5177,1,791,1262,2897
CTRIA3,5178,1,1774,1775,2030
CTRIA3,5179,1,1125,1126,1127
CTRIA3,5180,1,3789,3790,3791
CTRIA3,5181,1,1149,1150,1151
CTRIA3,5182,1,1150,1151,5879
CTRIA3,5183,1,1279,1280,1282
CTRIA3,5184,1,1406,2296,2368
CTRIA3,5185,1,2794,3319,3898
CTRIA3,5186,1,634,2098,2868
CTRIA3,5187,1,1125,2365,5571
CTRIA3,5188,1,196,197,1004
CTRIA3,5189,1,2090,2091,2699
CTRIA3,5190,1,1781,2239,3090
CTRIA3,5191,1,1324,1325,1331
CTRIA3,5192,1,1782,3090,3695
CTRIA3,5193,1,1250,2089,2987
CTRIA3,5194,1,427,1139,3372
CTRIA3,5195,1,1137,1139,3372
CTRIA3,5196,1,3165,3436,5743
CTRIA3,5197,1,1149,1150,3975
CTRIA3,5198,1,833,834,1095
CTRIA3,5199,1,408,2081,2090
CTRIA3,5200,1,408,2090,2091
CTRIA3,5201,1,1091,1266,2670
CTRIA3,5202,1,1008,1009,2259
CTRIA3,5203,1,1665,1671,1755
CTRIA3,5204,1,1995,2029,3043
CTRIA3,5205,1,1050,1084,3341
CTRIA3,5206,1,101,102,3043
CTRIA3,5207,1,3108,3317,5556
CTRIA3,5208,1,1375,3108,3317
CTRIA3,5209,1,513,1664,1669
CTRIA3,5210,1,513,1669,1698
CTRIA3,5211,1,1409,2196,3027
CTRIA3,5212,1,632,2852,2853
CTRIA3,5213,1,1854,6305,6462
CTRIA3,5214,1,686,687,688
CTRIA3,5215,1,624,822,1844
CTRIA3,5216,1,200,201,854
CTRIA3,5217,1,1432,2095,3193
CTRIA3,5218,1,555,2093,2852
CTRIA3,5219,1,428,429,1078
CTRIA3,5220,1,1833,1837,2169
CTRIA3,5221,1,1843,2212,2213
CTRIA3,5222,1,3762,4161,5566
CTRIA3,5223,1,1837,2169,2689
CTRIA3,5224,1,5058,5389,6021
CTRIA3,5225,1,256,565,1698
CTRIA3,5226,1,5815,6174,6413
CTRIA3,5227,1,5815,6251,6413
CTRIA3,5228,1,1036,3496,3975
CTRIA3,5229,1,682,2596,2800
CTRIA3,5230,1,698,2596,2800
CTRIA3,5231,1,408,2080,2081
CTRIA3,5232,1,681,3559,3560
CTRIA3,5233,1,3109,3887,4292
CTRIA3,5234,1,1991,2293,2294
CTRIA3,5235,1,1991,2292,2293
CTRIA3,5236,1,2292,2293,2294
CTRIA3,5237,1,4283,5814,5815
CTRIA3,5238,1,5897,6020,6021
CTRIA3,5239,1,5086,5897,6021
CTRIA3,5240,1,199,888,3532
CTRIA3,5241,1,674,1423,1452
CTRIA3,5242,1,1665,1755,2114
CTRIA3,5243,1,717,819,826
CTRIA3,5244,1,96,5419,5420
CTRIA3,5245,1,1828,2551,2705
CTRIA3,5246,1,489,490,491
CTRIA3,5247,1,212,520,1017
CTRIA3,5248,1,3973,5814,6126
CTRIA3,5249,1,2029,2030,2118
CTRIA3,5250,1,429,974,1078
CTRIA3,5251,1,555,2852,2853
CTRIA3,5252,1,1279,1282,1370
CTRIA3,5253,1,1443,2419,3887
CTRIA3,5254,1,5895,5897,6020
CTRIA3,5255,1,2623,5814,5815
CTRIA3,5256,1,2516,2623,5815
CTRIA3,5257,1,662,681,3560
CTRIA3,5258,1,1391,2990,3003
CTRIA3,5259,1,669,671,2039
CTRIA3,5260,1,255,256,1693
CTRIA3,5261,1,687,826,3229
CTRIA3,5262,1,427,490,832
CTRIA3,5263,1,5058,6020,6021
CTRIA3,5264,1,2093,2852,5280
CTRIA3,5265,1,1149,3496,3975
CTRIA3,5266,1,632,2852,5280
CTRIA3,5267,1,636,637,1409
CTRIA3,5268,1,1388,3003,3269
CTRIA3,5269,1,654,2090,2446
CTRIA3,5270,1,1136,1138,3501
CTRIA3,5271,1,3175,3608,3790
CTRIA3,5272,1,93,2299,2641
CTRIA3,5273,1,729,731,1307
CTRIA3,5274,1,730,1091,2001
CTRIA3,5275,1,2239,3090,5230
CTRIA3,5276,1,842,3179,3599
CTRIA3,5277,1,887,4170,4171
CTRIA3,5278,1,490,832,833
CTRIA3,5279,1,832,833,834
CTRIA3,5280,1,1980,2019,2133
CTRIA3,5281,1,3375,3640,3709
CTRIA3,5282,1,1250,1344,2987
CTRIA3,5283,1,94,212,1017
CTRIA3,5284,1,2076,3984,4269
CTRIA3,5285,1,571,2098,3150
CTRIA3,5286,1,571,2429,3150
CTRIA3,5287,1,2984,3762,5635
CTRIA3,5288,1,92,152,854
CTRIA3,5289,1,2090,2445,2446
CTRIA3,5290,1,199,888,2299
CTRIA3,5291,1,822,1844,3061
CTRIA3,5292,1,1755,2112,2114
CTRIA3,5293,1,1374,3109,3887
CTRIA3,5294,1,1388,1392,3269
CTRIA3,5295,1,4676,5448,5784
CTRIA3,5296,1,1928,4676,5448
CTRIA3,5297,1,1265,1266,6179
CTRIA3,5298,1,2983,2984,3008
CTRIA3,5299,1,4039,4269,4479
CTRIA3,5300,1,452,1363,1369
CTRIA3,5301,1,1443,3887,3888
CTRIA3,5302,1,673,829,2392
CTRIA3,5303,1,2017,2515,2516
CTRIA3,5304,1,670,948,949
CTRIA3,5305,1,1829,3144,4023
CTRIA3,5306,1,1277,2794,3897
CTRIA3,5307,1,452,1362,1369
CTRIA3,5308,1,452,1291,1362
CTRIA3,5309,1,2076,4039,4269
CTRIA3,5310,1,1037,1052,3404
CTRIA3,5311,1,4877,5742,6207
CTRIA3,5312,1,4990,4992,6053
CTRIA3,5313,1,4990,4991,4992
CTRIA3,5314,1,152,201,2618
CTRIA3,5315,1,632,5280,5826
CTRIA3,5316,1,688,818,819
CTRIA3,5317,1,883,2335,2336
CTRIA3,5318,1,1019,6270,6302
CTRIA3,5319,1,411,1019,6270
CTRIA3,5320,1,199,3532,4170
CTRIA3,5321,1,796,1452,6305
CTRIA3,5322,1,3984,4877,6207
CTRIA3,5323,1,1036,1037,1038
CTRIA3,5324,1,318,1324,2503
CTRIA3,5325,1,3223,5419,5420
CTRIA3,5326,1,3164,3420,6025
CTRIA3,5327,1,972,1101,1627
CTRIA3,5328,1,2419,2683,2684
CTRIA3,5329,1,791,1262,1280
CTRIA3,5330,1,2230,2805,2982
CTRIA3,5331,1,364,2805,2982
CTRIA3,5332,1,842,3770,4818
CTRIA3,5333,1,547,1217,2891
CTRIA3,5334,1,82,83,1590
CTRIA3,5335,1,883,2335,3536
CTRIA3,5336,1,4912,5523,5918
CTRIA3,5337,1,2764,3506,4169
CTRIA3,5338,1,462,1825,1826
CTRIA3,5339,1,2077,4919,4920
CTRIA3,5340,1,670,671,2851
CTRIA3,5341,1,255,566,631
CTRIA3,5342,1,566,630,631
CTRIA3,5343,1,1379,1401,2380
CTRIA3,5344,1,1401,2380,3795
CTRIA3,5345,1,323,555,2853
CTRIA3,5346,1,1038,3549,6479
CTRIA3,5347,1,2018,2019,2021
CTRIA3,5348,1,2018,2019,2020
CTRIA3,5349,1,714,794,795
CTRIA3,5350,1,1808,2549,3973
CTRIA3,5351,1,1807,1808,2549
CTRIA3,5352,1,199,2299,2641
CTRIA3,5353,1,768,3060,3451
CTRIA3,5354,1,803,826,2881
CTRIA3,5355,1,1707,2029,2030
CTRIA3,5356,1,622,823,1439
CTRIA3,5357,1,3569,5243,5374
CTRIA3,5358,1,3155,4269,4479
CTRIA3,5359,1,607,840,841
CTRIA3,5360,1,1037,1052,3549
CTRIA3,5361,1,489,1138,1139
CTRIA3,5362,1,829,2392,2393
CTRIA3,5363,1,686,687,2143
CTRIA3,5364,1,1356,2009,2024
CTRIA3,5365,1,463,1826,3569
CTRIA3,5366,1,3571,5479,6320
CTRIA3,5367,1,1439,1831,2169
CTRIA3,5368,1,3420,4919,4920
CTRIA3,5369,1,1996,2114,2118
CTRIA3,5370,1,1240,1262,1263
CTRIA3,5371,1,1240,1263,2207
CTRIA3,5372,1,3762,5566,5635
CTRIA3,5373,1,2810,3819,4024
CTRIA3,5374,1,2983,2984,2985
CTRIA3,5375,1,2708,3090,3695
CTRIA3,5376,1,1434,2086,3193
CTRIA3,5377,1,362,1434,2086
CTRIA3,5378,1,2112,2113,2114
CTRIA3,5379,1,1002,2891,3689
CTRIA3,5380,1,5058,5388,5389
CTRIA3,5381,1,5571,5879,6329
CTRIA3,5382,1,1777,3328,3722
CTRIA3,5383,1,2623,3765,3973
CTRIA3,5384,1,2515,2623,3765
CTRIA3,5385,1,746,1198,1290
CTRIA3,5386,1,553,555,2093
CTRIA3,5387,1,1837,2652,3083
CTRIA3,5388,1,1036,1197,3496
CTRIA3,5389,1,2335,3536,3793
CTRIA3,5390,1,1373,2088,2979
CTRIA3,5391,1,2990,3003,3269
CTRIA3,5392,1,1277,1279,3602
CTRIA3,5393,1,672,673,2392
CTRIA3,5394,1,882,3789,5637
CTRIA3,5395,1,199,4170,4171
CTRIA3,5396,1,3074,3076,6293
CTRIA3,5397,1,3074,3075,3076
CTRIA3,5398,1,3266,3267,3268
CTRIA3,5399,1,543,1101,1130
CTRIA3,5400,1,591,1423,1452
CTRIA3,5401,1,305,1382,3455
CTRIA3,5402,1,794,795,796
CTRIA3,5403,1,1307,1881,5976
CTRIA3,5404,1,101,3043,6209
CTRIA3,5405,1,324,554,555
CTRIA3,5406,1,1827,1828,3187
CTRIA3,5407,1,94,197,198
CTRIA3,5408,1,3436,3648,4876
CTRIA3,5409,1,2233,2234,2235
CTRIA3,5410,1,3402,3819,3820
CTRIA3,5411,1,1262,1263,2897
CTRIA3,5412,1,2284,2285,3506
CTRIA3,5413,1,490,542,833
CTRIA3,5414,1,542,833,1095
CTRIA3,5415,1,591,592,1423
CTRIA3,5416,1,93,890,2299
CTRIA3,5417,1,670,949,3722
CTRIA3,5418,1,295,2687,3886
CTRIA3,5419,1,653,661,676
CTRIA3,5420,1,661,676,3619
CTRIA3,5421,1,842,4120,4818
CTRIA3,5422,1,636,1404,1406
CTRIA3,5423,1,96,5087,5420
CTRIA3,5424,1,2285,3506,4921
CTRIA3,5425,1,620,621,1882
CTRIA3,5426,1,1602,2022,3109
CTRIA3,5427,1,616,635,1692
CTRIA3,5428,1,1243,1260,3125
CTRIA3,5429,1,1243,3125,3395
CTRIA3,5430,1,94,3223,5419
CTRIA3,5431,1,3144,3145,4933
CTRIA3,5432,1,151,1018,1204
CTRIA3,5433,1,200,482,854
CTRIA3,5434,1,61,151,519
CTRIA3,5435,1,3436,4876,5743
CTRIA3,5436,1,3420,4920,6025
CTRIA3,5437,1,548,549,1073
CTRIA3,5438,1,549,1073,2618
CTRIA3,5439,1,2668,4722,4723
CTRIA3,5440,1,1829,3144,3714
CTRIA3,5441,1,3569,5242,5243
CTRIA3,5442,1,318,2504,5148
CTRIA3,5443,1,1197,1290,3497
CTRIA3,5444,1,717,803,826
CTRIA3,5445,1,887,3756,4170
CTRIA3,5446,1,3565,5571,5879
CTRIA3,5447,1,2668,4723,6179
CTRIA3,5448,1,1432,1434,2094
CTRIA3,5449,1,1432,2094,2095
CTRIA3,5450,1,1102,1136,1620
CTRIA3,5451,1,672,697,2392
CTRIA3,5452,1,1939,1941,2762
CTRIA3,5453,1,1387,1391,3003
CTRIA3,5454,1,591,1452,1453
CTRIA3,5455,1,1372,3165,3436
CTRIA3,5456,1,1215,4264,4265
CTRIA3,5457,1,430,432,2132
CTRIA3,5458,1,1444,1455,2194
CTRIA3,5459,1,1444,1455,2193
CTRIA3,5460,1,1444,2193,2194
CTRIA3,5461,1,592,1423,1424
CTRIA3,5462,1,3165,5742,5743
CTRIA3,5463,1,2366,3788,4261
CTRIA3,5464,1,5082,5083,6298
CTRIA3,5465,1,5082,5083,5458
CTRIA3,5466,1,906,1777,3722
CTRIA3,5467,1,2093,5083,5458
CTRIA3,5468,1,1772,2030,2113
CTRIA3,5469,1,2030,2113,2118
CTRIA3,5470,1,3770,4168,4169
CTRIA3,5471,1,3075,5935,6041
CTRIA3,5472,1,361,1125,3461
CTRIA3,5473,1,547,1003,2891
CTRIA3,5474,1,1825,3570,3714
CTRIA3,5475,1,620,636,1305
CTRIA3,5476,1,712,731,5976
CTRIA3,5477,1,1267,4161,5566
CTRIA3,5478,1,547,548,549
CTRIA3,5479,1,262,885,886
CTRIA3,5480,1,1240,1262,2898
CTRIA3,5481,1,5086,5322,5420
CTRIA3,5482,1,2953,2983,3008
CTRIA3,5483,1,1036,2857,3270
CTRIA3,5484,1,370,1387,1391
CTRIA3,5485,1,729,730,731
CTRIA3,5486,1,256,1698,1699
CTRIA3,5487,1,3851,3853,5285
CTRIA3,5488,1,623,1980,2133
CTRIA3,5489,1,1304,1305,1882
CTRIA3,5490,1,686,2143,2144
CTRIA3,5491,1,2076,2077,3984
CTRIA3,5492,1,101,5456,5820
CTRIA3,5493,1,1837,2214,2652
CTRIA3,5494,1,1425,2091,2699
CTRIA3,5495,1,687,2143,3229
CTRIA3,5496,1,1083,3679,4964
CTRIA3,5497,1,629,630,631
CTRIA3,5498,1,672,795,796
CTRIA3,5499,1,2016,2017,4913
CTRIA3,5500,1,2016,4283,4913
CTRIA3,5501,1,255,3853,5285
CTRIA3,5502,1,1562,3185,3281
CTRIA3,5503,1,82,1589,2354
CTRIA3,5504,1,463,3569,5374
CTRIA3,5505,1,3155,4269,4877
CTRIA3,5506,1,430,431,432
CTRIA3,5507,1,2652,3082,3083
CTRIA3,5508,1,842,843,4120
CTRIA3,5509,1,835,891,2484
CTRIA3,5510,1,82,1524,2354
CTRIA3,5511,1,2022,3110,6431
CTRIA3,5512,1,2022,3109,3110
CTRIA3,5513,1,794,5976,6462
CTRIA3,5514,1,438,2367,2368
CTRIA3,5515,1,331,332,1249
CTRIA3,5516,1,329,331,1249
CTRIA3,5517,1,2090,2699,3898
CTRIA3,5518,1,2230,2231,2982
CTRIA3,5519,1,3850,3851,3853
CTRIA3,5520,1,3402,3820,4267
CTRIA3,5521,1,2015,2017,6087
CTRIA3,5522,1,2015,6087,6126
CTRIA3,5523,1,1443,1687,2419
CTRIA3,5524,1,573,779,2428
CTRIA3,5525,1,361,1125,2364
CTRIA3,5526,1,5058,5059,5388
CTRIA3,5527,1,263,1377,1590
CTRIA3,5528,1,429,973,974
CTRIA3,5529,1,972,973,974
CTRIA3,5530,1,2284,2285,2286
CTRIA3,5531,1,1440,2979,4277
CTRIA3,5532,1,581,4562,4809
CTRIA3,5533,1,4910,4912,6290
CTRIA3,5534,1,347,2236,2564
CTRIA3,5535,1,347,2236,3666
CTRIA3,5536,1,1781,2006,2008
CTRIA3,5537,1,2918,5319,5896
CTRIA3,5538,1,2140,2169,2689
CTRIA3,5539,1,2090,2445,3898
CTRIA3,5540,1,2419,2683,2687
CTRIA3,5541,1,823,1439,1831
CTRIA3,5542,1,1276,1277,2794
CTRIA3,5543,1,886,5058,6020
CTRIA3,5544,1,254,255,256
CTRIA3,5545,1,811,815,2189
CTRIA3,5546,1,1664,1665,1671
CTRIA3,5547,1,199,4171,6373
CTRIA3,5548,1,3535,3536,3793
CTRIA3,5549,1,672,674,796
CTRIA3,5550,1,4573,4574,4575
CTRIA3,5551,1,3299,4721,4722
CTRIA3,5552,1,1772,2013,2113
CTRIA3,5553,1,2094,2095,3234
CTRIA3,5554,1,2094,2095,3233
CTRIA3,5555,1,2095,3233,3234
CTRIA3,5556,1,2094,3233,3234
CTRIA3,5557,1,3377,4005,5784
CTRIA3,5558,1,1383,1385,1436
CTRIA3,5559,1,1383,1384,1385
CTRIA3,5560,1,1384,1385,1436
CTRIA3,5561,1,102,1707,2029
CTRIA3,5562,1,1928,1929,4676
CTRIA3,5563,1,2984,2985,4144
CTRIA3,5564,1,3789,5636,5637
CTRIA3,5565,1,1841,1889,2652
CTRIA3,5566,1,1699,1703,4032
CTRIA3,5567,1,565,566,1693
CTRIA3,5568,1,4168,4169,4921
CTRIA3,5569,1,305,2922,3069
CTRIA3,5570,1,305,2922,3455
CTRIA3,5571,1,2560,2561,3695
CTRIA3,5572,1,696,811,815
CTRIA3,5573,1,101,5455,5456
CTRIA3,5574,1,2984,3762,4144
CTRIA3,5575,1,1925,2437,3184
CTRIA3,5576,1,1925,3184,4085
CTRIA3,5577,1,1423,1424,4270
CTRIA3,5578,1,826,2881,3229
CTRIA3,5579,1,3984,4269,4877
CTRIA3,5580,1,3532,3756,4170
CTRIA3,5581,1,363,1395,2848
CTRIA3,5582,1,2445,3897,3898
CTRIA3,5583,1,1930,3570,3571
CTRIA3,5584,1,363,364,3269
CTRIA3,5585,1,1434,2094,2343
CTRIA3,5586,1,949,3722,4561
CTRIA3,5587,1,3223,5322,5420
CTRIA3,5588,1,767,1831,1832
CTRIA3,5589,1,255,566,1693
CTRIA3,5590,1,547,549,1003
CTRIA3,5591,1,811,2189,2901
CTRIA3,5592,1,885,887,3756
CTRIA3,5593,1,1261,1372,3436
CTRIA3,5594,1,3984,4920,6207
CTRIA3,5595,1,2794,3897,3898
CTRIA3,5596,1,1996,1997,2118
CTRIA3,5597,1,261,886,5895
CTRIA3,5598,1,1045,1275,3125
CTRIA3,5599,1,1045,3125,3395
CTRIA3,5600,1,318,730,1091
CTRIA3,5601,1,4912,5918,6290
CTRIA3,5602,1,767,822,3061
CTRIA3,5603,1,5448,6074,6198
CTRIA3,5604,1,1928,5448,6074
CTRIA3,5605,1,2344,3227,3229
CTRIA3,5606,1,1002,1017,3689
CTRIA3,5607,1,3108,3110,6277
CTRIA3,5608,1,3108,3109,3110
CTRIA3,5609,1,360,1288,3278
CTRIA3,5610,1,2669,2670,2671
CTRIA3,5611,1,2077,3984,4920
CTRIA3,5612,1,3565,4991,5879
CTRIA3,5613,1,4575,5711,5756
CTRIA3,5614,1,807,808,2080
CTRIA3,5615,1,907,908,1772
CTRIA3,5616,1,4809,5044,5082
CTRIA3,5617,1,5044,5082,5458
CTRIA3,5618,1,490,491,542
CTRIA3,5619,1,491,542,543
CTRIA3,5620,1,438,2366,2439
CTRIA3,5621,1,2650,3060,3451
CTRIA3,5622,1,200,201,202
CTRIA3,5623,1,1242,1243,1260
CTRIA3,5624,1,1832,1833,1836
CTRIA3,5625,1,1828,2601,3090
CTRIA3,5626,1,731,1307,5976
CTRIA3,5627,1,4171,5059,6373
CTRIA3,5628,1,4171,5058,5059
CTRIA3,5629,1,196,1004,3679
CTRIA3,5630,1,1039,1041,2674
CTRIA3,5631,1,101,5455,6209
CTRIA3,5632,1,5087,5389,6021
CTRIA3,5633,1,762,3618,4144
CTRIA3,5634,1,803,2808,2809
CTRIA3,5635,1,4920,5742,6025
CTRIA3,5636,1,2699,3319,3898
CTRIA3,5637,1,364,1392,3269
CTRIA3,5638,1,1990,1991,2294
CTRIA3,5639,1,1990,1991,2292
CTRIA3,5640,1,1394,2990,3269
CTRIA3,5641,1,858,3172,5203
CTRIA3,5642,1,2087,2088,2979
CTRIA3,5643,1,94,1017,3689
CTRIA3,5644,1,1269,1348,2991
CTRIA3,5645,1,1373,2088,2847
CTRIA3,5646,1,94,95,96
CTRIA3,5647,1,94,95,212
CTRIA3,5648,1,2007,5523,5961
CTRIA3,5649,1,2065,2066,2246
CTRIA3,5650,1,323,324,555
CTRIA3,5651,1,1889,2652,6201
CTRIA3,5652,1,2215,2652,6201
CTRIA3,5653,1,2398,3450,3933
CTRIA3,5654,1,59,2276,6384
CTRIA3,5655,1,293,295,3682
CTRIA3,5656,1,364,1392,3796
CTRIA3,5657,1,900,4181,4182
CTRIA3,5658,1,667,714,795
CTRIA3,5659,1,263,1589,1590
CTRIA3,5660,1,1780,3377,4005
CTRIA3,5661,1,295,2687,3682
CTRIA3,5662,1,2344,3227,3228
CTRIA3,5663,1,1690,1691,1692
CTRIA3,5664,1,1084,3341,4264
CTRIA3,5665,1,1424,2763,2764
CTRIA3,5666,1,264,1382,1437
CTRIA3,5667,1,581,2797,4562
CTRIA3,5668,1,6015,6074,6320
CTRIA3,5669,1,581,2797,4005
CTRIA3,5670,1,1440,1443,3888
CTRIA3,5671,1,4040,4041,5477
CTRIA3,5672,1,1828,2284,3187
CTRIA3,5673,1,3569,5123,5242
CTRIA3,5674,1,549,1003,1204
CTRIA3,5675,1,549,1018,1204
CTRIA3,5676,1,428,1078,2558
CTRIA3,5677,1,461,463,647
CTRIA3,5678,1,198,2479,3223
CTRIA3,5679,1,1355,1360,1361
CTRIA3,5680,1,810,2143,2344
CTRIA3,5681,1,2796,2798,2799
CTRIA3,5682,1,3152,3156,4057
CTRIA3,5683,1,767,822,823
CTRIA3,5684,1,430,431,1866
CTRIA3,5685,1,1832,1834,1836
CTRIA3,5686,1,1796,1797,1798
CTRIA3,5687,1,4876,5742,5743
CTRIA3,5688,1,1072,4189,4190
CTRIA3,5689,1,1072,1221,4190
CTRIA3,5690,1,885,886,887
CTRIA3,5691,1,2214,2215,2652
CTRIA3,5692,1,2143,2344,3229
CTRIA3,5693,1,1197,3496,3497
CTRIA3,5694,1,1285,1358,1359
CTRIA3,5695,1,1253,1285,1359
CTRIA3,5696,1,1517,2086,3193
CTRIA3,5697,1,667,713,714
CTRIA3,5698,1,84,521,523
CTRIA3,5699,1,3074,3075,5935
CTRIA3,5700,1,1053,2349,2412
CTRIA3,5701,1,2347,2349,2412
CTRIA3,5702,1,1939,1941,2763
CTRIA3,5703,1,4876,4877,5742
CTRIA3,5704,1,3223,4767,5322
CTRIA3,5705,1,438,2368,2439
CTRIA3,5706,1,1382,1393,1437
CTRIA3,5707,1,4920,5742,6207
CTRIA3,5708,1,254,255,5285
CTRIA3,5709,1,28,366,1396
CTRIA3,5710,1,28,366,2863
CTRIA3,5711,1,5880,5881,6251
CTRIA3,5712,1,5880,5881,6175
CTRIA3,5713,1,3328,3722,4561
CTRIA3,5714,1,2213,2217,2218
CTRIA3,5715,1,3174,3175,3608
CTRIA3,5716,1,413,3074,5935
CTRIA3,5717,1,413,3074,5427
CTRIA3,5718,1,1253,1359,1365
CTRIA3,5719,1,1358,1359,1365
CTRIA3,5720,1,1002,1003,2891
CTRIA3,5721,1,630,632,2853
CTRIA3,5722,1,1939,2763,2764
CTRIA3,5723,1,4990,6053,6054
CTRIA3,5724,1,1939,2434,2436
CTRIA3,5725,1,1931,1942,2649
CTRIA3,5726,1,1931,1933,2649
CTRIA3,5727,1,1371,2445,3164
CTRIA3,5728,1,803,804,2809
CTRIA3,5729,1,949,5083,6298
CTRIA3,5730,1,94,96,5419
CTRIA3,5731,1,1353,1356,2026
CTRIA3,5732,1,199,2641,6373
CTRIA3,5733,1,2705,4028,4030
CTRIA3,5734,1,4028,4029,4030
CTRIA3,5735,1,371,1492,2581
CTRIA3,5736,1,3165,5742,6025
CTRIA3,5737,1,1620,2558,3209
CTRIA3,5738,1,1157,2558,3209
CTRIA3,5739,1,1602,3109,3886
CTRIA3,5740,1,481,482,890
CTRIA3,5741,1,4561,4562,6298
CTRIA3,5742,1,1036,1037,2857
CTRIA3,5743,1,431,1865,1866
CTRIA3,5744,1,453,1292,1293
CTRIA3,5745,1,949,4561,6298
CTRIA3,5746,1,1425,1438,2443
CTRIA3,5747,1,2342,2932,3593
CTRIA3,5748,1,254,3851,5285
CTRIA3,5749,1,1265,1269,1348
CTRIA3,5750,1,408,1425,2091
CTRIA3,5751,1,716,1983,2543
CTRIA3,5752,1,2296,2297,2448
CTRIA3,5753,1,2297,2448,2530
CTRIA3,5754,1,3770,4944,6038
CTRIA3,5755,1,5319,5321,5322
CTRIA3,5756,1,2113,2114,2118
CTRIA3,5757,1,1387,1388,3003
CTRIA3,5758,1,621,813,814
CTRIA3,5759,1,1137,1138,1139
CTRIA3,5760,1,1136,1137,1138
CTRIA3,5761,1,1825,1826,3570
CTRIA3,5762,1,3648,3830,4876
CTRIA3,5763,1,1261,3392,3436
CTRIA3,5764,1,698,882,883
CTRIA3,5765,1,886,887,5058
CTRIA3,5766,1,1253,2065,2246
CTRIA3,5767,1,491,1138,3501
CTRIA3,5768,1,489,491,1138
CTRIA3,5769,1,94,198,3223
CTRIA3,5770,1,1050,1052,3474
CTRIA3,5771,1,1052,3404,3474
CTRIA3,5772,1,2082,2233,2234
CTRIA3,5773,1,305,1382,1393
CTRIA3,5774,1,1384,2052,2343
CTRIA3,5775,1,716,818,1983
CTRIA3,5776,1,263,264,1378
CTRIA3,5777,1,1772,2013,2584
CTRIA3,5778,1,908,1772,2584
CTRIA3,5779,1,2143,2144,2682
CTRIA3,5780,1,1781,2006,3377
CTRIA3,5781,1,620,1305,1882
CTRIA3,5782,1,1439,2140,2169
CTRIA3,5783,1,729,1306,1331
CTRIA3,5784,1,318,1324,1331
CTRIA3,5785,1,1371,2445,3897
CTRIA3,5786,1,2980,3174,3175
CTRIA3,5787,1,4721,4723,5566
CTRIA3,5788,1,893,894,895
CTRIA3,5789,1,894,895,2568
CTRIA3,5790,1,696,804,2809
CTRIA3,5791,1,3770,4169,4818
CTRIA3,5792,1,1285,1286,1358
CTRIA3,5793,1,1929,5123,6261
CTRIA3,5794,1,102,2029,3043
CTRIA3,5795,1,3828,4153,6038
CTRIA3,5796,1,3828,3829,4153
CTRIA3,5797,1,2285,4168,4921
CTRIA3,5798,1,553,554,555
CTRIA3,5799,1,553,554,2542
CTRIA3,5800,1,778,779,780
CTRIA3,5801,1,779,780,799
CTRIA3,5802,1,2810,3402,3819
CTRIA3,5803,1,2980,3175,5022
CTRIA3,5804,1,202,1162,1221
CTRIA3,5805,1,716,818,819
CTRIA3,5806,1,671,1755,2585
CTRIA3,5807,1,671,2585,2851
CTRIA3,5808,1,883,3179,3862
CTRIA3,5809,1,3850,3853,5276
CTRIA3,5810,1,3152,3153,3157
CTRIA3,5811,1,2706,2708,2964
CTRIA3,5812,1,260,261,2918
CTRIA3,5813,1,4912,5523,5696
CTRIA3,5814,1,5523,5696,5961
CTRIA3,5815,1,1929,4676,6261
CTRIA3,5816,1,767,823,1831
CTRIA3,5817,1,840,841,1008
CTRIA3,5818,1,1217,2891,4226
CTRIA3,5819,1,565,567,2988
CTRIA3,5820,1,2917,4767,5203
CTRIA3,5821,1,3172,4767,5203
CTRIA3,5822,1,1427,1428,2216
CTRIA3,5823,1,1072,1073,1221
CTRIA3,5824,1,202,1073,1221
CTRIA3,5825,1,5044,5123,5458
CTRIA3,5826,1,1344,2987,3271
CTRIA3,5827,1,515,4032,6408
CTRIA3,5828,1,1276,2119,3412
CTRIA3,5829,1,623,1858,1980
CTRIA3,5830,1,715,804,815
CTRIA3,5831,1,260,2332,6314
CTRIA3,5832,1,972,1157,1626
CTRIA3,5833,1,780,2431,3595
CTRIA3,5834,1,372,2431,3595
CTRIA3,5835,1,1126,3565,5571
CTRIA3,5836,1,2445,3164,3420
CTRIA3,5837,1,888,891,2299
CTRIA3,5838,1,4270,4993,5871
CTRIA3,5839,1,592,1424,2763
CTRIA3,5840,1,1276,2119,2794
CTRIA3,5841,1,2075,2076,2077
CTRIA3,5842,1,637,2034,2439
CTRIA3,5843,1,4931,5025,5281
CTRIA3,5844,1,1929,1930,3569
CTRIA3,5845,1,5479,6290,6320
CTRIA3,5846,1,1833,1836,1837
CTRIA3,5847,1,1357,1376,3316
CTRIA3,5848,1,1184,1186,1267
CTRIA3,5849,1,778,779,2428
CTRIA3,5850,1,1242,1260,3125
CTRIA3,5851,1,1242,1275,3125
CTRIA3,5852,1,2392,2398,2399
CTRIA3,5853,1,481,3549,6479
CTRIA3,5854,1,1217,3679,4226
CTRIA3,5855,1,1004,3679,4226
CTRIA3,5856,1,2286,2550,4160
CTRIA3,5857,1,883,2336,3179
CTRIA3,5858,1,1423,4270,5871
CTRIA3,5859,1,1429,2353,3788
CTRIA3,5860,1,3506,4169,4921
CTRIA3,5861,1,2276,5059,6384
CTRIA3,5862,1,2276,5059,5388
CTRIA3,5863,1,1251,1345,2064
CTRIA3,5864,1,61,92,151
CTRIA3,5865,1,3648,3829,3830
CTRIA3,5866,1,3152,3155,3156
CTRIA3,5867,1,363,2088,2848
CTRIA3,5868,1,1777,2796,2799
CTRIA3,5869,1,2015,4283,5814
CTRIA3,5870,1,821,3535,3536
CTRIA3,5871,1,670,908,3722
CTRIA3,5872,1,829,2393,4120
CTRIA3,5873,1,4265,5172,5396
CTRIA3,5874,1,4169,4270,4818
CTRIA3,5875,1,697,2392,2399
CTRIA3,5876,1,480,481,482
CTRIA3,5877,1,2392,2393,2398
CTRIA3,5878,1,1102,1620,1626
CTRIA3,5879,1,3734,3735,6293
CTRIA3,5880,1,3075,3734,3735
CTRIA3,5881,1,439,1429,3788
CTRIA3,5882,1,2077,2082,4550
CTRIA3,5883,1,262,3175,6314
CTRIA3,5884,1,1265,1268,6179
CTRIA3,5885,1,462,463,1826
CTRIA3,5886,1,1247,1285,1363
CTRIA3,5887,1,653,676,3450
CTRIA3,5888,1,676,3450,3933
CTRIA3,5889,1,2285,4168,6245
CTRIA3,5890,1,2550,2551,2705
CTRIA3,5891,1,369,2370,3792
CTRIA3,5892,1,260,2331,2918
CTRIA3,5893,1,1287,1288,3278
CTRIA3,5894,1,747,1245,1294
CTRIA3,5895,1,553,949,5083
CTRIA3,5896,1,553,2093,5083
CTRIA3,5897,1,1387,1388,3004
CTRIA3,5898,1,3819,4023,4024
CTRIA3,5899,1,901,2259,2567
CTRIA3,5900,1,900,901,2567
CTRIA3,5901,1,2239,4262,5230
CTRIA3,5902,1,94,1004,3689
CTRIA3,5903,1,94,197,1004
CTRIA3,5904,1,347,348,809
CTRIA3,5905,1,491,543,1130
CTRIA3,5906,1,491,1130,3501
CTRIA3,5907,1,2443,2448,2530
CTRIA3,5908,1,2297,3319,3472
CTRIA3,5909,1,2297,2530,3319
CTRIA3,5910,1,2641,6373,6384
CTRIA3,5911,1,855,2641,6384
CTRIA3,5912,1,1438,2443,2444
CTRIA3,5913,1,2764,3187,3506
CTRIA3,5914,1,2286,3154,4160
CTRIA3,5915,1,2162,3618,4144
CTRIA3,5916,1,263,264,265
CTRIA3,5917,1,790,1242,1275
CTRIA3,5918,1,790,1260,1275
CTRIA3,5919,1,1930,3571,6015
CTRIA3,5920,1,3143,3570,5479
CTRIA3,5921,1,3565,4265,4991
CTRIA3,5922,1,2076,2875,3020
CTRIA3,5923,1,3179,3467,3599
CTRIA3,5924,1,1755,2112,2585
CTRIA3,5925,1,102,3981,5177
CTRIA3,5926,1,4574,4575,5756
CTRIA3,5927,1,2006,3377,6198
CTRIA3,5928,1,1083,1217,3679
CTRIA3,5929,1,1373,2847,3316
CTRIA3,5930,1,829,4120,4993
CTRIA3,5931,1,695,810,2344
CTRIA3,5932,1,593,1461,1864
CTRIA3,5933,1,3155,3830,4877
CTRIA3,5934,1,2446,3420,4481
CTRIA3,5935,1,333,335,3089
CTRIA3,5936,1,1842,2652,3082
CTRIA3,5937,1,2366,2439,4261
CTRIA3,5938,1,768,3060,3061
CTRIA3,5939,1,3681,3682,5445
CTRIA3,5940,1,2144,2256,2682
CTRIA3,5941,1,323,566,630
CTRIA3,5942,1,592,593,2763
CTRIA3,5943,1,2119,2794,3412
CTRIA3,5944,1,2120,2794,3412
CTRIA3,5945,1,2007,5043,5523
CTRIA3,5946,1,1453,2132,2141
CTRIA3,5947,1,841,1053,1054
CTRIA3,5948,1,93,855,2641
CTRIA3,5949,1,1782,2798,2799
CTRIA3,5950,1,886,5895,6020
CTRIA3,5951,1,363,1394,1395
CTRIA3,5952,1,461,462,463
CTRIA3,5953,1,2161,2162,4144
CTRIA3,5954,1,261,2918,5896
CTRIA3,5955,1,1370,1372,3164
CTRIA3,5956,1,843,2393,3793
CTRIA3,5957,1,3789,3862,4180
CTRIA3,5958,1,1780,1781,1782
CTRIA3,5959,1,624,1844,1858
CTRIA3,5960,1,1929,3569,5123
CTRIA3,5961,1,468,469,2504
CTRIA3,5962,1,468,469,2795
CTRIA3,5963,1,1425,2443,2699
CTRIA3,5964,1,3830,4876,4877
CTRIA3,5965,1,2393,3793,3933
CTRIA3,5966,1,96,5087,5388
CTRIA3,5967,1,5087,5388,5389
CTRIA3,5968,1,61,93,855
CTRIA3,5969,1,906,1777,1778
CTRIA3,5970,1,1826,1930,3570
CTRIA3,5971,1,1364,2449,2450
CTRIA3,5972,1,1440,2979,3888
CTRIA3,5973,1,747,1290,1293
CTRIA3,5974,1,521,522,523
CTRIA3,5975,1,1151,5879,6329
CTRIA3,5976,1,4640,5632,5633
CTRIA3,5977,1,1276,1277,1278
CTRIA3,5978,1,3152,3153,3154
CTRIA3,5979,1,5819,6277,6431
CTRIA3,5980,1,363,1394,3269
CTRIA3,5981,1,1867,1940,2351
CTRIA3,5982,1,892,893,894
CTRIA3,5983,1,5044,5123,6261
CTRIA3,5984,1,4767,5321,5322
CTRIA3,5985,1,696,804,815
CTRIA3,5986,1,3172,3223,4767
CTRIA3,5987,1,654,4481,4550
CTRIA3,5988,1,2483,3679,4964
CTRIA3,5989,1,889,2483,3679
CTRIA3,5990,1,363,2086,2088
CTRIA3,5991,1,323,630,2853
CTRIA3,5992,1,3156,3829,3830
CTRIA3,5993,1,3156,3828,3829
CTRIA3,5994,1,3770,4168,4944
CTRIA3,5995,1,1250,2024,2026
CTRIA3,5996,1,1288,1289,1354
CTRIA3,5997,1,366,367,2862
CTRIA3,5998,1,2110,2933,3350
CTRIA3,5999,1,2110,3150,3350
CTRIA3,6000,1,2932,3593,3594
CTRIA3,6001,1,2019,2021,2644
CTRIA3,6002,1,1279,1370,3897
CTRIA3,6003,1,2067,2068,2370
CTRIA3,6004,1,1197,1199,2324
CTRIA3,6005,1,2984,3008,5635
CTRIA3,6006,1,2022,5455,5456
CTRIA3,6007,1,2093,5242,5280
CTRIA3,6008,1,4120,4818,4993
CTRIA3,6009,1,1844,1858,3059
CTRIA3,6010,1,1039,1045,2674
CTRIA3,6011,1,1039,1045,2899
CTRIA3,6012,1,1045,2674,2899
CTRIA3,6013,1,255,1773,3853
CTRIA3,6014,1,884,3711,5076
CTRIA3,6015,1,1404,1414,1415
CTRIA3,6016,1,3152,3155,4479
CTRIA3,6017,1,318,1091,5148
CTRIA3,6018,1,1250,2025,2089
CTRIA3,6019,1,1149,3496,3497
CTRIA3,6020,1,857,884,2479
CTRIA3,6021,1,1041,2588,2674
CTRIA3,6022,1,1041,1127,2588
CTRIA3,6023,1,261,5895,5896
CTRIA3,6024,1,2567,3608,3791
CTRIA3,6025,1,1374,3108,3109
CTRIA3,6026,1,369,2065,2287
CTRIA3,6027,1,607,609,3392
CTRIA3,6028,1,2110,3150,6475
CTRIA3,6029,1,1379,1380,3367
CTRIA3,6030,1,4270,4818,4993
CTRIA3,6031,1,1251,2064,2715
CTRIA3,6032,1,1251,2009,2715
CTRIA3,6033,1,1996,2114,2121
CTRIA3,6034,1,1277,1279,3897
CTRIA3,6035,1,2810,3545,3593
CTRIA3,6036,1,61,92,93
CTRIA3,6037,1,1342,1357,1376
CTRIA3,6038,1,3375,3709,3796
CTRIA3,6039,1,2232,3709,3796
CTRIA3,6040,1,1370,1371,3897
CTRIA3,6041,1,481,890,891
CTRIA3,6042,1,646,3200,5826
CTRIA3,6043,1,1835,1932,2214
CTRIA3,6044,1,695,2344,3228
CTRIA3,6045,1,654,2446,4481
CTRIA3,6046,1,1620,1626,3209
CTRIA3,6047,1,1157,1626,3209
CTRIA3,6048,1,2075,2082,2233
CTRIA3,6049,1,899,1964,4153
CTRIA3,6050,1,899,3599,4153
CTRIA3,6051,1,1438,2367,2444
CTRIA3,6052,1,2077,4550,4919
CTRIA3,6053,1,409,808,2080
CTRIA3,6054,1,2014,2585,2851
CTRIA3,6055,1,200,202,1162
CTRIA3,6056,1,481,835,891
CTRIA3,6057,1,1378,1589,2354
CTRIA3,6058,1,647,2561,2698
CTRIA3,6059,1,2559,2561,2698
CTRIA3,6060,1,3790,5711,5756
CTRIA3,6061,1,2238,2239,2240
CTRIA3,6062,1,841,1054,3404
CTRIA3,6063,1,974,1078,1157
CTRIA3,6064,1,972,974,1157
CTRIA3,6065,1,2866,3341,3346
CTRIA3,6066,1,151,519,1204
CTRIA3,6067,1,1773,1774,1775
CTRIA3,6068,1,4575,5710,6315
CTRIA3,6069,1,3571,6015,6320
CTRIA3,6070,1,3266,3268,5566
CTRIA3,6071,1,1261,1282,1283
CTRIA3,6072,1,364,2982,3796
CTRIA3,6073,1,3828,4944,6038
CTRIA3,6074,1,1127,2588,3458
CTRIA3,6075,1,1889,1931,6200
CTRIA3,6076,1,1931,1932,6200
CTRIA3,6077,1,651,652,653
CTRIA3,6078,1,2232,3367,3640
CTRIA3,6079,1,716,717,819
CTRIA3,6080,1,1665,2114,2121
CTRIA3,6081,1,890,891,2299
CTRIA3,6082,1,2093,5242,5458
CTRIA3,6083,1,571,634,2098
CTRIA3,6084,1,1253,1285,2065
CTRIA3,6085,1,1336,1337,1401
CTRIA3,6086,1,808,1428,1497
CTRIA3,6087,1,809,2266,3091
CTRIA3,6088,1,1325,1404,1414
CTRIA3,6089,1,2530,2699,3319
CTRIA3,6090,1,2348,2402,2985
CTRIA3,6091,1,4265,4990,4991
CTRIA3,6092,1,1361,1973,2064
CTRIA3,6093,1,1356,2024,2026
CTRIA3,6094,1,372,2111,3595
CTRIA3,6095,1,3789,3791,4180
CTRIA3,6096,1,1780,1781,3377
CTRIA3,6097,1,522,1599,3981
CTRIA3,6098,1,1036,3974,3975
CTRIA3,6099,1,196,889,2479
CTRIA3,6100,1,60,519,520
CTRIA3,6101,1,2953,3008,3560
CTRIA3,6102,1,2705,2706,4030
CTRIA3,6103,1,2706,4029,4030
CTRIA3,6104,1,2865,3341,3474
CTRIA3,6105,1,369,2287,2288
CTRIA3,6106,1,463,646,5374
CTRIA3,6107,1,671,1670,1755
CTRIA3,6108,1,365,1396,2987
CTRIA3,6109,1,370,1391,3069
CTRIA3,6110,1,305,370,3069
CTRIA3,6111,1,1401,3794,3795
CTRIA3,6112,1,1186,2626,3970
CTRIA3,6113,1,1982,2650,3060
CTRIA3,6114,1,2603,5819,6277
CTRIA3,6115,1,1990,2041,2703
CTRIA3,6116,1,2445,2446,3420
CTRIA3,6117,1,4913,6174,6175
CTRIA3,6118,1,360,1355,1360
CTRIA3,6119,1,1091,3351,5148
CTRIA3,6120,1,3735,6041,6293
CTRIA3,6121,1,3075,3735,6041
CTRIA3,6122,1,432,619,3027
CTRIA3,6123,1,515,1562,3185
CTRIA3,6124,1,515,3185,6408
CTRIA3,6125,1,263,1377,1528
CTRIA3,6126,1,1197,2324,3270
CTRIA3,6127,1,1781,2008,2239
CTRIA3,6128,1,5123,5242,5458
CTRIA3,6129,1,1259,1262,2898
CTRIA3,6130,1,102,1707,1708
CTRIA3,6131,1,3109,3886,4292
CTRIA3,6132,1,2419,2687,6417
CTRIA3,6133,1,619,620,1409
CTRIA3,6134,1,3074,5427,6293
CTRIA3,6135,1,1394,2989,2990
CTRIA3,6136,1,3152,3154,4057
CTRIA3,6137,1,3154,4057,6245
CTRIA3,6138,1,2007,5503,5961
CTRIA3,6139,1,653,3267,3450
CTRIA3,6140,1,1288,1353,1354
CTRIA3,6141,1,1085,1178,1215
CTRIA3,6142,1,1288,1353,1356
CTRIA3,6143,1,5243,5280,5826
CTRIA3,6144,1,1001,1002,1017
CTRIA3,6145,1,264,1383,1437
CTRIA3,6146,1,3155,3156,3830
CTRIA3,6147,1,637,2439,4261
CTRIA3,6148,1,1045,1275,3180
CTRIA3,6149,1,767,768,3061
CTRIA3,6150,1,362,363,2086
CTRIA3,6151,1,1197,1198,1199
CTRIA3,6152,1,694,697,2399
CTRIA3,6153,1,1836,1837,2214
CTRIA3,6154,1,200,480,1162
CTRIA3,6155,1,1524,1525,2041
CTRIA3,6156,1,1829,3820,4267
CTRIA3,6157,1,635,3596,5904
CTRIA3,6158,1,811,2682,2901
CTRIA3,6159,1,889,2484,2981
CTRIA3,6160,1,891,2484,2981
CTRIA3,6161,1,1378,1383,1384
CTRIA3,6162,1,2013,2014,2585
CTRIA3,6163,1,3110,6277,6431
CTRIA3,6164,1,1928,6015,6074
CTRIA3,6165,1,1928,1930,6015
CTRIA3,6166,1,1517,2086,2087
CTRIA3,6167,1,699,821,3536
CTRIA3,6168,1,1039,2899,3180
CTRIA3,6169,1,1199,2899,3180
CTRIA3,6170,1,1039,1199,3180
CTRIA3,6171,1,2331,2332,2333
CTRIA3,6172,1,480,481,6479
CTRIA3,6173,1,5456,5819,6431
CTRIA3,6174,1,254,256,1703
CTRIA3,6175,1,1889,1890,2856
CTRIA3,6176,1,1841,1889,1890
CTRIA3,6177,1,1841,1890,2856
CTRIA3,6178,1,3235,5573,5710
CTRIA3,6179,1,3221,3235,5573
CTRIA3,6180,1,480,1162,1163
CTRIA3,6181,1,256,565,1693
CTRIA3,6182,1,366,368,369
CTRIA3,6183,1,366,368,2862
CTRIA3,6184,1,889,2483,2484
CTRIA3,6185,1,1247,1285,1286
CTRIA3,6186,1,2603,5556,6277
CTRIA3,6187,1,651,3266,3267
CTRIA3,6188,1,3606,3607,5077
CTRIA3,6189,1,3607,5076,5077
CTRIA3,6190,1,378,2120,3412
CTRIA3,6191,1,1008,2347,2865
CTRIA3,6192,1,1008,2568,2865
CTRIA3,6193,1,2347,2568,2865
CTRIA3,6194,1,468,1276,2795
CTRIA3,6195,1,856,857,858
CTRIA3,6196,1,837,1051,3605
CTRIA3,6197,1,1051,1216,3605
CTRIA3,6198,1,779,2075,2233
CTRIA3,6199,1,1357,2847,3316
CTRIA3,6200,1,4028,4029,4041
CTRIA3,6201,1,4029,4041,5477
CTRIA3,6202,1,1215,4265,5172
CTRIA3,6203,1,260,2331,2332
CTRIA3,6204,1,2917,2918,2919
CTRIA3,6205,1,2331,2918,2919
CTRIA3,6206,1,255,631,1773
CTRIA3,6207,1,629,631,1773
CTRIA3,6208,1,1844,3059,3061
CTRIA3,6209,1,2075,2077,2082
CTRIA3,6210,1,59,60,2275
CTRIA3,6211,1,59,2275,2276
CTRIA3,6212,1,858,3790,5075
CTRIA3,6213,1,565,566,567
CTRIA3,6214,1,323,566,567
CTRIA3,6215,1,1776,2248,2249
CTRIA3,6216,1,1776,2249,3257
CTRIA3,6217,1,3020,5477,5738
CTRIA3,6218,1,480,1163,1194
CTRIA3,6219,1,2550,4028,4160
CTRIA3,6220,1,623,1461,2141
CTRIA3,6221,1,60,96,5388
CTRIA3,6222,1,1995,1996,3281
CTRIA3,6223,1,748,1245,1368
CTRIA3,6224,1,636,1406,2034
CTRIA3,6225,1,412,6270,6302
CTRIA3,6226,1,2310,2649,3451
CTRIA3,6227,1,2139,3267,3299
CTRIA3,6228,1,2234,3666,5499
CTRIA3,6229,1,843,2393,4120
CTRIA3,6230,1,2022,5456,6431
CTRIA3,6231,1,1178,4189,6110
CTRIA3,6232,1,993,1774,2030
CTRIA3,6233,1,1099,1100,1102
CTRIA3,6234,1,1099,1100,1101
CTRIA3,6235,1,84,1524,1527
CTRIA3,6236,1,651,3266,5635
CTRIA3,6237,1,432,2196,3027
CTRIA3,6238,1,858,5710,5711
CTRIA3,6239,1,2683,2684,3256
CTRIA3,6240,1,654,4550,5499
CTRIA3,6241,1,3790,5603,6335
CTRIA3,6242,1,2419,3887,6417
CTRIA3,6243,1,1828,2284,2550
CTRIA3,6244,1,324,554,1796
CTRIA3,6245,1,1858,1981,3059
CTRIA3,6246,1,694,2669,4722
CTRIA3,6247,1,1197,1198,1290
CTRIA3,6248,1,2601,2708,3090
CTRIA3,6249,1,4911,5961,6362
CTRIA3,6250,1,3145,4911,6362
CTRIA3,6251,1,348,809,3091
CTRIA3,6252,1,4640,5632,5848
CTRIA3,6253,1,1685,2810,3594
CTRIA3,6254,1,580,581,4005
CTRIA3,6255,1,4574,5603,5756
CTRIA3,6256,1,778,2428,3150
CTRIA3,6257,1,778,3150,6475
CTRIA3,6258,1,265,1382,3455
CTRIA3,6259,1,652,3008,3560
CTRIA3,6260,1,715,717,804
CTRIA3,6261,1,1184,1262,3970
CTRIA3,6262,1,2433,2764,3187
CTRIA3,6263,1,2065,2068,2370
CTRIA3,6264,1,2065,2370,3792
CTRIA3,6265,1,858,5203,5710
CTRIA3,6266,1,1687,2419,3620
CTRIA3,6267,1,3420,4481,4919
CTRIA3,6268,1,463,646,647
CTRIA3,6269,1,1196,6053,6054
CTRIA3,6270,1,571,2237,2875
CTRIA3,6271,1,1162,1163,5395
CTRIA3,6272,1,1162,4190,5395
CTRIA3,6273,1,3608,3790,3791
CTRIA3,6274,1,3640,3709,3710
CTRIA3,6275,1,2232,3709,3710
CTRIA3,6276,1,2232,3640,3710
CTRIA3,6277,1,1989,2576,4277
CTRIA3,6278,1,2348,2985,5633
CTRIA3,6279,1,1602,2022,2023
CTRIA3,6280,1,2022,2023,5455
CTRIA3,6281,1,1085,1177,1178
CTRIA3,6282,1,3266,5566,5635
CTRIA3,6283,1,1036,1197,3270
CTRIA3,6284,1,682,683,2596
CTRIA3,6285,1,263,265,1528
CTRIA3,6286,1,591,592,593
CTRIA3,6287,1,2348,5632,5633
CTRIA3,6288,1,1251,2009,2024
CTRIA3,6289,1,346,347,348
CTRIA3,6290,1,260,261,262
CTRIA3,6291,1,660,662,2079
CTRIA3,6292,1,1985,3208,3648
CTRIA3,6293,1,369,2065,3792
CTRIA3,6294,1,2189,2256,2901
CTRIA3,6295,1,2504,5148,5807
CTRIA3,6296,1,607,1984,1985
CTRIA3,6297,1,412,5567,6270
CTRIA3,6298,1,411,5567,6270
CTRIA3,6299,1,411,412,5567
CTRIA3,6300,1,2285,3154,6245
CTRIA3,6301,1,1285,1363,1369
CTRIA3,6302,1,1360,1974,2660
CTRIA3,6303,1,1184,1267,4161
CTRIA3,6304,1,906,908,3722
CTRIA3,6305,1,906,907,908
CTRIA3,6306,1,1841,1842,2652
CTRIA3,6307,1,1078,1157,2558
CTRIA3,6308,1,324,1796,1798
CTRIA3,6309,1,1939,2436,2437
CTRIA3,6310,1,378,380,2120
CTRIA3,6311,1,4481,4550,4919
CTRIA3,6312,1,2284,2286,2550
CTRIA3,6313,1,523,1587,1598
CTRIA3,6314,1,3143,3570,3714
CTRIA3,6315,1,1995,1996,1997
CTRIA3,6316,1,82,83,84
CTRIA3,6317,1,3144,4023,5029
CTRIA3,6318,1,371,372,2581
CTRIA3,6319,1,635,1599,3596
CTRIA3,6320,1,623,624,1858
CTRIA3,6321,1,333,2661,3089
CTRIA3,6322,1,1406,1415,2297
CTRIA3,6323,1,1415,2297,3472
CTRIA3,6324,1,5086,5087,6021
CTRIA3,6325,1,5086,5087,5420
CTRIA3,6326,1,3607,5075,5076
CTRIA3,6327,1,265,2922,3455
CTRIA3,6328,1,304,1337,1387
CTRIA3,6329,1,548,1072,4189
CTRIA3,6330,1,1807,2515,3765
CTRIA3,6331,1,579,4676,6261
CTRIA3,6332,1,729,1304,1307
CTRIA3,6333,1,749,2670,2671
CTRIA3,6334,1,1337,1401,3004
CTRIA3,6335,1,579,581,4809
CTRIA3,6336,1,579,4809,5044
CTRIA3,6337,1,2443,2530,2699
CTRIA3,6338,1,2213,2217,2651
CTRIA3,6339,1,993,1707,2030
CTRIA3,6340,1,2347,2401,2412
CTRIA3,6341,1,2347,2401,2865
CTRIA3,6342,1,59,61,855
CTRIA3,6343,1,437,1438,2367
CTRIA3,6344,1,1867,2353,3788
CTRIA3,6345,1,335,1972,1974
CTRIA3,6346,1,335,1972,3089
CTRIA3,6347,1,2075,2076,2875
CTRIA3,6348,1,1923,3747,5025
CTRIA3,6349,1,3599,4153,6038
CTRIA3,6350,1,2213,2644,3146
CTRIA3,6351,1,762,2985,4144
CTRIA3,6352,1,746,747,748
CTRIA3,6353,1,1378,1522,2354
CTRIA3,6354,1,3606,3711,5077
CTRIA3,6355,1,3164,3165,6025
CTRIA3,6356,1,3156,4057,6161
CTRIA3,6357,1,4057,4945,6161
CTRIA3,6358,1,4057,4945,6245
CTRIA3,6359,1,667,713,749
CTRIA3,6360,1,632,3200,5826
CTRIA3,6361,1,1932,2214,2215
CTRIA3,6362,1,1972,2012,2715
CTRIA3,6363,1,1972,2012,2064
CTRIA3,6364,1,2012,2064,2715
CTRIA3,6365,1,1779,2559,3200
CTRIA3,6366,1,1779,2559,2560
CTRIA3,6367,1,4085,5025,5281
CTRIA3,6368,1,2436,2437,3184
CTRIA3,6369,1,1276,1278,2795
CTRIA3,6370,1,5920,6290,6320
CTRIA3,6371,1,200,480,482
CTRIA3,6372,1,430,1866,3197
CTRIA3,6373,1,844,2335,2336
CTRIA3,6374,1,651,652,3008
CTRIA3,6375,1,717,803,804
CTRIA3,6376,1,2008,2238,2239
CTRIA3,6377,1,837,2483,2484
CTRIA3,6378,1,837,2483,3605
CTRIA3,6379,1,28,2067,2370
CTRIA3,6380,1,28,2370,2863
CTRIA3,6381,1,698,883,3536
CTRIA3,6382,1,1102,1626,1627
CTRIA3,6383,1,972,1626,1627
CTRIA3,6384,1,694,3299,4722
CTRIA3,6385,1,892,5603,6335
CTRIA3,6386,1,2193,2194,2581
CTRIA3,6387,1,1455,2193,2581
CTRIA3,6388,1,1262,2625,3970
CTRIA3,6389,1,2808,3227,3228
CTRIA3,6390,1,2808,2809,3228
CTRIA3,6391,1,264,1378,1383
CTRIA3,6392,1,2347,2568,5870
CTRIA3,6393,1,295,1602,3886
CTRIA3,6394,1,294,295,1603
CTRIA3,6395,1,2683,3680,3682
CTRIA3,6396,1,1494,1991,2266
CTRIA3,6397,1,1969,1991,2266
CTRIA3,6398,1,378,468,3412
CTRIA3,6399,1,378,468,1323
CTRIA3,6400,1,1492,1968,1991
CTRIA3,6401,1,1341,2922,2989
CTRIA3,6402,1,1341,1394,2989
CTRIA3,6403,1,2256,2283,2543
CTRIA3,6404,1,2283,2543,2890
CTRIA3,6405,1,2256,2543,2890
CTRIA3,6406,1,2256,2283,2890
CTRIA3,6407,1,694,2399,2400
CTRIA3,6408,1,829,4993,5871
CTRIA3,6409,1,4931,5029,5112
CTRIA3,6410,1,3268,4721,5566
CTRIA3,6411,1,747,1293,1294
CTRIA3,6412,1,1378,1384,2343
CTRIA3,6413,1,1245,1246,1247
CTRIA3,6414,1,1669,1698,2988
CTRIA3,6415,1,681,682,4213
CTRIA3,6416,1,579,5044,6261
CTRIA3,6417,1,1262,1281,2625
CTRIA3,6418,1,1592,2603,5556
CTRIA3,6419,1,810,811,2682
CTRIA3,6420,1,646,2698,3200
CTRIA3,6421,1,330,331,332
CTRIA3,6422,1,329,330,331
CTRIA3,6423,1,481,835,3549
CTRIA3,6424,1,82,84,1524
CTRIA3,6425,1,301,302,3461
CTRIA3,6426,1,3143,3144,3714
CTRIA3,6427,1,3790,5603,5756
CTRIA3,6428,1,1194,1195,1196
CTRIA3,6429,1,304,370,1387
CTRIA3,6430,1,262,885,5022
CTRIA3,6431,1,372,373,3091
CTRIA3,6432,1,372,2431,3091
CTRIA3,6433,1,1690,2684,3621
CTRIA3,6434,1,1829,2602,4267
CTRIA3,6435,1,1827,1828,4262
CTRIA3,6436,1,4190,5395,6110
CTRIA3,6437,1,1349,2504,5807
CTRIA3,6438,1,1247,1286,1368
CTRIA3,6439,1,264,265,1382
CTRIA3,6440,1,1083,1216,4964
CTRIA3,6441,1,1216,3605,4964
CTRIA3,6442,1,619,620,621
CTRIA3,6443,1,404,2253,2352
CTRIA3,6444,1,888,891,2981
CTRIA3,6445,1,432,813,2132
CTRIA3,6446,1,2082,2234,4550
CTRIA3,6447,1,3267,3268,4721
CTRIA3,6448,1,3156,3828,6161
CTRIA3,6449,1,437,1438,2577
CTRIA3,6450,1,262,3175,5022
CTRIA3,6451,1,629,632,3200
CTRIA3,6452,1,2275,2276,5388
CTRIA3,6453,1,60,2275,5388
CTRIA3,6454,1,1828,2601,2705
CTRIA3,6455,1,652,653,662
CTRIA3,6456,1,2217,2649,2651
CTRIA3,6457,1,549,1018,2618
CTRIA3,6458,1,152,1018,2618
CTRIA3,6459,1,1939,2433,2764
CTRIA3,6460,1,468,1276,3412
CTRIA3,6461,1,2007,2238,2240
CTRIA3,6462,1,766,1832,1834
CTRIA3,6463,1,1001,1002,1003
CTRIA3,6464,1,100,522,3981
CTRIA3,6465,1,2007,2240,5503
CTRIA3,6466,1,514,1665,2121
CTRIA3,6467,1,404,1968,2253
CTRIA3,6468,1,1685,2341,2342
CTRIA3,6469,1,196,198,2479
CTRIA3,6470,1,1264,1348,3351
CTRIA3,6471,1,3828,4944,4945
CTRIA3,6472,1,3828,4945,6161
CTRIA3,6473,1,1866,2020,3197
CTRIA3,6474,1,346,347,2564
CTRIA3,6475,1,293,294,295
CTRIA3,6476,1,1286,1365,1368
CTRIA3,6477,1,1269,2096,3214
CTRIA3,6478,1,3747,4022,5028
CTRIA3,6479,1,1989,2087,4277
CTRIA3,6480,1,1829,2602,3714
CTRIA3,6481,1,5086,5319,5322
CTRIA3,6482,1,5086,5319,5897
CTRIA3,6483,1,687,688,826
CTRIA3,6484,1,623,1461,2140
CTRIA3,6485,1,2917,3235,5203
CTRIA3,6486,1,2917,2919,3235
CTRIA3,6487,1,2865,2866,3341
CTRIA3,6488,1,362,363,364
CTRIA3,6489,1,519,520,1001
CTRIA3,6490,1,1964,3208,3648
CTRIA3,6491,1,263,1378,1589
CTRIA3,6492,1,2015,5814,6126
CTRIA3,6493,1,858,3790,5711
CTRIA3,6494,1,715,716,2543
CTRIA3,6495,1,2917,5320,5321
CTRIA3,6496,1,2917,2918,5320
CTRIA3,6497,1,3145,4910,4911
CTRIA3,6498,1,1664,1669,1671
CTRIA3,6499,1,452,453,1246
CTRIA3,6500,1,2086,2087,2088
CTRIA3,6501,1,1337,1387,3004
CTRIA3,6502,1,1126,2438,3346
CTRIA3,6503,1,1517,1519,1989
CTRIA3,6504,1,1517,1519,2041
CTRIA3,6505,1,1519,1989,2041
CTRIA3,6506,1,260,262,6314
CTRIA3,6507,1,1355,1356,1361
CTRIA3,6508,1,1923,2547,3747
CTRIA3,6509,1,347,807,2080
CTRIA3,6510,1,2341,2967,3350
CTRIA3,6511,1,2098,2967,3350
CTRIA3,6512,1,462,1825,2602
CTRIA3,6513,1,1126,3346,3565
CTRIA3,6514,1,623,1439,2140
CTRIA3,6515,1,607,608,609
CTRIA3,6516,1,607,608,2349
CTRIA3,6517,1,1289,1291,1362
CTRIA3,6518,1,4931,5028,5029
CTRIA3,6519,1,688,819,826
CTRIA3,6520,1,895,5632,5848
CTRIA3,6521,1,3559,3560,3561
CTRIA3,6522,1,2796,2797,4562
CTRIA3,6523,1,496,2364,2449
CTRIA3,6524,1,1184,1186,3970
CTRIA3,6525,1,201,202,2618
CTRIA3,6526,1,202,1073,2618
CTRIA3,6527,1,892,1007,3607
CTRIA3,6528,1,1007,1009,3607
CTRIA3,6529,1,906,907,1778
CTRIA3,6530,1,1517,1989,2087
CTRIA3,6531,1,3887,4292,6417
CTRIA3,6532,1,2730,2732,4267
CTRIA3,6533,1,840,1008,2259
CTRIA3,6534,1,2796,3328,4561
CTRIA3,6535,1,359,361,3461
CTRIA3,6536,1,1245,1246,1294
CTRIA3,6537,1,1038,1194,1196
CTRIA3,6538,1,992,1708,2248
CTRIA3,6539,1,681,682,683
CTRIA3,6540,1,2351,2352,3616
CTRIA3,6541,1,431,432,2196
CTRIA3,6542,1,3974,5577,6053
CTRIA3,6543,1,1443,1446,1687
CTRIA3,6544,1,1446,1587,1687
CTRIA3,6545,1,469,1332,1348
CTRIA3,6546,1,469,1348,1349
CTRIA3,6547,1,1038,1194,6479
CTRIA3,6548,1,1374,1375,3108
CTRIA3,6549,1,5919,6074,6224
CTRIA3,6550,1,5919,6074,6320
CTRIA3,6551,1,1455,2110,2111
CTRIA3,6552,1,1988,1989,1990
CTRIA3,6553,1,1988,1989,2947
CTRIA3,6554,1,841,3404,3474
CTRIA3,6555,1,841,3463,3474
CTRIA3,6556,1,651,653,3267
CTRIA3,6557,1,1827,4262,4874
CTRIA3,6558,1,653,661,662
CTRIA3,6559,1,520,1001,1017
CTRIA3,6560,1,1100,1102,1130
CTRIA3,6561,1,1100,1101,1130
CTRIA3,6562,1,365,366,1396
CTRIA3,6563,1,1289,1354,1362
CTRIA3,6564,1,1344,1345,1347
CTRIA3,6565,1,1252,1344,1347
CTRIA3,6566,1,84,521,2603
CTRIA3,6567,1,814,1854,1855
CTRIA3,6568,1,812,814,1854
CTRIA3,6569,1,1842,2018,2021
CTRIA3,6570,1,857,858,3172
CTRIA3,6571,1,809,2266,2267
CTRIA3,6572,1,1360,1973,1974
CTRIA3,6573,1,747,748,1245
CTRIA3,6574,1,2212,2213,2644
CTRIA3,6575,1,365,2089,2987
CTRIA3,6576,1,293,3682,5445
CTRIA3,6577,1,1989,2576,2947
CTRIA3,6578,1,580,4005,5784
CTRIA3,6579,1,580,4676,5784
CTRIA3,6580,1,1831,1832,1833
CTRIA3,6581,1,5918,5920,6290
CTRIA3,6582,1,333,334,335
CTRIA3,6583,1,892,894,1007
CTRIA3,6584,1,409,1426,1438
CTRIA3,6585,1,515,1699,4032
CTRIA3,6586,1,1336,1401,1403
CTRIA3,6587,1,1401,1403,3084
CTRIA3,6588,1,2065,2066,2068
CTRIA3,6589,1,330,332,711
CTRIA3,6590,1,329,330,711
CTRIA3,6591,1,3144,4933,5112
CTRIA3,6592,1,2006,5043,5919
CTRIA3,6593,1,3747,4931,5025
CTRIA3,6594,1,1776,3850,5276
CTRIA3,6595,1,411,413,5427
CTRIA3,6596,1,302,1249,1257
CTRIA3,6597,1,1249,1257,1954
CTRIA3,6598,1,1968,1969,1991
CTRIA3,6599,1,629,1779,3200
CTRIA3,6600,1,629,1778,1779
CTRIA3,6601,1,1391,2989,2990
CTRIA3,6602,1,1391,2989,3069
CTRIA3,6603,1,2483,3605,4964
CTRIA3,6604,1,2348,2349,2402
CTRIA3,6605,1,2294,2430,2703
CTRIA3,6606,1,1990,2294,2703
CTRIA3,6607,1,2332,4734,5637
CTRIA3,6608,1,571,615,2875
CTRIA3,6609,1,4944,4945,6245
CTRIA3,6610,1,303,1403,3084
CTRIA3,6611,1,303,1336,1403
CTRIA3,6612,1,100,521,5819
CTRIA3,6613,1,2347,2348,2349
CTRIA3,6614,1,521,2603,5819
CTRIA3,6615,1,496,2364,2365
CTRIA3,6616,1,468,2503,2504
CTRIA3,6617,1,2549,3765,3973
CTRIA3,6618,1,1807,2549,3765
CTRIA3,6619,1,2550,2705,4028
CTRIA3,6620,1,2668,2669,4722
CTRIA3,6621,1,439,1429,1496
CTRIA3,6622,1,83,84,2603
CTRIA3,6623,1,1290,1293,3497
CTRIA3,6624,1,468,1323,1324
CTRIA3,6625,1,856,858,5075
CTRIA3,6626,1,1834,1835,1933
CTRIA3,6627,1,2953,4346,4639
CTRIA3,6628,1,1492,2581,3545
CTRIA3,6629,1,746,1198,1241
CTRIA3,6630,1,4913,5880,6251
CTRIA3,6631,1,4913,5880,6175
CTRIA3,6632,1,1780,1782,2798
CTRIA3,6633,1,1286,1358,1365
CTRIA3,6634,1,4022,4023,5029
CTRIA3,6635,1,992,1776,2248
CTRIA3,6636,1,1997,2029,2118
CTRIA3,6637,1,469,1349,2504
CTRIA3,6638,1,1835,1836,2214
CTRIA3,6639,1,2684,3620,3621
CTRIA3,6640,1,2296,2410,2448
CTRIA3,6641,1,842,843,844
CTRIA3,6642,1,2234,4550,5499
CTRIA3,6643,1,1427,1428,1429
CTRIA3,6644,1,3235,5203,5710
CTRIA3,6645,1,3179,3467,4182
CTRIA3,6646,1,1939,2437,2762
CTRIA3,6647,1,1703,3681,5445
CTRIA3,6648,1,1434,2053,2229
CTRIA3,6649,1,2051,2053,2229
CTRIA3,6650,1,304,1336,1337
CTRIA3,6651,1,1349,3351,5807
CTRIA3,6652,1,843,844,2335
CTRIA3,6653,1,579,580,581
CTRIA3,6654,1,579,580,4676
CTRIA3,6655,1,567,1798,2988
CTRIA3,6656,1,893,895,5769
CTRIA3,6657,1,100,5819,5820
CTRIA3,6658,1,1685,2342,2932
CTRIA3,6659,1,1924,1925,2762
CTRIA3,6660,1,1923,1924,1925
CTRIA3,6661,1,1445,1588,2430
CTRIA3,6662,1,1442,1445,2430
CTRIA3,6663,1,1378,1522,2343
CTRIA3,6664,1,1983,2256,2543
CTRIA3,6665,1,619,621,813
CTRIA3,6666,1,1777,2796,3328
CTRIA3,6667,1,2233,2235,2236
CTRIA3,6668,1,900,3467,4182
CTRIA3,6669,1,1842,2018,3082
CTRIA3,6670,1,573,779,2075
CTRIA3,6671,1,2683,3256,3257
CTRIA3,6672,1,1690,2684,3256
CTRIA3,6673,1,1008,2347,3463
CTRIA3,6674,1,1777,2560,2799
CTRIA3,6675,1,2917,4767,5321
CTRIA3,6676,1,5172,5396,6110
CTRIA3,6677,1,1282,1370,1372
CTRIA3,6678,1,5573,5710,6315
CTRIA3,6679,1,1360,1361,1973
CTRIA3,6680,1,2006,5919,6224
CTRIA3,6681,1,2018,3082,3083
CTRIA3,6682,1,2183,3183,3184
CTRIA3,6683,1,2547,3747,4022
CTRIA3,6684,1,900,2567,4181
CTRIA3,6685,1,452,1246,1363
CTRIA3,6686,1,2285,2286,3154
CTRIA3,6687,1,730,731,2001
CTRIA3,6688,1,2808,2881,3227
CTRIA3,6689,1,803,2808,2881
CTRIA3,6690,1,1036,1038,3974
CTRIA3,6691,1,2098,3150,3350
CTRIA3,6692,1,790,792,1260
CTRIA3,6693,1,95,96,520
CTRIA3,6694,1,60,96,520
CTRIA3,6695,1,378,380,739
CTRIA3,6696,1,548,1072,1073
CTRIA3,6697,1,629,1772,2030
CTRIA3,6698,1,694,2400,2676
CTRIA3,6699,1,694,2139,2676
CTRIA3,6700,1,2139,2400,2676
CTRIA3,6701,1,2559,2698,3200
CTRIA3,6702,1,347,2080,2081
CTRIA3,6703,1,1195,1196,6054
CTRIA3,6704,1,2559,2560,2561
CTRIA3,6705,1,1866,1888,2020
CTRIA3,6706,1,1374,3887,3888
CTRIA3,6707,1,1492,1968,2253
CTRIA3,6708,1,1253,2064,3089
CTRIA3,6709,1,1253,1365,3089
CTRIA3,6710,1,593,1864,2763
CTRIA3,6711,1,3747,4931,5028
CTRIA3,6712,1,2351,2738,3616
CTRIA3,6713,1,496,497,2449
CTRIA3,6714,1,686,1983,2144
CTRIA3,6715,1,2800,4734,6424
CTRIA3,6716,1,4931,4932,5281
CTRIA3,6717,1,82,1589,1590
CTRIA3,6718,1,372,2194,2581
CTRIA3,6719,1,372,2111,2194
CTRIA3,6720,1,1341,1394,1395
CTRIA3,6721,1,2185,5281,6068
CTRIA3,6722,1,615,616,634
CTRIA3,6723,1,616,633,634
CTRIA3,6724,1,323,324,567
CTRIA3,6725,1,480,1194,6479
CTRIA3,6726,1,2332,2333,4734
CTRIA3,6727,1,715,815,2189
CTRIA3,6728,1,3680,3681,3682
CTRIA3,6729,1,808,2033,2577
CTRIA3,6730,1,808,1497,2577
CTRIA3,6731,1,1691,2420,2422
CTRIA3,6732,1,607,840,1984
CTRIA3,6733,1,1245,1247,1368
CTRIA3,6734,1,3152,3157,4479
CTRIA3,6735,1,1126,1127,2438
CTRIA3,6736,1,2139,3267,3450
CTRIA3,6737,1,894,1007,2568
CTRIA3,6738,1,3143,3144,3145
CTRIA3,6739,1,836,837,1051
CTRIA3,6740,1,453,1246,1294
CTRIA3,6741,1,347,2081,3666
CTRIA3,6742,1,1354,1362,2288
CTRIA3,6743,1,1362,2287,2288
CTRIA3,6744,1,2964,3740,5738
CTRIA3,6745,1,2706,2964,5738
CTRIA3,6746,1,2253,2255,2738
CTRIA3,6747,1,1050,3341,3474
CTRIA3,6748,1,3377,5784,6198
CTRIA3,6749,1,5448,5784,6198
CTRIA3,6750,1,3020,4040,5477
CTRIA3,6751,1,431,2195,2196
CTRIA3,6752,1,1377,3317,5556
CTRIA3,6753,1,1377,1592,5556
CTRIA3,6754,1,3680,3850,3851
CTRIA3,6755,1,1040,1045,1046
CTRIA3,6756,1,1040,1045,2402
CTRIA3,6757,1,2683,2687,3682
CTRIA3,6758,1,1163,1195,5395
CTRIA3,6759,1,4168,4944,6245
CTRIA3,6760,1,2683,3257,3850
CTRIA3,6761,1,654,2081,5499
CTRIA3,6762,1,1053,1054,1055
CTRIA3,6763,1,1053,1055,2412
CTRIA3,6764,1,1054,1055,2412
CTRIA3,6765,1,2515,2516,2623
CTRIA3,6766,1,2867,2991,2992
CTRIA3,6767,1,694,2139,3299
CTRIA3,6768,1,2007,2008,2238
CTRIA3,6769,1,1240,2161,2207
CTRIA3,6770,1,1240,2161,3761
CTRIA3,6771,1,2185,4932,6362
CTRIA3,6772,1,2184,2185,6362
CTRIA3,6773,1,901,2259,3208
CTRIA3,6774,1,2380,3367,3375
CTRIA3,6775,1,1379,2380,3367
CTRIA3,6776,1,359,360,1360
CTRIA3,6777,1,635,1692,5904
CTRIA3,6778,1,3157,4040,4041
CTRIA3,6779,1,3153,3157,4041
CTRIA3,6780,1,437,1497,2577
CTRIA3,6781,1,1163,1194,1195
CTRIA3,6782,1,453,1293,1294
CTRIA3,6783,1,2087,2979,4277
CTRIA3,6784,1,1776,3257,3850
CTRIA3,6785,1,367,2026,2089
CTRIA3,6786,1,1186,2096,2626
CTRIA3,6787,1,1186,2096,3214
CTRIA3,6788,1,462,2602,2941
CTRIA3,6789,1,808,1428,2216
CTRIA3,6790,1,2567,3791,4181
CTRIA3,6791,1,1250,1251,1252
CTRIA3,6792,1,332,748,1248
CTRIA3,6793,1,332,1248,3458
CTRIA3,6794,1,2625,2626,2627
CTRIA3,6795,1,1377,1590,1592
CTRIA3,6796,1,303,305,3084
CTRIA3,6797,1,762,1045,2402
CTRIA3,6798,1,3043,6208,6209
CTRIA3,6799,1,4022,5028,5029
CTRIA3,6800,1,1261,1282,1372
CTRIA3,6801,1,698,699,3536
CTRIA3,6802,1,1865,2195,4261
CTRIA3,6803,1,2687,3886,4292
CTRIA3,6804,1,409,808,2033
CTRIA3,6805,1,1196,3974,6053
CTRIA3,6806,1,347,807,809
CTRIA3,6807,1,635,1598,1599
CTRIA3,6808,1,895,5769,5848
CTRIA3,6809,1,295,1602,1603
CTRIA3,6810,1,1858,1980,1981
CTRIA3,6811,1,1980,1981,1982
CTRIA3,6812,1,362,364,2805
CTRIA3,6813,1,2351,2352,2353
CTRIA3,6814,1,2189,2256,2543
CTRIA3,6815,1,4573,5769,6316
CTRIA3,6816,1,1923,4085,5025
CTRIA3,6817,1,1923,1925,4085
CTRIA3,6818,1,461,647,2733
CTRIA3,6819,1,432,619,813
CTRIA3,6820,1,1461,1864,2689
CTRIA3,6821,1,856,884,5076
CTRIA3,6822,1,856,857,884
CTRIA3,6823,1,380,739,1416
CTRIA3,6824,1,1393,1436,1437
CTRIA3,6825,1,1524,1526,1527
CTRIA3,6826,1,1524,1525,1526
CTRIA3,6827,1,1525,1526,1527
CTRIA3,6828,1,1162,1221,4190
CTRIA3,6829,1,672,697,734
CTRIA3,6830,1,895,2568,5632
CTRIA3,6831,1,2284,3187,3506
CTRIA3,6832,1,746,748,1248
CTRIA3,6833,1,2332,5636,5637
CTRIA3,6834,1,1865,1866,1867
CTRIA3,6835,1,1244,2161,2207
CTRIA3,6836,1,1084,1215,4264
CTRIA3,6837,1,746,747,1290
CTRIA3,6838,1,2015,2016,4283
CTRIA3,6839,1,2015,2016,2017
CTRIA3,6840,1,1964,3829,4153
CTRIA3,6841,1,1964,3648,3829
CTRIA3,6842,1,513,1698,1699
CTRIA3,6843,1,1982,2650,3146
CTRIA3,6844,1,1690,3256,3257
CTRIA3,6845,1,1368,1954,2661
CTRIA3,6846,1,522,523,1598
CTRIA3,6847,1,361,2364,2449
CTRIA3,6848,1,431,1865,2195
CTRIA3,6849,1,468,1324,2503
CTRIA3,6850,1,1251,1252,1347
CTRIA3,6851,1,1251,1345,1347
CTRIA3,6852,1,646,5243,5826
CTRIA3,6853,1,1525,1527,2430
CTRIA3,6854,1,1442,1443,1446
CTRIA3,6855,1,780,799,2431
CTRIA3,6856,1,361,2449,2450
CTRIA3,6857,1,1430,2231,2232
CTRIA3,6858,1,1430,2232,3367
CTRIA3,6859,1,5456,5819,5820
CTRIA3,6860,1,359,360,361
CTRIA3,6861,1,3974,3975,5577
CTRIA3,6862,1,660,661,820
CTRIA3,6863,1,661,820,821
CTRIA3,6864,1,1376,3316,3317
CTRIA3,6865,1,1376,1377,3317
CTRIA3,6866,1,522,1598,1599
CTRIA3,6867,1,324,554,567
CTRIA3,6868,1,324,554,1798
CTRIA3,6869,1,554,567,1798
CTRIA3,6870,1,2981,3532,3756
CTRIA3,6871,1,1278,2627,3602
CTRIA3,6872,1,1434,2230,2805
CTRIA3,6873,1,1932,2215,6201
CTRIA3,6874,1,1260,1261,3392
CTRIA3,6875,1,2253,2352,3616
CTRIA3,6876,1,2796,4561,4562
CTRIA3,6877,1,647,2561,2733
CTRIA3,6878,1,2561,2733,3695
CTRIA3,6879,1,3059,3060,3061
CTRIA3,6880,1,2419,2684,3620
CTRIA3,6881,1,100,101,5820
CTRIA3,6882,1,1416,3319,3472
CTRIA3,6883,1,2025,2026,2089
CTRIA3,6884,1,1281,2625,2627
CTRIA3,6885,1,359,1360,2660
CTRIA3,6886,1,1692,2731,3378
CTRIA3,6887,1,1692,2731,2964
CTRIA3,6888,1,95,212,520
CTRIA3,6889,1,1827,2433,3187
CTRIA3,6890,1,1344,1346,2247
CTRIA3,6891,1,616,633,635
CTRIA3,6892,1,2239,2240,4262
CTRIA3,6893,1,893,5603,6316
CTRIA3,6894,1,2111,3595,6475
CTRIA3,6895,1,780,3595,6475
CTRIA3,6896,1,3108,5556,6277
CTRIA3,6897,1,2626,2627,2867
CTRIA3,6898,1,2096,2626,2867
CTRIA3,6899,1,1265,1268,1269
CTRIA3,6900,1,304,305,370
CTRIA3,6901,1,2051,2052,2053
CTRIA3,6902,1,335,1974,2660
CTRIA3,6903,1,885,3756,5022
CTRIA3,6904,1,524,2023,6209
CTRIA3,6905,1,524,1603,2023
CTRIA3,6906,1,334,335,2660
CTRIA3,6907,1,1084,1085,1215
CTRIA3,6908,1,451,497,1188
CTRIA3,6909,1,3177,4640,5848
CTRIA3,6910,1,607,1053,2349
CTRIA3,6911,1,1038,1196,3974
CTRIA3,6912,1,1365,1368,2661
CTRIA3,6913,1,430,2132,2133
CTRIA3,6914,1,715,716,717
CTRIA3,6915,1,3267,3299,4721
CTRIA3,6916,1,2310,2650,3451
CTRIA3,6917,1,360,361,2450
CTRIA3,6918,1,4028,4160,4834
CTRIA3,6919,1,1287,1289,1291
CTRIA3,6920,1,5523,5918,5920
CTRIA3,6921,1,5043,5523,5920
CTRIA3,6922,1,408,409,2080
CTRIA3,6923,1,1461,2140,2689
CTRIA3,6924,1,1150,3975,5577
CTRIA3,6925,1,910,2390,3339
CTRIA3,6926,1,2390,2647,3339
CTRIA3,6927,1,910,2390,2647
CTRIA3,6928,1,910,2647,3339
CTRIA3,6929,1,1455,3545,3593
CTRIA3,6930,1,1866,1867,1888
CTRIA3,6931,1,554,1796,2542
CTRIA3,6932,1,2436,3184,3547
CTRIA3,6933,1,2023,5455,6209
CTRIA3,6934,1,1455,2342,3593
CTRIA3,6935,1,1150,4991,5879
CTRIA3,6936,1,254,3681,3851
CTRIA3,6937,1,4028,4041,4835
CTRIA3,6938,1,4028,4834,4835
CTRIA3,6939,1,2380,3375,3795
CTRIA3,6940,1,662,681,2079
CTRIA3,6941,1,1521,1522,2354
CTRIA3,6942,1,841,1008,3463
CTRIA3,6943,1,1396,2987,3271
CTRIA3,6944,1,1688,2341,2967
CTRIA3,6945,1,1688,2098,2967
CTRIA3,6946,1,835,836,837
CTRIA3,6947,1,3559,4573,4575
CTRIA3,6948,1,409,1438,2577
CTRIA3,6949,1,1037,2857,3404
CTRIA3,6950,1,1009,2259,2567
CTRIA3,6951,1,365,366,367
CTRIA3,6952,1,1429,2352,2353
CTRIA3,6953,1,835,837,2484
CTRIA3,6954,1,1834,1835,1836
CTRIA3,6955,1,1425,1426,1438
CTRIA3,6956,1,5043,5919,5920
CTRIA3,6957,1,5919,5920,6320
CTRIA3,6958,1,1692,3378,3626
CTRIA3,6959,1,3020,4039,4040
CTRIA3,6960,1,1001,1003,1204
CTRIA3,6961,1,519,1001,1204
CTRIA3,6962,1,1266,2670,5485
CTRIA3,6963,1,2953,3561,4346
CTRIA3,6964,1,1889,6200,6201
CTRIA3,6965,1,1932,6200,6201
CTRIA3,6966,1,667,749,2671
CTRIA3,6967,1,513,514,1664
CTRIA3,6968,1,514,1664,1665
CTRIA3,6969,1,1050,1084,1216
CTRIA3,6970,1,1323,1324,1325
CTRIA3,6971,1,1262,1280,1281
CTRIA3,6972,1,1691,2420,2421
CTRIA3,6973,1,1691,2421,3626
CTRIA3,6974,1,1288,1355,1356
CTRIA3,6975,1,2434,2436,4874
CTRIA3,6976,1,1434,2053,2343
CTRIA3,6977,1,2052,2053,2343
CTRIA3,6978,1,637,2195,2196
CTRIA3,6979,1,469,2795,2992
CTRIA3,6980,1,469,1332,2992
CTRIA3,6981,1,4931,4932,4933
CTRIA3,6982,1,1198,1199,2899
CTRIA3,6983,1,1521,2041,2354
CTRIA3,6984,1,1517,1521,2041
CTRIA3,6985,1,2185,3183,6068
CTRIA3,6986,1,2183,2185,3183
CTRIA3,6987,1,2066,2067,2068
CTRIA3,6988,1,2110,2111,6475
CTRIA3,6989,1,1054,2327,2412
CTRIA3,6990,1,646,647,2698
CTRIA3,6991,1,899,3467,3599
CTRIA3,6992,1,2881,3227,3229
CTRIA3,6993,1,3761,3762,4161
CTRIA3,6994,1,4911,5696,5961
CTRIA3,6995,1,4911,4912,5696
CTRIA3,6996,1,1348,1349,3351
CTRIA3,6997,1,2248,2249,5177
CTRIA3,6998,1,3177,4346,4640
CTRIA3,6999,1,3179,3862,4180
CTRIA3,7000,1,3367,3375,3640
CTRIA3,7001,1,591,1453,2141
CTRIA3,7002,1,1345,2012,2064
CTRIA3,7003,1,1253,2012,2064
CTRIA3,7004,1,1827,2433,4874
CTRIA3,7005,1,1278,2795,2992
CTRIA3,7006,1,1828,4262,5230
CTRIA3,7007,1,1083,1084,1085
CTRIA3,7008,1,1829,3819,4023
CTRIA3,7009,1,1939,2433,2434
CTRIA3,7010,1,694,2669,2671
CTRIA3,7011,1,4085,5281,6068
CTRIA3,7012,1,3183,4085,6068
CTRIA3,7013,1,1357,1395,2848
CTRIA3,7014,1,408,1425,1426
CTRIA3,7015,1,366,2370,2863
CTRIA3,7016,1,196,197,198
CTRIA3,7017,1,4346,4639,4640
CTRIA3,7018,1,1178,1215,5172
CTRIA3,7019,1,712,713,714
CTRIA3,7020,1,83,1592,2603
CTRIA3,7021,1,1345,1346,2012
CTRIA3,7022,1,1253,1346,2012
CTRIA3,7023,1,892,893,5603
CTRIA3,7024,1,305,1393,3084
CTRIA3,7025,1,59,855,6384
CTRIA3,7026,1,2112,2113,2585
CTRIA3,7027,1,2013,2113,2585
CTRIA3,7028,1,5427,6041,6293
CTRIA3,7029,1,1690,2249,3257
CTRIA3,7030,1,608,609,1046
CTRIA3,7031,1,608,1040,1046
CTRIA3,7032,1,451,452,453
CTRIA3,7033,1,451,452,1188
CTRIA3,7034,1,573,2075,2237
CTRIA3,7035,1,5395,5396,6110
CTRIA3,7036,1,1198,1241,2899
CTRIA3,7037,1,303,304,1336
CTRIA3,7038,1,991,1776,5276
CTRIA3,7039,1,991,992,1776
CTRIA3,7040,1,676,3619,3933
CTRIA3,7041,1,607,841,1053
CTRIA3,7042,1,2333,4734,6424
CTRIA3,7043,1,1246,1247,1363
CTRIA3,7044,1,1807,1809,2515
CTRIA3,7045,1,495,1149,1151
CTRIA3,7046,1,495,1151,2365
CTRIA3,7047,1,2410,2444,2448
CTRIA3,7048,1,2443,2444,2448
CTRIA3,7049,1,746,1241,1248
CTRIA3,7050,1,4910,4911,4912
CTRIA3,7051,1,3375,3794,3795
CTRIA3,7052,1,293,294,6100
CTRIA3,7053,1,1416,2120,3319
CTRIA3,7054,1,2332,5636,6314
CTRIA3,7055,1,1864,1941,2826
CTRIA3,7056,1,366,369,2370
CTRIA3,7057,1,813,1453,2132
CTRIA3,7058,1,1195,5395,5397
CTRIA3,7059,1,5395,5396,5397
CTRIA3,7060,1,1440,1442,1443
CTRIA3,7061,1,1009,2567,3608
CTRIA3,7062,1,367,1353,2862
CTRIA3,7063,1,368,1353,2862
CTRIA3,7064,1,1177,1178,4189
CTRIA3,7065,1,4189,4190,6110
CTRIA3,7066,1,1380,1393,1431
CTRIA3,7067,1,1393,1431,1436
CTRIA3,7068,1,1434,2229,2230
CTRIA3,7069,1,2185,4932,5281
CTRIA3,7070,1,1428,1429,1496
CTRIA3,7071,1,2249,3596,5904
CTRIA3,7072,1,2348,5632,5870
CTRIA3,7073,1,2292,2294,3397
CTRIA3,7074,1,1127,2438,2900
CTRIA3,7075,1,301,332,711
CTRIA3,7076,1,301,329,711
CTRIA3,7077,1,1250,2025,2026
CTRIA3,7078,1,1972,2009,2715
CTRIA3,7079,1,2253,2738,3616
CTRIA3,7080,1,1446,1587,2100
CTRIA3,7081,1,1587,1588,2100
CTRIA3,7082,1,1889,1942,2217
CTRIA3,7083,1,1250,1252,1344
CTRIA3,7084,1,2410,3054,6476
CTRIA3,7085,1,2296,2410,6476
CTRIA3,7086,1,2296,3054,6476
CTRIA3,7087,1,523,1587,1588
CTRIA3,7088,1,1380,1430,3367
CTRIA3,7089,1,2683,3680,3850
CTRIA3,7090,1,1007,1008,2568
CTRIA3,7091,1,3153,3154,4834
CTRIA3,7092,1,3154,4160,4834
CTRIA3,7093,1,2922,2989,3069
CTRIA3,7094,1,2401,2865,2866
CTRIA3,7095,1,1041,1127,2900
CTRIA3,7096,1,3587,4180,4181
CTRIA3,7097,1,889,2483,2981
CTRIA3,7098,1,889,2479,2483
CTRIA3,7099,1,2347,2865,3463
CTRIA3,7100,1,695,696,811
CTRIA3,7101,1,696,2809,3228
CTRIA3,7102,1,1401,3004,3794
CTRIA3,7103,1,1988,2292,3397
CTRIA3,7104,1,1988,1990,2292
CTRIA3,7105,1,461,2731,2733
CTRIA3,7106,1,2708,2731,2733
CTRIA3,7107,1,2398,2399,2400
CTRIA3,7108,1,2139,2398,2400
CTRIA3,7109,1,766,768,3451
CTRIA3,7110,1,1492,2255,3545
CTRIA3,7111,1,1054,2857,3404
CTRIA3,7112,1,1388,3004,3794
CTRIA3,7113,1,1151,2365,6329
CTRIA3,7114,1,2668,5485,6179
CTRIA3,7115,1,2347,2348,5870
CTRIA3,7116,1,882,883,3862
CTRIA3,7117,1,2568,5632,5870
CTRIA3,7118,1,1691,1692,3626
CTRIA3,7119,1,1983,2144,2256
CTRIA3,7120,1,3535,3619,3933
CTRIA3,7121,1,2217,2218,2856
CTRIA3,7122,1,1841,2218,2856
CTRIA3,7123,1,1244,1263,2207
CTRIA3,7124,1,1365,2661,3089
CTRIA3,7125,1,671,1670,2039
CTRIA3,7126,1,712,731,2001
CTRIA3,7127,1,1843,2021,2212
CTRIA3,7128,1,1842,1843,2021
CTRIA3,7129,1,2367,2410,2444
CTRIA3,7130,1,1083,1084,1216
CTRIA3,7131,1,2014,2584,2851
CTRIA3,7132,1,670,2584,2851
CTRIA3,7133,1,3535,3793,3933
CTRIA3,7134,1,1685,1688,2341
CTRIA3,7135,1,1685,1688,2868
CTRIA3,7136,1,2183,3184,3547
CTRIA3,7137,1,1690,1692,2249
CTRIA3,7138,1,1692,2249,5904
CTRIA3,7139,1,835,836,3549
CTRIA3,7140,1,695,696,3228
CTRIA3,7141,1,1972,1973,2009
CTRIA3,7142,1,1973,2009,2064
CTRIA3,7143,1,1264,1265,1266
CTRIA3,7144,1,3341,3346,4264
CTRIA3,7145,1,333,1954,2661
CTRIA3,7146,1,333,1257,1954
CTRIA3,7147,1,2953,2983,4639
CTRIA3,7148,1,614,2875,3020
CTRIA3,7149,1,778,780,6475
CTRIA3,7150,1,2708,2733,3695
CTRIA3,7151,1,4721,4722,4723
CTRIA3,7152,1,821,3535,3619
CTRIA3,7153,1,661,821,3619
CTRIA3,7154,1,3570,3571,5479
CTRIA3,7155,1,5242,5243,5280
CTRIA3,7156,1,614,2964,3138
CTRIA3,7157,1,614,616,2964
CTRIA3,7158,1,711,2588,3458
CTRIA3,7159,1,711,2588,2675
CTRIA3,7160,1,711,2675,3458
CTRIA3,7161,1,893,5769,6316
CTRIA3,7162,1,694,697,2671
CTRIA3,7163,1,791,2897,3124
CTRIA3,7164,1,2897,3124,4188
CTRIA3,7165,1,2625,2626,3970
CTRIA3,7166,1,28,2067,3271
CTRIA3,7167,1,28,1396,3271
CTRIA3,7168,1,1835,1931,1933
CTRIA3,7169,1,3790,5075,6335
CTRIA3,7170,1,1241,2674,2899
CTRIA3,7171,1,1441,1442,1445
CTRIA3,7172,1,1441,1445,1446
CTRIA3,7173,1,1441,1442,1446
CTRIA3,7174,1,1364,2450,3278
CTRIA3,7175,1,452,1188,1291
CTRIA3,7176,1,1188,1291,1364
CTRIA3,7177,1,1404,1406,1415
CTRIA3,7178,1,715,2189,2543
CTRIA3,7179,1,667,736,795
CTRIA3,7180,1,2021,2211,2644
CTRIA3,7181,1,2021,2211,2212
CTRIA3,7182,1,2211,2212,2644
CTRIA3,7183,1,371,372,373
CTRIA3,7184,1,1274,2588,2674
CTRIA3,7185,1,1241,1274,2674
CTRIA3,7186,1,1241,1274,2588
CTRIA3,7187,1,1344,1345,1346
CTRIA3,7188,1,4931,4933,5112
CTRIA3,7189,1,695,810,811
CTRIA3,7190,1,1415,1416,3472
CTRIA3,7191,1,3680,3681,3851
CTRIA3,7192,1,3791,4180,4181
CTRIA3,7193,1,1241,2588,2675
CTRIA3,7194,1,2255,2738,3545
CTRIA3,7195,1,439,2366,3788
CTRIA3,7196,1,362,1434,2805
CTRIA3,7197,1,1250,1251,2024
CTRIA3,7198,1,1260,1275,3180
CTRIA3,7199,1,2810,3593,3594
CTRIA3,7200,1,1925,2437,2762
CTRIA3,7201,1,5881,6251,6413
CTRIA3,7202,1,5881,6174,6413
CTRIA3,7203,1,3711,5076,5077
CTRIA3,7204,1,791,792,1261
CTRIA3,7205,1,791,1261,1283
CTRIA3,7206,1,607,1985,3392
CTRIA3,7207,1,1277,1278,3602
CTRIA3,7208,1,2483,2980,2981
CTRIA3,7209,1,1433,1517,3193
CTRIA3,7210,1,1433,1517,2095
CTRIA3,7211,1,1433,2095,3193
CTRIA3,7212,1,616,1692,2964
CTRIA3,7213,1,367,1353,2026
CTRIA3,7214,1,629,1775,2030
CTRIA3,7215,1,1292,1293,3497
CTRIA3,7216,1,1341,1342,1343
CTRIA3,7217,1,2393,2398,3933
CTRIA3,7218,1,301,329,1249
CTRIA3,7219,1,303,304,305
CTRIA3,7220,1,1888,2018,2020
CTRIA3,7221,1,1414,1415,1416
CTRIA3,7222,1,2983,2985,5633
CTRIA3,7223,1,591,593,1461
CTRIA3,7224,1,3183,3184,4085
CTRIA3,7225,1,1383,1436,1437
CTRIA3,7226,1,3351,5148,5807
CTRIA3,7227,1,5881,6174,6175
CTRIA3,7228,1,2668,2669,2670
CTRIA3,7229,1,302,334,2660
CTRIA3,7230,1,2865,3463,3474
CTRIA3,7231,1,1149,1292,3497
CTRIA3,7232,1,3138,3740,5738
CTRIA3,7233,1,1040,2327,2412
CTRIA3,7234,1,437,438,2367
CTRIA3,7235,1,2953,3560,3561
CTRIA3,7236,1,5059,6373,6384
CTRIA3,7237,1,762,2402,2985
CTRIA3,7238,1,100,521,522
CTRIA3,7239,1,3177,4573,5769
CTRIA3,7240,1,1688,2098,2868
CTRIA3,7241,1,629,1775,1779
CTRIA3,7242,1,1773,1775,1779
CTRIA3,7243,1,629,1773,1779
CTRIA3,7244,1,2341,2933,3350
CTRIA3,7245,1,2333,4421,6424
CTRIA3,7246,1,1040,2401,2900
CTRIA3,7247,1,2327,2401,2900
CTRIA3,7248,1,83,1590,1592
CTRIA3,7249,1,1864,2018,3083
CTRIA3,7250,1,1346,2246,2247
CTRIA3,7251,1,1362,1369,2287
CTRIA3,7252,1,2436,3547,4874
CTRIA3,7253,1,1841,1843,2218
CTRIA3,7254,1,4574,5603,6316
CTRIA3,7255,1,1440,2576,4277
CTRIA3,7256,1,1379,1401,3084
CTRIA3,7257,1,712,713,2001
CTRIA3,7258,1,1269,2096,2991
CTRIA3,7259,1,3020,3138,5738
CTRIA3,7260,1,1492,1494,1991
CTRIA3,7261,1,1244,2161,2162
CTRIA3,7262,1,1332,1348,2991
CTRIA3,7263,1,2349,2401,2412
CTRIA3,7264,1,1040,2349,2412
CTRIA3,7265,1,1040,2349,2401
CTRIA3,7266,1,608,1040,2349
CTRIA3,7267,1,623,2133,2141
CTRIA3,7268,1,495,496,2365
CTRIA3,7269,1,1268,4723,6179
CTRIA3,7270,1,3144,5029,5112
CTRIA3,7271,1,1083,1085,1217
CTRIA3,7272,1,2096,2867,2991
CTRIA3,7273,1,1323,1325,1414
CTRIA3,7274,1,1455,2110,2342
CTRIA3,7275,1,790,791,3124
CTRIA3,7276,1,762,1045,3618
CTRIA3,7277,1,1841,1842,1843
CTRIA3,7278,1,1380,1430,1431
CTRIA3,7279,1,3280,4032,6408
CTRIA3,7280,1,371,1493,2293
CTRIA3,7281,1,371,1492,2293
CTRIA3,7282,1,2368,2410,3054
CTRIA3,7283,1,2296,2368,3054
CTRIA3,7284,1,461,462,2941
CTRIA3,7285,1,1263,2897,4188
CTRIA3,7286,1,1244,1263,4188
CTRIA3,7287,1,660,661,662
CTRIA3,7288,1,1440,2576,2947
CTRIA3,7289,1,2327,2401,2866
CTRIA3,7290,1,1602,1603,2023
CTRIA3,7291,1,2088,2847,2848
CTRIA3,7292,1,1773,3853,5276
CTRIA3,7293,1,1773,1774,5276
CTRIA3,7294,1,1379,1380,1393
CTRIA3,7295,1,2420,2421,3402
CTRIA3,7296,1,1184,2898,4161
CTRIA3,7297,1,1587,1598,1688
CTRIA3,7298,1,1587,1687,1688
CTRIA3,7299,1,1598,1687,1688
CTRIA3,7300,1,609,1260,3392
CTRIA3,7301,1,3375,3794,3796
CTRIA3,7302,1,1392,3794,3796
CTRIA3,7303,1,3587,4181,4182
CTRIA3,7304,1,1039,2900,3396
CTRIA3,7305,1,1041,2900,3396
CTRIA3,7306,1,1039,1041,3396
CTRIA3,7307,1,2034,2368,2439
CTRIA3,7308,1,1436,1987,2052
CTRIA3,7309,1,1384,1987,2052
CTRIA3,7310,1,1384,1436,1987
CTRIA3,7311,1,333,334,1257
CTRIA3,7312,1,1287,1288,1289
CTRIA3,7313,1,1240,3761,4161
CTRIA3,7314,1,571,573,2237
CTRIA3,7315,1,1924,1941,2762
CTRIA3,7316,1,360,2450,3278
CTRIA3,7317,1,1240,2898,4161
CTRIA3,7318,1,1332,2991,2992
CTRIA3,7319,1,380,1416,2120
CTRIA3,7320,1,792,1260,1261
CTRIA3,7321,1,3221,4421,5573
CTRIA3,7322,1,2333,3221,4421
CTRIA3,7323,1,1599,3596,3981
CTRIA3,7324,1,301,332,3458
CTRIA3,7325,1,614,3020,3138
CTRIA3,7326,1,365,367,2089
CTRIA3,7327,1,1588,2078,2465
CTRIA3,7328,1,2078,2100,2465
CTRIA3,7329,1,1588,2100,2465
CTRIA3,7330,1,1588,2078,2100
CTRIA3,7331,1,614,615,616
CTRIA3,7332,1,2433,2434,4874
CTRIA3,7333,1,3179,3587,4182
CTRIA3,7334,1,1864,2018,2826
CTRIA3,7335,1,1184,1259,2898
CTRIA3,7336,1,1248,2675,3458
CTRIA3,7337,1,1241,1248,2675
CTRIA3,7338,1,1829,3819,3820
CTRIA3,7339,1,1344,2067,2247
CTRIA3,7340,1,1344,2067,3271
CTRIA3,7341,1,2019,2020,3197
CTRIA3,7342,1,1054,2324,2327
CTRIA3,7343,1,1864,1941,2763
CTRIA3,7344,1,2081,3666,5499
CTRIA3,7345,1,3559,4575,6315
CTRIA3,7346,1,1357,2847,2848
CTRIA3,7347,1,332,1249,1955
CTRIA3,7348,1,1455,2111,2194
CTRIA3,7349,1,899,1964,3208
CTRIA3,7350,1,591,1461,2141
CTRIA3,7351,1,294,525,6100
CTRIA3,7352,1,2183,2184,2185
CTRIA3,7353,1,1989,1990,2041
CTRIA3,7354,1,571,573,2429
CTRIA3,7355,1,378,739,1323
CTRIA3,7356,1,5319,5896,5897
CTRIA3,7357,1,5895,5896,5897
CTRIA3,7358,1,2687,4292,6417
CTRIA3,7359,1,1040,2349,2402
CTRIA3,7360,1,573,2428,2429
CTRIA3,7361,1,2132,2133,2141
CTRIA3,7362,1,1888,2018,2826
CTRIA3,7363,1,791,1280,1283
CTRIA3,7364,1,739,1323,1414
CTRIA3,7365,1,1436,2051,2052
CTRIA3,7366,1,3185,3280,6408
CTRIA3,7367,1,3185,3280,3281
CTRIA3,7368,1,430,2133,3197
CTRIA3,7369,1,254,1703,3681
CTRIA3,7370,1,4212,4421,5573
CTRIA3,7371,1,2324,2857,3270
CTRIA3,7372,1,2705,2706,2708
CTRIA3,7373,1,2601,2705,2708
CTRIA3,7374,1,856,5075,5076
CTRIA3,7375,1,409,2033,2577
CTRIA3,7376,1,1431,1436,2051
CTRIA3,7377,1,1430,1431,2051
CTRIA3,7378,1,528,633,1598
CTRIA3,7379,1,528,633,3620
CTRIA3,7380,1,1186,1267,3214
CTRIA3,7381,1,2229,2230,2231
CTRIA3,7382,1,2367,2368,2410
CTRIA3,7383,1,3596,3981,5177
CTRIA3,7384,1,346,798,2236
CTRIA3,7385,1,672,734,795
CTRIA3,7386,1,4573,4574,6316
CTRIA3,7387,1,346,2236,2564
CTRIA3,7388,1,2249,3596,5177
CTRIA3,7389,1,408,409,1426
CTRIA3,7390,1,3153,4834,4835
CTRIA3,7391,1,3153,4041,4835
CTRIA3,7392,1,1527,1588,2430
CTRIA3,7393,1,739,1414,1416
CTRIA3,7394,1,2365,5571,6329
CTRIA3,7395,1,1445,1446,2100
CTRIA3,7396,1,1445,1588,2100
CTRIA3,7397,1,2668,2670,5485
CTRIA3,7398,1,1517,1521,2095
CTRIA3,7399,1,461,2731,2941
CTRIA3,7400,1,1428,1496,4135
CTRIA3,7401,1,1428,1497,4135
CTRIA3,7402,1,1496,1497,4135
CTRIA3,7403,1,373,1493,2293
CTRIA3,7404,1,373,2266,2293
CTRIA3,7405,1,633,634,2420
CTRIA3,7406,1,840,1985,3208
CTRIA3,7407,1,1379,1393,3084
CTRIA3,7408,1,1045,3395,3618
CTRIA3,7409,1,528,633,2420
CTRIA3,7410,1,528,633,2422
CTRIA3,7411,1,528,2420,2422
CTRIA3,7412,1,734,736,795
CTRIA3,7413,1,1442,2294,3397
CTRIA3,7414,1,1442,2294,2430
CTRIA3,7415,1,2066,2067,2247
CTRIA3,7416,1,1054,2323,2857
CTRIA3,7417,1,899,901,3208
CTRIA3,7418,1,899,901,3467
CTRIA3,7419,1,614,615,2875
CTRIA3,7420,1,888,2981,3532
CTRIA3,7421,1,646,5243,5374
CTRIA3,7422,1,1521,2094,2095
CTRIA3,7423,1,1521,1522,2094
CTRIA3,7424,1,2438,2866,2900
CTRIA3,7425,1,514,515,1562
CTRIA3,7426,1,514,1562,2121
CTRIA3,7427,1,513,514,515
CTRIA3,7428,1,513,515,1699
CTRIA3,7429,1,790,791,792
CTRIA3,7430,1,332,748,1955
CTRIA3,7431,1,348,2431,3091
CTRIA3,7432,1,900,901,3467
CTRIA3,7433,1,302,334,1257
CTRIA3,7434,1,1039,1040,2327
CTRIA3,7435,1,1039,1040,2900
CTRIA3,7436,1,1242,3124,4188
CTRIA3,7437,1,1242,1244,4188
CTRIA3,7438,1,528,1598,1687
CTRIA3,7439,1,528,1687,3620
CTRIA3,7440,1,495,1149,1292
CTRIA3,7441,1,1440,1442,2947
CTRIA3,7442,1,3177,3561,4346
CTRIA3,7443,1,2066,2246,2247
CTRIA3,7444,1,373,2266,3091
CTRIA3,7445,1,1199,2324,2327
CTRIA3,7446,1,681,683,2079
CTRIA3,7447,1,683,2079,2596
CTRIA3,7448,1,1492,2253,2255
CTRIA3,7449,1,790,1242,3124
CTRIA3,7450,1,1708,2248,5177
CTRIA3,7451,1,840,1984,1985
CTRIA3,7452,1,1039,1199,2327
CTRIA3,7453,1,1455,2581,3545
CTRIA3,7454,1,1054,2323,2324
CTRIA3,7455,1,371,373,1493
CTRIA3,7456,1,2323,2324,2857
CTRIA3,7457,1,1492,2266,2293
CTRIA3,7458,1,2327,2866,2900
CTRIA3,7459,1,1924,1941,2826
CTRIA3,7460,1,1924,1940,2826
CTRIA3,7461,1,1280,1282,1283
CTRIA3,7462,1,1492,1494,2266
CTRIA3,7463,1,779,798,799
CTRIA3,7464,1,1441,1442,3397
CTRIA3,7465,1,1442,1444,3397
CTRIA3,7466,1,1441,1444,3397
CTRIA3,7467,1,1441,1442,1444
CTRIA3,7468,1,2139,2398,3450
CTRIA3,7469,1,812,813,814
CTRIA3,7470,1,812,813,1453
CTRIA3,7471,1,2983,4639,4640
CTRIA3,7472,1,2983,4640,5633
CTRIA3,7473,1,1099,1101,1627
CTRIA3,7474,1,1099,1102,1627
CTRIA3,7475,1,1424,2764,4270
CTRIA3,7476,1,2764,4169,4270
CTRIA3,7477,1,2732,3402,4267
CTRIA3,7478,1,2421,2732,3402
CTRIA3,7479,1,1184,1259,1262
CTRIA3,7480,1,844,2336,3179
CTRIA3,7481,1,84,523,1588
CTRIA3,7482,1,84,1527,1588
CTRIA3,7483,1,1388,1392,3794
CTRIA3,7484,1,1004,3689,4226
CTRIA3,7485,1,2891,3689,4226
CTRIA3,7486,1,1343,1528,2922
CTRIA3,7487,1,1341,1343,2922
CTRIA3,7488,1,265,1528,2922
CTRIA3,7489,1,1304,1307,1881
CTRIA3,7490,1,1369,2065,2287
CTRIA3,7491,1,1285,1369,2065
CTRIA3,7492,1,2516,5815,6174
CTRIA3,7493,1,4283,5815,6251
CTRIA3,7494,1,2516,4913,6174
CTRIA3,7495,1,4283,4913,6251
CTRIA3,7496,1,1995,3043,6208
CTRIA3,7497,1,1995,6208,6306
CTRIA3,7498,1,1778,1779,2560
CTRIA3,7499,1,1777,1778,2560
CTRIA3,7500,1,3175,3790,5636
CTRIA3,7501,1,3175,5636,6314
CTRIA3,7502,1,1361,2009,2064
CTRIA3,7503,1,1356,1361,2009
CTRIA3,7504,1,651,3008,5635
CTRIA3,7505,1,553,949,2542
CTRIA3,7506,1,948,949,2542
CTRIA3,7507,1,404,1429,2352
CTRIA3,7508,1,404,1427,1429
CTRIA3,7509,1,412,413,5935
CTRIA3,7510,1,411,412,413
CTRIA3,7511,1,412,5935,6302
CTRIA3,7512,1,2421,2732,3626
CTRIA3,7513,1,2732,3378,3626
CTRIA3,7514,1,812,1854,6305
CTRIA3,7515,1,834,1095,1101
CTRIA3,7516,1,543,1095,1101
CTRIA3,7517,1,834,972,1101
CTRIA3,7518,1,1940,2351,2547
CTRIA3,7519,1,1267,1268,1269
CTRIA3,7520,1,1267,1269,3214
CTRIA3,7521,1,674,796,1452
CTRIA3,7522,1,2980,2981,3756
CTRIA3,7523,1,2980,3756,5022
CTRIA3,7524,1,766,767,768
CTRIA3,7525,1,766,767,1832
CTRIA3,7526,1,2964,3138,3740
CTRIA3,7527,1,2708,2731,2964
CTRIA3,7528,1,669,670,671
CTRIA3,7529,1,669,670,948
CTRIA3,7530,1,1981,1982,3060
CTRIA3,7531,1,1981,3059,3060
CTRIA3,7532,1,427,428,3372
CTRIA3,7533,1,524,525,1603
CTRIA3,7534,1,294,525,1603
CTRIA3,7535,1,524,6208,6209
CTRIA3,7536,1,2256,2682,2901
CTRIA3,7537,1,1854,1855,1881
CTRIA3,7538,1,1995,1997,2029
CTRIA3,7539,1,1703,4032,5445
CTRIA3,7540,1,779,798,2233
CTRIA3,7541,1,798,2233,2236
CTRIA3,7542,1,404,1427,2216
CTRIA3,7543,1,404,2216,2737
CTRIA3,7544,1,1137,2558,3372
CTRIA3,7545,1,428,2558,3372
CTRIA3,7546,1,1137,1620,2558
CTRIA3,7547,1,1525,2430,2703
CTRIA3,7548,1,1525,2041,2703
CTRIA3,7549,1,1837,1864,2689
CTRIA3,7550,1,1837,1864,3083
CTRIA3,7551,1,681,3559,6315
CTRIA3,7552,1,1370,1371,3164
CTRIA3,7553,1,4990,5396,5397
CTRIA3,7554,1,1195,4990,5397
CTRIA3,7555,1,1195,4990,6054
CTRIA3,7556,1,636,1306,1404
CTRIA3,7557,1,1828,3090,5230
CTRIA3,7558,1,1825,2602,3714
CTRIA3,7559,1,3392,3436,3648
CTRIA3,7560,1,1985,3392,3648
CTRIA3,7561,1,2333,2919,3221
CTRIA3,7562,1,2919,3221,3235
CTRIA3,7563,1,2331,2333,2919
CTRIA3,7564,1,1969,2266,2267
CTRIA3,7565,1,1457,1969,2267
CTRIA3,7566,1,1562,2121,3281
CTRIA3,7567,1,1996,2121,3281
CTRIA3,7568,1,749,1091,2001
CTRIA3,7569,1,729,730,1331
CTRIA3,7570,1,2240,3547,4262
CTRIA3,7571,1,3547,4262,4874
CTRIA3,7572,1,748,1954,1955
CTRIA3,7573,1,748,1368,1954
CTRIA3,7574,1,497,1188,1364
CTRIA3,7575,1,497,1364,2449
CTRIA3,7576,1,840,2259,3208
CTRIA3,7577,1,302,359,3461
CTRIA3,7578,1,302,359,2660
CTRIA3,7579,1,674,1423,5871
CTRIA3,7580,1,437,1496,1497
CTRIA3,7581,1,437,439,1496
CTRIA3,7582,1,672,673,674
CTRIA3,7583,1,993,1707,1708
CTRIA3,7584,1,992,993,1708
CTRIA3,7585,1,193,1995,6306
CTRIA3,7586,1,195,5445,6100
CTRIA3,7587,1,4809,5082,6298
CTRIA3,7588,1,4562,4809,6298
CTRIA3,7589,1,654,2081,2090
CTRIA3,7590,1,669,1796,2039
CTRIA3,7591,1,152,201,854
CTRIA3,7592,1,3177,5769,5848
CTRIA3,7593,1,4213,5573,6315
CTRIA3,7594,1,4212,4213,5573
CTRIA3,7595,1,620,636,1409
CTRIA3,7596,1,59,60,61
CTRIA3,7597,1,60,61,519
CTRIA3,7598,1,1050,1051,1216
CTRIA3,7599,1,836,1051,1052
CTRIA3,7600,1,836,1052,3549
CTRIA3,7601,1,1050,1051,1052
CTRIA3,7602,1,842,3599,3770
CTRIA3,7603,1,673,674,829
CTRIA3,7604,1,674,829,5871
CTRIA3,7605,1,102,1708,5177
CTRIA3,7606,1,882,3789,3862
CTRIA3,7607,1,1867,1888,1940
CTRIA3,7608,1,1888,1940,2826
CTRIA3,7609,1,195,525,6100
CTRIA3,7610,1,194,195,525
CTRIA3,7611,1,193,194,195
CTRIA3,7612,1,193,194,6306
CTRIA3,7613,1,749,1091,2670
CTRIA3,7614,1,1685,2420,2868
CTRIA3,7615,1,670,908,2584
CTRIA3,7616,1,2013,2014,2584
CTRIA3,7617,1,1928,1929,1930
CTRIA3,7618,1,346,348,2431
CTRIA3,7619,1,346,799,2431
CTRIA3,7620,1,195,3280,4032
CTRIA3,7621,1,195,3280,3281
CTRIA3,7622,1,2479,2483,3711
CTRIA3,7623,1,2483,2980,3711
CTRIA3,7624,1,884,2479,3711
CTRIA3,7625,1,3174,3606,3608
CTRIA3,7626,1,2800,4734,5637
CTRIA3,7627,1,882,2800,5637
CTRIA3,7628,1,1264,1266,3351
CTRIA3,7629,1,3177,3559,4573
CTRIA3,7630,1,3177,3559,3561
CTRIA3,7631,1,4022,4023,4024
CTRIA3,7632,1,1279,1281,2627
CTRIA3,7633,1,1279,2627,3602
CTRIA3,7634,1,256,1699,1703
CTRIA3,7635,1,1854,5976,6462
CTRIA3,7636,1,1854,1881,5976
CTRIA3,7637,1,1045,1046,3180
CTRIA3,7638,1,1046,1260,3180
CTRIA3,7639,1,2120,2794,3319
CTRIA3,7640,1,4029,5477,5738
CTRIA3,7641,1,2706,4029,5738
CTRIA3,7642,1,1242,1243,1244
CTRIA3,7643,1,1243,1244,2162
CTRIA3,7644,1,3599,3770,6038
CTRIA3,7645,1,834,972,973
CTRIA3,7646,1,427,429,832
CTRIA3,7647,1,429,832,973
CTRIA3,7648,1,832,834,973
CTRIA3,7649,1,1782,2560,2799
CTRIA3,7650,1,686,818,1983
CTRIA3,7651,1,686,688,818
CTRIA3,7652,1,1972,1973,1974
CTRIA3,7653,1,1972,2064,3089
CTRIA3,7654,1,2479,3172,3223
CTRIA3,7655,1,857,2479,3172
CTRIA3,7656,1,2019,2133,3197
CTRIA3,7657,1,2232,2982,3796
CTRIA3,7658,1,2231,2232,2982
CTRIA3,7659,1,196,889,3679
CTRIA3,7660,1,1942,2217,2649
CTRIA3,7661,1,1980,1982,3146
CTRIA3,7662,1,1980,2644,3146
CTRIA3,7663,1,93,482,890
CTRIA3,7664,1,93,482,854
CTRIA3,7665,1,6074,6198,6224
CTRIA3,7666,1,2006,6198,6224
CTRIA3,7667,1,3143,3145,4910
CTRIA3,7668,1,1933,2649,3451
CTRIA3,7669,1,2076,3020,4039
CTRIA3,7670,1,2006,2007,5043
CTRIA3,7671,1,2006,2007,2008
CTRIA3,7672,1,437,438,439
CTRIA3,7673,1,438,439,2366
CTRIA3,7674,1,714,794,5976
CTRIA3,7675,1,712,714,5976
CTRIA3,7676,1,622,623,624
CTRIA3,7677,1,622,623,1439
CTRIA3,7678,1,810,2143,2682
CTRIA3,7679,1,1406,2296,2297
CTRIA3,7680,1,622,624,822
CTRIA3,7681,1,622,822,823
CTRIA3,7682,1,318,2503,2504
CTRIA3,7683,1,3143,5479,6290
CTRIA3,7684,1,3143,4910,6290
CTRIA3,7685,1,1253,1346,2246
CTRIA3,7686,1,1372,3164,3165
CTRIA3,7687,1,1669,1670,1671
CTRIA3,7688,1,1780,2797,4005
CTRIA3,7689,1,3157,4039,4479
CTRIA3,7690,1,3157,4039,4040
CTRIA3,7691,1,619,1409,3027
CTRIA3,7692,1,2161,3761,3762
CTRIA3,7693,1,571,615,634
CTRIA3,7694,1,634,2420,2868
CTRIA3,7695,1,2184,5961,6362
CTRIA3,7696,1,2184,5503,5961
CTRIA3,7697,1,1923,1940,2547
CTRIA3,7698,1,1923,1924,1940
CTRIA3,7699,1,1524,2041,2354
CTRIA3,7700,1,1430,2051,2229
CTRIA3,7701,1,1430,2229,2231
CTRIA3,7702,1,2438,2866,3346
CTRIA3,7703,1,1797,1798,2988
CTRIA3,7704,1,1669,1797,2988
CTRIA3,7705,1,1865,1867,3788
CTRIA3,7706,1,1243,2162,3618
CTRIA3,7707,1,368,1354,2288
CTRIA3,7708,1,368,1353,1354
CTRIA3,7709,1,368,369,2288
CTRIA3,7710,1,4575,5710,5711
CTRIA3,7711,1,1826,1930,3569
CTRIA3,7712,1,1287,1291,1364
CTRIA3,7713,1,1287,1364,3278
CTRIA3,7714,1,1835,1931,1932
CTRIA3,7715,1,1889,1931,1942
CTRIA3,7716,1,1178,5172,6110
CTRIA3,7717,1,1889,2217,2856
CTRIA3,7718,1,2627,2867,2992
CTRIA3,7719,1,1278,2627,2992
CTRIA3,7720,1,3179,3587,4180
CTRIA3,7721,1,411,5427,6041
CTRIA3,7722,1,1807,1808,1809
CTRIA3,7723,1,1808,3973,6086
CTRIA3,7724,1,1808,1809,6086
CTRIA3,7725,1,1264,1265,1348
CTRIA3,7726,1,1037,1038,3549
CTRIA3,7727,1,991,992,993
CTRIA3,7728,1,991,993,1774
CTRIA3,7729,1,991,1774,5276
CTRIA3,7730,1,1373,1375,3316
CTRIA3,7731,1,1375,3316,3317
CTRIA3,7732,1,261,262,886
CTRIA3,7733,1,669,1796,2542
CTRIA3,7734,1,669,948,2542
CTRIA3,7735,1,633,3620,3621
CTRIA3,7736,1,633,635,1598
CTRIA3,7737,1,809,2216,2267
CTRIA3,7738,1,2730,2731,2732
CTRIA3,7739,1,2731,2732,3378
CTRIA3,7740,1,2730,2731,2941
CTRIA3,7741,1,1522,2094,2343
CTRIA3,7742,1,698,699,700
CTRIA3,7743,1,700,2079,2596
CTRIA3,7744,1,698,700,2596
CTRIA3,7745,1,1828,2550,2551
CTRIA3,7746,1,1442,2947,3397
CTRIA3,7747,1,682,4212,5433
CTRIA3,7748,1,682,2800,5433
CTRIA3,7749,1,682,4212,4213
CTRIA3,7750,1,451,453,1292
CTRIA3,7751,1,495,496,497
CTRIA3,7752,1,451,495,497
CTRIA3,7753,1,451,495,1292
CTRIA3,7754,1,1341,1342,1357
CTRIA3,7755,1,1341,1357,1395
CTRIA3,7756,1,1343,1376,1377
CTRIA3,7757,1,1343,1377,1528
CTRIA3,7758,1,1342,1343,1376
CTRIA3,7759,1,346,798,799
CTRIA3,7760,1,3145,4932,4933
CTRIA3,7761,1,3145,4932,6362
CTRIA3,7762,1,2420,2810,3402
CTRIA3,7763,1,1685,2420,2810
CTRIA3,7764,1,2213,2651,3146
CTRIA3,7765,1,2650,2651,3146
CTRIA3,7766,1,794,6305,6462
CTRIA3,7767,1,794,796,6305
CTRIA3,7768,1,1243,3395,3618
CTRIA3,7769,1,3607,5075,6335
CTRIA3,7770,1,1009,3606,3608
CTRIA3,7771,1,1009,3606,3607
CTRIA3,7772,1,547,548,4189
CTRIA3,7773,1,547,1177,4189
CTRIA3,7774,1,843,2335,3793
CTRIA3,7775,1,698,882,2800
CTRIA3,7776,1,681,4213,6315
CTRIA3,7777,1,301,1125,3461
CTRIA3,7778,1,301,1125,3458
CTRIA3,7779,1,1150,4992,6053
CTRIA3,7780,1,1150,4991,4992
CTRIA3,7781,1,1150,5577,6053
CTRIA3,7782,1,1325,1331,1404
CTRIA3,7783,1,1306,1331,1404
CTRIA3,7784,1,700,820,2079
CTRIA3,7785,1,660,820,2079
CTRIA3,7786,1,700,820,821
CTRIA3,7787,1,699,700,821
CTRIA3,7788,1,629,630,632
CTRIA3,7789,1,907,1772,1778
CTRIA3,7790,1,629,1772,1778
CTRIA3,7791,1,2730,2941,4267
CTRIA3,7792,1,2602,2941,4267
CTRIA3,7793,1,2800,4421,5433
CTRIA3,7794,1,4212,4421,5433
CTRIA3,7795,1,2800,4421,6424
CTRIA3,7796,1,667,697,2671
CTRIA3,7797,1,1780,2796,2797
CTRIA3,7798,1,1780,2796,2798
CTRIA3,7799,1,547,1085,1177
CTRIA3,7800,1,547,1085,1217
CTRIA3,7801,1,2075,2237,2875
CTRIA3,7802,1,766,1933,3451
CTRIA3,7803,1,766,1834,1933
CTRIA3,7804,1,667,697,734
CTRIA3,7805,1,667,734,736
CTRIA3,7806,1,404,1968,2737
CTRIA3,7807,1,2183,2240,3547
CTRIA3,7808,1,2183,2240,5503
CTRIA3,7809,1,2183,2184,5503
CTRIA3,7810,1,636,637,2034
CTRIA3,7811,1,293,5445,6100
CTRIA3,7812,1,1021,5935,6302
CTRIA3,7813,1,411,1021,6041
CTRIA3,7814,1,1021,5935,6041
CTRIA3,7815,1,892,3607,6335
CTRIA3,7816,1,1249,1954,1955
CTRIA3,7817,1,301,302,1249
CTRIA3,7818,1,195,4032,5445
CTRIA3,7819,1,193,195,3281
CTRIA3,7820,1,193,1995,3281
CTRIA3,7821,1,2216,2267,2737
CTRIA3,7822,1,1457,2267,2737
CTRIA3,7823,1,194,6208,6306
CTRIA3,7824,1,1670,1796,2039
CTRIA3,7825,1,1669,1796,1797
CTRIA3,7826,1,1669,1670,1796
CTRIA3,7827,1,1518,1968,2737
CTRIA3,7828,1,1518,1968,1969
CTRIA3,7829,1,1457,1518,1969
CTRIA3,7830,1,1457,1518,2737
