$ Conforming BDF generated from __tracked_surface_tet_vol.msh
GRID    1       0       5.4739471.0949801.371E+1
GRID    2       0       5.7704221.1868881.339E+1
GRID    3       0       5.9124601.1678881.419E+1
GRID    4       0       4.6342582.9822102.216E+1
GRID    5       0       4.6402532.9355162.209E+1
GRID    6       0       4.6885402.9859102.210E+1
GRID    7       0       4.3492211.2340251.290E+1
GRID    8       0       4.0206801.3894271.268E+1
GRID    9       0       4.3290921.3533791.219E+1
GRID    10      0       5.9173693.1069111.849E+1
GRID    11      0       5.8624483.1311411.858E+1
GRID    12      0       5.8966163.2366141.847E+1
GRID    13      0       4.4653301.5003741.135E+1
GRID    14      0       4.0479561.5410391.177E+1
GRID    15      0       4.2185671.4538441.877E+1
GRID    16      0       4.3289001.5223771.920E+1
GRID    17      0       3.9105471.7209191.903E+1
GRID    18      0       4.1725301.2311091.347E+1
GRID    19      0       4.0442771.2164251.431E+1
GRID    20      0       3.7742441.4024641.365E+1
GRID    21      0       5.6893904.6734811.787E+1
GRID    22      0       5.9723834.6145311.747E+1
GRID    23      0       5.4196984.8076471.746E+1
GRID    24      0       5.0286761.5777362.022E+1
GRID    25      0       4.6713201.6323212.010E+1
GRID    26      0       4.9052501.4539261.973E+1
GRID    27      0       5.0340512.4668802.130E+1
GRID    28      0       5.1009752.4579562.141E+1
GRID    29      0       5.1682612.4631372.132E+1
GRID    30      0       4.9880434.6450181.851E+1
GRID    31      0       4.5845074.6123071.843E+1
GRID    32      0       4.5799804.4858871.897E+1
GRID    33      0       4.6519191.1106671.347E+1
GRID    34      0       3.4990891.9652981.163E+1
GRID    35      0       3.6621271.9329961.107E+1
GRID    36      0       3.7476791.7252721.166E+1
GRID    37      0       1.2750560.8209021.597E+1
GRID    38      0       1.4818180.9603361.597E+1
GRID    39      0       1.2805440.8568181.572E+1
GRID    40      0       3.0076113.1414461.453E+1
GRID    41      0       3.0198192.7710621.399E+1
GRID    42      0       3.0302772.5928691.454E+1
GRID    43      0       5.5351091.0538041.626E+1
GRID    44      0       5.1058470.9768871.611E+1
GRID    45      0       5.5159881.0273961.563E+1
GRID    46      0       5.8313761.8271962.002E+1
GRID    47      0       5.5427721.5711811.976E+1
GRID    48      0       5.8495651.6548451.952E+1
GRID    49      0       6.5485684.0714071.810E+1
GRID    50      0       6.5917483.9643011.840E+1
GRID    51      0       6.7179123.7839551.829E+1
GRID    52      0       3.8182484.5845671.600E+1
GRID    53      0       3.5224344.3417231.582E+1
GRID    54      0       3.4708924.2848511.641E+1
GRID    55      0       5.8441031.3047211.261E+1
GRID    56      0       6.1806461.3318831.354E+1
GRID    57      0       3.3431542.2930641.171E+1
GRID    58      0       3.4665562.2054261.116E+1
GRID    59      0       6.3839663.1812381.978E+1
GRID    60      0       6.4397703.1977781.983E+1
GRID    61      0       6.4045853.0968921.973E+1
GRID    62      0       5.2003432.8115795.906482
GRID    63      0       4.9700332.8517365.582814
GRID    64      0       5.1621722.8649905.580813
GRID    65      0       4.2710392.2241448.960843
GRID    66      0       4.0969722.4792128.797991
GRID    67      0       4.2861502.4253358.361621
GRID    68      0       6.9746041.9667161.526E+1
GRID    69      0       7.0621181.9549951.546E+1
GRID    70      0       7.0155231.8785111.536E+1
GRID    71      0       5.3577294.6310851.119E+1
GRID    72      0       5.2708144.7396331.170E+1
GRID    73      0       5.6409914.6018431.153E+1
GRID    74      0       5.6076144.4935331.086E+1
GRID    75      0       6.1319792.9739831.925E+1
GRID    76      0       6.2268842.9700581.929E+1
GRID    77      0       6.1357653.0618061.932E+1
GRID    78      0       6.1258222.8645551.932E+1
GRID    79      0       5.3720473.1543523.960056
GRID    80      0       5.5559883.1781734.181458
GRID    81      0       5.1873213.0769304.181099
GRID    82      0       4.5147882.3112772.088E+1
GRID    83      0       4.5198842.2232342.075E+1
GRID    84      0       4.4831232.4090272.072E+1
GRID    85      0       3.2996042.1132341.243E+1
GRID    86      0       3.4842721.8486041.217E+1
GRID    87      0       5.3733374.8641541.257E+1
GRID    88      0       5.0417214.8371221.214E+1
GRID    89      0       6.5277783.0536781.898E+1
GRID    90      0       6.5236482.8301221.885E+1
GRID    91      0       6.5991332.9597631.878E+1
GRID    92      0       6.3276092.9542521.964E+1
GRID    93      0       6.2311203.0439021.967E+1
GRID    94      0       6.2894423.1479071.993E+1
GRID    95      0       6.4016043.1816191.993E+1
GRID    96      0       6.4028573.2359671.994E+1
GRID    97      0       6.6607213.4426711.825E+1
GRID    98      0       6.7636573.1819231.822E+1
GRID    99      0       6.6534793.2331221.832E+1
GRID    100     0       4.3869572.4836722.040E+1
GRID    101     0       4.3531342.4142632.019E+1
GRID    102     0       4.3104102.6598832.011E+1
GRID    103     0       6.7857363.5419701.839E+1
GRID    104     0       6.8540053.3922631.826E+1
GRID    105     0       6.7993563.5752541.827E+1
GRID    106     0       6.8370111.8118311.707E+1
GRID    107     0       6.8201891.6679391.691E+1
GRID    108     0       6.9847601.7712441.689E+1
GRID    109     0       6.0445432.8796011.925E+1
GRID    110     0       6.0836553.0630061.923E+1
GRID    111     0       5.9994653.1504941.934E+1
GRID    112     0       6.0461033.2472521.916E+1
GRID    113     0       5.0619655.1033331.622E+1
GRID    114     0       4.8612585.1941661.610E+1
GRID    115     0       4.8491615.0491901.630E+1
GRID    116     0       3.7089133.4541902.361E+1
GRID    117     0       3.6183633.4669832.367E+1
GRID    118     0       3.6880853.4629752.372E+1
GRID    119     0       4.5141253.4204083.930154
GRID    120     0       4.4194783.4762594.346422
GRID    121     0       4.7524593.5362673.937470
GRID    122     0       4.6642991.7915552.054E+1
GRID    123     0       4.7894201.6702902.036E+1
GRID    124     0       4.9727171.7061352.058E+1
GRID    125     0       0.9125750.5323551.589E+1
GRID    126     0       0.7282940.4364411.572E+1
GRID    127     0       0.8067020.4128141.580E+1
GRID    128     0       3.3041252.6422691.906E+1
GRID    129     0       3.3402682.4024671.898E+1
GRID    130     0       3.4295372.5517211.933E+1
GRID    131     0       5.2735423.5958974.528948
GRID    132     0       5.0504063.6073564.215796
GRID    133     0       4.9374393.6078774.492100
GRID    134     0       6.6996943.7565281.852E+1
GRID    135     0       6.6202543.7786591.879E+1
GRID    136     0       4.1703084.5651581.216E+1
GRID    137     0       4.1535534.4716771.153E+1
GRID    138     0       3.9242644.3001771.138E+1
GRID    139     0       5.3190635.3411971.540E+1
GRID    140     0       5.2200845.6054041.525E+1
GRID    141     0       5.2265905.5040031.551E+1
GRID    142     0       4.1442832.1745022.053E+1
GRID    143     0       4.3036422.0332422.056E+1
GRID    144     0       4.3449052.1411262.083E+1
GRID    145     0       3.3615903.8523291.758E+1
GRID    146     0       3.4104664.0328901.763E+1
GRID    147     0       3.3361563.8645071.747E+1
GRID    148     0       3.7533192.9455522.390E+1
GRID    149     0       3.7492673.0086842.382E+1
GRID    150     0       3.7545153.0719542.382E+1
GRID    151     0       6.4369702.9620941.968E+1
GRID    152     0       6.3676602.8069781.961E+1
GRID    153     0       5.2158873.5919064.180712
GRID    154     0       5.0680703.5823404.097325
GRID    155     0       5.0500492.9095562.286E+1
GRID    156     0       5.1478433.0253622.292E+1
GRID    157     0       5.0366353.0460672.299E+1
GRID    158     0       4.5439433.2488303.883976
GRID    159     0       4.3679003.3292394.011374
GRID    160     0       4.5554283.3371983.773085
GRID    161     0       5.8212494.0920019.103948
GRID    162     0       5.5134184.3390289.809710
GRID    163     0       5.8122324.1984979.829237
GRID    164     0       3.6771832.7055242.398E+1
GRID    165     0       3.6987492.8296092.396E+1
GRID    166     0       3.6070312.7080972.398E+1
GRID    167     0       5.4912311.9613162.088E+1
GRID    168     0       5.4481201.8404432.065E+1
GRID    169     0       5.7166482.0461132.074E+1
GRID    170     0       4.6302094.9306721.349E+1
GRID    171     0       4.5766654.9460031.382E+1
GRID    172     0       4.8327194.9887551.364E+1
GRID    173     0       5.7970152.6118852.113E+1
GRID    174     0       5.8609342.6777712.122E+1
GRID    175     0       5.7917012.5847592.122E+1
GRID    176     0       6.3272921.5600941.781E+1
GRID    177     0       6.0140641.3845751.792E+1
GRID    178     0       6.1250161.3867911.747E+1
GRID    179     0       5.3767474.0872422.065E+1
GRID    180     0       5.0430114.1086442.076E+1
GRID    181     0       5.3216573.9618192.107E+1
GRID    182     0       5.3136431.4955881.123E+1
GRID    183     0       5.4638591.3063791.213E+1
GRID    184     0       5.0553161.3689761.172E+1
GRID    185     0       5.9055911.5465011.018E+1
GRID    186     0       5.7569341.6976141.036E+1
GRID    187     0       5.7200991.5595371.024E+1
GRID    188     0       5.1011993.9639502.120E+1
GRID    189     0       5.3157763.8001882.150E+1
GRID    190     0       4.9211481.8682722.089E+1
GRID    191     0       4.6276991.9903682.095E+1
GRID    192     0       4.6800181.8616082.072E+1
GRID    193     0       4.0808322.3487951.971E+1
GRID    194     0       4.1676972.2502481.979E+1
GRID    195     0       4.0307802.3041091.972E+1
GRID    196     0       6.0822883.1200831.991E+1
GRID    197     0       6.1896603.1191341.989E+1
GRID    198     0       6.1400833.1641241.994E+1
GRID    199     0       6.1565363.1730321.982E+1
GRID    200     0       6.1401682.6410951.964E+1
GRID    201     0       6.2859562.6706321.960E+1
GRID    202     0       6.2968412.4925791.961E+1
GRID    203     0       4.5920745.1605061.529E+1
GRID    204     0       4.4403045.0238251.487E+1
GRID    205     0       4.3553565.0061071.532E+1
GRID    206     0       5.1085993.6313734.009376
GRID    207     0       5.0072123.6222504.025424
GRID    208     0       5.3194361.6994449.653731
GRID    209     0       5.2661441.7434419.479348
GRID    210     0       5.4401221.7048649.545882
GRID    211     0       6.2654093.1830471.981E+1
GRID    212     0       6.3495833.1808631.985E+1
GRID    213     0       6.6350873.1904701.878E+1
GRID    214     0       6.6955112.9137071.877E+1
GRID    215     0       6.7475372.2594021.873E+1
GRID    216     0       6.8302802.4993961.863E+1
GRID    217     0       6.7763512.4363171.891E+1
GRID    218     0       4.7497213.2853601.993E+1
GRID    219     0       4.5552983.2475641.967E+1
GRID    220     0       4.8835663.2560231.967E+1
GRID    221     0       3.6210121.5643342.384E+1
GRID    222     0       3.6703491.5364322.379E+1
GRID    223     0       3.6878501.5364322.382E+1
GRID    224     0       4.7010873.4567223.785724
GRID    225     0       5.4519782.6011191.973E+1
GRID    226     0       5.1730522.5732621.993E+1
GRID    227     0       5.4537782.5861421.996E+1
GRID    228     0       3.1748643.3032071.733E+1
GRID    229     0       3.2094763.2430571.730E+1
GRID    230     0       3.1666503.0776481.736E+1
GRID    231     0       3.8001494.3725231.784E+1
GRID    232     0       4.0885744.5962381.746E+1
GRID    233     0       3.7749164.4110091.737E+1
GRID    234     0       3.9702054.2438461.888E+1
GRID    235     0       4.2834704.3200341.928E+1
GRID    236     0       4.2077784.4841901.844E+1
GRID    237     0       6.0455754.0891711.029E+1
GRID    238     0       5.8048614.3031221.038E+1
GRID    239     0       5.4936551.0375081.445E+1
GRID    240     0       3.4365132.6215331.839E+1
GRID    241     0       3.3239202.5771631.826E+1
GRID    242     0       3.3504192.7771061.829E+1
GRID    243     0       5.2026423.3009873.532173
GRID    244     0       5.1327023.1829533.565328
GRID    245     0       5.1173493.2318263.396404
GRID    246     0       6.7379122.7357141.718E+1
GRID    247     0       6.8802982.6900881.710E+1
GRID    248     0       6.7428262.5325021.721E+1
GRID    249     0       4.9135583.8779102.141E+1
GRID    250     0       4.7806653.9530212.110E+1
GRID    251     0       4.9863973.1614923.562891
GRID    252     0       4.8160553.2060163.715957
GRID    253     0       4.9130603.2573123.550427
GRID    254     0       4.0942282.8713731.995E+1
GRID    255     0       4.0556893.0143352.002E+1
GRID    256     0       3.9322512.9349341.993E+1
GRID    257     0       3.9307954.6635531.411E+1
GRID    258     0       3.7914184.4937621.347E+1
GRID    259     0       3.5311924.3453841.422E+1
GRID    260     0       6.0865213.5099692.025E+1
GRID    261     0       6.1360503.4616932.012E+1
GRID    262     0       5.9949473.3737522.015E+1
GRID    263     0       4.6636882.2000522.105E+1
GRID    264     0       4.7572342.2889572.120E+1
GRID    265     0       4.8419212.2464722.116E+1
GRID    266     0       6.1123132.9790681.956E+1
GRID    267     0       6.2098813.0321801.946E+1
GRID    268     0       6.2145022.8779911.941E+1
GRID    269     0       5.9781163.2648791.878E+1
GRID    270     0       6.1300693.1434431.858E+1
GRID    271     0       5.9878013.1194591.876E+1
GRID    272     0       5.9746493.1388231.869E+1
GRID    273     0       5.5054463.1946442.007E+1
GRID    274     0       5.6332313.2978481.992E+1
GRID    275     0       5.7027653.2419032.003E+1
GRID    276     0       5.8550551.7804341.043E+1
GRID    277     0       5.6498481.7039021.037E+1
GRID    278     0       6.4090842.5323621.855E+1
GRID    279     0       6.3415662.7290861.861E+1
GRID    280     0       6.2409062.5895601.878E+1
GRID    281     0       6.3814472.6659521.868E+1
GRID    282     0       5.1938781.9717712.108E+1
GRID    283     0       5.2518131.8603002.085E+1
GRID    284     0       6.8270942.7490141.898E+1
GRID    285     0       6.7364652.8070821.925E+1
GRID    286     0       6.7029222.5358231.923E+1
GRID    287     0       5.2182952.6233802.235E+1
GRID    288     0       5.3531812.7501462.237E+1
GRID    289     0       5.1752492.7009282.252E+1
GRID    290     0       3.2982533.7698461.790E+1
GRID    291     0       3.3472263.8611891.801E+1
GRID    292     0       3.3962454.0124141.787E+1
GRID    293     0       4.2096342.4343621.999E+1
GRID    294     0       4.2374572.3216881.998E+1
GRID    295     0       4.2816842.3506602.012E+1
GRID    296     0       6.6545824.1629931.709E+1
GRID    297     0       6.6370964.2486281.671E+1
GRID    298     0       6.3455034.4427921.702E+1
GRID    299     0       5.6488072.4150272.117E+1
GRID    300     0       5.7389802.5206692.098E+1
GRID    301     0       5.6626732.5213972.101E+1
GRID    302     0       5.6286902.5194222.116E+1
GRID    303     0       5.0151832.4264362.139E+1
GRID    304     0       5.0226242.3581782.143E+1
GRID    305     0       4.9813992.3617592.134E+1
GRID    306     0       4.0866014.8328221.492E+1
GRID    307     0       3.7195604.5604151.480E+1
GRID    308     0       5.0062973.3395912.497E+1
GRID    309     0       4.9824303.4118002.500E+1
GRID    310     0       5.0582773.3854892.497E+1
GRID    311     0       5.8924383.1044521.797E+1
GRID    312     0       6.0271493.0953871.786E+1
GRID    313     0       6.0342123.2365601.785E+1
GRID    314     0       5.0895193.4597292.512E+1
GRID    315     0       4.9887053.4476522.511E+1
GRID    316     0       5.0534723.4120962.519E+1
GRID    317     0       5.1318572.6454362.185E+1
GRID    318     0       5.3040862.6591012.188E+1
GRID    319     0       5.1815772.7098982.192E+1
GRID    320     0       5.3859764.2367432.013E+1
GRID    321     0       5.6434664.2843041.970E+1
GRID    322     0       5.3304834.4080601.951E+1
GRID    323     0       3.8712133.1396001.992E+1
GRID    324     0       3.7602603.1328921.990E+1
GRID    325     0       3.8610583.1107181.988E+1
GRID    326     0       4.5817941.6348981.021E+1
GRID    327     0       4.6930591.7098291.033E+1
GRID    328     0       4.4760071.7228371.040E+1
GRID    329     0       5.6306882.6220002.102E+1
GRID    330     0       5.6493952.6540942.095E+1
GRID    331     0       5.5751322.6579132.095E+1
GRID    332     0       5.6258542.5794252.094E+1
GRID    333     0       5.5529232.5436712.122E+1
GRID    334     0       5.6067372.5026812.121E+1
GRID    335     0       5.5806122.5094562.130E+1
GRID    336     0       5.0766112.3661802.510E+1
GRID    337     0       5.1184542.2598062.516E+1
GRID    338     0       5.0552652.4321872.519E+1
GRID    339     0       6.1615582.6689691.803E+1
GRID    340     0       6.1269382.5767881.811E+1
GRID    341     0       6.2177192.5515431.798E+1
GRID    342     0       6.1991852.6144791.810E+1
GRID    343     0       5.0725772.7239242.190E+1
GRID    344     0       5.1436843.4239362.506E+1
GRID    345     0       5.0527823.4573282.503E+1
GRID    346     0       4.4901002.7702262.107E+1
GRID    347     0       4.5134572.7481342.117E+1
GRID    348     0       4.5002812.7114472.105E+1
GRID    349     0       4.1195754.7350751.636E+1
GRID    350     0       3.7819904.5263811.646E+1
GRID    351     0       3.9358364.5751501.694E+1
GRID    352     0       6.2186753.0865581.939E+1
GRID    353     0       5.2850642.8355802.259E+1
GRID    354     0       5.2597652.9801772.274E+1
GRID    355     0       5.1684062.8328432.272E+1
GRID    356     0       5.0342434.2298736.972996
GRID    357     0       5.0562804.2717176.889575
GRID    358     0       5.0270814.1934116.924610
GRID    359     0       5.5918802.2947572.111E+1
GRID    360     0       5.5038022.1589562.112E+1
GRID    361     0       5.5957882.1845242.098E+1
GRID    362     0       4.6281512.3496382.132E+1
GRID    363     0       4.6787822.2278922.127E+1
GRID    364     0       4.7075682.3276272.136E+1
GRID    365     0       5.0658032.3455532.146E+1
GRID    366     0       5.0697252.3586122.139E+1
GRID    367     0       5.1162472.3041752.142E+1
GRID    368     0       5.0637562.2606132.135E+1
GRID    369     0       5.0909152.3269192.132E+1
GRID    370     0       5.0304642.3165382.138E+1
GRID    371     0       4.4030572.7338052.101E+1
GRID    372     0       4.4291332.7066402.097E+1
GRID    373     0       4.4210572.6930412.102E+1
GRID    374     0       3.6742732.4424982.400E+1
GRID    375     0       3.6846372.5776452.399E+1
GRID    376     0       3.6153702.4770352.399E+1
GRID    377     0       5.0694872.5868552.175E+1
GRID    378     0       5.1319952.5671582.169E+1
GRID    379     0       5.1305792.5655312.176E+1
GRID    380     0       5.0890192.6435582.173E+1
GRID    381     0       5.1236672.7382282.194E+1
GRID    382     0       5.0988652.7706112.193E+1
GRID    383     0       5.1099962.7995682.187E+1
GRID    384     0       3.5844063.1433912.382E+1
GRID    385     0       3.6460163.1202702.386E+1
GRID    386     0       3.6891353.1583422.378E+1
GRID    387     0       5.0828360.9921081.781189
GRID    388     0       5.0792050.8517651.690064
GRID    389     0       5.0857341.0032881.596453
GRID    390     0       7.0152371.4166341.483E+1
GRID    391     0       7.0365861.4017341.465E+1
GRID    392     0       7.1181461.3777771.477E+1
GRID    393     0       3.8569952.9491461.883E+1
GRID    394     0       3.9709492.8947191.894E+1
GRID    395     0       3.9333112.9573151.890E+1
GRID    396     0       5.4214792.7975072.228E+1
GRID    397     0       5.4392092.8958142.228E+1
GRID    398     0       5.3858492.9303472.247E+1
GRID    399     0       5.3607241.1934411.846E+1
GRID    400     0       5.7341041.3667741.867E+1
GRID    401     0       5.3964911.2998991.894E+1
GRID    402     0       4.3642512.7568902.111E+1
GRID    403     0       4.3911932.7091242.113E+1
GRID    404     0       4.3926262.6447602.123E+1
GRID    405     0       3.5952162.0106742.348E+1
GRID    406     0       3.5773232.0108722.355E+1
GRID    407     0       3.5886612.2007072.348E+1
GRID    408     0       4.6308452.7370692.139E+1
GRID    409     0       4.5824642.6604222.140E+1
GRID    410     0       4.5642322.7566112.139E+1
GRID    411     0       6.5807903.3748921.796E+1
GRID    412     0       6.5423043.4512901.793E+1
GRID    413     0       6.4901213.4466191.804E+1
GRID    414     0       3.7353092.2561842.348E+1
GRID    415     0       3.6686012.2654622.346E+1
GRID    416     0       3.7137732.3593532.347E+1
GRID    417     0       3.3068593.8385371.769E+1
GRID    418     0       3.6387742.9308552.395E+1
GRID    419     0       3.5519912.9474102.390E+1
GRID    420     0       3.5678562.8059692.393E+1
GRID    421     0       6.4990632.4509681.736E+1
GRID    422     0       6.6033562.3328921.732E+1
GRID    423     0       6.5903272.4398721.724E+1
GRID    424     0       5.6682412.6995991.847E+1
GRID    425     0       5.8148802.7395281.830E+1
GRID    426     0       5.7397392.7180501.833E+1
GRID    427     0       5.0567932.1923539.900594
GRID    428     0       5.0337722.2028719.760342
GRID    429     0       5.1264952.1996169.788909
GRID    430     0       4.5377073.0238262.175E+1
GRID    431     0       4.5233572.9461772.178E+1
GRID    432     0       4.6076083.0086972.185E+1
GRID    433     0       4.8952643.4595713.596751
GRID    434     0       4.9214763.3578173.497007
GRID    435     0       4.7646163.3799103.637068
GRID    436     0       4.5058032.6208992.154E+1
GRID    437     0       4.5594872.5601082.154E+1
GRID    438     0       4.5486272.5525112.161E+1
GRID    439     0       4.4482012.5876552.152E+1
GRID    440     0       3.5790133.0136152.391E+1
GRID    441     0       5.1248362.1836232.501E+1
GRID    442     0       5.1950852.2129022.498E+1
GRID    443     0       5.1358762.0788092.501E+1
GRID    444     0       6.9129182.8081961.715E+1
GRID    445     0       6.8854172.9547661.724E+1
GRID    446     0       6.8513612.8116991.727E+1
GRID    447     0       3.5948643.4164402.377E+1
GRID    448     0       5.6104792.2835962.120E+1
GRID    449     0       5.5137002.2143882.124E+1
GRID    450     0       5.5535582.0732462.104E+1
GRID    451     0       5.3929822.1162512.078E+1
GRID    452     0       5.2941112.1552422.089E+1
GRID    453     0       5.4834112.1667892.083E+1
GRID    454     0       6.2704523.1226451.883E+1
GRID    455     0       6.2830343.2057061.872E+1
GRID    456     0       6.1997013.2688021.884E+1
GRID    457     0       4.3573352.6532701.970E+1
GRID    458     0       4.2600672.5776531.970E+1
GRID    459     0       4.4471212.6479951.991E+1
GRID    460     0       4.3448092.7187761.986E+1
GRID    461     0       4.2339953.0920772.037E+1
GRID    462     0       4.2559103.1923242.044E+1
GRID    463     0       4.2129833.2608482.031E+1
GRID    464     0       5.9841141.9019271.025E+1
GRID    465     0       5.8242781.7508681.028E+1
GRID    466     0       5.8408071.8014291.018E+1
GRID    467     0       5.8602381.6911741.014E+1
GRID    468     0       5.2519512.5162142.168E+1
GRID    469     0       5.4008912.5375032.164E+1
GRID    470     0       5.2942542.4419332.167E+1
GRID    471     0       4.1418862.3499872.068E+1
GRID    472     0       4.2670022.5709322.086E+1
GRID    473     0       4.1090492.5091222.065E+1
GRID    474     0       4.7553432.6510012.514E+1
GRID    475     0       4.7978572.6893002.514E+1
GRID    476     0       4.7561002.7668892.514E+1
GRID    477     0       6.4058303.8661791.932E+1
GRID    478     0       6.2529083.9086271.974E+1
GRID    479     0       6.4366473.6254351.965E+1
GRID    480     0       5.9947982.6391101.974E+1
GRID    481     0       5.9200332.8963941.989E+1
GRID    482     0       6.0829012.8387081.968E+1
GRID    483     0       4.1050893.1097891.830E+1
GRID    484     0       4.0462792.9598371.826E+1
GRID    485     0       4.1328393.0593901.828E+1
GRID    486     0       4.3842732.5694952.148E+1
GRID    487     0       4.3062492.6064472.129E+1
GRID    488     0       4.4377062.5339552.140E+1
GRID    489     0       4.9805962.1448839.987930
GRID    490     0       5.0810772.1246911.001E+1
GRID    491     0       4.9288112.0559321.004E+1
GRID    492     0       6.3816493.1377531.754E+1
GRID    493     0       6.3704482.9644951.753E+1
GRID    494     0       6.2849693.0920711.766E+1
GRID    495     0       5.5587322.0419182.064E+1
GRID    496     0       5.5907132.0820472.076E+1
GRID    497     0       5.4907972.0382942.078E+1
GRID    498     0       5.3671793.3965192.174E+1
GRID    499     0       5.3659843.3662572.160E+1
GRID    500     0       5.4457663.4348972.162E+1
GRID    501     0       5.7650442.8950822.098E+1
GRID    502     0       5.7363622.8237602.086E+1
GRID    503     0       5.7650382.9717072.087E+1
GRID    504     0       5.4735592.8303442.214E+1
GRID    505     0       5.4992072.8700102.223E+1
GRID    506     0       5.5125782.8069052.219E+1
GRID    507     0       4.7038733.1710552.010E+1
GRID    508     0       4.5465583.2651141.999E+1
GRID    509     0       4.7171963.2617952.004E+1
GRID    510     0       5.0540493.7591463.890455
GRID    511     0       5.5171733.4486262.168E+1
GRID    512     0       5.5578243.4645642.156E+1
GRID    513     0       3.6123302.7618861.971E+1
GRID    514     0       3.6698762.7009771.961E+1
GRID    515     0       3.6626162.6263571.966E+1
GRID    516     0       3.3017492.2095351.779E+1
GRID    517     0       3.2461682.3030791.786E+1
GRID    518     0       3.2818682.3895821.779E+1
GRID    519     0       6.4729383.0810811.979E+1
GRID    520     0       6.4618953.1739061.988E+1
GRID    521     0       4.4614222.4520962.055E+1
GRID    522     0       4.4299682.5905072.051E+1
GRID    523     0       4.4493432.5885562.065E+1
GRID    524     0       4.2969002.1781421.994E+1
GRID    525     0       4.1987542.2399861.988E+1
GRID    526     0       3.5110012.7335621.849E+1
GRID    527     0       3.4316092.8754481.839E+1
GRID    528     0       4.3063812.8168222.065E+1
GRID    529     0       4.1732772.6889452.065E+1
GRID    530     0       4.3068872.7302812.077E+1
GRID    531     0       3.3022631.8589331.337E+1
GRID    532     0       3.1067352.3710181.364E+1
GRID    533     0       3.5116833.6916331.108E+1
GRID    534     0       3.6376673.6383351.043E+1
GRID    535     0       3.3629423.3921531.125E+1
GRID    536     0       2.9499321.6905151.522E+1
GRID    537     0       2.9556991.8264651.545E+1
GRID    538     0       3.1319181.8144451.524E+1
GRID    539     0       5.0437323.2572372.500E+1
GRID    540     0       5.0984823.2365552.504E+1
GRID    541     0       4.9968513.2404022.506E+1
GRID    542     0       5.1079812.0635661.005E+1
GRID    543     0       5.0604421.9631811.003E+1
GRID    544     0       3.4450652.0038961.850E+1
GRID    545     0       3.4376332.1145641.865E+1
GRID    546     0       3.3949582.1550951.856E+1
GRID    547     0       6.2599632.7726461.985E+1
GRID    548     0       6.3181542.6214081.975E+1
GRID    549     0       6.4727392.7105061.972E+1
GRID    550     0       5.0526342.7603363.896395
GRID    551     0       5.0117282.7737103.862256
GRID    552     0       5.0530072.6651863.845785
GRID    553     0       3.7103173.2916192.000E+1
GRID    554     0       3.6827053.1922111.992E+1
GRID    555     0       3.8211593.2051321.998E+1
GRID    556     0       2.9729441.9746511.575E+1
GRID    557     0       3.0318741.9477891.549E+1
GRID    558     0       2.8310661.8141211.566E+1
GRID    559     0       5.1271363.5395303.506530
GRID    560     0       5.1303823.3859693.396666
GRID    561     0       5.1265153.5367733.110173
GRID    562     0       4.3427512.7476541.872E+1
GRID    563     0       4.3281542.7469961.884E+1
GRID    564     0       4.4658682.6995191.887E+1
GRID    565     0       3.8216993.0106491.995E+1
GRID    566     0       3.9131313.0871791.998E+1
GRID    567     0       3.7621233.1184151.995E+1
GRID    568     0       3.1388053.1346671.250E+1
GRID    569     0       3.2358933.1557611.176E+1
GRID    570     0       3.1680162.8208651.224E+1
GRID    571     0       4.4382832.8817332.073E+1
GRID    572     0       4.4394532.9484052.083E+1
GRID    573     0       4.4439602.8692572.082E+1
GRID    574     0       4.2263413.1584351.835E+1
GRID    575     0       4.1778623.1859781.838E+1
GRID    576     0       3.5212672.8380731.828E+1
GRID    577     0       3.3502342.7343501.805E+1
GRID    578     0       3.4639142.6348171.820E+1
GRID    579     0       3.8614663.5893562.030E+1
GRID    580     0       3.9032413.6014082.042E+1
GRID    581     0       3.9396763.5641932.028E+1
GRID    582     0       6.1252271.3776209.970523
GRID    583     0       6.0955971.3378549.925469
GRID    584     0       6.2161931.3187049.886864
GRID    585     0       3.7446832.5235561.794E+1
GRID    586     0       3.6330382.5476971.785E+1
GRID    587     0       3.6916742.7413921.792E+1
GRID    588     0       4.7457013.1977421.858E+1
GRID    589     0       4.4622373.1961501.852E+1
GRID    590     0       4.6847343.1392211.821E+1
GRID    591     0       4.7481143.0024722.163E+1
GRID    592     0       4.7207502.9611112.148E+1
GRID    593     0       4.6460832.9784662.153E+1
GRID    594     0       4.6003992.9964812.180E+1
GRID    595     0       4.7162972.9720082.185E+1
GRID    596     0       4.6811843.0142002.180E+1
GRID    597     0       4.7000142.9239612.217E+1
GRID    598     0       4.6425282.8837452.217E+1
GRID    599     0       4.6990082.8455572.217E+1
GRID    600     0       4.7088602.9019482.221E+1
GRID    601     0       4.1115862.6371411.956E+1
GRID    602     0       4.1699732.5075091.955E+1
GRID    603     0       4.2578742.6678701.958E+1
GRID    604     0       4.1184523.3163131.990E+1
GRID    605     0       4.1446203.2526281.994E+1
GRID    606     0       4.0726933.2904271.982E+1
GRID    607     0       5.6819022.9529202.058E+1
GRID    608     0       5.6619712.8614992.061E+1
GRID    609     0       5.7004692.8670332.069E+1
GRID    610     0       5.4666612.9408972.211E+1
GRID    611     0       5.4109112.9200372.210E+1
GRID    612     0       5.4241902.8856682.220E+1
GRID    613     0       5.3987843.0105972.221E+1
GRID    614     0       4.4254052.9722172.057E+1
GRID    615     0       4.3932332.9131162.060E+1
GRID    616     0       4.3927102.9070902.052E+1
GRID    617     0       5.4266702.9374822.203E+1
GRID    618     0       5.3900652.9776402.207E+1
GRID    619     0       4.7276482.9791312.193E+1
GRID    620     0       4.7953342.8608562.195E+1
GRID    621     0       4.8059532.9977592.195E+1
GRID    622     0       4.7972063.2020272.171E+1
GRID    623     0       4.6878913.0956742.169E+1
GRID    624     0       4.7434623.1856632.177E+1
GRID    625     0       4.7443101.9776379.180530
GRID    626     0       4.8830311.9587299.024853
GRID    627     0       4.6837501.9667828.988422
GRID    628     0       4.7256892.0270959.022976
GRID    629     0       4.1151443.1215282.001E+1
GRID    630     0       3.9965313.1226331.993E+1
GRID    631     0       4.0160853.0832062.003E+1
GRID    632     0       4.0257753.2069242.004E+1
GRID    633     0       4.3404002.8561342.059E+1
GRID    634     0       4.4122692.8516112.063E+1
GRID    635     0       4.3395272.8473802.053E+1
GRID    636     0       4.7837832.7003112.190E+1
GRID    637     0       4.6088342.7397752.184E+1
GRID    638     0       4.6072282.6567882.173E+1
GRID    639     0       4.9657633.2967892.514E+1
GRID    640     0       5.0252563.3470072.520E+1
GRID    641     0       4.9710023.4124052.515E+1
GRID    642     0       4.9663963.2837462.503E+1
GRID    643     0       3.6693072.3719972.368E+1
GRID    644     0       3.6668642.3314622.364E+1
GRID    645     0       3.7413902.3712562.364E+1
GRID    646     0       4.1571203.2356772.022E+1
GRID    647     0       4.2057373.1720242.027E+1
GRID    648     0       3.7502333.3301532.376E+1
GRID    649     0       3.6496323.3262462.379E+1
GRID    650     0       3.6799203.2462362.374E+1
GRID    651     0       5.7008063.0626582.122E+1
GRID    652     0       5.7488533.1880192.109E+1
GRID    653     0       5.7012453.1547402.128E+1
GRID    654     0       4.7290622.8446882.118E+1
GRID    655     0       4.5872312.8731302.117E+1
GRID    656     0       4.6639862.8990832.106E+1
GRID    657     0       5.2035472.8002392.512E+1
GRID    658     0       5.1926312.9018902.502E+1
GRID    659     0       5.2153222.9888672.511E+1
GRID    660     0       5.7312963.4059742.122E+1
GRID    661     0       5.6783453.3194822.129E+1
GRID    662     0       5.7432493.3131252.116E+1
GRID    663     0       5.1166643.4106642.500E+1
GRID    664     0       5.1181003.2432172.511E+1
GRID    665     0       5.0545943.2255412.510E+1
GRID    666     0       5.4162062.9329602.186E+1
GRID    667     0       5.5112703.0210032.179E+1
GRID    668     0       5.4094463.0100472.182E+1
GRID    669     0       3.6653513.2358561.974E+1
GRID    670     0       3.8767163.2832471.980E+1
GRID    671     0       3.7682473.1970191.974E+1
GRID    672     0       5.3732843.0082202.164E+1
GRID    673     0       5.3459762.9716702.153E+1
GRID    674     0       5.1948772.9894492.157E+1
GRID    675     0       5.7128873.3009652.136E+1
GRID    676     0       5.6593153.1597532.137E+1
GRID    677     0       5.7496693.1927402.137E+1
GRID    678     0       6.8931062.4565161.698E+1
GRID    679     0       6.8219822.2979591.702E+1
GRID    680     0       6.8968682.2188001.702E+1
GRID    681     0       5.8308703.4270172.103E+1
GRID    682     0       5.9663113.5869112.092E+1
GRID    683     0       5.8507043.5132032.108E+1
GRID    684     0       5.3232382.9326452.186E+1
GRID    685     0       5.3421162.8555932.189E+1
GRID    686     0       5.5197303.4008242.161E+1
GRID    687     0       5.4315013.3383412.158E+1
GRID    688     0       5.5065923.3694822.152E+1
GRID    689     0       6.8952722.5847221.717E+1
GRID    690     0       6.8136732.6727701.731E+1
GRID    691     0       5.3562792.9745502.178E+1
GRID    692     0       5.4040182.9737362.172E+1
GRID    693     0       5.3072722.8705952.173E+1
GRID    694     0       5.6115693.0158472.161E+1
GRID    695     0       5.5550633.1011802.175E+1
GRID    696     0       5.6350403.0841272.165E+1
GRID    697     0       5.5166333.0363892.163E+1
GRID    698     0       5.7572993.4964512.097E+1
GRID    699     0       5.6889463.4404582.110E+1
GRID    700     0       5.7226843.4997882.114E+1
GRID    701     0       6.1228212.5079871.921E+1
GRID    702     0       5.9999002.6031071.940E+1
GRID    703     0       6.0818162.4086201.933E+1
GRID    704     0       5.5672143.0689412.068E+1
GRID    705     0       5.6465083.0227142.076E+1
GRID    706     0       5.5438153.0110132.082E+1
GRID    707     0       3.6470123.0316251.868E+1
GRID    708     0       3.7125983.2600451.864E+1
GRID    709     0       3.7730263.1319941.882E+1
GRID    710     0       5.6230212.6882752.089E+1
GRID    711     0       5.6842622.6184152.094E+1
GRID    712     0       5.3192772.9781152.195E+1
GRID    713     0       5.4331552.9915812.189E+1
GRID    714     0       5.3776263.0647392.188E+1
GRID    715     0       5.7396423.2575352.151E+1
GRID    716     0       5.6471893.3340482.149E+1
GRID    717     0       5.6334823.2117612.146E+1
GRID    718     0       5.4268623.0846832.234E+1
GRID    719     0       5.4782033.0159792.220E+1
GRID    720     0       5.4087872.9835132.231E+1
GRID    721     0       5.0858553.1728922.512E+1
GRID    722     0       5.1817853.1663602.510E+1
GRID    723     0       5.1239813.1587732.504E+1
GRID    724     0       5.2074472.9953152.501E+1
GRID    725     0       5.1871603.0891622.499E+1
GRID    726     0       5.2646143.0057292.498E+1
GRID    727     0       5.1366852.9559152.495E+1
GRID    728     0       5.0449673.2546292.517E+1
GRID    729     0       5.1154152.7543522.199E+1
GRID    730     0       5.2563332.7607542.195E+1
GRID    731     0       5.2427782.8908572.199E+1
GRID    732     0       5.4392122.8736562.164E+1
GRID    733     0       5.3769703.1758112.177E+1
GRID    734     0       5.4669533.0571392.169E+1
GRID    735     0       5.3630853.1224552.165E+1
GRID    736     0       5.4746033.0199732.174E+1
GRID    737     0       5.1324912.4414822.169E+1
GRID    738     0       4.9991462.4372732.171E+1
GRID    739     0       5.0646672.5413802.168E+1
GRID    740     0       5.1078952.4923212.170E+1
GRID    741     0       4.2687823.1252261.800E+1
GRID    742     0       4.4229543.1432771.815E+1
GRID    743     0       4.2418953.2447181.803E+1
GRID    744     0       5.4751742.9296622.222E+1
GRID    745     0       5.2532852.9328952.504E+1
GRID    746     0       5.6143542.4798582.081E+1
GRID    747     0       5.5882542.3417322.086E+1
GRID    748     0       5.5940572.4593572.095E+1
GRID    749     0       5.5630222.9022932.179E+1
GRID    750     0       5.1385343.2713952.503E+1
GRID    751     0       5.1570863.3302312.511E+1
GRID    752     0       5.1254673.2714632.516E+1
GRID    753     0       5.0064653.2366572.512E+1
GRID    754     0       4.7726252.9107262.220E+1
GRID    755     0       4.7004562.9869972.218E+1
GRID    756     0       5.0039853.1578972.517E+1
GRID    757     0       5.0174003.1661522.507E+1
GRID    758     0       4.9246083.1649832.511E+1
GRID    759     0       5.1269473.3364962.518E+1
GRID    760     0       5.0096943.0850542.498E+1
GRID    761     0       5.7530532.9185292.073E+1
GRID    762     0       5.7765472.8279292.078E+1
GRID    763     0       5.2460513.1085932.504E+1
GRID    764     0       5.1090353.1578122.517E+1
GRID    765     0       5.1031853.3242112.497E+1
GRID    766     0       4.6107683.4504112.160E+1
GRID    767     0       4.7417473.3915712.174E+1
GRID    768     0       4.6351163.4338172.172E+1
GRID    769     0       6.7372282.2600571.862E+1
GRID    770     0       6.6084872.2625341.870E+1
GRID    771     0       6.6046052.3641851.873E+1
GRID    772     0       5.4226373.2580842.184E+1
GRID    773     0       5.3047873.2851822.179E+1
GRID    774     0       5.3727463.3598112.182E+1
GRID    775     0       4.9853582.7852022.192E+1
GRID    776     0       4.9894572.7425362.194E+1
GRID    777     0       5.0224012.7506142.187E+1
GRID    778     0       4.4750232.7873902.089E+1
GRID    779     0       4.4909402.8473232.097E+1
GRID    780     0       4.4750312.7816362.095E+1
GRID    781     0       5.1406693.4098052.515E+1
GRID    782     0       4.0576192.8076311.872E+1
GRID    783     0       4.1069252.8952991.881E+1
GRID    784     0       4.1675022.8385261.895E+1
GRID    785     0       4.2866933.1958911.828E+1
GRID    786     0       4.3476323.2212161.833E+1
GRID    787     0       4.3024023.1783191.837E+1
GRID    788     0       5.5455203.4208492.176E+1
GRID    789     0       5.4938953.4021612.181E+1
GRID    790     0       5.6067372.7572022.091E+1
GRID    791     0       5.6103852.7863902.102E+1
GRID    792     0       5.6464382.8408972.095E+1
GRID    793     0       5.1533353.3558662.503E+1
GRID    794     0       5.2255813.1228932.189E+1
GRID    795     0       5.3970073.0600692.176E+1
GRID    796     0       5.1796043.0788192.173E+1
GRID    797     0       4.2667223.2446531.819E+1
GRID    798     0       4.4843702.8029792.102E+1
GRID    799     0       4.4351332.7984472.098E+1
GRID    800     0       4.4549352.8185892.108E+1
GRID    801     0       4.4471812.8602242.101E+1
GRID    802     0       4.4880012.9007992.107E+1
GRID    803     0       5.5078953.1211082.148E+1
GRID    804     0       5.6392973.1337832.152E+1
GRID    805     0       5.6939533.7929022.104E+1
GRID    806     0       5.7153743.8979782.079E+1
GRID    807     0       4.5280352.6810182.124E+1
GRID    808     0       4.5461852.6110722.134E+1
GRID    809     0       4.5036472.6286422.118E+1
GRID    810     0       5.5759513.2228242.179E+1
GRID    811     0       5.6243383.1694202.173E+1
GRID    812     0       4.9802703.1619532.184E+1
GRID    813     0       4.7243233.0872202.186E+1
GRID    814     0       4.8604483.1208822.191E+1
GRID    815     0       5.7013613.1413622.159E+1
GRID    816     0       5.6016453.1498692.167E+1
GRID    817     0       5.6134313.1545412.161E+1
GRID    818     0       5.5792723.3854622.152E+1
GRID    819     0       5.5790483.3173402.147E+1
GRID    820     0       5.6948343.4376252.122E+1
GRID    821     0       5.6379713.3677562.122E+1
GRID    822     0       4.7898183.2997002.180E+1
GRID    823     0       4.8154773.2913492.171E+1
GRID    824     0       5.3043333.3334002.170E+1
GRID    825     0       5.6291863.4298572.140E+1
GRID    826     0       5.4677273.3251352.144E+1
GRID    827     0       5.5756593.2686952.139E+1
GRID    828     0       5.6807303.1091292.143E+1
GRID    829     0       5.3248162.9735422.137E+1
GRID    830     0       5.5691833.2101352.162E+1
GRID    831     0       5.6068723.2090682.157E+1
GRID    832     0       5.1796142.1707329.918383
GRID    833     0       5.1987202.0948529.993140
GRID    834     0       5.2231352.1041649.877584
GRID    835     0       5.8228363.0410622.005E+1
GRID    836     0       5.7984013.0381632.017E+1
GRID    837     0       5.8694013.0908222.013E+1
GRID    838     0       5.6056851.4425221.920E+1
GRID    839     0       5.2387351.3698071.939E+1
GRID    840     0       5.7012663.0498942.051E+1
GRID    841     0       5.7073142.9354702.048E+1
GRID    842     0       5.4642743.1370572.087E+1
GRID    843     0       5.5822733.0819252.107E+1
GRID    844     0       5.6303323.1345032.089E+1
GRID    845     0       6.6837883.8594031.808E+1
GRID    846     0       6.7741053.6915151.791E+1
GRID    847     0       6.6684293.9837591.784E+1
GRID    848     0       6.4061354.0926641.854E+1
GRID    849     0       6.7398463.7163301.815E+1
GRID    850     0       6.6766063.7513071.813E+1
GRID    851     0       6.7075923.6689301.804E+1
GRID    852     0       6.6360633.3832441.812E+1
GRID    853     0       6.8047033.4321461.794E+1
GRID    854     0       6.2062302.8353491.963E+1
GRID    855     0       6.3158263.1531551.972E+1
GRID    856     0       5.9370683.2891082.023E+1
GRID    857     0       6.0372973.3437702.017E+1
GRID    858     0       5.9746693.3739512.033E+1
GRID    859     0       6.4998042.7683891.897E+1
GRID    860     0       6.0978103.1733941.950E+1
GRID    861     0       6.4218683.1795761.741E+1
GRID    862     0       6.5340353.4013751.731E+1
GRID    863     0       6.4116513.4138621.744E+1
GRID    864     0       6.3913593.3184801.753E+1
GRID    865     0       6.4855603.2154001.834E+1
GRID    866     0       6.5145243.4105921.825E+1
GRID    867     0       6.3714603.3438301.848E+1
GRID    868     0       6.9025723.8401391.435E+1
GRID    869     0       6.8954733.7651721.326E+1
GRID    870     0       6.7097194.1257471.393E+1
GRID    871     0       6.1076694.3813001.833E+1
GRID    872     0       6.4951163.5052121.845E+1
GRID    873     0       6.6307313.6585161.823E+1
GRID    874     0       6.5444133.5690671.827E+1
GRID    875     0       5.9205223.2618491.805E+1
GRID    876     0       5.8229543.2433391.817E+1
GRID    877     0       5.8643163.2358121.801E+1
GRID    878     0       6.1489054.1100961.939E+1
GRID    879     0       5.9671704.1083931.984E+1
GRID    880     0       6.5177563.3044541.844E+1
GRID    881     0       6.4223953.4840501.843E+1
GRID    882     0       5.8476073.4480812.074E+1
GRID    883     0       5.7489763.3016452.084E+1
GRID    884     0       5.9783283.2353502.016E+1
GRID    885     0       6.0341143.3393112.001E+1
GRID    886     0       6.1507353.3955452.000E+1
GRID    887     0       6.1042253.3227361.990E+1
GRID    888     0       6.0195073.1271951.992E+1
GRID    889     0       6.0233233.1127691.999E+1
GRID    890     0       6.0725773.0147931.974E+1
GRID    891     0       5.9624503.0338451.989E+1
GRID    892     0       5.8562733.1175652.041E+1
GRID    893     0       5.8127633.1095762.049E+1
GRID    894     0       5.8508303.0614982.044E+1
GRID    895     0       5.8582523.0759132.051E+1
GRID    896     0       5.8978983.0980631.989E+1
GRID    897     0       5.9321503.2101481.995E+1
GRID    898     0       5.9856343.2089891.980E+1
GRID    899     0       5.5796303.2174692.039E+1
GRID    900     0       5.7238683.1916162.043E+1
GRID    901     0       5.6477403.1880352.039E+1
GRID    902     0       5.0739974.8093141.773E+1
GRID    903     0       5.3493214.6950061.819E+1
GRID    904     0       5.7555852.9103672.012E+1
GRID    905     0       5.8225772.9282781.993E+1
GRID    906     0       4.0894133.2597731.993E+1
GRID    907     0       4.0542693.2062691.992E+1
GRID    908     0       4.0268323.2681031.985E+1
GRID    909     0       6.0553953.1157411.829E+1
GRID    910     0       5.9214883.1426111.834E+1
GRID    911     0       5.6608233.1975201.853E+1
GRID    912     0       5.4770813.1996891.866E+1
GRID    913     0       5.4574503.1744951.845E+1
GRID    914     0       5.7147763.1109671.807E+1
GRID    915     0       3.6157883.4407202.358E+1
GRID    916     0       6.2125583.2216991.948E+1
GRID    917     0       6.1743533.0875801.907E+1
GRID    918     0       4.1093761.7181641.944E+1
GRID    919     0       6.2405282.8384761.925E+1
GRID    920     0       6.1077692.7600031.934E+1
GRID    921     0       6.1101632.6709021.930E+1
GRID    922     0       5.7979463.3062761.990E+1
GRID    923     0       5.8577603.2932961.974E+1
GRID    924     0       5.9579093.3086661.993E+1
GRID    925     0       6.0469344.2965721.885E+1
GRID    926     0       6.3395434.0521761.894E+1
GRID    927     0       5.9345643.2435981.810E+1
GRID    928     0       6.0465773.2703031.792E+1
GRID    929     0       5.2899555.4157981.510E+1
GRID    930     0       5.4424215.1917001.506E+1
GRID    931     0       5.4991055.1151921.565E+1
GRID    932     0       5.1862515.2742741.597E+1
GRID    933     0       5.2925715.1271701.609E+1
GRID    934     0       5.6307092.6914452.002E+1
GRID    935     0       5.8014202.7791261.982E+1
GRID    936     0       5.7033052.6286901.985E+1
GRID    937     0       5.5670732.6313311.985E+1
GRID    938     0       5.3142895.2758761.475E+1
GRID    939     0       5.6165604.8666261.647E+1
GRID    940     0       5.1350664.9125991.701E+1
GRID    941     0       5.6196394.8044151.707E+1
GRID    942     0       5.1210753.6349873.853565
GRID    943     0       5.2561333.5849913.980392
GRID    944     0       5.3297015.0060431.629E+1
GRID    945     0       4.9822614.9597061.666E+1
GRID    946     0       3.2731713.9945231.637E+1
GRID    947     0       3.3157974.0588931.586E+1
GRID    948     0       3.7115503.3320251.986E+1
GRID    949     0       3.7577503.4281931.998E+1
GRID    950     0       4.4496383.0974141.806E+1
GRID    951     0       4.6763223.0737001.801E+1
GRID    952     0       4.5256302.9841151.806E+1
GRID    953     0       3.9912114.7547181.549E+1
GRID    954     0       3.6799064.5157291.542E+1
GRID    955     0       5.0292253.9103576.607329
GRID    956     0       5.0102573.9459136.708649
GRID    957     0       5.0456984.0986796.699262
GRID    958     0       4.7255953.8645776.633161
GRID    959     0       5.4457813.3631933.708515
GRID    960     0       5.2536893.4980113.706492
GRID    961     0       5.4889173.4729413.942979
GRID    962     0       5.0454413.0701974.081374
GRID    963     0       5.1449813.0774204.007707
GRID    964     0       5.0956122.9814963.969000
GRID    965     0       4.8815243.5739104.077560
GRID    966     0       6.6695504.0051711.765E+1
GRID    967     0       6.7693713.8018411.775E+1
GRID    968     0       6.7102663.8619351.761E+1
GRID    969     0       7.0019652.1666421.685E+1
GRID    970     0       6.9512461.9518451.699E+1
GRID    971     0       7.0448951.8845831.684E+1
GRID    972     0       5.1346611.9885949.731931
GRID    973     0       5.2084032.1477199.803789
GRID    974     0       5.1678302.1460959.693578
GRID    975     0       7.1452181.9257011.666E+1
GRID    976     0       7.2059221.8121591.675E+1
GRID    977     0       6.9089243.5911771.687E+1
GRID    978     0       6.9967853.5405281.672E+1
GRID    979     0       6.9370003.7066831.681E+1
GRID    980     0       6.8520092.4402221.822E+1
GRID    981     0       6.7486172.4742981.846E+1
GRID    982     0       6.7794582.3046091.833E+1
GRID    983     0       6.8171033.0524181.900E+1
GRID    984     0       6.9637582.7772061.258E+1
GRID    985     0       6.8301522.6680401.182E+1
GRID    986     0       6.9247083.0740031.222E+1
GRID    987     0       6.7629753.9414321.285E+1
GRID    988     0       6.7431402.1914171.194E+1
GRID    989     0       7.0275293.5159591.395E+1
GRID    990     0       7.0211093.4027081.334E+1
GRID    991     0       4.2502973.0660302.018E+1
GRID    992     0       4.2894632.9971942.017E+1
GRID    993     0       4.2783853.0381862.004E+1
GRID    994     0       5.5470711.7238691.046E+1
GRID    995     0       5.2320411.6314231.067E+1
GRID    996     0       5.1172221.7009231.033E+1
GRID    997     0       7.0711393.0282001.335E+1
GRID    998     0       7.0557532.7207841.342E+1
GRID    999     0       6.6183093.0832491.817E+1
GRID    1000    0       6.7724713.2159671.798E+1
GRID    1001    0       6.4999383.0704351.988E+1
GRID    1002    0       6.3865513.0189481.993E+1
GRID    1003    0       6.4224302.9180991.987E+1
GRID    1004    0       6.1529453.1118901.995E+1
GRID    1005    0       6.3057143.1203601.988E+1
GRID    1006    0       6.3770923.1483811.986E+1
GRID    1007    0       5.8444153.0344712.039E+1
GRID    1008    0       5.7729752.9926862.044E+1
GRID    1009    0       5.8086733.0877992.036E+1
GRID    1010    0       5.9965963.0017611.862E+1
GRID    1011    0       5.9834042.9134011.865E+1
GRID    1012    0       6.0640593.0122941.862E+1
GRID    1013    0       5.9668053.0464641.863E+1
GRID    1014    0       5.8597873.1341041.869E+1
GRID    1015    0       5.9757213.0072591.973E+1
GRID    1016    0       6.0951093.1218351.961E+1
GRID    1017    0       6.4444773.1313461.994E+1
GRID    1018    0       6.4770462.8115731.967E+1
GRID    1019    0       6.6304263.2139871.785E+1
GRID    1020    0       6.6631593.0131621.781E+1
GRID    1021    0       6.5620573.1665581.797E+1
GRID    1022    0       5.4573953.1332571.819E+1
GRID    1023    0       5.6823413.1626121.823E+1
GRID    1024    0       5.6137152.9320541.809E+1
GRID    1025    0       5.5168563.0621401.803E+1
GRID    1026    0       6.0103343.1752656.866179
GRID    1027    0       5.9720803.2127136.476744
GRID    1028    0       6.0648393.3382536.528427
GRID    1029    0       6.5872072.8052001.721E+1
GRID    1030    0       6.5892832.5789411.719E+1
GRID    1031    0       6.7037922.6634301.706E+1
GRID    1032    0       6.6026881.5700501.684E+1
GRID    1033    0       6.8901811.6019861.647E+1
GRID    1034    0       6.9265721.6405961.672E+1
GRID    1035    0       5.3939493.2776943.695077
GRID    1036    0       5.7428312.5128572.029E+1
GRID    1037    0       5.7803212.7571382.025E+1
GRID    1038    0       5.7931012.5584552.004E+1
GRID    1039    0       5.6989402.7564902.068E+1
GRID    1040    0       5.7256192.8138392.066E+1
GRID    1041    0       5.7195872.7080542.073E+1
GRID    1042    0       6.8459973.2139421.838E+1
GRID    1043    0       6.8247253.0843651.842E+1
GRID    1044    0       6.9170483.0947801.825E+1
GRID    1045    0       5.6916572.7904152.076E+1
GRID    1046    0       5.6636312.8320812.071E+1
GRID    1047    0       5.5686412.6345022.075E+1
GRID    1048    0       5.3628852.5363792.079E+1
GRID    1049    0       5.5402422.5873822.087E+1
GRID    1050    0       5.8651492.8778242.026E+1
GRID    1051    0       5.8676753.0281522.022E+1
GRID    1052    0       5.8193882.9995592.029E+1
GRID    1053    0       5.7122462.8857362.055E+1
GRID    1054    0       5.7307002.8283362.051E+1
GRID    1055    0       5.6858942.8740042.050E+1
GRID    1056    0       5.7350292.7348221.874E+1
GRID    1057    0       5.6814472.6334411.879E+1
GRID    1058    0       5.6473532.7021421.886E+1
GRID    1059    0       5.2736093.1019951.800E+1
GRID    1060    0       5.1571902.9410841.800E+1
GRID    1061    0       5.3852902.9376391.805E+1
GRID    1062    0       5.1187301.8307449.324912
GRID    1063    0       5.1323751.7746079.416950
GRID    1064    0       5.0719161.8143669.402123
GRID    1065    0       5.1258991.7962519.338166
GRID    1066    0       5.8151192.7216181.947E+1
GRID    1067    0       5.6704192.6646231.964E+1
GRID    1068    0       5.8177932.6732101.959E+1
GRID    1069    0       5.6670902.6999561.863E+1
GRID    1070    0       5.8163362.7032821.853E+1
GRID    1071    0       5.7744102.7577201.848E+1
GRID    1072    0       6.2870982.4446921.970E+1
GRID    1073    0       6.3684542.5022421.965E+1
GRID    1074    0       5.7256062.7978232.002E+1
GRID    1075    0       6.6572542.1057841.880E+1
GRID    1076    0       6.6659682.2343931.904E+1
GRID    1077    0       6.0914092.9920021.918E+1
GRID    1078    0       5.0713422.1646059.667812
GRID    1079    0       6.0225172.7867941.957E+1
GRID    1080    0       6.7500364.1102911.504E+1
GRID    1081    0       6.5483874.3600441.525E+1
GRID    1082    0       6.7138104.2470881.621E+1
GRID    1083    0       5.9639072.9459022.003E+1
GRID    1084    0       5.8839112.7905812.009E+1
GRID    1085    0       5.9693912.8053731.995E+1
GRID    1086    0       6.5657382.4229321.829E+1
GRID    1087    0       6.5626082.4908711.840E+1
GRID    1088    0       6.6307842.4264421.830E+1
GRID    1089    0       5.2373122.7698662.192E+1
GRID    1090    0       6.0245012.8543351.866E+1
GRID    1091    0       5.4783772.7551482.185E+1
GRID    1092    0       6.5730381.6255231.712E+1
GRID    1093    0       6.6386862.6465421.879E+1
GRID    1094    0       6.4509622.5347701.894E+1
GRID    1095    0       5.1707142.0087901.002E+1
GRID    1096    0       3.1937432.4117781.708E+1
GRID    1097    0       3.0752112.1488301.690E+1
GRID    1098    0       3.1822602.1907451.714E+1
GRID    1099    0       5.0496361.7502119.804385
GRID    1100    0       5.0170181.7953459.931704
GRID    1101    0       5.0848111.8666789.968746
GRID    1102    0       4.9774281.9092689.788458
GRID    1103    0       5.9156731.7721161.060E+1
GRID    1104    0       5.5530951.6397501.079E+1
GRID    1105    0       2.5930141.6036581.539E+1
GRID    1106    0       6.7007883.4969141.144E+1
GRID    1107    0       6.5219063.7455081.114E+1
GRID    1108    0       6.6172183.9061221.189E+1
GRID    1109    0       5.1726061.0183871.740E+1
GRID    1110    0       4.8632771.0331761.752E+1
GRID    1111    0       4.9484100.9973231.699E+1
GRID    1112    0       7.0021301.6747031.683E+1
GRID    1113    0       7.0406812.0947021.538E+1
GRID    1114    0       7.1541011.8530351.552E+1
GRID    1115    0       7.0520301.7623461.527E+1
GRID    1116    0       6.9020781.8189441.517E+1
GRID    1117    0       6.7785271.8142311.502E+1
GRID    1118    0       6.8779202.0241191.510E+1
GRID    1119    0       6.7756171.7977681.519E+1
GRID    1120    0       6.8749981.8955411.518E+1
GRID    1121    0       7.1182031.9804401.566E+1
GRID    1122    0       7.2294001.7342411.535E+1
GRID    1123    0       7.4827701.6535761.552E+1
GRID    1124    0       6.8352491.7909011.521E+1
GRID    1125    0       5.6457252.3400742.082E+1
GRID    1126    0       5.7035852.4577572.059E+1
GRID    1127    0       5.6915652.5908272.072E+1
GRID    1128    0       4.7280121.3094781.205E+1
GRID    1129    0       4.6407201.2271311.253E+1
GRID    1130    0       4.9659261.9150609.998434
GRID    1131    0       4.9709561.6887091.013E+1
GRID    1132    0       5.1074241.6934969.953805
GRID    1133    0       5.2661871.6688161.011E+1
GRID    1134    0       5.5329281.6151601.022E+1
GRID    1135    0       5.7343111.5298721.005E+1
GRID    1136    0       4.9041722.0169119.859272
GRID    1137    0       4.8817262.1319169.790751
GRID    1138    0       4.8789012.1064139.973461
GRID    1139    0       4.9132812.1708819.918594
GRID    1140    0       5.1107582.5582806.747678
GRID    1141    0       5.0603532.4962346.651262
GRID    1142    0       5.0815832.5573716.549620
GRID    1143    0       5.0714442.5935676.207148
GRID    1144    0       5.0435892.6301696.190896
GRID    1145    0       5.0843602.6755856.269701
GRID    1146    0       5.0979781.0794061.354E+1
GRID    1147    0       4.9021521.1410031.297E+1
GRID    1148    0       5.1706151.1966581.258E+1
GRID    1149    0       5.5713742.0953372.052E+1
GRID    1150    0       5.6501922.0870082.025E+1
GRID    1151    0       5.6128052.0628652.048E+1
GRID    1152    0       5.9822851.5879259.781693
GRID    1153    0       5.9103991.6777609.486609
GRID    1154    0       5.7951361.7751119.654804
GRID    1155    0       5.4055261.6946891.028E+1
GRID    1156    0       5.5003161.6161679.980876
GRID    1157    0       5.1053062.0699429.585632
GRID    1158    0       5.9054361.9267529.975718
GRID    1159    0       5.7170271.4979481.147E+1
GRID    1160    0       6.1332021.4935931.226E+1
GRID    1161    0       5.8416321.7357999.936686
GRID    1162    0       6.1106352.4008831.967E+1
GRID    1163    0       5.9579072.4128501.975E+1
GRID    1164    0       5.0500491.0009451.440E+1
GRID    1165    0       5.3986081.8132339.340612
GRID    1166    0       5.2736741.8173539.319303
GRID    1167    0       5.5173291.1864331.287E+1
GRID    1168    0       5.8571032.5490561.965E+1
GRID    1169    0       3.0837862.3263551.662E+1
GRID    1170    0       3.0680812.5113051.603E+1
GRID    1171    0       3.0565902.0877791.639E+1
GRID    1172    0       5.9138721.5606661.905E+1
GRID    1173    0       6.2022381.7330531.902E+1
GRID    1174    0       6.1505391.8156491.935E+1
GRID    1175    0       4.5525302.6232411.976E+1
GRID    1176    0       4.4338122.6644821.963E+1
GRID    1177    0       6.1190892.6725621.984E+1
GRID    1178    0       6.0089242.5578581.986E+1
GRID    1179    0       5.3400311.0229231.686E+1
GRID    1180    0       5.5739251.1198371.745E+1
GRID    1181    0       5.3510181.6348242.021E+1
GRID    1182    0       5.2173781.6942582.051E+1
GRID    1183    0       5.3653081.1051341.788E+1
GRID    1184    0       5.6818392.6087112.124E+1
GRID    1185    0       5.6870312.5449962.136E+1
GRID    1186    0       5.6439872.5797292.136E+1
GRID    1187    0       5.6878131.2512661.811E+1
GRID    1188    0       5.3646582.0626452.088E+1
GRID    1189    0       5.4823032.5948512.013E+1
GRID    1190    0       5.2254232.5414652.023E+1
GRID    1191    0       6.1123863.2058742.080E+1
GRID    1192    0       6.0655822.9641112.095E+1
GRID    1193    0       6.1776222.9597252.066E+1
GRID    1194    0       5.8680952.4738711.987E+1
GRID    1195    0       5.8570922.2895091.986E+1
GRID    1196    0       5.7845102.3611181.999E+1
GRID    1197    0       5.6543302.5415862.054E+1
GRID    1198    0       5.6364672.5587822.069E+1
GRID    1199    0       5.6547192.7203632.064E+1
GRID    1200    0       6.1730051.5989631.865E+1
GRID    1201    0       6.6811372.1324661.861E+1
GRID    1202    0       6.6237412.1774851.866E+1
GRID    1203    0       6.6348342.1503251.858E+1
GRID    1204    0       6.5042242.9239981.978E+1
GRID    1205    0       6.5884552.1649521.864E+1
GRID    1206    0       6.5551812.1707161.871E+1
GRID    1207    0       6.5754562.2248401.863E+1
GRID    1208    0       6.8629622.3941891.717E+1
GRID    1209    0       6.7557362.3546971.722E+1
GRID    1210    0       7.1247031.5650001.658E+1
GRID    1211    0       7.0949762.3816801.555E+1
GRID    1212    0       7.0914472.1286051.583E+1
GRID    1213    0       6.5635942.5623791.843E+1
GRID    1214    0       6.7234992.6065021.824E+1
GRID    1215    0       5.8852352.5949272.000E+1
GRID    1216    0       5.9194842.9620082.013E+1
GRID    1217    0       6.0965162.9176551.994E+1
GRID    1218    0       6.6885892.7792591.806E+1
GRID    1219    0       6.5508172.6066911.827E+1
GRID    1220    0       6.6443132.5043641.810E+1
GRID    1221    0       6.2498552.4082501.966E+1
GRID    1222    0       6.7327632.2264521.721E+1
GRID    1223    0       6.8084052.1823871.709E+1
GRID    1224    0       7.3047641.8148961.584E+1
GRID    1225    0       7.0537442.1674541.663E+1
GRID    1226    0       7.0236702.4717911.655E+1
GRID    1227    0       6.9524102.5006721.682E+1
GRID    1228    0       6.8463112.3318481.742E+1
GRID    1229    0       6.9360192.4201971.727E+1
GRID    1230    0       6.8536582.5487201.742E+1
GRID    1231    0       7.0995051.9950671.625E+1
GRID    1232    0       7.1736731.9363781.595E+1
GRID    1233    0       6.9021402.2155141.727E+1
GRID    1234    0       6.8871982.1953731.736E+1
GRID    1235    0       6.8538322.0698101.729E+1
GRID    1236    0       6.2800841.3865121.666E+1
GRID    1237    0       6.2273131.3969831.706E+1
GRID    1238    0       5.8085371.1696181.670E+1
GRID    1239    0       5.7994382.6651142.100E+1
GRID    1240    0       5.7257272.6507302.113E+1
GRID    1241    0       5.6358192.6000952.081E+1
GRID    1242    0       5.6520202.7277352.091E+1
GRID    1243    0       5.7095182.7079632.088E+1
GRID    1244    0       5.6684582.7391782.096E+1
GRID    1245    0       5.5428252.3102072.101E+1
GRID    1246    0       5.4617682.1850902.098E+1
GRID    1247    0       5.4454602.2769262.113E+1
GRID    1248    0       5.6166762.5450842.088E+1
GRID    1249    0       5.5915952.5868902.106E+1
GRID    1250    0       5.2595572.3419362.148E+1
GRID    1251    0       5.3707602.3115052.142E+1
GRID    1252    0       5.3349482.4111002.150E+1
GRID    1253    0       5.3329502.4443172.131E+1
GRID    1254    0       5.3698342.4877732.118E+1
GRID    1255    0       5.1781142.3796862.147E+1
GRID    1256    0       5.2559322.4056882.141E+1
GRID    1257    0       5.5778272.5599712.115E+1
GRID    1258    0       5.6544202.5571122.121E+1
GRID    1259    0       5.6622242.6091062.119E+1
GRID    1260    0       5.6658032.8486172.084E+1
GRID    1261    0       5.5409212.8829832.092E+1
GRID    1262    0       5.5883432.6448822.118E+1
GRID    1263    0       5.6894992.6689432.102E+1
GRID    1264    0       5.5884842.6403582.170E+1
GRID    1265    0       5.6433362.6489972.163E+1
GRID    1266    0       5.6093132.7274682.172E+1
GRID    1267    0       5.7234932.6474482.137E+1
GRID    1268    0       5.7151832.7007732.151E+1
GRID    1269    0       5.6373222.5867622.152E+1
GRID    1270    0       6.1047472.7809392.078E+1
GRID    1271    0       5.9147662.6862402.075E+1
GRID    1272    0       5.8353772.6927172.089E+1
GRID    1273    0       5.8422532.7227142.080E+1
GRID    1274    0       5.6312212.6681862.084E+1
GRID    1275    0       5.6159762.7722232.084E+1
GRID    1276    0       5.3137712.6703142.164E+1
GRID    1277    0       5.3655412.7506082.147E+1
GRID    1278    0       5.4070592.7006882.152E+1
GRID    1279    0       5.4228132.7595852.138E+1
GRID    1280    0       5.5685462.7782702.116E+1
GRID    1281    0       5.5392162.7259292.129E+1
GRID    1282    0       5.4711912.8243532.113E+1
GRID    1283    0       5.5611582.8252012.106E+1
GRID    1284    0       5.3517722.3284202.116E+1
GRID    1285    0       5.3319852.3036862.122E+1
GRID    1286    0       5.4402882.3514942.120E+1
GRID    1287    0       5.2721622.1084352.111E+1
GRID    1288    0       5.2657052.1691172.125E+1
GRID    1289    0       5.1665122.1478012.114E+1
GRID    1290    0       5.6129712.4016032.070E+1
GRID    1291    0       5.2364652.1163312.101E+1
GRID    1292    0       5.5017912.1040162.064E+1
GRID    1293    0       5.5690892.2138642.071E+1
GRID    1294    0       5.5482322.2103132.088E+1
GRID    1295    0       5.1138402.7191312.171E+1
GRID    1296    0       5.0676422.7278682.179E+1
GRID    1297    0       5.1018612.7886952.177E+1
GRID    1298    0       5.5556512.8945862.147E+1
GRID    1299    0       5.5248252.6951672.149E+1
GRID    1300    0       5.4554952.7908522.155E+1
GRID    1301    0       5.4903662.9206372.217E+1
GRID    1302    0       5.2727682.8361642.509E+1
GRID    1303    0       5.3040792.8819292.499E+1
GRID    1304    0       5.0206072.8404852.202E+1
GRID    1305    0       4.8931522.7779502.198E+1
GRID    1306    0       4.9692892.6782362.195E+1
GRID    1307    0       5.1314732.9112742.201E+1
GRID    1308    0       5.1420292.8047552.195E+1
GRID    1309    0       5.1999602.8146402.176E+1
GRID    1310    0       5.1763662.7891522.168E+1
GRID    1311    0       5.0609652.6717162.182E+1
GRID    1312    0       4.9749802.4766732.521E+1
GRID    1313    0       5.1027442.6129212.522E+1
GRID    1314    0       4.9424612.6302702.521E+1
GRID    1315    0       4.8676192.9726042.502E+1
GRID    1316    0       4.8945692.9872522.507E+1
GRID    1317    0       4.8514852.8919862.508E+1
GRID    1318    0       5.0085152.6851892.187E+1
GRID    1319    0       5.0039072.5910432.178E+1
GRID    1320    0       5.0207032.6326242.175E+1
GRID    1321    0       5.1111402.1960482.507E+1
GRID    1322    0       5.1150772.2778172.501E+1
GRID    1323    0       5.1450332.5184252.175E+1
GRID    1324    0       5.2021412.5560582.180E+1
GRID    1325    0       5.0743422.5736552.183E+1
GRID    1326    0       5.5543722.7389552.173E+1
GRID    1327    0       5.4233382.6634042.178E+1
GRID    1328    0       5.5720032.6751522.164E+1
GRID    1329    0       5.4204912.7096842.218E+1
GRID    1330    0       5.4824382.6723292.201E+1
GRID    1331    0       5.1353192.6646812.193E+1
GRID    1332    0       5.4950192.5859402.162E+1
GRID    1333    0       5.3477882.6207652.515E+1
GRID    1334    0       5.3505932.4277182.513E+1
GRID    1335    0       5.3829872.5627292.509E+1
GRID    1336    0       4.9926902.4247302.148E+1
GRID    1337    0       5.0214182.3331392.151E+1
GRID    1338    0       4.8825372.6143402.500E+1
GRID    1339    0       4.8651162.4705892.499E+1
GRID    1340    0       4.8637202.5076592.505E+1
GRID    1341    0       4.9032382.1332972.113E+1
GRID    1342    0       4.8279542.0940962.102E+1
GRID    1343    0       4.8856242.1902492.099E+1
GRID    1344    0       5.2502352.4160602.146E+1
GRID    1345    0       5.3251652.3961392.141E+1
GRID    1346    0       5.2967252.4637342.139E+1
GRID    1347    0       5.3644292.4234512.143E+1
GRID    1348    0       5.5314192.5624742.165E+1
GRID    1349    0       5.4498722.5521072.171E+1
GRID    1350    0       5.3366792.1779662.131E+1
GRID    1351    0       5.4318852.2788222.135E+1
GRID    1352    0       4.9522962.3916182.141E+1
GRID    1353    0       5.1395082.2450182.139E+1
GRID    1354    0       5.0928232.2027392.128E+1
GRID    1355    0       5.4087252.2057152.125E+1
GRID    1356    0       5.3433032.2778802.135E+1
GRID    1357    0       4.7177792.0853182.105E+1
GRID    1358    0       5.4078442.3975292.127E+1
GRID    1359    0       5.3631322.3949842.119E+1
GRID    1360    0       5.5296462.3136472.123E+1
GRID    1361    0       5.4496082.3013512.130E+1
GRID    1362    0       5.1281732.2727182.113E+1
GRID    1363    0       5.3670922.2074972.107E+1
GRID    1364    0       5.3947482.0647012.097E+1
GRID    1365    0       5.4494642.4417682.124E+1
GRID    1366    0       5.4777232.4462632.113E+1
GRID    1367    0       5.4261922.3914212.108E+1
GRID    1368    0       5.5278612.3990762.112E+1
GRID    1369    0       5.2501192.2437092.114E+1
GRID    1370    0       5.3446522.8372662.119E+1
GRID    1371    0       5.1800172.8301252.113E+1
GRID    1372    0       5.3207392.8802152.100E+1
GRID    1373    0       4.5150282.1169952.090E+1
GRID    1374    0       4.4494552.1950572.064E+1
GRID    1375    0       4.5175692.0660772.076E+1
GRID    1376    0       4.7312132.0614912.087E+1
GRID    1377    0       4.7481572.1298852.082E+1
GRID    1378    0       4.6190462.3604172.117E+1
GRID    1379    0       4.8490532.4266782.145E+1
GRID    1380    0       4.7716222.4247212.139E+1
GRID    1381    0       4.7905842.5185482.141E+1
GRID    1382    0       4.8577792.3418042.124E+1
GRID    1383    0       4.6981912.3525412.126E+1
GRID    1384    0       4.6559472.4012942.125E+1
GRID    1385    0       4.7265832.3820402.115E+1
GRID    1386    0       4.9929632.3269722.141E+1
GRID    1387    0       5.0019562.2775402.142E+1
GRID    1388    0       4.8910872.3157622.142E+1
GRID    1389    0       4.9978972.3038592.518E+1
GRID    1390    0       5.0235552.3371132.506E+1
GRID    1391    0       5.0016702.2383122.137E+1
GRID    1392    0       4.7990552.3299062.138E+1
GRID    1393    0       4.8400012.4144072.136E+1
GRID    1394    0       4.8617282.1695482.126E+1
GRID    1395    0       4.7533942.1283452.117E+1
GRID    1396    0       5.0811492.4177832.147E+1
GRID    1397    0       4.9245071.5363372.505E+1
GRID    1398    0       4.9394371.5523212.511E+1
GRID    1399    0       4.8904411.5561002.512E+1
GRID    1400    0       5.1071592.3591442.499E+1
GRID    1401    0       4.9128182.3899372.147E+1
GRID    1402    0       4.9041452.3921022.154E+1
GRID    1403    0       4.9562202.5247152.144E+1
GRID    1404    0       4.9447642.5869882.185E+1
GRID    1405    0       4.9231492.6318252.184E+1
GRID    1406    0       4.8389892.5442872.178E+1
GRID    1407    0       4.8617222.7653002.191E+1
GRID    1408    0       4.7789042.8760902.189E+1
GRID    1409    0       4.6745512.8423892.190E+1
GRID    1410    0       4.7370692.5874982.174E+1
GRID    1411    0       4.9354482.4190972.496E+1
GRID    1412    0       5.0228992.4876232.495E+1
GRID    1413    0       5.0333122.3939672.499E+1
GRID    1414    0       5.0542692.5353922.177E+1
GRID    1415    0       4.9476142.5166872.176E+1
GRID    1416    0       5.0140032.5789892.170E+1
GRID    1417    0       4.9181602.9135062.279E+1
GRID    1418    0       5.0153492.7638282.266E+1
GRID    1419    0       5.0225382.7151902.180E+1
GRID    1420    0       4.8680392.5877702.508E+1
GRID    1421    0       4.9726872.7663122.172E+1
GRID    1422    0       4.9530873.3470082.504E+1
GRID    1423    0       4.9223672.9743562.145E+1
GRID    1424    0       4.7069482.9837372.129E+1
GRID    1425    0       4.6515132.7352782.147E+1
GRID    1426    0       4.5924712.7047082.146E+1
GRID    1427    0       4.4289902.6125742.131E+1
GRID    1428    0       4.4679762.5670672.138E+1
GRID    1429    0       4.3920222.6200322.139E+1
GRID    1430    0       4.7233832.4497092.140E+1
GRID    1431    0       4.7549822.4678202.133E+1
GRID    1432    0       4.5136112.5070422.129E+1
GRID    1433    0       4.4631182.4167462.120E+1
GRID    1434    0       4.5690552.4259482.134E+1
GRID    1435    0       4.6239792.5763512.164E+1
GRID    1436    0       4.7230862.4154022.130E+1
GRID    1437    0       4.7795262.3520842.129E+1
GRID    1438    0       4.6310772.6261792.149E+1
GRID    1439    0       4.7525303.1626132.163E+1
GRID    1440    0       4.4301492.5314812.086E+1
GRID    1441    0       4.3874812.6154412.089E+1
GRID    1442    0       4.4310872.6268482.090E+1
GRID    1443    0       4.4096002.5799172.075E+1
GRID    1444    0       4.3882472.6595912.091E+1
GRID    1445    0       4.4265912.6804742.089E+1
GRID    1446    0       4.3914122.6779342.082E+1
GRID    1447    0       3.6481343.1728192.362E+1
GRID    1448    0       3.6884453.1587062.356E+1
GRID    1449    0       3.6450783.1506012.351E+1
GRID    1450    0       4.6406131.4241781.936E+1
GRID    1451    0       4.5253401.5796191.974E+1
GRID    1452    0       5.0136483.0540822.166E+1
GRID    1453    0       4.7744693.0682162.175E+1
GRID    1454    0       4.3267632.9090772.098E+1
GRID    1455    0       4.3449032.7680192.093E+1
GRID    1456    0       4.3611562.7843752.099E+1
GRID    1457    0       4.4696102.6767732.119E+1
GRID    1458    0       4.4467832.7735902.124E+1
GRID    1459    0       4.4767462.7297642.133E+1
GRID    1460    0       4.4830192.7346282.124E+1
GRID    1461    0       4.6051663.0195962.161E+1
GRID    1462    0       4.6454052.7918762.219E+1
GRID    1463    0       4.6272302.8265122.128E+1
GRID    1464    0       4.5050192.8234232.123E+1
GRID    1465    0       3.7533983.0081162.346E+1
GRID    1466    0       3.6757952.9495862.340E+1
GRID    1467    0       3.7138383.0897912.347E+1
GRID    1468    0       3.6437752.7399142.391E+1
GRID    1469    0       3.7409052.8097092.393E+1
GRID    1470    0       3.7210202.6605612.395E+1
GRID    1471    0       3.7097713.4060302.377E+1
GRID    1472    0       3.7176912.9313352.347E+1
GRID    1473    0       3.6888172.8462112.345E+1
GRID    1474    0       3.7430852.8251782.341E+1
GRID    1475    0       3.6131393.2570632.376E+1
GRID    1476    0       3.5820473.3204622.377E+1
GRID    1477    0       3.5492303.2929072.370E+1
GRID    1478    0       4.9177803.1397482.503E+1
GRID    1479    0       4.4690842.6356272.147E+1
GRID    1480    0       4.4660432.7485562.162E+1
GRID    1481    0       4.4236772.6834422.141E+1
GRID    1482    0       4.3798952.8076212.138E+1
GRID    1483    0       3.6570732.5809672.386E+1
GRID    1484    0       3.6481312.4759772.388E+1
GRID    1485    0       3.7387442.5501322.385E+1
GRID    1486    0       3.4060662.3255681.870E+1
GRID    1487    0       3.5436212.1707541.879E+1
GRID    1488    0       3.4098972.1456451.870E+1
GRID    1489    0       3.5812952.8493022.381E+1
GRID    1490    0       3.5659502.6615982.383E+1
GRID    1491    0       3.6742902.6976062.384E+1
GRID    1492    0       4.3777472.6973582.107E+1
GRID    1493    0       4.4151682.7207702.105E+1
GRID    1494    0       4.4291542.7088472.110E+1
GRID    1495    0       4.4506792.6200282.139E+1
GRID    1496    0       4.4678612.5775272.144E+1
GRID    1497    0       4.5231112.5771422.143E+1
GRID    1498    0       3.3530622.3508511.828E+1
GRID    1499    0       3.3425822.1336511.823E+1
GRID    1500    0       3.3193772.1901991.827E+1
GRID    1501    0       3.6980371.7153102.356E+1
GRID    1502    0       3.7057891.8323932.357E+1
GRID    1503    0       3.6298301.7474762.357E+1
GRID    1504    0       3.7386172.3209052.372E+1
GRID    1505    0       3.7542712.4115902.370E+1
GRID    1506    0       3.5559802.4111952.365E+1
GRID    1507    0       3.5850572.2763182.361E+1
GRID    1508    0       4.4794332.5153572.152E+1
GRID    1509    0       4.5324962.5228722.149E+1
GRID    1510    0       4.6162572.4791222.158E+1
GRID    1511    0       4.4067272.5614962.130E+1
GRID    1512    0       3.6892932.4353222.335E+1
GRID    1513    0       3.6639232.4077392.338E+1
GRID    1514    0       3.6132952.3921152.336E+1
GRID    1515    0       3.7234592.6153462.338E+1
GRID    1516    0       3.6607902.5876702.334E+1
GRID    1517    0       4.4951072.4876962.114E+1
GRID    1518    0       4.4242952.6194192.118E+1
GRID    1519    0       4.4309332.5244772.111E+1
GRID    1520    0       4.3826712.4679502.105E+1
GRID    1521    0       4.5398962.5425282.117E+1
GRID    1522    0       4.5922302.4846992.118E+1
GRID    1523    0       4.6398292.5139702.115E+1
GRID    1524    0       4.5017072.4803152.093E+1
GRID    1525    0       4.5496892.5854542.095E+1
GRID    1526    0       4.5492512.4622062.084E+1
GRID    1527    0       4.4740362.5487242.086E+1
GRID    1528    0       4.7970552.2105992.102E+1
GRID    1529    0       3.3630162.2231101.870E+1
GRID    1530    0       3.2758902.4703041.867E+1
GRID    1531    0       3.2985984.0452361.676E+1
GRID    1532    0       3.1960313.8249921.666E+1
GRID    1533    0       4.0858941.1839361.532E+1
GRID    1534    0       4.1876761.1398591.478E+1
GRID    1535    0       4.5253731.0324321.510E+1
GRID    1536    0       3.2811332.0846731.785E+1
GRID    1537    0       3.2826691.9910571.774E+1
GRID    1538    0       3.2204312.1610551.768E+1
GRID    1539    0       3.2422452.0640491.759E+1
GRID    1540    0       3.4828382.7036851.739E+1
GRID    1541    0       3.6414582.8191261.752E+1
GRID    1542    0       3.5751372.5776101.752E+1
GRID    1543    0       3.0056571.9962971.663E+1
GRID    1544    0       3.2073782.1932191.756E+1
GRID    1545    0       3.2296042.2950651.752E+1
GRID    1546    0       3.2698682.1776641.750E+1
GRID    1547    0       3.4619942.0523031.875E+1
GRID    1548    0       3.5045842.6231851.773E+1
GRID    1549    0       3.3205192.6627001.756E+1
GRID    1550    0       3.4267802.8055511.765E+1
GRID    1551    0       4.1974902.8112111.874E+1
GRID    1552    0       4.2268792.7188891.881E+1
GRID    1553    0       4.0255213.1640031.780E+1
GRID    1554    0       3.8947133.2947891.767E+1
GRID    1555    0       3.9199673.0742281.770E+1
GRID    1556    0       3.5721892.6906991.880E+1
GRID    1557    0       3.7019112.7615001.903E+1
GRID    1558    0       3.5396713.0082211.891E+1
GRID    1559    0       3.9830262.8353611.934E+1
GRID    1560    0       4.1091092.7787511.940E+1
GRID    1561    0       4.0038852.8960921.928E+1
GRID    1562    0       3.7341792.5591331.960E+1
GRID    1563    0       3.4260744.2520601.506E+1
GRID    1564    0       3.6970862.1502861.948E+1
GRID    1565    0       3.4975922.2386231.921E+1
GRID    1566    0       3.6619572.0501001.925E+1
GRID    1567    0       3.5440592.5488601.834E+1
GRID    1568    0       3.5076542.3872741.839E+1
GRID    1569    0       3.5903842.4739631.849E+1
GRID    1570    0       3.4649272.4566031.840E+1
GRID    1571    0       3.4844912.4247221.831E+1
GRID    1572    0       3.4220152.3863431.819E+1
GRID    1573    0       3.4340382.1671951.896E+1
GRID    1574    0       3.7128732.5216831.998E+1
GRID    1575    0       3.8832152.2150271.999E+1
GRID    1576    0       3.8143402.5702992.027E+1
GRID    1577    0       3.5041932.5731181.883E+1
GRID    1578    0       3.6525812.3854581.895E+1
GRID    1579    0       3.8003302.3502151.898E+1
GRID    1580    0       3.7690612.4675431.895E+1
GRID    1581    0       3.6416342.3436241.880E+1
GRID    1582    0       3.8786872.3361161.921E+1
GRID    1583    0       3.7844412.2669091.906E+1
GRID    1584    0       3.7683792.3892501.909E+1
GRID    1585    0       3.9044492.3691181.915E+1
GRID    1586    0       3.9943052.3472882.044E+1
GRID    1587    0       4.4535062.7053042.071E+1
GRID    1588    0       4.4667452.6297632.081E+1
GRID    1589    0       4.5712002.2758102.102E+1
GRID    1590    0       4.5577282.1834922.084E+1
GRID    1591    0       5.1993821.5012051.991E+1
GRID    1592    0       4.5789152.1619772.073E+1
GRID    1593    0       4.9074651.3146411.918E+1
GRID    1594    0       4.7443561.2526801.879E+1
GRID    1595    0       5.1004001.2159911.881E+1
GRID    1596    0       4.9778371.0639651.787E+1
GRID    1597    0       4.5634171.1612131.795E+1
GRID    1598    0       4.4124972.7686152.060E+1
GRID    1599    0       4.3743692.7581622.047E+1
GRID    1600    0       4.5173852.6832622.015E+1
GRID    1601    0       4.3795232.7903852.002E+1
GRID    1602    0       4.3456062.1988752.019E+1
GRID    1603    0       4.3151222.1678612.006E+1
GRID    1604    0       4.1628932.8520671.798E+1
GRID    1605    0       4.0916632.7349841.797E+1
GRID    1606    0       4.3256362.8145101.809E+1
GRID    1607    0       4.6519801.0274481.624E+1
GRID    1608    0       3.8741331.4680241.779E+1
GRID    1609    0       4.2036211.2604161.754E+1
GRID    1610    0       4.2558511.3348751.823E+1
GRID    1611    0       3.0968932.0352621.533E+1
GRID    1612    0       4.2186461.7454701.014E+1
GRID    1613    0       4.2388151.8033891.003E+1
GRID    1614    0       4.1663131.6604661.007E+1
GRID    1615    0       3.7480152.1545131.026E+1
GRID    1616    0       3.9227192.0138791.023E+1
GRID    1617    0       3.8425261.9495971.056E+1
GRID    1618    0       4.1939041.6046791.023E+1
GRID    1619    0       4.2248951.7249991.026E+1
GRID    1620    0       4.9444132.0332819.676650
GRID    1621    0       4.9513750.9699451.536E+1
GRID    1622    0       4.8604440.9847231.476E+1
GRID    1623    0       5.3027500.9837261.507E+1
GRID    1624    0       4.4843491.0849591.414E+1
GRID    1625    0       4.9486851.7838679.579573
GRID    1626    0       5.0469401.8736039.560927
GRID    1627    0       5.0231511.8062219.663198
GRID    1628    0       5.0628401.8125019.579563
GRID    1629    0       5.2770851.6997499.855071
GRID    1630    0       4.5756661.9770779.186095
GRID    1631    0       4.5464412.0313509.166899
GRID    1632    0       3.7650811.6067081.224E+1
GRID    1633    0       5.0297922.5049906.500097
GRID    1634    0       5.0619342.4354356.506655
GRID    1635    0       3.6547552.1123021.062E+1
GRID    1636    0       3.2130561.8241771.517E+1
GRID    1637    0       3.1943071.7870841.514E+1
GRID    1638    0       3.1670661.8863951.522E+1
GRID    1639    0       3.2447111.8929131.518E+1
GRID    1640    0       3.3100891.8268811.519E+1
GRID    1641    0       3.1303741.6869441.509E+1
GRID    1642    0       4.5465991.0907881.720E+1
GRID    1643    0       4.1587571.2182681.671E+1
GRID    1644    0       3.1231752.1416711.519E+1
GRID    1645    0       3.1138121.9973441.706E+1
GRID    1646    0       2.9874071.9476761.683E+1
GRID    1647    0       3.1432523.6550601.604E+1
GRID    1648    0       3.3005141.6720491.494E+1
GRID    1649    0       3.2569571.7583731.513E+1
GRID    1650    0       3.2716371.7492621.524E+1
GRID    1651    0       3.3363431.6170681.501E+1
GRID    1652    0       4.1922012.7232781.846E+1
GRID    1653    0       4.2060392.8504561.836E+1
GRID    1654    0       4.1412562.8259161.837E+1
GRID    1655    0       4.2020462.7302271.810E+1
GRID    1656    0       4.3312212.7316671.825E+1
GRID    1657    0       4.1440562.7493821.814E+1
GRID    1658    0       3.3024143.9383311.341E+1
GRID    1659    0       3.2032343.6770941.313E+1
GRID    1660    0       3.1463733.6740161.381E+1
GRID    1661    0       4.1148632.8609701.868E+1
GRID    1662    0       4.1331612.9528011.862E+1
GRID    1663    0       4.0622462.9767791.862E+1
GRID    1664    0       3.6250512.8830181.968E+1
GRID    1665    0       3.7411562.8777891.962E+1
GRID    1666    0       4.7610205.3769531.539E+1
GRID    1667    0       4.5952365.1562341.560E+1
GRID    1668    0       4.7819505.3643601.562E+1
GRID    1669    0       3.5863363.0429661.985E+1
GRID    1670    0       3.6946023.1257581.975E+1
GRID    1671    0       3.6643883.0127551.970E+1
GRID    1672    0       4.6981452.9119921.806E+1
GRID    1673    0       4.8845002.9531541.799E+1
GRID    1674    0       4.6927712.8523262.164E+1
GRID    1675    0       4.8213732.7948112.164E+1
GRID    1676    0       4.6422242.7943832.155E+1
GRID    1677    0       4.8237672.8336552.171E+1
GRID    1678    0       4.3379022.6256752.090E+1
GRID    1679    0       3.9288902.5392492.045E+1
GRID    1680    0       3.9712952.6569072.056E+1
GRID    1681    0       3.9072662.8008562.059E+1
GRID    1682    0       4.0432632.7064692.075E+1
GRID    1683    0       3.9795742.8142192.078E+1
GRID    1684    0       4.0963752.7736832.099E+1
GRID    1685    0       4.3163282.8382062.074E+1
GRID    1686    0       4.2057352.7084422.078E+1
GRID    1687    0       4.3810062.7478962.070E+1
GRID    1688    0       4.3853272.7946192.067E+1
GRID    1689    0       5.1677443.1107343.840915
GRID    1690    0       4.2909102.8701742.046E+1
GRID    1691    0       4.3017012.9173012.051E+1
GRID    1692    0       4.3281762.9615982.047E+1
GRID    1693    0       3.9405323.0095981.998E+1
GRID    1694    0       4.1628293.0172991.851E+1
GRID    1695    0       4.1476353.0387591.862E+1
GRID    1696    0       4.2170423.1085121.855E+1
GRID    1697    0       4.2080123.1036661.819E+1
GRID    1698    0       3.6864762.9090401.986E+1
GRID    1699    0       3.7427752.7074281.978E+1
GRID    1700    0       3.2491943.7513821.694E+1
GRID    1701    0       3.3159073.6342221.698E+1
GRID    1702    0       3.2021403.5200941.700E+1
GRID    1703    0       4.0642282.7199101.989E+1
GRID    1704    0       4.1140993.0489291.879E+1
GRID    1705    0       4.1772883.1126171.884E+1
GRID    1706    0       4.1509993.0754871.895E+1
GRID    1707    0       4.2663212.8805422.002E+1
GRID    1708    0       4.3029842.8758932.017E+1
GRID    1709    0       4.1959463.1693201.874E+1
GRID    1710    0       4.2948653.1892191.882E+1
GRID    1711    0       4.1247443.2496811.878E+1
GRID    1712    0       4.1315052.9378881.830E+1
GRID    1713    0       3.6064703.3250961.845E+1
GRID    1714    0       3.5028513.1936551.841E+1
GRID    1715    0       3.4722573.3394871.829E+1
GRID    1716    0       3.8039822.8255801.762E+1
GRID    1717    0       3.7323112.8211791.755E+1
GRID    1718    0       3.8186802.6912941.766E+1
GRID    1719    0       4.0481122.8608541.863E+1
GRID    1720    0       3.0483283.0847711.579E+1
GRID    1721    0       3.0835123.5280981.526E+1
GRID    1722    0       3.0221333.1516381.526E+1
GRID    1723    0       3.2535033.7549151.731E+1
GRID    1724    0       3.2662513.7265411.740E+1
GRID    1725    0       3.3285113.9476911.735E+1
GRID    1726    0       3.2395473.4602331.219E+1
GRID    1727    0       3.3937713.6603121.163E+1
GRID    1728    0       3.1308483.3833661.647E+1
GRID    1729    0       4.6506854.9025941.672E+1
GRID    1730    0       3.3683394.0447321.711E+1
GRID    1731    0       3.4710154.1149271.744E+1
GRID    1732    0       3.1769713.5738681.674E+1
GRID    1733    0       3.2792103.8279781.718E+1
GRID    1734    0       4.1746083.3568664.632967
GRID    1735    0       4.2250783.3391764.326419
GRID    1736    0       4.3638803.2290944.343979
GRID    1737    0       4.4496433.2222224.125284
GRID    1738    0       4.9971133.6446383.866674
GRID    1739    0       4.7598935.1473151.451E+1
GRID    1740    0       4.5599635.0288511.448E+1
GRID    1741    0       4.7022775.2092571.490E+1
GRID    1742    0       4.4881334.2920199.675402
GRID    1743    0       4.6094774.2003978.844243
GRID    1744    0       4.3852704.1479839.035044
GRID    1745    0       4.9447394.2087098.512976
GRID    1746    0       4.8422724.3466679.380778
GRID    1747    0       5.2236734.3205409.215438
GRID    1748    0       4.8784495.4566151.575E+1
GRID    1749    0       4.7348285.2281481.588E+1
GRID    1750    0       5.0080205.4635591.587E+1
GRID    1751    0       4.3120274.9380071.582E+1
GRID    1752    0       4.2897443.2308541.855E+1
GRID    1753    0       4.1353833.0805541.842E+1
GRID    1754    0       4.0968782.9215121.838E+1
GRID    1755    0       3.7861543.0665981.967E+1
GRID    1756    0       4.1802472.9829811.827E+1
GRID    1757    0       4.1826693.0744911.827E+1
GRID    1758    0       4.3488642.9784171.804E+1
GRID    1759    0       4.3272212.9398272.008E+1
GRID    1760    0       4.2751502.8081821.981E+1
GRID    1761    0       4.8220062.8132941.822E+1
GRID    1762    0       4.1810653.0054931.797E+1
GRID    1763    0       4.4860392.8764761.812E+1
GRID    1764    0       5.0787222.8239431.816E+1
GRID    1765    0       4.9850022.8748361.808E+1
GRID    1766    0       4.9005893.1064551.799E+1
GRID    1767    0       4.4316882.6448671.873E+1
GRID    1768    0       4.4628172.6315701.882E+1
GRID    1769    0       4.6343962.6606421.870E+1
GRID    1770    0       4.3435343.0305742.030E+1
GRID    1771    0       4.2942493.0919682.015E+1
GRID    1772    0       4.0372703.1318801.989E+1
GRID    1773    0       4.1517153.0991282.008E+1
GRID    1774    0       4.2246743.0905602.010E+1
GRID    1775    0       4.1670763.0959002.002E+1
GRID    1776    0       4.2611843.0136952.025E+1
GRID    1777    0       4.1379213.2944542.007E+1
GRID    1778    0       4.1349073.2246072.000E+1
GRID    1779    0       4.1704453.1598972.008E+1
GRID    1780    0       4.1221583.4722082.035E+1
GRID    1781    0       4.1970423.4412812.049E+1
GRID    1782    0       4.2131013.3235812.030E+1
GRID    1783    0       3.9555452.9902161.926E+1
GRID    1784    0       3.8761452.9488451.928E+1
GRID    1785    0       3.9408693.0377491.930E+1
GRID    1786    0       3.3130713.6007031.857E+1
GRID    1787    0       3.3790283.5788051.853E+1
GRID    1788    0       3.2879723.3856121.856E+1
GRID    1789    0       3.6404202.7471631.846E+1
GRID    1790    0       3.7705872.6479781.865E+1
GRID    1791    0       3.7241192.8178101.858E+1
GRID    1792    0       4.0116422.9708611.888E+1
GRID    1793    0       3.9678273.0132961.892E+1
GRID    1794    0       3.9034813.1245241.942E+1
GRID    1795    0       4.0684783.1554471.943E+1
GRID    1796    0       3.6666903.2101241.984E+1
GRID    1797    0       3.6245023.1590721.992E+1
GRID    1798    0       3.6861813.1367171.994E+1
GRID    1799    0       3.5825313.2397351.827E+1
GRID    1800    0       3.5045813.3838561.816E+1
GRID    1801    0       3.4886393.1387941.817E+1
GRID    1802    0       3.5679273.0575601.833E+1
GRID    1803    0       3.6304293.3500001.831E+1
GRID    1804    0       3.5600583.5353951.826E+1
GRID    1805    0       3.4124743.3949171.808E+1
GRID    1806    0       3.4182163.2407411.808E+1
GRID    1807    0       3.4752303.4095141.789E+1
GRID    1808    0       3.4095953.3675441.777E+1
GRID    1809    0       3.4799403.3199891.792E+1
GRID    1810    0       3.4201113.7003821.815E+1
GRID    1811    0       3.4176023.5587121.809E+1
GRID    1812    0       3.3454843.7783291.812E+1
GRID    1813    0       3.3204853.6548541.812E+1
GRID    1814    0       3.3158183.7369041.821E+1
GRID    1815    0       3.5728554.3246001.685E+1
GRID    1816    0       3.8145484.2812031.833E+1
GRID    1817    0       4.0772444.5225121.794E+1
GRID    1818    0       3.5256734.1050201.814E+1
GRID    1819    0       3.5536594.2040901.771E+1
GRID    1820    0       3.3804163.9372321.809E+1
GRID    1821    0       3.3457223.7543021.837E+1
GRID    1822    0       3.4098273.9115001.836E+1
GRID    1823    0       3.2732053.5673821.824E+1
GRID    1824    0       3.3009593.5747221.838E+1
GRID    1825    0       4.2527373.2697882.058E+1
GRID    1826    0       4.1914213.3578232.048E+1
GRID    1827    0       4.3565203.1287932.085E+1
GRID    1828    0       4.3491163.1462592.064E+1
GRID    1829    0       4.2954483.1283972.074E+1
GRID    1830    0       4.5867432.6551812.064E+1
GRID    1831    0       4.7656883.3065312.159E+1
GRID    1832    0       4.6741643.4017552.156E+1
GRID    1833    0       4.6621003.3022452.147E+1
GRID    1834    0       4.5404163.4392272.146E+1
GRID    1835    0       4.4392663.4022062.138E+1
GRID    1836    0       4.5506083.3521342.140E+1
GRID    1837    0       4.5484053.1713642.143E+1
GRID    1838    0       4.6591783.0142482.174E+1
GRID    1839    0       4.6230742.9734732.168E+1
GRID    1840    0       4.5988363.0101472.173E+1
GRID    1841    0       4.3858233.2237012.150E+1
GRID    1842    0       4.4119303.1681372.154E+1
GRID    1843    0       4.3695963.1368042.155E+1
GRID    1844    0       4.6821543.2697332.185E+1
GRID    1845    0       3.5357903.0891622.380E+1
GRID    1846    0       3.5874393.1640952.369E+1
GRID    1847    0       5.3051423.6656342.185E+1
GRID    1848    0       5.0739573.8040542.167E+1
GRID    1849    0       4.5953442.9603932.217E+1
GRID    1850    0       4.5867732.8519692.208E+1
GRID    1851    0       4.6233872.9216412.218E+1
GRID    1852    0       4.9675783.1504442.300E+1
GRID    1853    0       5.0560223.1925312.309E+1
GRID    1854    0       5.0312123.1368752.192E+1
GRID    1855    0       4.9169583.0474962.197E+1
GRID    1856    0       4.6660012.9119642.211E+1
GRID    1857    0       4.7990022.8808662.183E+1
GRID    1858    0       4.6419303.1823282.180E+1
GRID    1859    0       4.8432043.0322662.500E+1
GRID    1860    0       4.8216303.0544072.508E+1
GRID    1861    0       3.6096393.1659212.356E+1
GRID    1862    0       3.5788503.1604432.360E+1
GRID    1863    0       4.5887992.8845382.160E+1
GRID    1864    0       4.5370863.0307682.151E+1
GRID    1865    0       4.4442882.8640392.168E+1
GRID    1866    0       4.4558782.9721162.165E+1
GRID    1867    0       4.3820912.8961922.151E+1
GRID    1868    0       4.4541032.9205682.128E+1
GRID    1869    0       4.5122092.9541002.145E+1
GRID    1870    0       4.5306062.8476402.145E+1
GRID    1871    0       5.1235972.4681512.076E+1
GRID    1872    0       4.8157552.5106332.073E+1
GRID    1873    0       5.0108222.4411882.108E+1
GRID    1874    0       4.9177962.8091082.194E+1
GRID    1875    0       4.8026652.8641302.499E+1
GRID    1876    0       4.7179782.9914122.177E+1
GRID    1877    0       4.9189002.9122102.501E+1
GRID    1878    0       4.9026632.7787372.500E+1
GRID    1879    0       4.9079552.7939672.513E+1
GRID    1880    0       4.9233812.9831542.498E+1
GRID    1881    0       5.0297223.0162782.199E+1
GRID    1882    0       4.9048472.9251422.199E+1
GRID    1883    0       4.6729842.9409792.220E+1
GRID    1884    0       4.6701152.9483452.225E+1
GRID    1885    0       4.6879172.9569762.235E+1
GRID    1886    0       4.6820783.1036682.237E+1
GRID    1887    0       4.6559143.0298542.222E+1
GRID    1888    0       4.4334602.9999702.155E+1
GRID    1889    0       4.3635923.2986342.145E+1
GRID    1890    0       4.3183853.2940952.142E+1
GRID    1891    0       3.5882312.9699922.386E+1
GRID    1892    0       3.5498792.9721722.380E+1
GRID    1893    0       5.2562492.6445706.630157
GRID    1894    0       5.4413502.7334916.722162
GRID    1895    0       4.0198393.1106302.089E+1
GRID    1896    0       3.9029143.0940492.061E+1
GRID    1897    0       3.7089052.8905142.353E+1
GRID    1898    0       3.6584062.9824112.351E+1
GRID    1899    0       3.7492673.0086842.352E+1
GRID    1900    0       4.3469032.9097432.066E+1
GRID    1901    0       4.3260812.9786422.070E+1
GRID    1902    0       4.3045472.9988472.058E+1
GRID    1903    0       4.3774463.0088822.078E+1
GRID    1904    0       4.3936122.9186272.092E+1
GRID    1905    0       4.4032082.9055742.081E+1
GRID    1906    0       5.3263772.7347836.494654
GRID    1907    0       3.6553843.2481612.358E+1
GRID    1908    0       3.6469443.2282402.368E+1
GRID    1909    0       3.5978843.2614502.359E+1
GRID    1910    0       3.6808952.9198992.387E+1
GRID    1911    0       3.6704122.9874942.383E+1
GRID    1912    0       3.7813433.0022592.372E+1
GRID    1913    0       3.5208692.8478402.373E+1
GRID    1914    0       3.7484052.8406952.380E+1
GRID    1915    0       3.1992853.7286241.680E+1
GRID    1916    0       3.2145063.8488741.684E+1
GRID    1917    0       3.5271743.0606942.366E+1
GRID    1918    0       3.7010333.2353402.364E+1
GRID    1919    0       3.7337113.2569912.371E+1
GRID    1920    0       3.7525673.3081162.359E+1
GRID    1921    0       3.7549323.4181612.371E+1
GRID    1922    0       3.7721323.3016172.367E+1
GRID    1923    0       4.4046953.2166432.131E+1
GRID    1924    0       4.4478923.1110082.139E+1
GRID    1925    0       4.4557313.2332212.131E+1
GRID    1926    0       4.8492132.4830632.119E+1
GRID    1927    0       4.6806282.5710722.088E+1
GRID    1928    0       3.9817063.4822712.052E+1
GRID    1929    0       3.9517223.4548372.039E+1
GRID    1930    0       4.0648513.4642042.054E+1
GRID    1931    0       4.3739113.4321942.141E+1
GRID    1932    0       4.3935013.3238732.136E+1
GRID    1933    0       4.4567553.4695702.146E+1
GRID    1934    0       3.5444353.3979142.371E+1
GRID    1935    0       3.5384303.3278482.364E+1
GRID    1936    0       5.3821621.8794669.201633
GRID    1937    0       5.2535381.8502039.226384
GRID    1938    0       5.2590221.8965339.138527
GRID    1939    0       4.4251043.0822602.116E+1
GRID    1940    0       4.4059543.0348092.137E+1
GRID    1941    0       4.4965093.0431732.137E+1
GRID    1942    0       4.3664663.3829852.148E+1
GRID    1943    0       5.0386383.2813232.307E+1
GRID    1944    0       3.7285943.1290762.369E+1
GRID    1945    0       3.7166083.0717512.389E+1
GRID    1946    0       4.7247792.5396262.508E+1
GRID    1947    0       4.7550892.5350952.514E+1
GRID    1948    0       5.1557301.7608599.652337
GRID    1949    0       5.1170431.7834769.511916
GRID    1950    0       3.6639103.3293542.355E+1
GRID    1951    0       3.5502783.4087172.364E+1
GRID    1952    0       4.6742613.2970923.678700
GRID    1953    0       5.4706892.5311372.100E+1
GRID    1954    0       5.5218022.5235532.111E+1
GRID    1955    0       5.5746532.5515602.100E+1
GRID    1956    0       5.9372892.7238391.806E+1
GRID    1957    0       6.0633412.7111771.794E+1
GRID    1958    0       5.9281942.7878121.798E+1
GRID    1959    0       6.0575832.7293541.802E+1
GRID    1960    0       5.8648832.8190261.825E+1
GRID    1961    0       5.8910082.9375581.825E+1
GRID    1962    0       5.9753292.8934891.810E+1
GRID    1963    0       5.3974253.1598182.023E+1
GRID    1964    0       5.4857513.1648642.042E+1
GRID    1965    0       5.1940993.1246522.033E+1
GRID    1966    0       6.6352872.7756931.864E+1
GRID    1967    0       6.6021922.5144471.861E+1
GRID    1968    0       4.3742342.6469032.117E+1
GRID    1969    0       4.4164942.6757902.114E+1
GRID    1970    0       6.9432563.8897891.618E+1
GRID    1971    0       6.8590124.0113561.659E+1
GRID    1972    0       5.5245522.3925582.134E+1
GRID    1973    0       5.4834162.3594402.130E+1
GRID    1974    0       5.5129382.4191432.127E+1
GRID    1975    0       7.4560091.6566851.669E+1
GRID    1976    0       7.4138551.7271171.657E+1
GRID    1977    0       5.9085072.8622521.851E+1
GRID    1978    0       5.8903042.8579361.865E+1
GRID    1979    0       5.9392892.9415671.859E+1
GRID    1980    0       4.5532003.1217822.177E+1
GRID    1981    0       4.5688823.2425432.184E+1
GRID    1982    0       4.5253643.2417232.179E+1
GRID    1983    0       5.6072663.3943972.158E+1
GRID    1984    0       5.7197023.0455782.055E+1
GRID    1985    0       5.6290433.0136812.057E+1
GRID    1986    0       5.6569923.1110672.059E+1
GRID    1987    0       4.6898612.4836902.123E+1
GRID    1988    0       4.3971542.5804692.100E+1
GRID    1989    0       4.4346632.5342682.103E+1
GRID    1990    0       4.4386022.6016292.102E+1
GRID    1991    0       4.3964012.6301462.109E+1
GRID    1992    0       3.4153842.3605901.763E+1
GRID    1993    0       3.2611582.4879001.752E+1
GRID    1994    0       3.3828712.5555421.763E+1
GRID    1995    0       4.1214932.4812281.974E+1
GRID    1996    0       3.9561062.6539591.963E+1
GRID    1997    0       4.0951162.6661971.973E+1
GRID    1998    0       3.4989052.7340181.790E+1
GRID    1999    0       3.4758572.9759061.790E+1
GRID    2000    0       3.6288552.9134861.809E+1
GRID    2001    0       5.3778912.8892692.193E+1
GRID    2002    0       7.0745883.5384401.597E+1
GRID    2003    0       6.9453403.8052551.530E+1
GRID    2004    0       5.9159872.7465111.818E+1
GRID    2005    0       5.8112382.7365011.819E+1
GRID    2006    0       4.0997313.6159002.061E+1
GRID    2007    0       4.2071113.5742142.076E+1
GRID    2008    0       4.2029773.5099132.063E+1
GRID    2009    0       5.4320462.3463872.136E+1
GRID    2010    0       5.4743462.3389962.135E+1
GRID    2011    0       5.2210312.8005842.184E+1
GRID    2012    0       5.4110642.4813632.137E+1
GRID    2013    0       3.9245683.1576631.983E+1
GRID    2014    0       3.8709333.1661481.985E+1
GRID    2015    0       3.5827133.1717401.802E+1
GRID    2016    0       3.6193723.0544411.810E+1
GRID    2017    0       3.5785193.2341061.807E+1
GRID    2018    0       4.4531793.0467492.154E+1
GRID    2019    0       4.4938403.0502152.167E+1
GRID    2020    0       4.5183793.0420032.159E+1
GRID    2021    0       4.4482803.0953032.163E+1
GRID    2022    0       4.4360232.0913342.023E+1
GRID    2023    0       4.3566312.1340622.004E+1
GRID    2024    0       5.3522262.3475742.139E+1
GRID    2025    0       5.2157402.2654242.145E+1
GRID    2026    0       5.1935812.3054122.143E+1
GRID    2027    0       4.1601793.0046981.977E+1
GRID    2028    0       4.2413172.9753671.992E+1
GRID    2029    0       4.2028672.7561561.987E+1
GRID    2030    0       4.1664783.0495241.994E+1
GRID    2031    0       4.2343133.1303362.002E+1
GRID    2032    0       4.5051442.6780072.130E+1
GRID    2033    0       4.5162522.6128872.139E+1
GRID    2034    0       4.6847732.6161362.180E+1
GRID    2035    0       6.7651583.6998021.209E+1
GRID    2036    0       3.2630003.8857161.700E+1
GRID    2037    0       5.3844883.3291202.243E+1
GRID    2038    0       5.3801333.1157892.250E+1
GRID    2039    0       3.7047803.1763401.979E+1
GRID    2040    0       3.7641273.1847601.984E+1
GRID    2041    0       4.4960892.5711192.106E+1
GRID    2042    0       6.7152412.9077331.717E+1
GRID    2043    0       6.6112662.7670171.729E+1
GRID    2044    0       6.5487742.8900291.733E+1
GRID    2045    0       6.6097623.0937851.722E+1
GRID    2046    0       6.5056652.9994701.731E+1
GRID    2047    0       5.9832363.0500401.882E+1
GRID    2048    0       5.9028323.1112781.888E+1
GRID    2049    0       7.0079323.1807591.287E+1
GRID    2050    0       4.9656912.3390762.145E+1
GRID    2051    0       4.6660162.4426232.136E+1
GRID    2052    0       4.6583972.4144212.131E+1
GRID    2053    0       4.6365582.5083992.132E+1
GRID    2054    0       4.0150953.3456802.083E+1
GRID    2055    0       3.9707823.2871062.074E+1
GRID    2056    0       5.9334534.6833431.685E+1
GRID    2057    0       6.3825564.4979411.637E+1
GRID    2058    0       5.5844902.6966672.139E+1
GRID    2059    0       4.0696923.2187671.956E+1
GRID    2060    0       4.0348623.3226611.971E+1
GRID    2061    0       3.9173923.2399951.952E+1
GRID    2062    0       3.9627063.0732191.955E+1
GRID    2063    0       5.7996163.3697392.139E+1
GRID    2064    0       5.4186112.4019902.136E+1
GRID    2065    0       5.2103362.3556222.130E+1
GRID    2066    0       5.2314632.3832662.138E+1
GRID    2067    0       5.1726782.4153342.142E+1
GRID    2068    0       5.1483402.3490022.136E+1
GRID    2069    0       4.5299853.2313692.164E+1
GRID    2070    0       4.4928393.1519552.164E+1
GRID    2071    0       4.4923013.1933272.158E+1
GRID    2072    0       7.1126373.2380101.483E+1
GRID    2073    0       7.1281963.1756901.567E+1
GRID    2074    0       7.1051922.8933291.478E+1
GRID    2075    0       4.5751432.9098682.085E+1
GRID    2076    0       4.6373902.9602212.072E+1
GRID    2077    0       4.7446812.9344432.091E+1
GRID    2078    0       4.5516832.6428222.079E+1
GRID    2079    0       5.7877783.4795622.115E+1
GRID    2080    0       4.5589132.7394782.129E+1
GRID    2081    0       4.6269222.7996232.121E+1
GRID    2082    0       4.6399272.8796302.096E+1
GRID    2083    0       4.1919052.7769171.926E+1
GRID    2084    0       4.1066152.7360251.913E+1
GRID    2085    0       4.0502142.8949691.915E+1
GRID    2086    0       4.5345312.3223762.120E+1
GRID    2087    0       4.4741902.3785912.109E+1
GRID    2088    0       4.5386232.2146672.111E+1
GRID    2089    0       5.1050642.3064312.150E+1
GRID    2090    0       4.8067532.7859332.131E+1
GRID    2091    0       4.6926092.7835542.139E+1
GRID    2092    0       4.2789703.2433394.662665
GRID    2093    0       3.8746913.3038122.010E+1
GRID    2094    0       4.5958152.5169292.124E+1
GRID    2095    0       4.5351162.5183782.121E+1
GRID    2096    0       5.5775142.5748712.144E+1
GRID    2097    0       5.5151202.4856582.155E+1
GRID    2098    0       4.4407792.7915292.071E+1
GRID    2099    0       4.4990352.8087752.073E+1
GRID    2100    0       4.4570372.7001062.083E+1
GRID    2101    0       4.5139142.9223272.164E+1
GRID    2102    0       4.4748012.9841842.150E+1
GRID    2103    0       4.4191822.9081622.151E+1
GRID    2104    0       3.5596092.6595811.768E+1
GRID    2105    0       3.4093362.5999821.757E+1
GRID    2106    0       3.6236752.4407541.779E+1
GRID    2107    0       3.3732742.5537321.872E+1
GRID    2108    0       5.9628152.7307951.945E+1
GRID    2109    0       5.9166312.6470021.950E+1
GRID    2110    0       4.3851902.7785752.087E+1
GRID    2111    0       4.4104922.7712002.093E+1
GRID    2112    0       3.9216013.0846891.969E+1
GRID    2113    0       4.0135423.1266721.977E+1
GRID    2114    0       3.9179432.8857571.964E+1
GRID    2115    0       3.8083612.8944821.933E+1
GRID    2116    0       3.7886853.1330641.936E+1
GRID    2117    0       3.9387092.8757251.947E+1
GRID    2118    0       4.0371432.8865621.970E+1
GRID    2119    0       5.1987232.6808092.168E+1
GRID    2120    0       5.0736272.6580632.166E+1
GRID    2121    0       3.8042232.6774771.959E+1
GRID    2122    0       3.2192031.5826101.638E+1
GRID    2123    0       3.2370491.5975121.575E+1
GRID    2124    0       3.6818751.3927011.595E+1
GRID    2125    0       2.9354461.5047811.617E+1
GRID    2126    0       5.5950421.9328309.243192
GRID    2127    0       5.7426451.8385899.142340
GRID    2128    0       5.5648501.9558599.035932
GRID    2129    0       6.3582321.3807861.418E+1
GRID    2130    0       6.5070071.4734851.449E+1
GRID    2131    0       6.2275601.2828871.473E+1
GRID    2132    0       4.6350183.0634202.177E+1
GRID    2133    0       4.5816573.0748022.171E+1
GRID    2134    0       5.3058742.8021672.162E+1
GRID    2135    0       5.9464632.8119601.872E+1
GRID    2136    0       3.9538692.7651281.781E+1
GRID    2137    0       5.5366762.9030262.158E+1
GRID    2138    0       5.6007242.9411132.157E+1
GRID    2139    0       5.6306623.0297382.147E+1
GRID    2140    0       4.6702463.0793072.159E+1
GRID    2141    0       4.6368123.0403702.169E+1
GRID    2142    0       5.4952843.4188032.149E+1
GRID    2143    0       5.4648803.3274642.173E+1
GRID    2144    0       5.6112653.3937552.169E+1
GRID    2145    0       6.2295122.6452431.781E+1
GRID    2146    0       6.3203372.5834741.770E+1
GRID    2147    0       6.1505142.6527701.782E+1
GRID    2148    0       6.3214862.5450261.758E+1
GRID    2149    0       6.2399762.6054341.768E+1
GRID    2150    0       6.2205282.6909551.767E+1
GRID    2151    0       4.9491872.1000082.500E+1
GRID    2152    0       4.9929232.1302662.507E+1
GRID    2153    0       4.9701971.9615142.505E+1
GRID    2154    0       4.7786691.6198791.072E+1
GRID    2155    0       6.8761591.9747741.442E+1
GRID    2156    0       6.8952452.0298431.478E+1
GRID    2157    0       6.7612591.7723291.477E+1
GRID    2158    0       6.7310941.7171961.453E+1
GRID    2159    0       6.4140871.3819421.511E+1
GRID    2160    0       6.5615981.5032531.484E+1
GRID    2161    0       5.7593792.7062372.104E+1
GRID    2162    0       5.7361022.7293222.094E+1
GRID    2163    0       5.7491942.7606172.103E+1
GRID    2164    0       5.9435833.1405621.924E+1
GRID    2165    0       6.0431383.1141731.915E+1
GRID    2166    0       5.6534455.0172541.455E+1
GRID    2167    0       5.4204755.0468971.409E+1
GRID    2168    0       5.3181695.1816841.441E+1
GRID    2169    0       4.6731313.1727712.152E+1
GRID    2170    0       4.6838493.2676552.156E+1
GRID    2171    0       5.7098184.9547541.413E+1
GRID    2172    0       4.1561962.6893192.090E+1
GRID    2173    0       3.2923292.0041021.743E+1
GRID    2174    0       3.3850321.8616941.758E+1
GRID    2175    0       6.7776062.4946801.699E+1
GRID    2176    0       6.0221772.6781181.905E+1
GRID    2177    0       6.0158332.7314751.910E+1
GRID    2178    0       6.0781892.7639501.904E+1
GRID    2179    0       5.9707112.7875941.910E+1
GRID    2180    0       4.7037272.5563712.134E+1
GRID    2181    0       5.8037882.6295721.865E+1
GRID    2182    0       5.7036542.6295801.867E+1
GRID    2183    0       4.3991723.4631562.110E+1
GRID    2184    0       4.3207333.5371062.105E+1
GRID    2185    0       4.3637463.4885592.117E+1
GRID    2186    0       5.6676883.0779482.171E+1
GRID    2187    0       5.7103942.9542712.168E+1
GRID    2188    0       5.7501273.0168082.158E+1
GRID    2189    0       5.6926683.2402032.159E+1
GRID    2190    0       6.8743781.6183561.546E+1
GRID    2191    0       6.8158301.7496501.528E+1
GRID    2192    0       6.8310541.6055701.525E+1
GRID    2193    0       4.3732812.6931802.097E+1
GRID    2194    0       4.4028582.7316122.091E+1
GRID    2195    0       4.5225762.8492452.177E+1
GRID    2196    0       4.5721142.8783372.182E+1
GRID    2197    0       4.5288932.9317942.170E+1
GRID    2198    0       5.6825934.1421782.016E+1
GRID    2199    0       5.8844664.0147802.028E+1
GRID    2200    0       5.4603772.6532712.157E+1
GRID    2201    0       3.5887102.8741552.339E+1
GRID    2202    0       3.5647452.9279512.345E+1
GRID    2203    0       3.5806662.9729532.342E+1
GRID    2204    0       6.5545784.2654171.320E+1
GRID    2205    0       6.3812624.4897991.405E+1
GRID    2206    0       5.1927831.7806689.369365
GRID    2207    0       5.6622172.7127452.110E+1
GRID    2208    0       5.6572672.7864032.113E+1
GRID    2209    0       4.5212203.1928672.169E+1
GRID    2210    0       3.2272623.7580001.705E+1
GRID    2211    0       4.4578633.1203492.174E+1
GRID    2212    0       4.4254523.1548892.164E+1
GRID    2213    0       4.4135123.2332362.165E+1
GRID    2214    0       4.4602383.2533252.137E+1
GRID    2215    0       4.3843023.2402672.135E+1
GRID    2216    0       4.4857072.6114232.128E+1
GRID    2217    0       4.3957383.3127402.154E+1
GRID    2218    0       4.3809113.2297352.155E+1
GRID    2219    0       5.0022626.8659420.102268
GRID    2220    0       5.0135316.7744360.101789
GRID    2221    0       4.9940666.7868670.186096
GRID    2222    0       6.8073312.0979971.253E+1
GRID    2223    0       5.0071936.8816270.212525
GRID    2224    0       4.0008462.9724211.826E+1
GRID    2225    0       4.0674313.0290281.834E+1
GRID    2226    0       4.5953292.6549652.154E+1
GRID    2227    0       4.5650492.6534902.145E+1
GRID    2228    0       4.5435922.7464542.146E+1
GRID    2229    0       4.6494832.4523162.140E+1
GRID    2230    0       4.6392852.4113202.142E+1
GRID    2231    0       4.7053762.3900962.140E+1
GRID    2232    0       4.7215852.3810172.147E+1
GRID    2233    0       4.5508872.8408422.099E+1
GRID    2234    0       4.6218412.8303112.106E+1
GRID    2235    0       4.5707172.8302342.110E+1
GRID    2236    0       4.5189952.8018462.108E+1
GRID    2237    0       4.4858672.9153972.078E+1
GRID    2238    0       4.2386873.4681802.070E+1
GRID    2239    0       4.2702623.3621462.064E+1
GRID    2240    0       4.3164403.4108822.083E+1
GRID    2241    0       3.2750922.2675651.720E+1
GRID    2242    0       3.2776782.0298451.727E+1
GRID    2243    0       3.2950222.1270611.732E+1
GRID    2244    0       3.4091873.7351931.763E+1
GRID    2245    0       3.3136963.7337031.763E+1
GRID    2246    0       5.2304442.4196752.135E+1
GRID    2247    0       5.2226652.4432612.139E+1
GRID    2248    0       4.2817722.9535022.021E+1
GRID    2249    0       4.3100622.9491522.038E+1
GRID    2250    0       4.3492842.9116492.028E+1
GRID    2251    0       3.2427633.4757171.747E+1
GRID    2252    0       3.2160283.5427221.735E+1
GRID    2253    0       4.3284172.7030762.115E+1
GRID    2254    0       4.3338902.6130152.114E+1
GRID    2255    0       4.3406092.6871082.106E+1
GRID    2256    0       5.6526173.3428152.161E+1
GRID    2257    0       5.5972423.3004232.159E+1
GRID    2258    0       5.6005493.3405582.164E+1
GRID    2259    0       5.7489603.0695632.044E+1
GRID    2260    0       6.0447993.6786938.427399
GRID    2261    0       6.1647693.4354418.579777
GRID    2262    0       6.1519373.3456478.154117
GRID    2263    0       8.8379630.6433051.533E+1
GRID    2264    0       9.1951910.4575991.531E+1
GRID    2265    0       9.0191900.5463601.549E+1
GRID    2266    0       4.4305602.6690052.108E+1
GRID    2267    0       4.4647982.6354532.118E+1
GRID    2268    0       5.5635523.2189812.170E+1
GRID    2269    0       5.5626443.2858652.167E+1
GRID    2270    0       6.6564423.6876231.813E+1
GRID    2271    0       3.1737221.5924781.554E+1
GRID    2272    0       2.8383641.4299811.563E+1
GRID    2273    0       3.4512941.5212011.534E+1
GRID    2274    0       3.7044951.3687641.547E+1
GRID    2275    0       6.4393833.2151141.977E+1
GRID    2276    0       6.3947563.2373131.975E+1
GRID    2277    0       5.6538091.9022639.428972
GRID    2278    0       5.6462151.9831029.308546
GRID    2279    0       5.8098912.0497189.414660
GRID    2280    0       5.6939393.4620362.146E+1
GRID    2281    0       5.6477803.4647392.155E+1
GRID    2282    0       5.6258813.4633002.151E+1
GRID    2283    0       5.6732783.4024252.154E+1
GRID    2284    0       4.5279293.1770382.071E+1
GRID    2285    0       4.7283823.2505092.060E+1
GRID    2286    0       4.5984383.2323402.055E+1
GRID    2287    0       5.1614312.2887182.124E+1
GRID    2288    0       5.0771332.2871432.126E+1
GRID    2289    0       1.5652140.7911151.552E+1
GRID    2290    0       1.7773610.8967621.522E+1
GRID    2291    0       1.8555790.9422931.552E+1
GRID    2292    0       4.3999562.6358772.099E+1
GRID    2293    0       4.3995422.6678682.104E+1
GRID    2294    0       4.4429352.6483282.098E+1
GRID    2295    0       4.2321761.1447291.586E+1
GRID    2296    0       4.7706352.5275552.168E+1
GRID    2297    0       4.8726022.5531492.165E+1
GRID    2298    0       5.9434843.2052481.951E+1
GRID    2299    0       6.0905193.1209691.976E+1
GRID    2300    0       6.6727682.8472861.836E+1
GRID    2301    0       6.7742892.7665661.821E+1
GRID    2302    0       6.2703312.6360009.295445
GRID    2303    0       6.2784642.9358428.976446
GRID    2304    0       6.4118922.8717819.607954
GRID    2305    0       6.3570273.1184189.331344
GRID    2306    0       4.9889393.0582333.958900
GRID    2307    0       5.0411012.9191493.976152
GRID    2308    0       4.4666783.3687062.151E+1
GRID    2309    0       4.5409753.3873862.154E+1
GRID    2310    0       4.4539273.4205502.160E+1
GRID    2311    0       6.9150673.0653581.702E+1
GRID    2312    0       6.7635543.0877931.706E+1
GRID    2313    0       6.9209583.2491021.698E+1
GRID    2314    0       3.4341803.2323021.872E+1
GRID    2315    0       3.3670202.9479511.873E+1
GRID    2316    0       3.2386313.0854331.858E+1
GRID    2317    0       6.8033221.8478291.372E+1
GRID    2318    0       6.7105481.8029631.296E+1
GRID    2319    0       6.8422782.0220571.306E+1
GRID    2320    0       4.7475941.8226009.320569
GRID    2321    0       4.9411191.7767189.406049
GRID    2322    0       4.7985531.7484289.458317
GRID    2323    0       5.6996232.7935142.048E+1
GRID    2324    0       5.6920352.7302242.055E+1
GRID    2325    0       7.0084122.9164731.656E+1
GRID    2326    0       6.9344992.8148801.679E+1
GRID    2327    0       5.7055862.7838862.061E+1
GRID    2328    0       4.0091352.7312611.800E+1
GRID    2329    0       3.9415232.7875241.790E+1
GRID    2330    0       4.0089712.9209301.795E+1
GRID    2331    0       6.1166413.5804652.033E+1
GRID    2332    0       5.9930313.5230212.041E+1
GRID    2333    0       6.0546773.6141112.052E+1
GRID    2334    0       6.8944823.5980041.264E+1
GRID    2335    0       5.6921693.1237912.098E+1
GRID    2336    0       5.7153003.1469442.082E+1
GRID    2337    0       4.4796911.9337499.309477
GRID    2338    0       4.3646682.0670959.231261
GRID    2339    0       6.8826212.9302851.860E+1
GRID    2340    0       6.8586522.6511501.862E+1
GRID    2341    0       4.3655282.8045172.075E+1
GRID    2342    0       4.3403832.7821732.086E+1
GRID    2343    0       4.6067152.4648412.126E+1
GRID    2344    0       5.4320813.2149292.172E+1
GRID    2345    0       3.8409003.5600039.433140
GRID    2346    0       3.8424543.8822491.021E+1
GRID    2347    0       5.7788072.9352262.054E+1
GRID    2348    0       5.8138752.9209932.064E+1
GRID    2349    0       5.7423872.8742322.063E+1
GRID    2350    0       5.4710442.9509942.167E+1
GRID    2351    0       4.3163822.8971432.126E+1
GRID    2352    0       4.3246662.7049252.127E+1
GRID    2353    0       4.3320762.7431822.138E+1
GRID    2354    0       4.5251182.4578882.106E+1
GRID    2355    0       5.9303813.1021361.907E+1
GRID    2356    0       4.3414592.8269672.120E+1
GRID    2357    0       6.5195153.0799721.858E+1
GRID    2358    0       6.5092952.8178301.857E+1
GRID    2359    0       3.9128463.2636191.886E+1
GRID    2360    0       3.7870453.2350881.864E+1
GRID    2361    0       3.8066833.0796771.880E+1
GRID    2362    0       3.8481902.8070201.876E+1
GRID    2363    0       3.6823243.0632261.856E+1
GRID    2364    0       5.6193352.1636052.081E+1
GRID    2365    0       5.6280272.1380392.063E+1
GRID    2366    0       4.4640992.6046912.161E+1
GRID    2367    0       4.6364712.5441372.160E+1
GRID    2368    0       4.6689832.5376982.170E+1
GRID    2369    0       5.8995043.2008701.936E+1
GRID    2370    0       5.1055872.4007072.135E+1
GRID    2371    0       7.0964953.1833141.622E+1
GRID    2372    0       7.0569363.4502511.645E+1
GRID    2373    0       7.0289863.2172691.662E+1
GRID    2374    0       3.5523931.6927621.775E+1
GRID    2375    0       3.5492461.6516741.746E+1
GRID    2376    0       6.4622421.7357341.831E+1
GRID    2377    0       6.6622711.9880051.827E+1
GRID    2378    0       6.5760571.9427621.858E+1
GRID    2379    0       4.5620202.7569602.175E+1
GRID    2380    0       4.8285702.3823912.148E+1
GRID    2381    0       5.2890893.2432792.174E+1
GRID    2382    0       5.2863853.9938487.143466
GRID    2383    0       5.1139594.0020366.921499
GRID    2384    0       5.0912394.0577757.063414
GRID    2385    0       5.3134263.9306056.882220
GRID    2386    0       5.9218152.9847211.817E+1
GRID    2387    0       6.0362383.0835941.800E+1
GRID    2388    0       6.0685982.8918311.798E+1
GRID    2389    0       5.9080263.1086051.817E+1
GRID    2390    0       5.9232723.0359901.826E+1
GRID    2391    0       6.6266261.5831891.461E+1
GRID    2392    0       5.4669722.9817222.148E+1
GRID    2393    0       5.5019133.0054352.130E+1
GRID    2394    0       6.6587501.6155191.475E+1
GRID    2395    0       3.5137173.9276191.177E+1
GRID    2396    0       3.3944223.9343981.258E+1
GRID    2397    0       3.5941454.1980941.259E+1
GRID    2398    0       5.5793263.0495752.142E+1
GRID    2399    0       5.5483563.0587472.153E+1
GRID    2400    0       5.6162813.0705542.149E+1
GRID    2401    0       5.7839572.8228522.062E+1
GRID    2402    0       5.7701542.8241222.070E+1
GRID    2403    0       3.2729532.9948471.844E+1
GRID    2404    0       3.1847412.8575371.832E+1
GRID    2405    0       3.3054492.7008581.849E+1
GRID    2406    0       6.6616171.6260171.433E+1
GRID    2407    0       5.1617772.7050946.276345
GRID    2408    0       5.2847212.7579456.300035
GRID    2409    0       5.1760502.6851786.363239
GRID    2410    0       4.7145352.5449662.162E+1
GRID    2411    0       3.7198923.3791462.356E+1
GRID    2412    0       5.7244752.8385362.057E+1
GRID    2413    0       4.6504992.8557932.226E+1
GRID    2414    0       6.7678853.0328871.132E+1
GRID    2415    0       6.8531963.3517231.201E+1
GRID    2416    0       6.5616933.3662881.068E+1
GRID    2417    0       3.3688133.7634151.807E+1
GRID    2418    0       4.5772952.5336282.103E+1
GRID    2419    0       4.3525062.6151682.052E+1
GRID    2420    0       4.3032882.8879402.063E+1
GRID    2421    0       4.2592432.9555992.056E+1
GRID    2422    0       4.3018692.8616062.055E+1
GRID    2423    0       6.7629971.5445041.484E+1
GRID    2424    0       6.8214131.4958761.469E+1
GRID    2425    0       6.8700291.4806061.488E+1
GRID    2426    0       3.4906534.2362441.361E+1
GRID    2427    0       3.3060644.0368281.410E+1
GRID    2428    0       4.4489282.8185772.085E+1
GRID    2429    0       4.4234832.8118362.075E+1
GRID    2430    0       4.4823682.6122472.094E+1
GRID    2431    0       4.4941682.7281572.099E+1
GRID    2432    0       4.5278543.2684472.170E+1
GRID    2433    0       4.3908123.1055262.100E+1
GRID    2434    0       4.4067303.1623232.108E+1
GRID    2435    0       3.8395231.9367091.942E+1
GRID    2436    0       4.4192483.2507432.113E+1
GRID    2437    0       4.4538573.2191642.121E+1
GRID    2438    0       5.7309992.6374242.057E+1
GRID    2439    0       4.5710702.6051672.173E+1
GRID    2440    0       8.8252200.6482891.569E+1
GRID    2441    0       8.8063610.6606941.597E+1
GRID    2442    0       8.5288140.8058661.589E+1
GRID    2443    0       4.7242682.6561882.161E+1
GRID    2444    0       4.6982892.5772182.157E+1
GRID    2445    0       5.0130112.8324782.124E+1
GRID    2446    0       4.8681782.8443802.115E+1
GRID    2447    0       4.9728122.8508972.106E+1
GRID    2448    0       4.7859822.5884232.162E+1
GRID    2449    0       5.5549162.0914432.090E+1
GRID    2450    0       5.4984442.1108212.102E+1
GRID    2451    0       5.5732563.3477342.185E+1
GRID    2452    0       5.5421803.4220022.187E+1
GRID    2453    0       5.5142283.3775352.197E+1
GRID    2454    0       5.8343162.3919472.085E+1
GRID    2455    0       5.7119392.1812682.095E+1
GRID    2456    0       5.9633642.2244092.058E+1
GRID    2457    0       3.9640223.1817411.900E+1
GRID    2458    0       3.9900903.0934661.906E+1
GRID    2459    0       4.0599193.2443741.917E+1
GRID    2460    0       3.8362413.3364691.871E+1
GRID    2461    0       3.8905523.3244211.892E+1
GRID    2462    0       3.8124233.3775981.878E+1
GRID    2463    0       3.8985073.0557951.903E+1
GRID    2464    0       3.8094462.9863851.890E+1
GRID    2465    0       4.5252602.6165492.087E+1
GRID    2466    0       4.2020214.0686639.189110
GRID    2467    0       5.7234422.3587902.101E+1
GRID    2468    0       4.4091982.7958942.024E+1
GRID    2469    0       4.4059982.8042832.035E+1
GRID    2470    0       4.5196032.7093862.041E+1
GRID    2471    0       5.0082243.2388411.900E+1
GRID    2472    0       4.6689433.2432391.938E+1
GRID    2473    0       4.5776473.2345871.909E+1
GRID    2474    0       3.5593442.8869881.857E+1
GRID    2475    0       3.4871803.0216571.847E+1
GRID    2476    0       4.9632752.0281868.816214
GRID    2477    0       5.1521812.0433438.768198
GRID    2478    0       5.0855552.0097458.871187
GRID    2479    0       6.0547113.2073562.006E+1
GRID    2480    0       4.6918082.4083192.136E+1
GRID    2481    0       6.7372803.0571471.855E+1
GRID    2482    0       6.7152233.2438591.859E+1
GRID    2483    0       5.9646393.1214552.006E+1
GRID    2484    0       5.9179283.0873682.002E+1
GRID    2485    0       3.3310702.4282501.732E+1
GRID    2486    0       3.3717442.2333151.734E+1
GRID    2487    0       3.2650342.2784041.730E+1
GRID    2488    0       3.8156353.0513761.799E+1
GRID    2489    0       3.8814763.1872991.812E+1
GRID    2490    0       3.7928533.2991891.797E+1
GRID    2491    0       5.7665382.9505672.061E+1
GRID    2492    0       5.1654861.6672452.504E+1
GRID    2493    0       5.1721091.5369602.505E+1
GRID    2494    0       5.1684411.6091262.512E+1
GRID    2495    0       5.2221615.5003121.453E+1
GRID    2496    0       5.2020965.4338321.422E+1
GRID    2497    0       5.1637212.7328966.191773
GRID    2498    0       6.3444772.3967779.877015
GRID    2499    0       6.3404542.1360281.042E+1
GRID    2500    0       6.1852882.1021311.013E+1
GRID    2501    0       3.6991773.0518781.922E+1
GRID    2502    0       3.7522613.3596011.927E+1
GRID    2503    0       5.2778122.5550712.177E+1
GRID    2504    0       5.3451242.5510492.174E+1
GRID    2505    0       4.2124061.7119549.782899
GRID    2506    0       4.2464501.7416009.455317
GRID    2507    0       4.0617211.5706879.616110
GRID    2508    0       4.6620313.2231041.886E+1
GRID    2509    0       4.3668052.7270161.856E+1
GRID    2510    0       4.4243283.2122311.878E+1
GRID    2511    0       5.0156352.5502476.733961
GRID    2512    0       4.9944612.5957606.553441
GRID    2513    0       4.1786682.9178621.859E+1
GRID    2514    0       4.2326482.8345131.867E+1
GRID    2515    0       3.5561293.4086381.801E+1
GRID    2516    0       3.6454013.3480971.816E+1
GRID    2517    0       2.6749171.5117081.503E+1
GRID    2518    0       2.3566861.4321471.518E+1
GRID    2519    0       3.1764353.4109521.716E+1
GRID    2520    0       3.2021633.6322161.711E+1
GRID    2521    0       2.3947711.3737391.493E+1
GRID    2522    0       4.6559881.7201389.510585
GRID    2523    0       4.5687113.0887292.163E+1
GRID    2524    0       4.5242083.1024502.169E+1
GRID    2525    0       4.8040321.7099449.669796
GRID    2526    0       3.3563662.8679751.854E+1
GRID    2527    0       4.2228863.5248062.118E+1
GRID    2528    0       4.3232753.4939012.138E+1
GRID    2529    0       4.3814723.6439972.128E+1
GRID    2530    0       4.8638812.6682212.168E+1
GRID    2531    0       6.7993531.6853781.514E+1
GRID    2532    0       4.7555203.1502752.024E+1
GRID    2533    0       4.8515923.1547172.013E+1
GRID    2534    0       4.8533763.1253022.037E+1
GRID    2535    0       4.7241643.1488152.036E+1
GRID    2536    0       5.5673832.6912762.054E+1
GRID    2537    0       5.4132532.5709772.049E+1
GRID    2538    0       6.8286712.2634761.718E+1
GRID    2539    0       5.9288432.8253021.901E+1
GRID    2540    0       5.8415772.7210801.906E+1
GRID    2541    0       5.8735822.7670021.913E+1
GRID    2542    0       3.6765133.2776701.988E+1
GRID    2543    0       5.6771693.3297252.156E+1
GRID    2544    0       5.6529073.2236602.155E+1
GRID    2545    0       5.5207952.8954602.111E+1
GRID    2546    0       5.5153762.8254532.128E+1
GRID    2547    0       4.3802773.0677862.124E+1
GRID    2548    0       5.4327813.5457674.227839
GRID    2549    0       3.4764523.4764651.782E+1
GRID    2550    0       4.4647843.1999802.052E+1
GRID    2551    0       4.3895253.1705292.054E+1
GRID    2552    0       6.8085854.0017541.689E+1
GRID    2553    0       6.7970893.9369581.715E+1
GRID    2554    0       6.8568143.8455121.699E+1
GRID    2555    0       5.5630482.0210589.192483
GRID    2556    0       3.5703844.0201441.854E+1
GRID    2557    0       7.0435193.5244881.468E+1
GRID    2558    0       4.9612512.1292759.638063
GRID    2559    0       4.2005003.1580162.015E+1
GRID    2560    0       4.2222083.2023762.016E+1
GRID    2561    0       4.2246703.1290492.022E+1
GRID    2562    0       5.5923452.8200942.124E+1
GRID    2563    0       5.6114982.8621882.115E+1
GRID    2564    0       4.5099822.8092582.113E+1
GRID    2565    0       4.4635392.7431692.114E+1
GRID    2566    0       5.8016253.0686592.041E+1
GRID    2567    0       5.7789973.1255692.041E+1
GRID    2568    0       5.8376922.9993862.047E+1
GRID    2569    0       4.9573975.0281051.359E+1
GRID    2570    0       4.9807345.0171311.351E+1
GRID    2571    0       4.9274532.7130422.192E+1
GRID    2572    0       6.3282593.3934561.860E+1
GRID    2573    0       6.3920583.4384161.861E+1
GRID    2574    0       6.2566153.3619931.882E+1
GRID    2575    0       6.3967363.2779541.862E+1
GRID    2576    0       4.4511622.5616592.096E+1
GRID    2577    0       4.5830032.5942252.144E+1
GRID    2578    0       3.8867562.8689291.894E+1
GRID    2579    0       3.9982862.7728801.903E+1
GRID    2580    0       4.0091082.9916581.917E+1
GRID    2581    0       4.3670822.7352532.097E+1
GRID    2582    0       4.3542132.8426582.086E+1
GRID    2583    0       3.3276643.7149031.222E+1
GRID    2584    0       3.9254423.1833751.981E+1
GRID    2585    0       3.9008223.1759871.973E+1
GRID    2586    0       5.7247822.8410982.077E+1
GRID    2587    0       5.8226212.6077242.082E+1
GRID    2588    0       5.6938632.6406522.086E+1
GRID    2589    0       4.4384523.2126852.155E+1
GRID    2590    0       4.4970883.2635942.157E+1
GRID    2591    0       4.2124083.1925411.816E+1
GRID    2592    0       5.7076042.9808052.075E+1
GRID    2593    0       8.6205280.9977691.546E+1
GRID    2594    0       8.1332241.2599571.532E+1
GRID    2595    0       8.3503771.1605821.571E+1
GRID    2596    0       5.8026923.5487812.108E+1
GRID    2597    0       3.0580743.4311801.409E+1
GRID    2598    0       3.1914493.8578421.456E+1
GRID    2599    0       3.0859273.2918921.323E+1
GRID    2600    0       8.6448200.9645261.587E+1
GRID    2601    0       4.3364973.1396262.049E+1
GRID    2602    0       4.2911513.1359692.057E+1
GRID    2603    0       4.5154592.2789432.059E+1
GRID    2604    0       3.6736192.5739031.888E+1
GRID    2605    0       6.0369673.3436316.139777
GRID    2606    0       3.2742081.6308211.529E+1
GRID    2607    0       3.2850561.7070441.538E+1
GRID    2608    0       4.9879005.8830181.791311
GRID    2609    0       4.9988115.8222091.489946
GRID    2610    0       4.9931365.6247271.783689
GRID    2611    0       3.7188243.4159181.848E+1
GRID    2612    0       3.7342933.4307751.864E+1
GRID    2613    0       3.5863343.5274911.840E+1
GRID    2614    0       5.9723822.4865651.948E+1
GRID    2615    0       3.8981182.1519749.952950
GRID    2616    0       3.7651722.4374199.674522
GRID    2617    0       4.1187262.0245599.796527
GRID    2618    0       6.4158722.6352131.961E+1
GRID    2619    0       3.7807692.9953942.360E+1
GRID    2620    0       3.7461193.1073612.358E+1
GRID    2621    0       3.8478483.0286641.932E+1
GRID    2622    0       3.7912903.0088201.928E+1
GRID    2623    0       3.6570483.4563901.806E+1
GRID    2624    0       4.8725751.7433319.537922
GRID    2625    0       5.5493102.6363462.129E+1
GRID    2626    0       5.5369352.6046532.137E+1
GRID    2627    0       5.4970782.6743302.142E+1
GRID    2628    0       3.5391132.3973982.372E+1
GRID    2629    0       3.5848742.3106022.371E+1
GRID    2630    0       4.9859463.2358523.366617
GRID    2631    0       4.6264123.1294682.167E+1
GRID    2632    0       4.0604052.9703701.871E+1
GRID    2633    0       4.0706343.1180941.870E+1
GRID    2634    0       4.1311463.1213261.867E+1
GRID    2635    0       4.0918432.9205161.887E+1
GRID    2636    0       4.0725612.9853711.882E+1
GRID    2637    0       5.2748873.0638524.590575
GRID    2638    0       5.0069153.0646134.287580
GRID    2639    0       5.4883265.0026221.376E+1
GRID    2640    0       5.2989705.0398071.386E+1
GRID    2641    0       6.2050393.1607971.971E+1
GRID    2642    0       4.8346672.0492628.890898
GRID    2643    0       4.9491081.9878918.968597
GRID    2644    0       4.4744993.1599622.170E+1
GRID    2645    0       5.9624722.9300281.830E+1
GRID    2646    0       5.8421532.8342001.834E+1
GRID    2647    0       5.9904893.0516411.827E+1
GRID    2648    0       6.0917432.8980181.821E+1
GRID    2649    0       4.4243703.4673692.158E+1
GRID    2650    0       4.4782653.3616692.172E+1
GRID    2651    0       4.4167093.3545932.163E+1
GRID    2652    0       4.3678133.1352202.141E+1
GRID    2653    0       3.6652512.6112281.851E+1
GRID    2654    0       3.6903272.5322691.860E+1
GRID    2655    0       3.5105981.6372291.328E+1
GRID    2656    0       3.5020551.5789701.399E+1
GRID    2657    0       5.0771121.2461652.264294
GRID    2658    0       5.0751851.3697592.455521
GRID    2659    0       5.0737641.1722742.402252
GRID    2660    0       5.5675132.4324722.121E+1
GRID    2661    0       5.5411312.4799752.119E+1
GRID    2662    0       6.3793193.0044061.924E+1
GRID    2663    0       6.3141112.7345851.922E+1
GRID    2664    0       5.3243592.8294746.080032
GRID    2665    0       5.0794462.7180106.100455
GRID    2666    0       4.5671912.8452592.219E+1
GRID    2667    0       4.2573413.1365911.867E+1
GRID    2668    0       5.6376352.8439472.164E+1
GRID    2669    0       5.6447942.9236262.165E+1
GRID    2670    0       5.6163402.8450712.173E+1
GRID    2671    0       5.5759063.0081132.171E+1
GRID    2672    0       6.5506631.4477311.537E+1
GRID    2673    0       6.1733711.2567141.537E+1
GRID    2674    0       5.6761532.6948762.079E+1
GRID    2675    0       5.6294012.6042782.088E+1
GRID    2676    0       5.6774573.0643882.152E+1
GRID    2677    0       5.6167422.6637762.126E+1
GRID    2678    0       5.6549362.6553892.133E+1
GRID    2679    0       4.9498485.8324651.450E+1
GRID    2680    0       4.9069245.6778921.469E+1
GRID    2681    0       4.9627625.9648221.463E+1
GRID    2682    0       5.6104043.3204382.176E+1
GRID    2683    0       4.2581422.7150102.028E+1
GRID    2684    0       4.3081532.7430102.046E+1
GRID    2685    0       3.2449823.0065001.816E+1
GRID    2686    0       3.3336983.2928671.818E+1
GRID    2687    0       4.2961652.5145652.029E+1
GRID    2688    0       4.6627763.1981972.171E+1
GRID    2689    0       4.6023643.0861582.152E+1
GRID    2690    0       4.4423663.2784042.155E+1
GRID    2691    0       4.4829723.3228042.159E+1
GRID    2692    0       6.3724232.7664811.905E+1
GRID    2693    0       6.4239592.6232381.888E+1
GRID    2694    0       4.9101165.7593851.505E+1
GRID    2695    0       4.8360975.4891521.493E+1
GRID    2696    0       5.2024752.7567032.501E+1
GRID    2697    0       5.1248942.7744402.495E+1
GRID    2698    0       4.1723053.1485832.016E+1
GRID    2699    0       4.8182262.7301132.152E+1
GRID    2700    0       3.6633382.6758862.342E+1
GRID    2701    0       3.5912972.7881662.343E+1
GRID    2702    0       5.9248772.5718192.069E+1
GRID    2703    0       4.5262642.6431772.101E+1
GRID    2704    0       5.9844401.1962271.589E+1
GRID    2705    0       4.3745163.1505602.048E+1
GRID    2706    0       4.3646273.1128182.039E+1
GRID    2707    0       4.3542333.1878852.036E+1
GRID    2708    0       4.3259043.1276182.040E+1
GRID    2709    0       3.7237562.6919572.351E+1
GRID    2710    0       3.5568442.7415652.353E+1
GRID    2711    0       3.5997372.6732112.341E+1
GRID    2712    0       6.7993463.5752631.766E+1
GRID    2713    0       6.8841323.4864641.771E+1
GRID    2714    0       6.8567793.4585181.765E+1
GRID    2715    0       5.4562342.4340922.141E+1
GRID    2716    0       3.5551313.0237762.349E+1
GRID    2717    0       3.5792833.0023962.352E+1
GRID    2718    0       5.0822896.7652840.572125
GRID    2719    0       5.1008966.6462370.728069
GRID    2720    0       5.0970516.5527320.564625
GRID    2721    0       5.0662696.7803680.691705
GRID    2722    0       4.4970691.9437779.052017
GRID    2723    0       4.3588231.8364209.146239
GRID    2724    0       3.6482551.9112152.359E+1
GRID    2725    0       3.7085742.0236402.359E+1
GRID    2726    0       1.4800370.9210561.497E+1
GRID    2727    0       1.3018790.8380831.507E+1
GRID    2728    0       1.5267240.9921351.524E+1
GRID    2729    0       4.7256002.3836052.135E+1
GRID    2730    0       4.2112773.0756562.046E+1
GRID    2731    0       4.2896113.0362522.039E+1
GRID    2732    0       4.2221503.0190062.047E+1
GRID    2733    0       4.2607953.0842672.031E+1
GRID    2734    0       5.7909334.8677231.374E+1
GRID    2735    0       5.1727522.7380122.520E+1
GRID    2736    0       5.2111742.6352962.518E+1
GRID    2737    0       4.4535022.6447712.124E+1
GRID    2738    0       4.2842702.8313492.109E+1
GRID    2739    0       4.5592564.9735211.414E+1
GRID    2740    0       4.2735264.8839501.434E+1
GRID    2741    0       5.4778262.2294528.428591
GRID    2742    0       5.5857802.1761408.748318
GRID    2743    0       5.2867202.1236978.582077
GRID    2744    0       6.4018783.2600281.920E+1
GRID    2745    0       6.3153513.1613411.936E+1
GRID    2746    0       6.3224173.1551271.882E+1
GRID    2747    0       6.3046883.0101911.889E+1
GRID    2748    0       6.2308113.1843801.894E+1
GRID    2749    0       5.6155873.4602522.161E+1
GRID    2750    0       5.5817803.4431642.169E+1
GRID    2751    0       4.2276092.8830791.826E+1
GRID    2752    0       4.1019472.8790841.807E+1
GRID    2753    0       4.0551802.9065151.791E+1
GRID    2754    0       4.0385333.0339151.784E+1
GRID    2755    0       4.1566903.1601381.791E+1
GRID    2756    0       4.4266372.6531422.131E+1
GRID    2757    0       3.5385742.5747931.850E+1
GRID    2758    0       3.6617122.6015461.864E+1
GRID    2759    0       5.8905632.7018442.064E+1
GRID    2760    0       6.0098422.6260682.055E+1
GRID    2761    0       6.0563312.6631212.065E+1
GRID    2762    0       4.4722843.1359682.128E+1
GRID    2763    0       4.5689162.9945122.136E+1
GRID    2764    0       4.6127323.0532592.108E+1
GRID    2765    0       2.0580751.0624241.459E+1
GRID    2766    0       1.9235220.9766331.471E+1
GRID    2767    0       1.8620880.9733291.457E+1
GRID    2768    0       6.1188863.8999062.016E+1
GRID    2769    0       5.7885971.7886109.340288
GRID    2770    0       4.9791053.4931063.423036
GRID    2771    0       4.9777813.3550873.166513
GRID    2772    0       4.4098733.2074842.157E+1
GRID    2773    0       3.1238332.2235321.446E+1
GRID    2774    0       3.1995162.0680221.485E+1
GRID    2775    0       3.0739972.3518161.502E+1
GRID    2776    0       5.5090791.8984359.111331
GRID    2777    0       5.4331581.9567688.998419
GRID    2778    0       3.6802673.2260401.844E+1
GRID    2779    0       5.1915132.4384542.175E+1
GRID    2780    0       3.5413582.8641081.731E+1
GRID    2781    0       3.4433252.9950881.720E+1
GRID    2782    0       3.4291702.8204611.720E+1
GRID    2783    0       6.9207483.2661351.742E+1
GRID    2784    0       6.8158393.3254891.759E+1
GRID    2785    0       6.8628663.1699351.752E+1
GRID    2786    0       9.2506550.5970641.499E+1
GRID    2787    0       9.5611500.4250491.511E+1
GRID    2788    0       9.5217720.4372041.485E+1
GRID    2789    0       5.2953722.4576172.184E+1
GRID    2790    0       5.0830962.4365702.185E+1
GRID    2791    0       4.4762513.1447544.836620
GRID    2792    0       4.2405003.2390225.022995
GRID    2793    0       4.1403203.3711485.172224
GRID    2794    0       5.1368462.7332532.155E+1
GRID    2795    0       5.3574192.6011992.159E+1
GRID    2796    0       4.0618893.4186542.016E+1
GRID    2797    0       4.0288213.5078642.026E+1
GRID    2798    0       4.1403803.3822962.023E+1
GRID    2799    0       4.1774623.2981002.016E+1
GRID    2800    0       5.9042583.5996342.080E+1
GRID    2801    0       7.1046842.8543801.397E+1
GRID    2802    0       7.1015383.1702601.405E+1
GRID    2803    0       7.0632992.5261021.403E+1
GRID    2804    0       5.7526703.4548952.142E+1
GRID    2805    0       4.6428392.3919972.136E+1
GRID    2806    0       5.7784913.0878712.148E+1
GRID    2807    0       3.3764473.7826931.851E+1
GRID    2808    0       5.4533963.0719912.157E+1
GRID    2809    0       5.5681773.0829832.163E+1
GRID    2810    0       4.2668512.8875762.084E+1
GRID    2811    0       6.8219192.3748961.759E+1
GRID    2812    0       6.8126012.1780721.753E+1
GRID    2813    0       6.7334692.3058071.759E+1
GRID    2814    0       4.4216843.0854252.058E+1
GRID    2815    0       4.4923563.1160112.059E+1
GRID    2816    0       4.5149631.6234689.779060
GRID    2817    0       4.8182401.6892539.994209
GRID    2818    0       5.0790626.5975851.417E+1
GRID    2819    0       5.0892536.3939441.433E+1
GRID    2820    0       5.0874596.3597041.408E+1
GRID    2821    0       9.0459550.7004271.585E+1
GRID    2822    0       8.8077840.8174261.609E+1
GRID    2823    0       6.4993243.2150801.739E+1
GRID    2824    0       4.8230042.8198312.515E+1
GRID    2825    0       4.8362502.9029392.516E+1
GRID    2826    0       4.4562873.0324652.145E+1
GRID    2827    0       5.8561743.1819972.009E+1
GRID    2828    0       5.8898603.2825942.002E+1
GRID    2829    0       5.1287945.1678971.353E+1
GRID    2830    0       5.0674625.0473751.339E+1
GRID    2831    0       5.0501755.1247771.339E+1
GRID    2832    0       5.2658312.2252232.507E+1
GRID    2833    0       5.2518462.2647732.502E+1
GRID    2834    0       5.2646562.3346932.507E+1
GRID    2835    0       5.1264843.1218973.689528
GRID    2836    0       3.8512612.6169829.175449
GRID    2837    0       4.3633783.8057216.882072
GRID    2838    0       4.7764303.9882767.147374
GRID    2839    0       4.8197893.9383316.859715
GRID    2840    0       4.4014603.0031372.167E+1
GRID    2841    0       4.4770343.0572552.182E+1
GRID    2842    0       4.9932874.0086836.978227
GRID    2843    0       6.4141143.6988391.066E+1
GRID    2844    0       6.2549463.9943061.077E+1
GRID    2845    0       3.9893362.7414138.604649
GRID    2846    0       6.5475171.5568831.344E+1
GRID    2847    0       4.5892932.1111072.103E+1
GRID    2848    0       4.6438862.1335292.111E+1
GRID    2849    0       3.7582743.1355741.985E+1
GRID    2850    0       3.8373413.1476331.981E+1
GRID    2851    0       3.8261273.1904731.978E+1
GRID    2852    0       3.9380913.2401532.004E+1
GRID    2853    0       3.9412273.1811181.994E+1
GRID    2854    0       3.2519413.6504591.688E+1
GRID    2855    0       3.2617223.7607461.691E+1
GRID    2856    0       4.3565343.3056362.148E+1
GRID    2857    0       5.7355812.7433892.043E+1
GRID    2858    0       3.6910803.9711601.100E+1
GRID    2859    0       3.7180284.1841861.177E+1
GRID    2860    0       3.9422114.1487561.066E+1
GRID    2861    0       6.4708051.4134481.580E+1
GRID    2862    0       5.0693552.2953402.141E+1
GRID    2863    0       5.1155322.3888132.140E+1
GRID    2864    0       6.6033172.3008361.859E+1
GRID    2865    0       5.7915152.8625872.050E+1
GRID    2866    0       5.7577192.7527442.054E+1
GRID    2867    0       5.4998512.5878582.146E+1
GRID    2868    0       4.3856882.8275642.069E+1
GRID    2869    0       4.3578722.8543762.072E+1
GRID    2870    0       5.0691753.6694565.128031
GRID    2871    0       4.6784373.6534775.390333
GRID    2872    0       5.0333283.7785175.927536
GRID    2873    0       5.4101203.6643905.463575
GRID    2874    0       4.4293132.9930312.067E+1
GRID    2875    0       4.4604812.9527582.067E+1
GRID    2876    0       5.8219683.1962231.846E+1
GRID    2877    0       5.7995133.1794661.834E+1
GRID    2878    0       2.1268081.3176571.518E+1
GRID    2879    0       1.8048041.1735161.541E+1
GRID    2880    0       2.2044421.4091861.547E+1
GRID    2881    0       5.3900353.1722412.156E+1
GRID    2882    0       5.3025773.2353002.165E+1
GRID    2883    0       3.3091061.6130911.513E+1
GRID    2884    0       4.9905443.5868933.643432
GRID    2885    0       4.4565533.1529332.160E+1
GRID    2886    0       4.4872742.2285408.597751
GRID    2887    0       4.6110092.1163118.832297
GRID    2888    0       6.0299424.7655491.416E+1
GRID    2889    0       5.9199784.8714431.479E+1
GRID    2890    0       5.7127653.3803942.153E+1
GRID    2891    0       6.2417852.9548801.993E+1
GRID    2892    0       6.8220361.6656861.547E+1
GRID    2893    0       6.7842891.5760981.561E+1
GRID    2894    0       6.7234941.5995241.534E+1
GRID    2895    0       5.3573681.9218639.080014
GRID    2896    0       5.2421261.9454839.046324
GRID    2897    0       5.6044302.6949562.102E+1
GRID    2898    0       5.6920832.6604692.117E+1
GRID    2899    0       5.6455032.6879212.074E+1
GRID    2900    0       5.7293752.7329152.063E+1
GRID    2901    0       5.6760143.2932722.169E+1
GRID    2902    0       5.0017723.9772986.843438
GRID    2903    0       6.9479612.1495461.398E+1
GRID    2904    0       7.0634752.4298121.484E+1
GRID    2905    0       3.1985402.6924001.820E+1
GRID    2906    0       3.2435782.5198451.837E+1
GRID    2907    0       3.9953002.4311381.937E+1
GRID    2908    0       4.1049082.4987391.950E+1
GRID    2909    0       4.0833272.4581681.942E+1
GRID    2910    0       4.0166262.5586681.942E+1
GRID    2911    0       3.8600163.2052821.775E+1
GRID    2912    0       3.8610523.3314091.770E+1
GRID    2913    0       3.9891223.2708411.788E+1
GRID    2914    0       3.8084892.9837818.919029
GRID    2915    0       5.4837524.9473791.335E+1
GRID    2916    0       3.8707703.1224081.890E+1
GRID    2917    0       6.2723623.4642492.028E+1
GRID    2918    0       6.2480313.5477652.021E+1
GRID    2919    0       6.2212533.5732162.037E+1
GRID    2920    0       6.0101352.8799521.836E+1
GRID    2921    0       4.0687433.0923851.800E+1
GRID    2922    0       4.9854332.2859402.117E+1
GRID    2923    0       3.7539903.4206152.363E+1
GRID    2924    0       6.8036013.3383741.844E+1
GRID    2925    0       6.6959493.3923271.863E+1
GRID    2926    0       7.0028183.7349481.648E+1
GRID    2927    0       7.1117551.5074001.481E+1
GRID    2928    0       7.2203531.4534511.475E+1
GRID    2929    0       7.0919051.4350681.464E+1
GRID    2930    0       7.2082651.4119581.464E+1
GRID    2931    0       4.2876182.7260452.092E+1
GRID    2932    0       4.2766822.7745292.079E+1
GRID    2933    0       4.3916122.7975002.078E+1
GRID    2934    0       4.5730321.8991149.106704
GRID    2935    0       6.5531333.2946051.765E+1
GRID    2936    0       6.4676723.1967561.779E+1
GRID    2937    0       6.4014213.3365881.781E+1
GRID    2938    0       4.3295382.9629892.086E+1
GRID    2939    0       5.5679682.9259252.166E+1
GRID    2940    0       5.5273532.9643962.170E+1
GRID    2941    0       4.2439543.0935372.043E+1
GRID    2942    0       4.4503183.2274772.147E+1
GRID    2943    0       4.4810563.3115632.146E+1
GRID    2944    0       4.9223252.4842212.169E+1
GRID    2945    0       6.4501832.7458061.845E+1
GRID    2946    0       6.4862492.5773021.838E+1
GRID    2947    0       4.4054652.5656312.093E+1
GRID    2948    0       4.0606883.3691856.580930
GRID    2949    0       4.0479473.2227476.894656
GRID    2950    0       4.0458763.3785866.974725
GRID    2951    0       1.5094620.7621141.517E+1
GRID    2952    0       6.6010844.1086611.252E+1
GRID    2953    0       5.7884653.1112752.083E+1
GRID    2954    0       4.2628753.8810687.830364
GRID    2955    0       4.4836504.0224667.957752
GRID    2956    0       4.3105173.8539157.403923
GRID    2957    0       4.8527772.5597902.002E+1
GRID    2958    0       4.9364292.3285822.520E+1
GRID    2959    0       5.1109253.8011633.251372
GRID    2960    0       5.0976283.9667153.435438
GRID    2961    0       5.1012493.7534463.581077
GRID    2962    0       6.6405722.9368321.950E+1
GRID    2963    0       6.5655082.6446441.962E+1
GRID    2964    0       4.3872582.9997602.045E+1
GRID    2965    0       6.3499023.0830621.870E+1
GRID    2966    0       6.3681863.2141901.855E+1
GRID    2967    0       4.3879872.7688742.076E+1
GRID    2968    0       3.4654952.7369781.041E+1
GRID    2969    0       3.6833942.7193699.569981
GRID    2970    0       3.5806462.3950161.030E+1
GRID    2971    0       3.9034341.4022039.787618
GRID    2972    0       3.9112191.4327249.634944
GRID    2973    0       3.8047081.3323759.641266
GRID    2974    0       6.6395291.8687221.224E+1
GRID    2975    0       6.5888722.0176581.154E+1
GRID    2976    0       6.6565862.3199921.127E+1
GRID    2977    0       3.1019822.8692041.639E+1
GRID    2978    0       3.1384242.6294311.673E+1
GRID    2979    0       4.4594852.3375372.095E+1
GRID    2980    0       5.9220593.1848252.008E+1
GRID    2981    0       5.9718193.1441952.000E+1
GRID    2982    0       4.6624572.3401772.141E+1
GRID    2983    0       5.8219683.0056042.082E+1
GRID    2984    0       5.8067472.9183212.101E+1
GRID    2985    0       5.8156802.8857222.079E+1
GRID    2986    0       4.5532172.7842641.827E+1
GRID    2987    0       5.1413142.4008062.153E+1
GRID    2988    0       3.6787473.0350721.993E+1
GRID    2989    0       4.9975362.2017192.127E+1
GRID    2990    0       4.9198082.2109372.133E+1
GRID    2991    0       5.5243062.5680392.154E+1
GRID    2992    0       5.4370662.5855392.153E+1
GRID    2993    0       4.5807363.9654337.366932
GRID    2994    0       5.2656952.4224092.507E+1
GRID    2995    0       5.2462532.4172332.517E+1
GRID    2996    0       6.1066553.0590851.900E+1
GRID    2997    0       6.1726373.0873641.898E+1
GRID    2998    0       5.0199546.1242631.388E+1
GRID    2999    0       5.0163596.4092501.398E+1
GRID    3000    0       5.0241296.3433531.372E+1
GRID    3001    0       5.9399102.8353651.836E+1
GRID    3002    0       5.4636022.8073262.220E+1
GRID    3003    0       4.9149072.2632522.140E+1
GRID    3004    0       4.9390382.3053812.150E+1
GRID    3005    0       4.2450862.7422531.827E+1
GRID    3006    0       4.2799382.8106281.834E+1
GRID    3007    0       5.7731902.9915872.076E+1
GRID    3008    0       5.7544113.0626972.104E+1
GRID    3009    0       5.0892131.9482472.002086
GRID    3010    0       5.0920012.2200882.200868
GRID    3011    0       5.0853072.0035732.380875
GRID    3012    0       4.9809072.7985482.182E+1
GRID    3013    0       6.8639063.2521991.860E+1
GRID    3014    0       6.8217283.4024241.856E+1
GRID    3015    0       6.8294673.2951121.876E+1
GRID    3016    0       5.2297895.1090751.403E+1
GRID    3017    0       4.4019892.8375502.076E+1
GRID    3018    0       4.4057532.8338512.087E+1
GRID    3019    0       6.7577703.5671531.869E+1
GRID    3020    0       4.5135333.0245062.056E+1
GRID    3021    0       6.4560751.7812851.858E+1
GRID    3022    0       6.0466531.4670001.832E+1
GRID    3023    0       6.4421153.1734549.851591
GRID    3024    0       6.5027282.9307761.001E+1
GRID    3025    0       6.4832372.6457161.009E+1
GRID    3026    0       6.6944332.3924921.712E+1
GRID    3027    0       4.6522742.9287732.189E+1
GRID    3028    0       5.5365802.8391302.203E+1
GRID    3029    0       5.0444596.3178061.515E+1
GRID    3030    0       5.0465156.4688571.500E+1
GRID    3031    0       5.0099436.2869921.503E+1
GRID    3032    0       4.2550721.7691281.986E+1
GRID    3033    0       4.3676631.8044072.012E+1
GRID    3034    0       4.1219801.9721732.009E+1
GRID    3035    0       4.3027851.9197192.030E+1
GRID    3036    0       5.7559792.8528942.113E+1
GRID    3037    0       3.9601552.7408691.931E+1
GRID    3038    0       3.8117802.8702571.923E+1
GRID    3039    0       5.9632113.9382308.995399
GRID    3040    0       6.0291183.9337759.525608
GRID    3041    0       6.0765913.7477638.933608
GRID    3042    0       3.5251603.0155681.005E+1
GRID    3043    0       4.2736332.4833681.994E+1
GRID    3044    0       5.5765053.3454213.813747
GRID    3045    0       4.2166453.2901811.972E+1
GRID    3046    0       4.7328724.1149748.110150
GRID    3047    0       5.0460113.9961971.578366
GRID    3048    0       5.0861664.1451961.811130
GRID    3049    0       5.0554353.6100191.760508
GRID    3050    0       3.5238512.5093732.377E+1
GRID    3051    0       3.5663402.4486552.386E+1
GRID    3052    0       3.5665832.5486112.385E+1
GRID    3053    0       6.2658623.0153141.884E+1
GRID    3054    0       4.6939602.5013012.162E+1
GRID    3055    0       4.1877052.9875351.818E+1
GRID    3056    0       4.6293763.3676882.165E+1
GRID    3057    0       4.5772163.3765972.171E+1
GRID    3058    0       4.5470183.4030942.163E+1
GRID    3059    0       4.6127943.3107872.186E+1
GRID    3060    0       4.5765743.4013322.180E+1
GRID    3061    0       4.6637243.3824432.182E+1
GRID    3062    0       3.6489372.5980061.778E+1
GRID    3063    0       6.1327822.7015561.941E+1
GRID    3064    0       5.9389162.7868331.937E+1
GRID    3065    0       5.9747512.5013541.953E+1
GRID    3066    0       3.3365123.1878921.707E+1
GRID    3067    0       3.4549473.4553531.716E+1
GRID    3068    0       3.2458503.4450971.691E+1
GRID    3069    0       5.0254622.2747812.131E+1
GRID    3070    0       5.0060934.0410387.103806
GRID    3071    0       4.7690993.0612054.760469
GRID    3072    0       4.6017083.0475765.259902
GRID    3073    0       6.0080493.2874671.832E+1
GRID    3074    0       6.3810863.4632641.815E+1
GRID    3075    0       6.3467993.3090201.823E+1
GRID    3076    0       6.2840103.4230381.832E+1
GRID    3077    0       4.9128073.0268842.519E+1
GRID    3078    0       4.8067532.9922802.516E+1
GRID    3079    0       4.8357132.9792642.519E+1
GRID    3080    0       5.4190562.0709068.921336
GRID    3081    0       5.3278862.0773338.796857
GRID    3082    0       4.4030093.0819202.148E+1
GRID    3083    0       4.4769873.0915802.146E+1
GRID    3084    0       4.9025362.4549732.139E+1
GRID    3085    0       4.0223933.0769481.863E+1
GRID    3086    0       3.2373982.2564631.740E+1
GRID    3087    0       6.1125722.8082241.783E+1
GRID    3088    0       6.0700562.7266981.783E+1
GRID    3089    0       5.4655502.4811542.129E+1
GRID    3090    0       4.2828603.2546322.048E+1
GRID    3091    0       4.4687882.6809572.104E+1
GRID    3092    0       4.4254542.8514652.117E+1
GRID    3093    0       6.7154963.4494171.773E+1
GRID    3094    0       4.0214823.1551091.826E+1
GRID    3095    0       3.2470382.4233911.795E+1
GRID    3096    0       3.2778842.2651881.799E+1
GRID    3097    0       3.3364872.4182781.806E+1
GRID    3098    0       6.7365083.1988701.867E+1
GRID    3099    0       6.7812373.0782471.866E+1
GRID    3100    0       3.2575913.1487631.740E+1
GRID    3101    0       3.2429862.9709121.736E+1
GRID    3102    0       3.3274992.9537131.745E+1
GRID    3103    0       3.2441903.0007151.744E+1
GRID    3104    0       3.2124342.8053161.745E+1
GRID    3105    0       3.1689862.8309311.746E+1
GRID    3106    0       3.1675302.9503001.740E+1
GRID    3107    0       6.4805691.4447071.623E+1
GRID    3108    0       4.5026612.0526652.055E+1
GRID    3109    0       4.3936132.2007752.041E+1
GRID    3110    0       4.4693422.0719992.039E+1
GRID    3111    0       5.0508424.0889923.636277
GRID    3112    0       5.1029774.1746243.280405
GRID    3113    0       6.8275833.3881281.814E+1
GRID    3114    0       6.8815953.1944511.813E+1
GRID    3115    0       4.9817564.1364228.054495
GRID    3116    0       4.8929924.0589717.541288
GRID    3117    0       5.2568214.1209358.059216
GRID    3118    0       4.5531383.7344172.135E+1
GRID    3119    0       4.7970233.7749482.157E+1
GRID    3120    0       6.8107812.7928561.789E+1
GRID    3121    0       6.8609913.0024811.785E+1
GRID    3122    0       4.8498092.9726055.181091
GRID    3123    0       5.0911282.9554305.041139
GRID    3124    0       5.5996212.7303572.096E+1
GRID    3125    0       5.6655022.7245992.085E+1
GRID    3126    0       0.7772310.3794211.515E+1
GRID    3127    0       1.0257820.5159001.492E+1
GRID    3128    0       1.0652210.5298271.522E+1
GRID    3129    0       3.4712912.8317391.870E+1
GRID    3130    0       3.4461122.6224531.862E+1
GRID    3131    0       6.1475832.9040361.856E+1
GRID    3132    0       6.0447542.9961461.870E+1
GRID    3133    0       3.1836353.2798161.682E+1
GRID    3134    0       3.2133603.2826381.703E+1
GRID    3135    0       3.1669713.3422571.707E+1
GRID    3136    0       3.9061823.0935178.272063
GRID    3137    0       3.8604183.2684428.642223
GRID    3138    0       4.3825963.0155962.055E+1
GRID    3139    0       4.5137463.3171282.165E+1
GRID    3140    0       4.9830685.1174851.349E+1
GRID    3141    0       5.0501085.3044991.346E+1
GRID    3142    0       5.0233655.0302541.341E+1
GRID    3143    0       4.2166513.4281722.085E+1
GRID    3144    0       4.2969353.3108772.093E+1
GRID    3145    0       4.2295523.4703572.100E+1
GRID    3146    0       4.4727463.2406732.174E+1
GRID    3147    0       3.2547073.6387781.767E+1
GRID    3148    0       8.0734491.3238451.585E+1
GRID    3149    0       8.4334891.0870321.598E+1
GRID    3150    0       4.4508612.8038402.079E+1
GRID    3151    0       6.8774432.4528111.726E+1
GRID    3152    0       4.7739063.1777892.046E+1
GRID    3153    0       4.6358703.2122092.040E+1
GRID    3154    0       4.6776953.2868952.040E+1
GRID    3155    0       4.9115803.1232382.057E+1
GRID    3156    0       5.0243323.2259292.048E+1
GRID    3157    0       4.7069963.1209112.046E+1
GRID    3158    0       6.8329222.6531371.763E+1
GRID    3159    0       6.8705072.4453391.763E+1
GRID    3160    0       3.3228282.9877851.109E+1
GRID    3161    0       3.3245602.6008731.133E+1
GRID    3162    0       5.5032302.6540642.108E+1
GRID    3163    0       5.0307543.1904741.837E+1
GRID    3164    0       5.1276672.8888952.106E+1
GRID    3165    0       5.1958422.9401492.091E+1
GRID    3166    0       6.0420012.8654591.914E+1
GRID    3167    0       5.9316062.7253291.919E+1
GRID    3168    0       6.1955513.0064881.890E+1
GRID    3169    0       6.1770202.8967471.890E+1
GRID    3170    0       5.9347132.7985371.926E+1
GRID    3171    0       5.7441412.6687901.934E+1
GRID    3172    0       6.1093423.3774462.020E+1
GRID    3173    0       3.8626082.7043861.887E+1
GRID    3174    0       5.8539623.1883022.022E+1
GRID    3175    0       5.8916823.2916052.023E+1
GRID    3176    0       6.6428233.1054591.840E+1
GRID    3177    0       5.8071683.1417692.065E+1
GRID    3178    0       5.7893243.1368212.057E+1
GRID    3179    0       5.7386673.1690072.067E+1
GRID    3180    0       5.6260752.8110892.076E+1
GRID    3181    0       3.7418513.1640191.980E+1
GRID    3182    0       4.0569753.0264441.890E+1
GRID    3183    0       4.4456313.3952052.122E+1
GRID    3184    0       4.4594173.3500092.120E+1
GRID    3185    0       3.7716892.4550881.965E+1
GRID    3186    0       5.8767283.1354261.999E+1
GRID    3187    0       4.4946153.1285152.087E+1
GRID    3188    0       4.5736243.0185022.079E+1
GRID    3189    0       4.4886012.9723142.092E+1
GRID    3190    0       4.4586713.0498562.072E+1
GRID    3191    0       5.7600902.7410541.886E+1
GRID    3192    0       5.9447082.7218171.872E+1
GRID    3193    0       4.5418012.4291312.123E+1
GRID    3194    0       6.9377531.5511521.480E+1
GRID    3195    0       7.0342581.4912061.472E+1
GRID    3196    0       3.7527721.3495461.493E+1
GRID    3197    0       4.5546303.0449922.167E+1
GRID    3198    0       6.5101991.6436331.276E+1
GRID    3199    0       6.4109671.6742121.219E+1
GRID    3200    0       4.1150733.1825342.011E+1
GRID    3201    0       3.5356474.2460201.719E+1
GRID    3202    0       1.7633520.8992851.579E+1
GRID    3203    0       1.5178620.7702971.595E+1
GRID    3204    0       3.6479272.5613022.394E+1
GRID    3205    0       3.7021632.4935002.396E+1
GRID    3206    0       5.7557033.1558672.035E+1
GRID    3207    0       5.7398883.0949952.037E+1
GRID    3208    0       5.6251883.0997582.045E+1
GRID    3209    0       5.0344901.9290169.494743
GRID    3210    0       6.0342963.8986412.033E+1
GRID    3211    0       3.6131593.1473091.905E+1
GRID    3212    0       3.5912083.3351811.894E+1
GRID    3213    0       5.5814852.6169252.154E+1
GRID    3214    0       5.6561212.6136102.141E+1
GRID    3215    0       6.7775281.5820771.504E+1
GRID    3216    0       5.0026606.5915830.560993
GRID    3217    0       5.0164436.7490350.712326
GRID    3218    0       5.0186826.8035390.583765
GRID    3219    0       4.6624802.6705742.209E+1
GRID    3220    0       4.7078572.8646752.241E+1
GRID    3221    0       6.1573813.5841952.054E+1
GRID    3222    0       7.1285171.6312611.681E+1
GRID    3223    0       6.2187083.2408352.003E+1
GRID    3224    0       6.8933123.5644771.697E+1
GRID    3225    0       6.8787403.6633561.697E+1
GRID    3226    0       6.9165973.6056481.702E+1
GRID    3227    0       5.4381663.1416352.162E+1
GRID    3228    0       5.5239283.1033382.168E+1
GRID    3229    0       5.3998293.2455022.162E+1
GRID    3230    0       6.2191433.3171702.052E+1
GRID    3231    0       6.3154833.2557352.030E+1
GRID    3232    0       6.2481023.3810372.040E+1
GRID    3233    0       4.5743932.5476232.126E+1
GRID    3234    0       4.6010532.6050182.125E+1
GRID    3235    0       6.1926403.5014722.047E+1
GRID    3236    0       3.2241173.9251821.517E+1
GRID    3237    0       5.4942182.6081152.124E+1
GRID    3238    0       4.5000183.0998322.155E+1
GRID    3239    0       3.9855823.1211601.915E+1
GRID    3240    0       4.0925463.1449551.931E+1
GRID    3241    0       4.1531632.7980491.933E+1
GRID    3242    0       4.1763273.1307111.921E+1
GRID    3243    0       4.2129863.1158051.911E+1
GRID    3244    0       4.2791083.1571611.928E+1
GRID    3245    0       6.4400134.1927341.207E+1
GRID    3246    0       6.3252374.1277421.139E+1
GRID    3247    0       6.1960684.3545311.179E+1
GRID    3248    0       4.2320424.7800271.369E+1
GRID    3249    0       5.2963903.8457136.468307
GRID    3250    0       5.5746393.8154496.668027
GRID    3251    0       5.6455423.7211676.294454
GRID    3252    0       4.5109332.7439996.935992
GRID    3253    0       4.3654712.7453597.238390
GRID    3254    0       4.3388782.9357656.738018
GRID    3255    0       6.8673292.2573901.722E+1
GRID    3256    0       4.2699892.8012072.037E+1
GRID    3257    0       4.2553872.8873582.034E+1
GRID    3258    0       3.0616042.8125351.321E+1
GRID    3259    0       3.1866602.5051961.250E+1
GRID    3260    0       4.4191712.9630772.111E+1
GRID    3261    0       4.1967943.3622352.119E+1
GRID    3262    0       4.2509143.2923402.132E+1
GRID    3263    0       4.2702823.4072652.130E+1
GRID    3264    0       5.7408613.2065142.031E+1
GRID    3265    0       4.8021852.5933951.971E+1
GRID    3266    0       5.7448042.9425452.130E+1
GRID    3267    0       5.7012162.9952212.139E+1
GRID    3268    0       5.7339362.9109032.138E+1
GRID    3269    0       4.8272942.2571072.136E+1
GRID    3270    0       5.6842312.6316822.048E+1
GRID    3271    0       5.1683682.4557802.146E+1
GRID    3272    0       4.3497342.9617312.111E+1
GRID    3273    0       3.3923592.4628271.723E+1
GRID    3274    0       3.5140822.4389881.738E+1
GRID    3275    0       3.6694182.6413741.749E+1
GRID    3276    0       3.4739322.6344721.727E+1
GRID    3277    0       5.6394912.7512062.125E+1
GRID    3278    0       5.4146022.1026772.109E+1
GRID    3279    0       3.0362132.5938911.522E+1
GRID    3280    0       3.8939272.3761331.970E+1
GRID    3281    0       3.9229702.4131331.964E+1
GRID    3282    0       5.0708640.8245351.909830
GRID    3283    0       5.0753310.8647521.839819
GRID    3284    0       5.0722770.9343162.035754
GRID    3285    0       6.6411051.5682061.508E+1
GRID    3286    0       5.2990962.7555972.503E+1
GRID    3287    0       6.4772643.0528941.741E+1
GRID    3288    0       6.4530282.9175421.744E+1
GRID    3289    0       4.8252552.0928378.676900
GRID    3290    0       4.9896382.1452288.363378
GRID    3291    0       5.0380162.0725588.628355
GRID    3292    0       4.5048002.3649078.121643
GRID    3293    0       4.5800032.4985597.583055
GRID    3294    0       4.7906572.3004167.954985
GRID    3295    0       4.3576882.6465431.866E+1
GRID    3296    0       5.4379222.0392499.055322
GRID    3297    0       5.3862851.9953269.156301
GRID    3298    0       4.6225333.3731362.157E+1
GRID    3299    0       5.6613512.9564812.150E+1
GRID    3300    0       6.4498342.0658211.091E+1
GRID    3301    0       6.5177942.3803051.055E+1
GRID    3302    0       3.2820062.5994371.765E+1
GRID    3303    0       3.2330132.7426111.757E+1
GRID    3304    0       3.1689852.6616951.748E+1
GRID    3305    0       7.8245371.4669131.560E+1
GRID    3306    0       7.7031481.4880431.531E+1
GRID    3307    0       7.6141111.6022411.592E+1
GRID    3308    0       3.2301752.9135841.756E+1
GRID    3309    0       3.2993252.8035741.765E+1
GRID    3310    0       3.3048993.0115021.766E+1
GRID    3311    0       5.9526151.2631331.718E+1
GRID    3312    0       6.3893861.8078461.150E+1
GRID    3313    0       5.0120492.1887322.059564
GRID    3314    0       5.0023551.9818221.966607
GRID    3315    0       5.0117142.0897832.306342
GRID    3316    0       4.6188022.0617852.092E+1
GRID    3317    0       4.6143442.0409792.078E+1
GRID    3318    0       5.8566482.6477322.074E+1
GRID    3319    0       4.9706842.6914662.164E+1
GRID    3320    0       4.6824592.9482672.202E+1
GRID    3321    0       4.7082692.9439832.210E+1
GRID    3322    0       5.1323755.9902161.461E+1
GRID    3323    0       5.1237995.9962741.441E+1
GRID    3324    0       5.1032036.2254601.449E+1
GRID    3325    0       5.1569505.0502721.368E+1
GRID    3326    0       5.1846025.2896311.386E+1
GRID    3327    0       3.8934683.0449601.892E+1
GRID    3328    0       4.0362143.3816522.005E+1
GRID    3329    0       5.7058572.7139142.125E+1
GRID    3330    0       5.6518282.6761562.119E+1
GRID    3331    0       5.7170442.7319112.114E+1
GRID    3332    0       6.8366542.7821651.735E+1
GRID    3333    0       6.7396242.8364281.744E+1
GRID    3334    0       6.9648953.1007791.679E+1
GRID    3335    0       6.9625673.3147921.684E+1
GRID    3336    0       6.8963583.0843121.691E+1
GRID    3337    0       6.8761893.4777931.694E+1
GRID    3338    0       6.8025613.2793921.703E+1
GRID    3339    0       5.8857323.1120251.827E+1
GRID    3340    0       7.2519321.8405031.645E+1
GRID    3341    0       5.8258732.7616702.036E+1
GRID    3342    0       5.0812056.5414081.437E+1
GRID    3343    0       5.0737626.6991561.433E+1
GRID    3344    0       6.1754302.9194111.902E+1
GRID    3345    0       5.7073462.9522722.089E+1
GRID    3346    0       5.7786402.5829002.040E+1
GRID    3347    0       5.6363902.8870072.106E+1
GRID    3348    0       5.5246793.9012347.030159
GRID    3349    0       5.8532383.6965096.707664
GRID    3350    0       4.4386822.7627592.076E+1
GRID    3351    0       5.5055742.6206622.175E+1
GRID    3352    0       3.7626272.5678761.872E+1
GRID    3353    0       3.7515012.8069551.877E+1
GRID    3354    0       5.1185372.3517622.145E+1
GRID    3355    0       6.7894603.5540861.815E+1
GRID    3356    0       3.8162342.8715521.806E+1
GRID    3357    0       3.6977212.9598191.790E+1
GRID    3358    0       5.7274382.9728032.051E+1
GRID    3359    0       5.7172613.1158382.145E+1
GRID    3360    0       6.3871072.7281871.755E+1
GRID    3361    0       6.5012082.7414031.741E+1
GRID    3362    0       6.4973462.5482111.746E+1
GRID    3363    0       6.5895072.6417421.733E+1
GRID    3364    0       6.1865353.1049931.768E+1
GRID    3365    0       6.3111413.0316451.754E+1
GRID    3366    0       6.2632033.2221571.760E+1
GRID    3367    0       4.7737402.4273442.146E+1
GRID    3368    0       5.0022723.2183661.866E+1
GRID    3369    0       5.2359203.2122531.865E+1
GRID    3370    0       3.6441811.8002591.873E+1
GRID    3371    0       3.6146611.7434451.837E+1
GRID    3372    0       4.9332292.1895459.770698
GRID    3373    0       5.4742802.8450816.299012
GRID    3374    0       5.7760133.0445166.255112
GRID    3375    0       4.8060202.3679472.145E+1
GRID    3376    0       4.4745742.6317032.133E+1
GRID    3377    0       4.0625103.5945552.049E+1
GRID    3378    0       4.2749983.0096082.048E+1
GRID    3379    0       3.6875072.5273562.339E+1
GRID    3380    0       5.2412293.2491391.931E+1
GRID    3381    0       5.4495693.2410171.917E+1
GRID    3382    0       5.8987643.5754346.125395
GRID    3383    0       6.0090953.3490095.751127
GRID    3384    0       5.8944883.4918205.548952
GRID    3385    0       3.3178582.8849231.915E+1
GRID    3386    0       3.2443382.7550741.884E+1
GRID    3387    0       4.4328592.5634072.122E+1
GRID    3388    0       6.2936433.6633931.012E+1
GRID    3389    0       6.0110194.3060091.098E+1
GRID    3390    0       6.5308052.2579171.879E+1
GRID    3391    0       6.4853522.3317001.886E+1
GRID    3392    0       5.6245962.9263782.073E+1
GRID    3393    0       5.8107682.7646202.084E+1
GRID    3394    0       5.8111412.7717442.073E+1
GRID    3395    0       5.6997072.7895322.081E+1
GRID    3396    0       5.8034562.7452592.066E+1
GRID    3397    0       4.4072752.6206872.094E+1
GRID    3398    0       4.9430402.5228092.041E+1
GRID    3399    0       4.9894292.8457722.522E+1
GRID    3400    0       4.9639792.7724812.522E+1
GRID    3401    0       5.0491552.8066042.522E+1
GRID    3402    0       4.2471412.9476012.065E+1
GRID    3403    0       4.6865932.5743562.040E+1
GRID    3404    0       5.7637872.8735232.041E+1
GRID    3405    0       4.2470482.6493772.117E+1
GRID    3406    0       5.5596282.5190142.167E+1
GRID    3407    0       5.6281262.5901212.168E+1
GRID    3408    0       5.5847222.6128492.178E+1
GRID    3409    0       6.8964902.8936471.706E+1
GRID    3410    0       5.2979742.8848302.518E+1
GRID    3411    0       5.3274052.7637212.517E+1
GRID    3412    0       5.2185902.5922712.166E+1
GRID    3413    0       5.8185042.3226538.693078
GRID    3414    0       5.7763752.4218408.298076
GRID    3415    0       6.8166612.5912751.698E+1
GRID    3416    0       6.9045182.6324691.691E+1
GRID    3417    0       4.9972612.5615173.551935
GRID    3418    0       4.9931652.8614873.530974
GRID    3419    0       4.9898982.6102623.347771
GRID    3420    0       4.9379722.8989292.104E+1
GRID    3421    0       1.9185191.2190331.626E+1
GRID    3422    0       1.9477911.2625851.598E+1
GRID    3423    0       1.7204591.1049201.608E+1
GRID    3424    0       5.6659452.7715002.026E+1
GRID    3425    0       3.2732162.3634151.753E+1
GRID    3426    0       3.2901982.3843231.750E+1
GRID    3427    0       3.3271542.2787901.755E+1
GRID    3428    0       3.0545272.2365201.530E+1
GRID    3429    0       4.2427224.3767851.073E+1
GRID    3430    0       3.0197133.0708061.383E+1
GRID    3431    0       3.3772581.6863231.516E+1
GRID    3432    0       3.7545232.5391961.910E+1
GRID    3433    0       3.4596203.5545541.825E+1
GRID    3434    0       3.5033773.6169061.828E+1
GRID    3435    0       2.1346061.0906801.567E+1
GRID    3436    0       5.3577782.9829522.077E+1
GRID    3437    0       3.5050501.5334161.497E+1
GRID    3438    0       5.1343831.8707049.187457
GRID    3439    0       5.1194221.8178959.259381
GRID    3440    0       4.2048242.6687982.103E+1
GRID    3441    0       4.2036462.7470572.123E+1
GRID    3442    0       3.5658492.4191842.348E+1
GRID    3443    0       3.6486402.4356902.346E+1
GRID    3444    0       3.7469882.4669002.349E+1
GRID    3445    0       3.3700443.0894381.924E+1
GRID    3446    0       3.3199873.2203851.905E+1
GRID    3447    0       3.4963073.0730041.958E+1
GRID    3448    0       5.7378612.9992002.036E+1
GRID    3449    0       5.6874313.0019582.047E+1
GRID    3450    0       5.6510193.0424522.142E+1
GRID    3451    0       4.5301863.4575812.164E+1
GRID    3452    0       3.2350462.4297491.729E+1
GRID    3453    0       3.3110862.6568391.726E+1
GRID    3454    0       3.4259762.5185161.738E+1
GRID    3455    0       4.9291132.2981052.125E+1
GRID    3456    0       6.8349933.2218041.857E+1
GRID    3457    0       3.2633023.2355231.857E+1
GRID    3458    0       5.6631962.5333952.087E+1
GRID    3459    0       6.4853243.2319991.985E+1
GRID    3460    0       6.5323733.2044651.972E+1
GRID    3461    0       5.6310032.3618152.102E+1
GRID    3462    0       3.6665791.4412001.668E+1
GRID    3463    0       5.7511592.8997412.049E+1
GRID    3464    0       4.1124943.3404362.105E+1
GRID    3465    0       4.1691463.2363632.120E+1
GRID    3466    0       5.7027043.1640162.052E+1
GRID    3467    0       5.6566363.1963732.051E+1
GRID    3468    0       4.9974306.4772040.397102
GRID    3469    0       4.9939326.7296170.270466
GRID    3470    0       5.0251996.4932480.251090
GRID    3471    0       4.9991976.7035320.427488
GRID    3472    0       4.9466522.5928862.170E+1
GRID    3473    0       4.8821892.3659482.143E+1
GRID    3474    0       5.8262982.9225122.039E+1
GRID    3475    0       6.0482652.8696521.898E+1
GRID    3476    0       4.9770294.3111312.591730
GRID    3477    0       4.9879464.0801642.298664
GRID    3478    0       4.9773023.9132202.655396
GRID    3479    0       6.1102542.8448521.897E+1
GRID    3480    0       5.0031104.5376932.083476
GRID    3481    0       4.9962044.6885782.225235
GRID    3482    0       5.0087334.7799491.881355
GRID    3483    0       4.9965314.3876562.195064
GRID    3484    0       5.0071954.0244091.936084
GRID    3485    0       4.1662373.6639992.092E+1
GRID    3486    0       4.2614423.7094492.101E+1
GRID    3487    0       4.2467323.7868672.084E+1
GRID    3488    0       5.9263593.0364771.856E+1
GRID    3489    0       3.3031362.8024241.708E+1
GRID    3490    0       3.2001572.6657451.696E+1
GRID    3491    0       3.2647782.6097451.710E+1
GRID    3492    0       6.7294512.7238441.763E+1
GRID    3493    0       6.7386922.5201491.758E+1
GRID    3494    0       6.5637922.9135001.793E+1
GRID    3495    0       6.4907662.9966971.804E+1
GRID    3496    0       5.6491342.3037472.047E+1
GRID    3497    0       5.5767872.2719042.059E+1
GRID    3498    0       4.1505753.5450972.103E+1
GRID    3499    0       4.2229983.6180672.109E+1
GRID    3500    0       4.1781363.6340682.100E+1
GRID    3501    0       4.8997852.0078169.982858
GRID    3502    0       3.7223322.1534712.360E+1
GRID    3503    0       3.6177132.1151812.360E+1
GRID    3504    0       3.6723202.9132931.745E+1
GRID    3505    0       3.8046202.9855431.759E+1
GRID    3506    0       4.6887353.1452602.084E+1
GRID    3507    0       3.2599992.4028881.826E+1
GRID    3508    0       3.2119722.6692711.723E+1
GRID    3509    0       3.2054512.8983531.716E+1
GRID    3510    0       3.3567942.8918831.724E+1
GRID    3511    0       3.5044472.9656821.735E+1
GRID    3512    0       5.6923902.7767012.092E+1
GRID    3513    0       4.1488562.0485392.030E+1
GRID    3514    0       5.0481134.3273053.452299
GRID    3515    0       5.0973114.3864103.231652
GRID    3516    0       4.8531762.8058582.185E+1
GRID    3517    0       5.0970584.5328063.151075
GRID    3518    0       5.0481634.5454043.294035
GRID    3519    0       5.2261612.6088862.499E+1
GRID    3520    0       5.2311952.6721962.510E+1
GRID    3521    0       5.2571272.5230892.507E+1
GRID    3522    0       5.6641672.9421942.079E+1
GRID    3523    0       3.6450992.7842042.001E+1
GRID    3524    0       3.7782162.8160272.033E+1
GRID    3525    0       6.9178992.8892491.828E+1
GRID    3526    0       6.8259552.9318761.841E+1
GRID    3527    0       6.8472602.7134751.838E+1
GRID    3528    0       6.6778012.0815371.851E+1
GRID    3529    0       6.7289782.1593661.839E+1
GRID    3530    0       6.2551052.6080781.910E+1
GRID    3531    0       6.2992552.5173041.899E+1
GRID    3532    0       6.0176553.1955491.993E+1
GRID    3533    0       1.3069660.6552511.529E+1
GRID    3534    0       1.2010740.5982871.557E+1
GRID    3535    0       5.6279603.2143822.124E+1
GRID    3536    0       5.7042673.2929402.103E+1
GRID    3537    0       3.4346771.8027931.268E+1
GRID    3538    0       7.1850631.5898551.504E+1
GRID    3539    0       7.3905221.4623951.488E+1
GRID    3540    0       5.6344902.8947512.129E+1
GRID    3541    0       5.0353572.4958466.351434
GRID    3542    0       5.0348912.5603626.321598
GRID    3543    0       5.0384642.4908276.281659
GRID    3544    0       5.7725104.9626901.521E+1
GRID    3545    0       4.2985632.7787242.100E+1
GRID    3546    0       3.5978742.9341811.841E+1
GRID    3547    0       4.3917843.3562202.105E+1
GRID    3548    0       3.2212023.1498291.813E+1
GRID    3549    0       5.8054262.8753552.008E+1
GRID    3550    0       4.9390715.8654971.484E+1
GRID    3551    0       3.3934953.4642751.820E+1
GRID    3552    0       3.3811733.6208351.817E+1
GRID    3553    0       3.1340181.5013141.521E+1
GRID    3554    0       2.9089131.4249301.532E+1
GRID    3555    0       5.8218113.2565232.011E+1
GRID    3556    0       4.1418532.7718991.963E+1
GRID    3557    0       6.3999471.8209711.886E+1
GRID    3558    0       5.6848242.8593752.104E+1
GRID    3559    0       5.8331363.2979742.071E+1
GRID    3560    0       5.7810033.2376602.091E+1
GRID    3561    0       5.7922843.1950452.075E+1
GRID    3562    0       6.3128583.1573831.981E+1
GRID    3563    0       8.2628961.1809201.613E+1
GRID    3564    0       6.6041343.0098401.050E+1
GRID    3565    0       5.7508422.3487962.038E+1
GRID    3566    0       5.5147863.2990842.186E+1
GRID    3567    0       6.2394083.5333719.487282
GRID    3568    0       5.7978423.1120045.749122
GRID    3569    0       4.0756473.4097032.034E+1
GRID    3570    0       4.1930493.4106772.067E+1
GRID    3571    0       4.1143963.4746432.067E+1
GRID    3572    0       4.3130632.6804811.903E+1
GRID    3573    0       3.9758192.7546341.893E+1
GRID    3574    0       4.0534012.6268041.903E+1
GRID    3575    0       4.1400562.7868981.910E+1
GRID    3576    0       4.2345722.7256251.922E+1
GRID    3577    0       4.1774342.6405871.918E+1
GRID    3578    0       4.3035032.6719891.931E+1
GRID    3579    0       5.8413793.9602048.375875
GRID    3580    0       3.7179341.5433591.281E+1
GRID    3581    0       4.9830884.9844971.316E+1
GRID    3582    0       5.0134134.9522531.287E+1
GRID    3583    0       4.6984824.8999761.298E+1
GRID    3584    0       4.6325804.8382781.267E+1
GRID    3585    0       5.7375273.1056282.053E+1
GRID    3586    0       5.7102843.0609632.063E+1
GRID    3587    0       5.7459603.1341402.059E+1
GRID    3588    0       3.7461132.7409501.786E+1
GRID    3589    0       3.6566612.7662651.776E+1
GRID    3590    0       5.9569642.6599331.878E+1
GRID    3591    0       5.1605445.7749461.450E+1
GRID    3592    0       5.1940015.6964981.482E+1
GRID    3593    0       4.3228492.7868772.089E+1
GRID    3594    0       4.2972802.8351682.080E+1
GRID    3595    0       4.4756252.7220772.094E+1
GRID    3596    0       4.3394492.8413072.039E+1
GRID    3597    0       5.0983096.7501980.452544
GRID    3598    0       5.0614936.8575200.476050
GRID    3599    0       5.4515813.2321082.060E+1
GRID    3600    0       3.3423721.5679931.480E+1
GRID    3601    0       3.2843251.6056381.483E+1
GRID    3602    0       5.4798952.7612982.142E+1
GRID    3603    0       4.9631312.6818436.339087
GRID    3604    0       4.9629792.7328896.188438
GRID    3605    0       5.9334053.0580082.012E+1
GRID    3606    0       5.8582663.1289022.024E+1
GRID    3607    0       5.8519753.0967672.031E+1
GRID    3608    0       5.8109503.1854662.033E+1
GRID    3609    0       5.0136873.8385406.289616
GRID    3610    0       4.7670923.8085706.296321
GRID    3611    0       5.3644522.9536835.498518
GRID    3612    0       5.5207452.9472895.890909
GRID    3613    0       2.2665661.1255741.496E+1
GRID    3614    0       1.9171000.9639711.497E+1
GRID    3615    0       2.1040951.0667381.477E+1
GRID    3616    0       4.2965162.7897442.118E+1
GRID    3617    0       3.4970502.7991721.960E+1
GRID    3618    0       5.7362182.7847812.081E+1
GRID    3619    0       5.6316853.2367322.130E+1
GRID    3620    0       4.3325532.7669872.060E+1
GRID    3621    0       4.3118622.8103422.054E+1
GRID    3622    0       4.9707006.0468201.490E+1
GRID    3623    0       3.2681371.5392281.472E+1
GRID    3624    0       3.2674301.4848791.469E+1
GRID    3625    0       3.6900221.4077201.436E+1
GRID    3626    0       4.3146652.9386832.053E+1
GRID    3627    0       3.5613973.3388521.962E+1
GRID    3628    0       3.4582143.3159301.936E+1
GRID    3629    0       3.9797622.2305372.025E+1
GRID    3630    0       5.0241560.8497421.810925
GRID    3631    0       5.0245720.9148131.915426
GRID    3632    0       5.0190220.9423271.781327
GRID    3633    0       5.0756874.1421436.944057
GRID    3634    0       5.0458654.1845606.798748
GRID    3635    0       5.2433685.0209621.352E+1
GRID    3636    0       2.6460551.3860971.646E+1
GRID    3637    0       2.2706781.1823891.630E+1
GRID    3638    0       2.5305571.3049691.596E+1
GRID    3639    0       4.7808472.3695222.141E+1
GRID    3640    0       4.7696062.3980462.147E+1
GRID    3641    0       5.7739052.8727582.157E+1
GRID    3642    0       5.7923882.7052882.145E+1
GRID    3643    0       5.8214232.8368222.146E+1
GRID    3644    0       3.1881693.0444931.725E+1
GRID    3645    0       6.2811863.3080951.867E+1
GRID    3646    0       3.5305772.3958822.358E+1
GRID    3647    0       5.3445623.2312982.257E+1
GRID    3648    0       5.3948173.0856902.054E+1
GRID    3649    0       5.1281312.9956252.064E+1
GRID    3650    0       5.2182712.6051611.963E+1
GRID    3651    0       5.1112342.6343081.918E+1
GRID    3652    0       4.7870762.6254751.936E+1
GRID    3653    0       3.7917532.5560771.768E+1
GRID    3654    0       3.6989792.5221761.768E+1
GRID    3655    0       3.7825452.5844991.777E+1
GRID    3656    0       3.7490592.7199651.767E+1
GRID    3657    0       7.0945452.7229681.570E+1
GRID    3658    0       7.0672822.7969801.625E+1
GRID    3659    0       6.8700272.8664641.813E+1
GRID    3660    0       6.7458083.0051171.827E+1
GRID    3661    0       6.8569673.0245481.814E+1
GRID    3662    0       5.0723980.7923081.813110
GRID    3663    0       4.5287942.5379032.073E+1
GRID    3664    0       7.0433092.2311241.524E+1
GRID    3665    0       7.3468231.7693901.621E+1
GRID    3666    0       4.5729582.8007352.114E+1
GRID    3667    0       2.8265351.4837011.659E+1
GRID    3668    0       4.5283621.8005642.037E+1
GRID    3669    0       4.4596593.8269872.104E+1
GRID    3670    0       4.3139623.6767322.113E+1
GRID    3671    0       5.5147192.2948112.131E+1
GRID    3672    0       4.9985296.1307821.409E+1
GRID    3673    0       4.8766333.1179942.517E+1
GRID    3674    0       3.9837704.0814351.960E+1
GRID    3675    0       4.2338254.0263542.027E+1
GRID    3676    0       4.4039174.2227691.986E+1
GRID    3677    0       5.6697962.9657872.116E+1
GRID    3678    0       3.9674163.8847652.016E+1
GRID    3679    0       6.0826363.0763432.002E+1
GRID    3680    0       4.2293522.7729292.016E+1
GRID    3681    0       4.1883612.7752012.002E+1
GRID    3682    0       4.2474462.5668462.009E+1
GRID    3683    0       4.5526752.2922542.129E+1
GRID    3684    0       6.4911613.2990411.978E+1
GRID    3685    0       5.6988421.8979762.042E+1
GRID    3686    0       6.4830002.8220511.772E+1
GRID    3687    0       6.4235512.9265591.779E+1
GRID    3688    0       6.4749153.0100951.775E+1
GRID    3689    0       6.2994983.0802841.997E+1
GRID    3690    0       3.5202892.5731222.360E+1
GRID    3691    0       5.1005273.9537026.720959
GRID    3692    0       5.0490213.0100214.664360
GRID    3693    0       4.2303043.2799202.003E+1
GRID    3694    0       4.3474403.3050071.990E+1
GRID    3695    0       4.2794603.1774252.032E+1
GRID    3696    0       6.9263003.4371301.733E+1
GRID    3697    0       6.9151193.2622111.723E+1
GRID    3698    0       6.8658693.4936961.727E+1
GRID    3699    0       6.9235973.5085241.717E+1
GRID    3700    0       5.1385756.0370451.487E+1
GRID    3701    0       6.7581591.6248361.491E+1
GRID    3702    0       6.6906841.6583651.488E+1
GRID    3703    0       4.3461162.7351251.839E+1
GRID    3704    0       5.1543075.8775661.504E+1
GRID    3705    0       5.7787363.1168562.024E+1
GRID    3706    0       5.3019082.6424361.890E+1
GRID    3707    0       5.3710772.6386901.910E+1
GRID    3708    0       5.4899632.6536891.898E+1
GRID    3709    0       4.7944942.3849472.152E+1
GRID    3710    0       4.7442872.4272682.153E+1
GRID    3711    0       5.9309443.1600672.016E+1
GRID    3712    0       4.1730682.6695181.885E+1
GRID    3713    0       4.0988362.6622481.871E+1
GRID    3714    0       4.2743883.2682042.072E+1
GRID    3715    0       3.8900784.4456841.251E+1
GRID    3716    0       3.9391172.5136891.918E+1
GRID    3717    0       3.8377852.6671461.914E+1
GRID    3718    0       6.7258303.4579811.896E+1
GRID    3719    0       7.7328421.2261571.601E+1
GRID    3720    0       7.9369061.1330031.631E+1
GRID    3721    0       7.7360781.2421731.637E+1
GRID    3722    0       3.9792193.3493601.993E+1
GRID    3723    0       2.9379191.9085921.636E+1
GRID    3724    0       6.2784962.6646071.800E+1
GRID    3725    0       6.3744722.7384511.787E+1
GRID    3726    0       6.3831462.5925711.782E+1
GRID    3727    0       4.4796982.9781166.048187
GRID    3728    0       4.6349192.8609036.342301
GRID    3729    0       4.4118492.9669716.404595
GRID    3730    0       5.7829783.8912247.696302
GRID    3731    0       5.9830983.6921567.998674
GRID    3732    0       5.1076125.0211031.346E+1
GRID    3733    0       5.9738752.9930891.842E+1
GRID    3734    0       6.2698253.2612071.838E+1
GRID    3735    0       6.3276283.1273331.830E+1
GRID    3736    0       5.5633124.0385518.017257
GRID    3737    0       4.5425102.7904222.196E+1
GRID    3738    0       4.4983352.8769882.192E+1
GRID    3739    0       4.4764992.7855702.184E+1
GRID    3740    0       4.3925353.0682692.049E+1
GRID    3741    0       5.4403725.1437461.468E+1
GRID    3742    0       4.9747623.1062423.805022
GRID    3743    0       4.8173043.1250583.971784
GRID    3744    0       6.0673721.6849831.119E+1
GRID    3745    0       4.3072502.3616012.092E+1
GRID    3746    0       4.3307002.5167922.096E+1
GRID    3747    0       4.3668873.1741082.118E+1
GRID    3748    0       6.5827182.2968971.930E+1
GRID    3749    0       6.9336842.7279021.726E+1
GRID    3750    0       4.4422492.7305722.103E+1
GRID    3751    0       5.7639501.6198491.102E+1
GRID    3752    0       4.6804053.3000842.164E+1
GRID    3753    0       6.2396394.6248401.530E+1
GRID    3754    0       5.9605874.7634521.591E+1
GRID    3755    0       6.1967691.8613751.080E+1
GRID    3756    0       6.0073023.2694601.994E+1
GRID    3757    0       3.5470892.2543002.379E+1
GRID    3758    0       3.5758722.2476172.386E+1
GRID    3759    0       3.5351232.3733102.380E+1
GRID    3760    0       3.6579152.2120121.891E+1
GRID    3761    0       5.7603402.7015452.113E+1
GRID    3762    0       5.7944092.7997882.115E+1
GRID    3763    0       5.3166313.3875283.618836
GRID    3764    0       5.7280342.7334892.080E+1
GRID    3765    0       3.5653013.5551861.790E+1
GRID    3766    0       8.6243010.9551311.517E+1
GRID    3767    0       8.4581341.0530661.521E+1
GRID    3768    0       6.1582083.3056441.899E+1
GRID    3769    0       4.2806442.6913131.856E+1
GRID    3770    0       5.1797933.2224712.077E+1
GRID    3771    0       6.7976133.4308591.760E+1
GRID    3772    0       6.8020413.0399081.758E+1
GRID    3773    0       6.8875382.9691331.744E+1
GRID    3774    0       3.4690813.3090121.057E+1
GRID    3775    0       5.1240465.3976361.365E+1
GRID    3776    0       5.1482845.5762281.387E+1
GRID    3777    0       4.0157361.8520441.962E+1
GRID    3778    0       5.6082851.6027389.798316
GRID    3779    0       5.0649626.5300020.215478
GRID    3780    0       5.1011726.6597200.268058
GRID    3781    0       5.1040996.5464180.383600
GRID    3782    0       5.7902652.1524599.111648
GRID    3783    0       6.0117502.4201138.992616
GRID    3784    0       6.0652292.8740311.869E+1
GRID    3785    0       4.6076982.9652602.091E+1
GRID    3786    0       5.5611472.6594351.929E+1
GRID    3787    0       5.5830372.6333831.955E+1
GRID    3788    0       4.3873202.7032202.155E+1
GRID    3789    0       5.8338233.3265292.057E+1
GRID    3790    0       5.8406983.2884472.039E+1
GRID    3791    0       5.7976523.2216212.049E+1
GRID    3792    0       5.1224792.3634062.125E+1
GRID    3793    0       5.6644283.1161762.117E+1
GRID    3794    0       4.8546922.3113892.146E+1
GRID    3795    0       4.8617922.3699622.148E+1
GRID    3796    0       4.8079072.2941442.146E+1
GRID    3797    0       4.7486152.6373851.907E+1
GRID    3798    0       5.7277422.8116942.127E+1
GRID    3799    0       5.0228021.0031421.982962
GRID    3800    0       5.0190401.0131561.870189
GRID    3801    0       5.0181981.0933581.937833
GRID    3802    0       5.0222851.0952272.085915
GRID    3803    0       5.0143441.2245301.956238
GRID    3804    0       4.2887071.7172531.065E+1
GRID    3805    0       4.1856741.6161671.115E+1
GRID    3806    0       6.3520013.6831821.986E+1
GRID    3807    0       4.3076611.7348571.042E+1
GRID    3808    0       4.1836331.7925811.036E+1
GRID    3809    0       5.6431183.1995732.032E+1
GRID    3810    0       4.1416694.1297009.851205
GRID    3811    0       3.6670992.8945391.912E+1
GRID    3812    0       6.2676631.9871111.950E+1
GRID    3813    0       6.4011242.0422061.929E+1
GRID    3814    0       3.3009703.2812441.847E+1
GRID    3815    0       3.4287673.4236511.866E+1
GRID    3816    0       2.3060481.2185021.462E+1
GRID    3817    0       2.1126211.1386131.461E+1
GRID    3818    0       2.1889861.2292641.479E+1
GRID    3819    0       4.2670043.0465152.082E+1
GRID    3820    0       4.2513963.0687292.070E+1
GRID    3821    0       6.4871642.2975011.872E+1
GRID    3822    0       3.7841612.8966322.358E+1
GRID    3823    0       3.4380083.7905521.873E+1
GRID    3824    0       3.3144743.4816221.880E+1
GRID    3825    0       3.4370673.5495741.911E+1
GRID    3826    0       3.2015642.9593891.685E+1
GRID    3827    0       3.6358993.8262091.928E+1
GRID    3828    0       5.1847543.3553812.041E+1
GRID    3829    0       5.2667063.2112122.045E+1
GRID    3830    0       5.1281813.1496352.055E+1
GRID    3831    0       5.3629092.7492962.511E+1
GRID    3832    0       5.9719052.6522388.344277
GRID    3833    0       6.1489182.8367028.583429
GRID    3834    0       2.2665771.4472501.625E+1
GRID    3835    0       2.2179281.4369391.583E+1
GRID    3836    0       3.2419963.8652641.693E+1
GRID    3837    0       3.7121373.2128169.419597
GRID    3838    0       9.1791580.4789241.492E+1
GRID    3839    0       9.5199360.3065471.492E+1
GRID    3840    0       9.3799030.3671951.513E+1
GRID    3841    0       6.8524142.6675611.813E+1
GRID    3842    0       5.7950983.2188091.897E+1
GRID    3843    0       5.7650023.1887791.879E+1
GRID    3844    0       5.8699233.1864191.879E+1
GRID    3845    0       3.5198492.8850262.361E+1
GRID    3846    0       3.5238652.9777312.375E+1
GRID    3847    0       4.4325372.7734772.105E+1
GRID    3848    0       6.5684201.7666411.787E+1
GRID    3849    0       6.6386491.8951881.804E+1
GRID    3850    0       4.2198632.9045432.022E+1
GRID    3851    0       4.1710732.8863452.006E+1
GRID    3852    0       5.6381292.9559072.092E+1
GRID    3853    0       4.1449112.9981092.010E+1
GRID    3854    0       5.7997472.9557312.150E+1
GRID    3855    0       5.8751152.9659562.135E+1
GRID    3856    0       5.4138873.2252461.887E+1
GRID    3857    0       3.6451852.3921032.399E+1
GRID    3858    0       3.6815612.3793012.399E+1
GRID    3859    0       7.2974211.3554091.513E+1
GRID    3860    0       7.4948391.3157891.553E+1
GRID    3861    0       7.0404251.4830321.529E+1
GRID    3862    0       5.7850323.3158582.070E+1
GRID    3863    0       5.1327105.0416871.354E+1
GRID    3864    0       5.0698455.0020141.356E+1
GRID    3865    0       5.1246285.0139801.331E+1
GRID    3866    0       5.4412643.3471362.185E+1
GRID    3867    0       6.9009172.9560021.763E+1
GRID    3868    0       6.8029073.0734961.768E+1
GRID    3869    0       6.9504703.1077901.763E+1
GRID    3870    0       3.8608761.5435101.818E+1
GRID    3871    0       4.2184783.2231852.006E+1
GRID    3872    0       6.0640993.3248151.971E+1
GRID    3873    0       6.3064133.4107751.934E+1
GRID    3874    0       4.7030093.6050504.925107
GRID    3875    0       3.6181131.8270372.349E+1
GRID    3876    0       3.5887531.8246822.354E+1
GRID    3877    0       3.7350692.1441992.375E+1
GRID    3878    0       3.6490442.2269912.372E+1
GRID    3879    0       6.0881142.6378631.813E+1
GRID    3880    0       6.0730252.7259621.820E+1
GRID    3881    0       4.9956136.2040861.445E+1
GRID    3882    0       4.9878976.1722161.473E+1
GRID    3883    0       5.0063456.3530861.467E+1
GRID    3884    0       7.0961712.7355461.523E+1
GRID    3885    0       2.5136981.6164841.582E+1
GRID    3886    0       4.3235182.3098802.025E+1
GRID    3887    0       4.3930842.3950682.056E+1
GRID    3888    0       4.4389002.3386452.075E+1
GRID    3889    0       4.9990584.0605037.269738
GRID    3890    0       3.0350572.1212241.559E+1
GRID    3891    0       6.5977751.5253361.655E+1
GRID    3892    0       4.5962721.8400409.268250
GRID    3893    0       4.4029541.6616529.475972
GRID    3894    0       4.6003363.2926632.176E+1
GRID    3895    0       4.6503123.3106642.171E+1
GRID    3896    0       6.6066812.5115791.736E+1
GRID    3897    0       5.2124172.7940232.132E+1
GRID    3898    0       4.9735232.7560672.145E+1
GRID    3899    0       2.0628811.0406301.526E+1
GRID    3900    0       4.9996144.1146593.334210
GRID    3901    0       5.0023823.8501923.465506
GRID    3902    0       4.1024592.7763931.868E+1
GRID    3903    0       5.8738802.6757241.893E+1
GRID    3904    0       5.0439436.1366941.363E+1
GRID    3905    0       5.1072555.8496511.383E+1
GRID    3906    0       5.0438965.8713091.361E+1
GRID    3907    0       5.2204842.6856831.859E+1
GRID    3908    0       5.0331572.7403961.835E+1
GRID    3909    0       4.8462802.6911921.856E+1
GRID    3910    0       5.1223844.5694692.569569
GRID    3911    0       5.1113724.8496372.308724
GRID    3912    0       5.1250614.8757872.667324
GRID    3913    0       5.9797952.4063652.065E+1
GRID    3914    0       4.9833952.2122492.500E+1
GRID    3915    0       4.7911102.4443322.166E+1
GRID    3916    0       4.8441932.4369492.178E+1
GRID    3917    0       4.6813132.4612352.170E+1
GRID    3918    0       4.9898753.3771642.051954
GRID    3919    0       5.0417753.2360521.819691
GRID    3920    0       4.1560303.1811721.986E+1
GRID    3921    0       4.9947532.7667902.495E+1
GRID    3922    0       4.9582582.8486212.497E+1
GRID    3923    0       5.0323642.4764686.433916
GRID    3924    0       5.0517032.4118036.430060
GRID    3925    0       4.6544673.7167645.893138
GRID    3926    0       5.0247392.7848735.841634
GRID    3927    0       4.7997802.8507855.972412
GRID    3928    0       5.0098721.8665112.181343
GRID    3929    0       5.0167651.7892212.368729
GRID    3930    0       5.6705063.0059532.176E+1
GRID    3931    0       5.6175643.0648652.184E+1
GRID    3932    0       2.6575691.4406761.682E+1
GRID    3933    0       5.6151753.0811672.132E+1
GRID    3934    0       6.5193634.3700891.447E+1
GRID    3935    0       4.5111604.9802591.616E+1
GRID    3936    0       4.3687564.8219091.660E+1
GRID    3937    0       6.4095904.3538051.276E+1
GRID    3938    0       6.2090744.4531211.238E+1
GRID    3939    0       6.1969624.5986471.354E+1
GRID    3940    0       3.4693361.5918021.461E+1
GRID    3941    0       4.4140742.2916832.109E+1
GRID    3942    0       3.8233112.4436361.917E+1
GRID    3943    0       5.8674022.0439202.046E+1
GRID    3944    0       6.0180702.0628152.020E+1
GRID    3945    0       5.0714924.0936587.198193
GRID    3946    0       5.1898854.0420587.371254
GRID    3947    0       6.4551032.4450161.877E+1
GRID    3948    0       3.7362782.4172132.386E+1
GRID    3949    0       5.3463473.2842482.157E+1
GRID    3950    0       4.5065161.8979702.059E+1
GRID    3951    0       5.1331262.6130852.495E+1
GRID    3952    0       5.1211432.5166942.496E+1
GRID    3953    0       3.2917033.3885371.737E+1
GRID    3954    0       3.3864113.6338471.735E+1
GRID    3955    0       3.5308383.4650141.759E+1
GRID    3956    0       3.4624072.8406851.758E+1
GRID    3957    0       3.6037502.9096161.770E+1
GRID    3958    0       3.5252293.0729691.763E+1
GRID    3959    0       3.8407493.1735421.759E+1
GRID    3960    0       4.0248383.0838001.926E+1
GRID    3961    0       4.0612753.1179441.915E+1
GRID    3962    0       4.1663353.1739671.929E+1
GRID    3963    0       4.2177913.1120382.130E+1
GRID    3964    0       4.1131843.1371192.111E+1
GRID    3965    0       5.8619784.2976531.930E+1
GRID    3966    0       5.4828754.4610741.913E+1
GRID    3967    0       1.4831770.9911831.562E+1
GRID    3968    0       5.6927672.7504732.142E+1
GRID    3969    0       1.6686001.0987551.581E+1
GRID    3970    0       5.6065822.6037192.131E+1
GRID    3971    0       4.2712103.2050452.136E+1
GRID    3972    0       4.5203602.5396122.168E+1
GRID    3973    0       3.5424803.3877981.791E+1
GRID    3974    0       5.7363282.3510032.014E+1
GRID    3975    0       5.6733522.2566352.030E+1
GRID    3976    0       4.7706862.8977572.507E+1
GRID    3977    0       4.7804472.8869602.515E+1
GRID    3978    0       6.1415822.7728031.811E+1
GRID    3979    0       6.0300762.8017071.828E+1
GRID    3980    0       3.5680632.8719802.352E+1
GRID    3981    0       4.3360632.7389302.034E+1
GRID    3982    0       4.8975403.5414813.754279
GRID    3983    0       5.0910961.1604201.682337
GRID    3984    0       4.8252742.9642082.077E+1
GRID    3985    0       6.0347593.2953161.979E+1
GRID    3986    0       5.9747663.3195191.980E+1
GRID    3987    0       6.0230433.2990801.986E+1
GRID    3988    0       5.0571112.5274376.254174
GRID    3989    0       5.0420202.6260146.272011
GRID    3990    0       3.5029272.8168021.888E+1
GRID    3991    0       3.9319242.6461321.935E+1
GRID    3992    0       5.0728031.8256999.479009
GRID    3993    0       3.9842923.6826572.054E+1
GRID    3994    0       4.0515773.7152502.065E+1
GRID    3995    0       4.1272803.8254112.060E+1
GRID    3996    0       4.1228293.7331442.076E+1
GRID    3997    0       3.9889883.1955461.860E+1
GRID    3998    0       3.9569692.9978181.856E+1
GRID    3999    0       4.3573311.8756999.604656
GRID    4000    0       5.0337966.9595440.124527
GRID    4001    0       5.0500496.9540500.000000
GRID    4002    0       3.2959721.8448931.435E+1
GRID    4003    0       4.5320154.1814532.016E+1
GRID    4004    0       4.7344944.2868881.996E+1
GRID    4005    0       4.0190093.5807192.038E+1
GRID    4006    0       5.9558913.6590767.576484
GRID    4007    0       6.0553443.4802327.759270
GRID    4008    0       5.0288580.6055401.544283
GRID    4009    0       5.0459720.4377321.505771
GRID    4010    0       5.0500490.4951371.674285
GRID    4011    0       3.8874032.8909201.776E+1
GRID    4012    0       3.8661112.6468221.786E+1
GRID    4013    0       8.0334181.3200881.624E+1
GRID    4014    0       1.7695371.1194881.626E+1
GRID    4015    0       4.4581143.2266702.004E+1
GRID    4016    0       4.5739333.2004212.007E+1
GRID    4017    0       4.5009353.2052722.020E+1
GRID    4018    0       5.3101512.6548242.509E+1
GRID    4019    0       5.3484462.6134452.501E+1
GRID    4020    0       5.3223092.5626432.508E+1
GRID    4021    0       6.7791552.8492601.702E+1
GRID    4022    0       4.3544413.1016442.107E+1
GRID    4023    0       4.3178113.1009452.091E+1
GRID    4024    0       4.2932792.9960512.103E+1
GRID    4025    0       4.4721092.6897231.908E+1
GRID    4026    0       4.4435222.6540371.933E+1
GRID    4027    0       6.2165513.0100681.845E+1
GRID    4028    0       4.4858673.1977312.040E+1
GRID    4029    0       4.4724733.1445472.040E+1
GRID    4030    0       4.4008143.1606002.039E+1
GRID    4031    0       4.3933932.8312872.046E+1
GRID    4032    0       3.9042612.5459411.976E+1
GRID    4033    0       5.1041042.6225746.443386
GRID    4034    0       5.0410452.6318346.358703
GRID    4035    0       4.4852443.7351166.288644
GRID    4036    0       5.6106413.0396012.139E+1
GRID    4037    0       3.9221692.5931931.888E+1
GRID    4038    0       4.8102203.0701232.052E+1
GRID    4039    0       4.6575983.0477892.058E+1
GRID    4040    0       4.6219903.1139482.049E+1
GRID    4041    0       4.5771653.1713082.041E+1
GRID    4042    0       5.9244702.6273751.852E+1
GRID    4043    0       6.0281712.6111451.837E+1
GRID    4044    0       5.9338482.6079601.840E+1
GRID    4045    0       5.9573782.7019541.836E+1
GRID    4046    0       3.5987362.6095962.395E+1
GRID    4047    0       3.3399963.6059891.758E+1
GRID    4048    0       5.3556682.7587002.502E+1
GRID    4049    0       3.7695362.9155421.763E+1
GRID    4050    0       7.7979581.4732891.621E+1
GRID    4051    0       7.9267521.3783021.641E+1
GRID    4052    0       8.0274931.2702541.653E+1
GRID    4053    0       4.9852295.3473231.359E+1
GRID    4054    0       4.9571715.5172251.381E+1
GRID    4055    0       5.0529455.6430161.357E+1
GRID    4056    0       4.3876124.7787151.305E+1
GRID    4057    0       4.8731783.3428522.040E+1
GRID    4058    0       4.9194365.0457791.384E+1
GRID    4059    0       4.7458175.0044431.399E+1
GRID    4060    0       4.3996041.9229172.047E+1
GRID    4061    0       3.6389632.5877442.348E+1
GRID    4062    0       3.5574512.5881182.350E+1
GRID    4063    0       5.1365963.1461951.814E+1
GRID    4064    0       5.1066883.1121621.801E+1
GRID    4065    0       5.7805612.9555596.702202
GRID    4066    0       4.4549754.6189581.161E+1
GRID    4067    0       4.6562404.5924561.102E+1
GRID    4068    0       6.5644742.9031561.827E+1
GRID    4069    0       6.4681292.6018661.856E+1
GRID    4070    0       8.7067050.8893921.610E+1
GRID    4071    0       3.2015423.1391861.831E+1
GRID    4072    0       8.5676690.7827211.556E+1
GRID    4073    0       3.3979373.0085321.862E+1
GRID    4074    0       6.7087722.9275311.770E+1
GRID    4075    0       6.5979842.7495681.782E+1
GRID    4076    0       6.9471022.7978031.764E+1
GRID    4077    0       6.9642332.9588921.765E+1
GRID    4078    0       5.0395952.2088812.143E+1
GRID    4079    0       4.9299382.2322892.144E+1
GRID    4080    0       4.9116472.1669442.136E+1
GRID    4081    0       5.0760326.7564271.400E+1
GRID    4082    0       5.0821236.6163011.394E+1
GRID    4083    0       8.9483890.5864871.592E+1
GRID    4084    0       8.9509700.6031091.608E+1
GRID    4085    0       4.4195953.3357162.128E+1
GRID    4086    0       4.3152702.7062301.952E+1
GRID    4087    0       4.0304782.5464351.931E+1
GRID    4088    0       4.1112072.6352461.942E+1
GRID    4089    0       3.5663653.3541882.358E+1
GRID    4090    0       5.0246832.3051443.603651
GRID    4091    0       5.0029162.3856943.434368
GRID    4092    0       5.0970675.4054011.344779
GRID    4093    0       5.0860675.2711261.184394
GRID    4094    0       5.0998995.5484711.105251
GRID    4095    0       4.5373922.6971831.851E+1
GRID    4096    0       2.7932721.7952181.674E+1
GRID    4097    0       2.9946791.8399161.692E+1
GRID    4098    0       6.8474062.7211981.745E+1
GRID    4099    0       3.5283942.3611411.748E+1
GRID    4100    0       3.2308972.4661891.739E+1
GRID    4101    0       3.3138422.5855221.749E+1
GRID    4102    0       5.7529544.8003651.312E+1
GRID    4103    0       5.7912844.7015931.255E+1
GRID    4104    0       6.1164762.6205842.052E+1
GRID    4105    0       6.1103982.5025722.050E+1
GRID    4106    0       6.2336112.6666612.043E+1
GRID    4107    0       6.8827233.0221051.870E+1
GRID    4108    0       4.9893475.4816741.957969
GRID    4109    0       4.9905475.2880912.070701
GRID    4110    0       4.9835075.4903372.202162
GRID    4111    0       6.0481372.9527791.788E+1
GRID    4112    0       4.3728112.6335881.875E+1
GRID    4113    0       4.2625932.6147631.864E+1
GRID    4114    0       4.2990083.0615972.064E+1
GRID    4115    0       3.3410863.6494911.766E+1
GRID    4116    0       5.9901912.7511242.099E+1
GRID    4117    0       5.9510122.6827252.085E+1
GRID    4118    0       4.0906563.2645111.789E+1
GRID    4119    0       4.1213463.2619641.804E+1
GRID    4120    0       5.3552763.0408982.113E+1
GRID    4121    0       3.7795823.0925281.801E+1
GRID    4122    0       3.5119173.0586101.772E+1
GRID    4123    0       3.6615723.1560861.788E+1
GRID    4124    0       5.7488413.2218091.836E+1
GRID    4125    0       4.4258214.7015651.776E+1
GRID    4126    0       5.0217874.1051956.946639
GRID    4127    0       5.3913503.6003184.877967
GRID    4128    0       4.3228913.7375396.637569
GRID    4129    0       4.9872832.8423172.258512
GRID    4130    0       4.9799212.8645062.603672
GRID    4131    0       4.9849693.1510522.389688
GRID    4132    0       4.8984272.6846472.517E+1
GRID    4133    0       4.8525152.5485192.514E+1
GRID    4134    0       6.8258303.6519951.771E+1
GRID    4135    0       4.4861472.5411112.143E+1
GRID    4136    0       4.8521385.4261971.460E+1
GRID    4137    0       4.7124343.1116174.431284
GRID    4138    0       4.6315913.1460444.170682
GRID    4139    0       6.4169583.0337291.873E+1
GRID    4140    0       6.1684842.1572182.001E+1
GRID    4141    0       6.1255991.9486321.975E+1
GRID    4142    0       6.2705062.2199381.986E+1
GRID    4143    0       3.9788513.2601241.900E+1
GRID    4144    0       5.8014122.8145592.094E+1
GRID    4145    0       0.7386730.3710991.489E+1
GRID    4146    0       0.6201960.3348041.464E+1
GRID    4147    0       0.7976950.4151921.469E+1
GRID    4148    0       4.0712901.9407551.012E+1
GRID    4149    0       4.8738375.3112101.426E+1
GRID    4150    0       4.9321265.6821731.438E+1
GRID    4151    0       4.9374225.6216871.412E+1
GRID    4152    0       5.6940462.8796992.140E+1
GRID    4153    0       5.3821923.2864252.040E+1
GRID    4154    0       6.6708312.6553441.096E+1
GRID    4155    0       6.5216353.4369461.893E+1
GRID    4156    0       5.7627523.1838351.940E+1
GRID    4157    0       5.8329523.1454591.923E+1
GRID    4158    0       5.9478472.6360571.915E+1
GRID    4159    0       4.9947986.1351191.609176
GRID    4160    0       4.5712873.2436152.046E+1
GRID    4161    0       5.7581432.6917162.122E+1
GRID    4162    0       6.8793011.6158271.562E+1
GRID    4163    0       7.0368361.5333421.563E+1
GRID    4164    0       6.8885451.5885771.578E+1
GRID    4165    0       1.3832330.8288591.478E+1
GRID    4166    0       4.0155073.3169191.822E+1
GRID    4167    0       4.1489893.2739061.839E+1
GRID    4168    0       4.9634963.2746532.069E+1
GRID    4169    0       4.9189833.1418272.094E+1
GRID    4170    0       6.0639813.2453031.986E+1
GRID    4171    0       6.1718813.2667791.980E+1
GRID    4172    0       5.0550890.5937131.715508
GRID    4173    0       5.0225990.8118551.701270
GRID    4174    0       5.0234080.7421751.567602
GRID    4175    0       4.4131692.8460992.107E+1
GRID    4176    0       6.1331773.2136051.898E+1
GRID    4177    0       3.6823662.4842971.787E+1
GRID    4178    0       3.7320632.5368331.787E+1
GRID    4179    0       6.8193701.6941751.498E+1
GRID    4180    0       5.7730963.2057912.057E+1
GRID    4181    0       5.7715233.1383262.051E+1
GRID    4182    0       5.7312673.1803122.055E+1
GRID    4183    0       3.2121633.2702071.748E+1
GRID    4184    0       3.3010083.4173241.761E+1
GRID    4185    0       4.1447673.2196831.929E+1
GRID    4186    0       4.2200693.1967131.944E+1
GRID    4187    0       3.2202782.7590391.863E+1
GRID    4188    0       5.6358382.7040292.096E+1
GRID    4189    0       6.1712422.5114931.976E+1
GRID    4190    0       6.1211422.3377361.971E+1
GRID    4191    0       6.7476102.4472481.794E+1
GRID    4192    0       6.6785232.3178461.807E+1
GRID    4193    0       6.6374881.4881761.557E+1
GRID    4194    0       8.9430060.6657631.611E+1
GRID    4195    0       5.1135853.0305553.804294
GRID    4196    0       6.2264363.2394131.776E+1
GRID    4197    0       6.0898153.2136831.792E+1
GRID    4198    0       4.2342941.5207799.659656
GRID    4199    0       4.2734282.6605832.097E+1
GRID    4200    0       6.3989952.5069061.758E+1
GRID    4201    0       5.6921171.0619511.506E+1
GRID    4202    0       2.4811421.2342651.522E+1
GRID    4203    0       6.4988652.3823461.956E+1
GRID    4204    0       6.4410272.4906781.980E+1
GRID    4205    0       6.3883102.3122131.972E+1
GRID    4206    0       3.6444012.6820561.901E+1
GRID    4207    0       3.7758702.7281101.920E+1
GRID    4208    0       3.5899652.4516821.757E+1
GRID    4209    0       3.6631342.5150451.751E+1
GRID    4210    0       3.6697362.4609261.759E+1
GRID    4211    0       5.0317664.1343457.139481
GRID    4212    0       6.0396153.5628032.079E+1
GRID    4213    0       5.9718943.4828552.084E+1
GRID    4214    0       1.6514951.0167781.630E+1
GRID    4215    0       3.9689191.7840161.081E+1
GRID    4216    0       3.5827242.8143021.780E+1
GRID    4217    0       3.3444383.0169801.756E+1
GRID    4218    0       1.8606391.1240591.493E+1
GRID    4219    0       2.0547931.2320951.496E+1
GRID    4220    0       1.9815711.1455811.477E+1
GRID    4221    0       4.9917673.2403391.791E+1
GRID    4222    0       5.0455273.0274981.795E+1
GRID    4223    0       4.8883942.9942561.792E+1
GRID    4224    0       5.1195464.1430442.988167
GRID    4225    0       5.1217033.8712602.870679
GRID    4226    0       6.1919283.0824821.999E+1
GRID    4227    0       3.9913033.4332332.074E+1
GRID    4228    0       3.3224951.8253181.500E+1
GRID    4229    0       3.3902111.6920001.496E+1
GRID    4230    0       3.2531691.5057501.495E+1
GRID    4231    0       3.3469871.7678141.475E+1
GRID    4232    0       4.7902724.0837272.072E+1
GRID    4233    0       4.5674304.0019832.075E+1
GRID    4234    0       4.6415663.1750742.020E+1
GRID    4235    0       5.0171256.8579200.051076
GRID    4236    0       4.3361132.9339402.079E+1
GRID    4237    0       4.3593112.9679492.038E+1
GRID    4238    0       5.3765462.3279602.507E+1
GRID    4239    0       5.3344692.4704622.507E+1
GRID    4240    0       5.4079572.8401602.217E+1
GRID    4241    0       5.3291412.9048292.220E+1
GRID    4242    0       3.6834513.9962631.897E+1
GRID    4243    0       6.3847833.1778731.871E+1
GRID    4244    0       4.8605442.2849122.516E+1
GRID    4245    0       4.9145322.2081452.518E+1
GRID    4246    0       4.9803992.1640922.517E+1
GRID    4247    0       3.7002042.3881651.980E+1
GRID    4248    0       5.4188783.7298415.950034
GRID    4249    0       6.1722472.8940961.782E+1
GRID    4250    0       6.1328542.7123751.794E+1
GRID    4251    0       5.8254282.9851121.802E+1
GRID    4252    0       5.7604812.8954431.806E+1
GRID    4253    0       4.0933072.6172721.833E+1
GRID    4254    0       3.9930982.7477831.821E+1
GRID    4255    0       2.4616861.5608811.662E+1
GRID    4256    0       2.5702071.6445191.648E+1
GRID    4257    0       6.2031612.7578071.809E+1
GRID    4258    0       2.2978401.4382651.660E+1
GRID    4259    0       7.5683461.6189101.627E+1
GRID    4260    0       7.6422501.5669301.650E+1
GRID    4261    0       4.4885662.7014912.172E+1
GRID    4262    0       4.3437323.2643032.078E+1
GRID    4263    0       4.3750663.0237102.088E+1
GRID    4264    0       5.8484722.6825102.018E+1
GRID    4265    0       5.8182032.3637502.011E+1
GRID    4266    0       4.9944542.9820192.035611
GRID    4267    0       4.2377713.1071272.059E+1
GRID    4268    0       5.2510172.0838192.505E+1
GRID    4269    0       4.7720403.0144502.065E+1
GRID    4270    0       4.9382363.0311622.120E+1
GRID    4271    0       5.0587624.1820507.048213
GRID    4272    0       4.2363392.8149281.855E+1
GRID    4273    0       4.3185452.6037817.781033
GRID    4274    0       5.0740644.3541121.636093
GRID    4275    0       5.0608844.2493641.495642
GRID    4276    0       3.6815172.5085961.782E+1
GRID    4277    0       4.4451682.4691312.097E+1
GRID    4278    0       5.2434872.5229402.515E+1
GRID    4279    0       3.3929683.1612271.721E+1
GRID    4280    0       3.2602673.0262811.714E+1
GRID    4281    0       5.7024044.5041331.864E+1
GRID    4282    0       5.7142742.9371762.125E+1
GRID    4283    0       3.6955843.2223541.817E+1
GRID    4284    0       3.0747871.8083211.699E+1
GRID    4285    0       2.9627731.6671401.697E+1
GRID    4286    0       4.1725443.6017486.837147
GRID    4287    0       5.1151292.6313052.832241
GRID    4288    0       5.1168552.6659612.611253
GRID    4289    0       5.1224172.9560642.730919
GRID    4290    0       5.6668663.1915281.919E+1
GRID    4291    0       3.2588222.6176951.741E+1
GRID    4292    0       4.3490562.3662262.037E+1
GRID    4293    0       3.6694692.0211472.374E+1
GRID    4294    0       3.6786831.8319742.376E+1
GRID    4295    0       3.5934491.9535672.376E+1
GRID    4296    0       3.5549982.1627762.355E+1
GRID    4297    0       3.6385542.2354642.362E+1
GRID    4298    0       5.9621483.8478112.057E+1
GRID    4299    0       5.6402894.0550012.048E+1
GRID    4300    0       6.9474863.3988581.703E+1
GRID    4301    0       3.5895351.9837161.899E+1
GRID    4302    0       5.7786352.7362702.093E+1
GRID    4303    0       5.1753131.8800819.320830
GRID    4304    0       5.0135811.8211139.424559
GRID    4305    0       4.9626311.8713499.321222
GRID    4306    0       5.1190901.8488049.353038
GRID    4307    0       5.0689721.8757159.321027
GRID    4308    0       3.6170872.5935071.980E+1
GRID    4309    0       3.5631752.5370031.962E+1
GRID    4310    0       3.2050603.4234961.725E+1
GRID    4311    0       5.0858686.2783301.391E+1
GRID    4312    0       5.0810416.4636151.384E+1
GRID    4313    0       6.5628451.9573821.871E+1
GRID    4314    0       6.6211972.0320621.869E+1
GRID    4315    0       1.9692791.2874021.568E+1
GRID    4316    0       1.4143360.7239011.469E+1
GRID    4317    0       1.5342860.7756521.487E+1
GRID    4318    0       1.3856400.6987551.491E+1
GRID    4319    0       1.8835190.9716401.617E+1
GRID    4320    0       1.7236130.8824561.606E+1
GRID    4321    0       1.9506671.0028011.598E+1
GRID    4322    0       5.0849776.9324930.072339
GRID    4323    0       5.0842086.9210390.162655
GRID    4324    0       5.1034646.8002270.145260
GRID    4325    0       4.8359163.0967834.156709
GRID    4326    0       1.4547060.8090501.631E+1
GRID    4327    0       1.5687080.9449501.631E+1
GRID    4328    0       1.5118080.9461291.619E+1
GRID    4329    0       5.5063803.0775445.034437
GRID    4330    0       5.6145293.0568165.457188
GRID    4331    0       6.3339674.3981491.744E+1
GRID    4332    0       6.7217531.5156151.575E+1
GRID    4333    0       8.8372990.8574481.526E+1
GRID    4334    0       5.0035375.1351421.818743
GRID    4335    0       5.0116544.9405461.626540
GRID    4336    0       9.0326670.7529991.543E+1
GRID    4337    0       3.0171442.0502721.604E+1
GRID    4338    0       7.4190161.5928441.523E+1
GRID    4339    0       6.6602452.2206701.850E+1
GRID    4340    0       6.7088452.2995411.846E+1
GRID    4341    0       4.9824406.0359451.436E+1
GRID    4342    0       4.3954193.0548825.774927
GRID    4343    0       4.3247273.1361435.508471
GRID    4344    0       4.6289952.9814655.626779
GRID    4345    0       4.7724814.9461451.322E+1
GRID    4346    0       5.8028443.1256542.073E+1
GRID    4347    0       5.6934253.6182785.747372
GRID    4348    0       4.4065593.6089405.655485
GRID    4349    0       4.2967053.5239715.315225
GRID    4350    0       4.2165253.4984545.577983
GRID    4351    0       5.8677152.9671897.058609
GRID    4352    0       5.8782332.8608397.422236
GRID    4353    0       5.6845252.7614237.060568
GRID    4354    0       5.1024783.8679242.093723
GRID    4355    0       5.0109536.4145551.449E+1
GRID    4356    0       8.2954000.9194301.541E+1
GRID    4357    0       8.2285550.9618851.577E+1
GRID    4358    0       7.8454371.1405131.535E+1
GRID    4359    0       8.6022200.7630331.522E+1
GRID    4360    0       3.3190751.8089401.397E+1
GRID    4361    0       3.1947122.0590791.403E+1
GRID    4362    0       4.2495771.5002639.915132
GRID    4363    0       1.6813680.8466881.500E+1
GRID    4364    0       3.9225181.5741071.855E+1
GRID    4365    0       3.6232033.5685891.961E+1
GRID    4366    0       4.9897046.0544061.444088
GRID    4367    0       5.0024516.0537481.180368
GRID    4368    0       5.7249083.8526957.209161
GRID    4369    0       5.5226933.9790437.530625
GRID    4370    0       5.0225146.6610041.405E+1
GRID    4371    0       5.0277846.8557101.404E+1
GRID    4372    0       5.0186086.7343621.393E+1
GRID    4373    0       3.9787453.1621337.626642
GRID    4374    0       5.2943174.9517651.303E+1
GRID    4375    0       5.2589012.7873171.827E+1
GRID    4376    0       5.4399892.7675541.833E+1
GRID    4377    0       5.6300152.7646242.183E+1
GRID    4378    0       5.5761432.9820002.199E+1
GRID    4379    0       5.6561642.9212922.181E+1
GRID    4380    0       0.8968640.6194581.552E+1
GRID    4381    0       0.9495760.6568131.522E+1
GRID    4382    0       0.7285680.5222261.532E+1
GRID    4383    0       4.9354331.5185741.109E+1
GRID    4384    0       3.2405043.8138591.698E+1
GRID    4385    0       3.5057731.5432371.699E+1
GRID    4386    0       3.3355521.6602291.714E+1
GRID    4387    0       3.1667561.6411311.691E+1
GRID    4388    0       3.0434061.5744351.666E+1
GRID    4389    0       6.2292183.3661708.903438
GRID    4390    0       4.1446002.1833679.351027
GRID    4391    0       5.1265392.8960453.023985
GRID    4392    0       5.1248943.2353442.959288
GRID    4393    0       8.8026020.8432631.502E+1
GRID    4394    0       9.0434650.7214761.509E+1
GRID    4395    0       5.0984072.8963502.091E+1
GRID    4396    0       4.9854892.9602922.073E+1
GRID    4397    0       6.2353343.1354308.562024
GRID    4398    0       4.6168502.6189427.149630
GRID    4399    0       1.2816210.8648381.540E+1
GRID    4400    0       0.5234100.2672111.481E+1
GRID    4401    0       5.1163352.8565962.421991
GRID    4402    0       5.1186953.2354872.525925
GRID    4403    0       5.5251742.3643678.033922
GRID    4404    0       5.7153532.5239907.851892
GRID    4405    0       4.6984884.3718841.960E+1
GRID    4406    0       4.9354021.8888729.145708
GRID    4407    0       4.8848781.8265959.274997
GRID    4408    0       4.8307501.8928119.120608
GRID    4409    0       0.6398430.4440101.482E+1
GRID    4410    0       0.8045620.5564771.504E+1
GRID    4411    0       0.8706360.5550651.477E+1
GRID    4412    0       0.5248930.3891591.503E+1
GRID    4413    0       4.5580842.9442612.099E+1
GRID    4414    0       4.7882125.0837421.423E+1
GRID    4415    0       3.7579344.1390821.865E+1
GRID    4416    0       5.0209206.8580440.455203
GRID    4417    0       2.4556561.2504661.563E+1
GRID    4418    0       7.3053451.5099101.671E+1
GRID    4419    0       6.4273411.5740671.738E+1
GRID    4420    0       5.9278513.7696632.077E+1
GRID    4421    0       6.0784703.6410482.067E+1
GRID    4422    0       6.3301372.3874851.996E+1
GRID    4423    0       6.4254882.6788072.002E+1
GRID    4424    0       5.0151736.4171711.482E+1
GRID    4425    0       5.0214656.5326991.469E+1
GRID    4426    0       4.8998222.6535936.563833
GRID    4427    0       4.9977992.6322346.448963
GRID    4428    0       5.6334383.7255512.125E+1
GRID    4429    0       5.7005743.5941732.137E+1
GRID    4430    0       5.8101343.5526322.128E+1
GRID    4431    0       4.9870155.6953291.992837
GRID    4432    0       5.0111744.4168821.871897
GRID    4433    0       4.9783264.6596652.543065
GRID    4434    0       5.0567176.9346720.260395
GRID    4435    0       4.3408852.9823832.157E+1
GRID    4436    0       4.2993473.1278622.144E+1
GRID    4437    0       4.2771162.9669442.145E+1
GRID    4438    0       4.3473272.8467832.161E+1
GRID    4439    0       4.8473162.4569947.327204
GRID    4440    0       4.8211552.5359337.104531
GRID    4441    0       5.5754903.1959632.189E+1
GRID    4442    0       5.5419553.1005452.203E+1
GRID    4443    0       8.8393580.8416301.567E+1
GRID    4444    0       2.2467221.1604311.600E+1
GRID    4445    0       4.0268413.8595699.269155
GRID    4446    0       4.9276245.7645591.546E+1
GRID    4447    0       4.9591555.9354921.528E+1
GRID    4448    0       5.4046872.4637962.161E+1
GRID    4449    0       5.8946652.7614887.791049
GRID    4450    0       6.1357773.1433027.810928
GRID    4451    0       6.1423472.9900028.197179
GRID    4452    0       5.5958103.4050002.178E+1
GRID    4453    0       5.0265783.2528611.945E+1
GRID    4454    0       5.1649393.2603281.981E+1
GRID    4455    0       4.8373562.5763502.221E+1
GRID    4456    0       4.7169632.7368822.229E+1
GRID    4457    0       4.9774353.6370022.937927
GRID    4458    0       4.9815173.7115083.260468
GRID    4459    0       5.1178021.9684829.041805
GRID    4460    0       5.0369891.9846178.952571
GRID    4461    0       5.1251011.9910298.952125
GRID    4462    0       4.9855203.9484163.136378
GRID    4463    0       3.9287912.6644261.779E+1
GRID    4464    0       5.5597833.5304894.588632
GRID    4465    0       5.1349475.8497361.419E+1
GRID    4466    0       5.0326002.5052936.962401
GRID    4467    0       5.0621512.4358567.234578
GRID    4468    0       4.9730932.4732642.201E+1
GRID    4469    0       5.7888813.3343174.118285
GRID    4470    0       5.8451331.6541079.343372
GRID    4471    0       5.6395141.6919929.450802
GRID    4472    0       5.5429831.8305819.263967
GRID    4473    0       4.0682113.2946206.518407
GRID    4474    0       4.9184171.7346279.808640
GRID    4475    0       5.0000466.1237350.842396
GRID    4476    0       4.9966366.2719961.044336
GRID    4477    0       5.9909563.0547821.891E+1
GRID    4478    0       7.5578321.4799791.507E+1
GRID    4479    0       4.7729733.0961192.056E+1
GRID    4480    0       4.8237722.8832792.097E+1
GRID    4481    0       4.8414622.8572042.107E+1
GRID    4482    0       0.4169120.1831941.510E+1
GRID    4483    0       0.5687990.2639921.519E+1
GRID    4484    0       0.4683310.2056561.531E+1
GRID    4485    0       4.9680395.8792961.425E+1
GRID    4486    0       5.9650584.5227801.804E+1
GRID    4487    0       5.7043693.5151054.952369
GRID    4488    0       5.2904832.5628517.017208
GRID    4489    0       5.3369982.4893857.341710
GRID    4490    0       5.1048905.8671521.154792
GRID    4491    0       5.1074326.2073340.947123
GRID    4492    0       5.1061046.1801671.239677
GRID    4493    0       6.1441911.9393181.047E+1
GRID    4494    0       5.0450641.0769031.338673
GRID    4495    0       5.0751960.9119631.412579
GRID    4496    0       5.1016444.2209992.143214
GRID    4497    0       4.8967042.6895036.445681
GRID    4498    0       4.7663262.7408016.505017
GRID    4499    0       6.1444653.2426717.827991
GRID    4500    0       5.0248696.9018011.390E+1
GRID    4501    0       5.0381997.0435911.402E+1
GRID    4502    0       5.0500507.0665671.378E+1
GRID    4503    0       3.1266992.3759761.688E+1
GRID    4504    0       4.9771023.2469202.792006
GRID    4505    0       4.9808113.5703792.500113
GRID    4506    0       7.6289581.3915211.490E+1
GRID    4507    0       7.5328381.3803951.478E+1
GRID    4508    0       5.5694612.0910239.016214
GRID    4509    0       4.5149142.1300592.108E+1
GRID    4510    0       5.1199465.3580302.294003
GRID    4511    0       5.0948695.3764792.511506
GRID    4512    0       5.1234605.1870272.401177
GRID    4513    0       4.0174873.3741147.421642
GRID    4514    0       3.9536073.2889557.871607
GRID    4515    0       8.6012140.9311241.490E+1
GRID    4516    0       5.0347636.8387120.556370
GRID    4517    0       8.6692820.7405541.476E+1
GRID    4518    0       8.4491640.8466911.479E+1
GRID    4519    0       8.4891810.8397321.465E+1
GRID    4520    0       8.5474940.7935451.493E+1
GRID    4521    0       8.8266120.6544441.495E+1
GRID    4522    0       4.1040601.4206579.770863
GRID    4523    0       3.7464212.0937112.353E+1
GRID    4524    0       5.0886922.3459041.953189
GRID    4525    0       6.5590873.6529801.922E+1
GRID    4526    0       5.5545813.2618313.872294
GRID    4527    0       5.0849296.6811851.381E+1
GRID    4528    0       5.0832166.5815071.374E+1
GRID    4529    0       5.0581805.5449550.790360
GRID    4530    0       5.1049635.7048440.955193
GRID    4531    0       7.5623761.2380351.496E+1
GRID    4532    0       4.6555844.4439151.016E+1
GRID    4533    0       3.6356932.7278121.810E+1
GRID    4534    0       3.7180242.6056571.821E+1
GRID    4535    0       3.6019442.4751431.806E+1
GRID    4536    0       9.4078360.3838371.468E+1
GRID    4537    0       5.1005145.4464621.797454
GRID    4538    0       5.1098505.3137612.057465
GRID    4539    0       5.0935005.0614401.789775
GRID    4540    0       5.0955955.2299991.595561
GRID    4541    0       4.8975242.5420142.519E+1
GRID    4542    0       1.7178650.9074981.642E+1
GRID    4543    0       1.5719200.8309581.635E+1
GRID    4544    0       1.6882010.8714461.626E+1
GRID    4545    0       5.3629512.6289931.934E+1
GRID    4546    0       4.0133463.1924407.260649
GRID    4547    0       7.0806673.4526401.536E+1
GRID    4548    0       6.5456441.6941281.755E+1
GRID    4549    0       5.8609204.5754471.194E+1
GRID    4550    0       4.7360162.8656632.103E+1
GRID    4551    0       5.1154624.2003442.040E+1
GRID    4552    0       3.7206332.1354822.386E+1
GRID    4553    0       3.7527732.1300542.381E+1
GRID    4554    0       3.7674892.2802332.380E+1
GRID    4555    0       3.3793892.0193221.825E+1
GRID    4556    0       3.3308442.0010041.799E+1
GRID    4557    0       3.4631591.8810811.814E+1
GRID    4558    0       1.6765681.0342141.499E+1
GRID    4559    0       1.7586731.0350551.478E+1
GRID    4560    0       4.9992083.7212671.982449
GRID    4561    0       3.9329763.4483452.007E+1
GRID    4562    0       3.9472433.5024822.017E+1
GRID    4563    0       3.8561883.7664042.009E+1
GRID    4564    0       3.8518343.8469921.992E+1
GRID    4565    0       3.7741633.6058032.004E+1
GRID    4566    0       5.0990202.4055292.853601
GRID    4567    0       5.1067962.5257503.129410
GRID    4568    0       5.0234845.7088762.205156
GRID    4569    0       2.7427801.3279311.508E+1
GRID    4570    0       2.9582771.3942501.498E+1
GRID    4571    0       2.6270381.6816281.623E+1
GRID    4572    0       2.8414441.8449361.592E+1
GRID    4573    0       5.8265633.2202582.061E+1
GRID    4574    0       5.8422483.2483452.053E+1
GRID    4575    0       5.8940573.3740632.059E+1
GRID    4576    0       3.6516213.4293361.982E+1
GRID    4577    0       4.5263502.9891702.199E+1
GRID    4578    0       6.8649782.8727851.882E+1
GRID    4579    0       6.1106783.3839532.076E+1
GRID    4580    0       6.0061133.4215602.098E+1
GRID    4581    0       6.0106983.2398362.103E+1
GRID    4582    0       4.2080363.2483825.361207
GRID    4583    0       9.2923010.4807241.583E+1
GRID    4584    0       9.4599220.4393521.561E+1
GRID    4585    0       9.2169200.6023251.571E+1
GRID    4586    0       5.0113155.9480621.378E+1
GRID    4587    0       4.9731015.8345461.398E+1
GRID    4588    0       5.1779562.3558462.497E+1
GRID    4589    0       5.2460682.4290102.500E+1
GRID    4590    0       5.4145973.2451721.938E+1
GRID    4591    0       1.2623630.6330861.505E+1
GRID    4592    0       5.1046845.0412502.144297
GRID    4593    0       9.0415570.6484861.465E+1
GRID    4594    0       9.2599010.5492551.470E+1
GRID    4595    0       9.1318300.5482951.446E+1
GRID    4596    0       5.0860106.3444631.494E+1
GRID    4597    0       5.0788666.4889561.477E+1
GRID    4598    0       6.2088403.1254072.058E+1
GRID    4599    0       3.6727743.2984471.998E+1
GRID    4600    0       3.6636753.1327942.004E+1
GRID    4601    0       3.7105543.2298512.012E+1
GRID    4602    0       5.0122381.6062672.103437
GRID    4603    0       5.0044261.6542741.825619
GRID    4604    0       4.5055614.7231331.221E+1
GRID    4605    0       5.1232984.4255242.858059
GRID    4606    0       5.1245014.6659322.764329
GRID    4607    0       5.0058352.3705303.228488
GRID    4608    0       4.9834032.6810303.141154
GRID    4609    0       4.9987132.4552482.999527
GRID    4610    0       1.1573640.7789631.524E+1
GRID    4611    0       5.8915073.3025584.474633
GRID    4612    0       5.6830813.2389984.148899
GRID    4613    0       4.9892481.8139379.500804
GRID    4614    0       3.2048042.5108101.780E+1
GRID    4615    0       3.1980732.5997881.787E+1
GRID    4616    0       5.1134065.7626021.866281
GRID    4617    0       5.0701875.9242111.971265
GRID    4618    0       5.0701285.8209272.091936
GRID    4619    0       2.0686071.2926191.645E+1
GRID    4620    0       3.7124602.9188131.821E+1
GRID    4621    0       5.1259143.0522043.261991
GRID    4622    0       5.1208582.8552923.312951
GRID    4623    0       5.0185242.2023093.506628
GRID    4624    0       5.0125072.1679123.347974
GRID    4625    0       5.0483922.0512333.447325
GRID    4626    0       5.1200123.0583153.442759
GRID    4627    0       5.8800913.5675902.111E+1
GRID    4628    0       4.0884743.3664936.142158
GRID    4629    0       4.1060203.3606675.879420
GRID    4630    0       4.2450073.1647456.140027
GRID    4631    0       5.6786683.5165322.154E+1
GRID    4632    0       5.6122243.4854022.169E+1
GRID    4633    0       5.6625673.4287122.162E+1
GRID    4634    0       6.9228073.2683311.764E+1
GRID    4635    0       6.9309483.2820431.772E+1
GRID    4636    0       4.4111981.5661461.003E+1
GRID    4637    0       3.7983802.1460631.968E+1
GRID    4638    0       3.8978351.9767821.965E+1
GRID    4639    0       5.8189283.0794042.076E+1
GRID    4640    0       5.8354073.0539782.068E+1
GRID    4641    0       4.9953514.3518733.175695
GRID    4642    0       5.0750486.8148980.585123
GRID    4643    0       3.2413233.5930651.724E+1
GRID    4644    0       4.9857705.0890722.254749
GRID    4645    0       4.9776544.9290292.476851
GRID    4646    0       5.0030954.9832632.046353
GRID    4647    0       0.2443190.1056051.483E+1
GRID    4648    0       0.0799590.0379501.471E+1
GRID    4649    0       0.3061440.1706561.464E+1
GRID    4650    0       0.7161350.4886471.555E+1
GRID    4651    0       0.5946580.4094161.545E+1
GRID    4652    0       0.5895670.3574621.558E+1
GRID    4653    0       4.6642272.1058342.118E+1
GRID    4654    0       3.8043511.4350371.730E+1
GRID    4655    0       6.2123422.7486428.932603
GRID    4656    0       5.0949364.7689992.038134
GRID    4657    0       5.1088902.9255703.627490
GRID    4658    0       6.4181483.4468871.914E+1
GRID    4659    0       4.3669112.8517452.014E+1
GRID    4660    0       7.0570872.4164241.613E+1
GRID    4661    0       4.9766314.6058062.839123
GRID    4662    0       5.9536521.4280501.006E+1
GRID    4663    0       4.2564413.4659774.894616
GRID    4664    0       4.3728313.2332122.019E+1
GRID    4665    0       4.4151223.2103442.031E+1
GRID    4666    0       5.0043186.4522230.593808
GRID    4667    0       5.0977633.1625261.942591
GRID    4668    0       1.5794090.9362181.477E+1
GRID    4669    0       1.4318410.8074971.456E+1
GRID    4670    0       2.7679861.3188891.491E+1
GRID    4671    0       3.8666773.6683772.025E+1
GRID    4672    0       2.5259351.2335551.497E+1
GRID    4673    0       6.6231223.4109221.930E+1
GRID    4674    0       6.7151283.2427071.918E+1
GRID    4675    0       3.8708933.4697782.042E+1
GRID    4676    0       3.9005653.5285242.041E+1
GRID    4677    0       5.0555364.3331471.991E+1
GRID    4678    0       5.0138984.4947611.921E+1
GRID    4679    0       5.3968422.6628041.870E+1
GRID    4680    0       5.4638032.6895681.855E+1
GRID    4681    0       4.9981472.3400502.428919
GRID    4682    0       4.9924622.5037792.730094
GRID    4683    0       4.9862842.6144302.424688
GRID    4684    0       4.6379842.6224031.957E+1
GRID    4685    0       3.3415212.4066651.851E+1
GRID    4686    0       5.1085072.7648992.119758
GRID    4687    0       5.1036452.4701732.188866
GRID    4688    0       5.0500492.0061891.586901
GRID    4689    0       5.0459622.4127021.685729
GRID    4690    0       5.2274002.0253778.936744
GRID    4691    0       5.9876113.3505325.305534
GRID    4692    0       5.8573923.4776095.197215
GRID    4693    0       5.0617374.8073341.225842
GRID    4694    0       5.0398534.9683451.126493
GRID    4695    0       5.0712775.0152871.229564
GRID    4696    0       5.5465653.1348414.594957
GRID    4697    0       3.0695813.5241261.464E+1
GRID    4698    0       5.0297770.9193662.084393
GRID    4699    0       5.0114815.0901041.454714
GRID    4700    0       5.0013425.3698421.593384
GRID    4701    0       5.0063105.3134161.321789
GRID    4702    0       5.0032095.4577111.115225
GRID    4703    0       5.0189935.2900791.122605
GRID    4704    0       6.2831744.3737941.781E+1
GRID    4705    0       5.0155512.2138801.867384
GRID    4706    0       5.1493431.9235129.115532
GRID    4707    0       5.1986161.9523479.131041
GRID    4708    0       5.2012211.9808109.034396
GRID    4709    0       5.0084831.2213991.642230
GRID    4710    0       5.0068481.3356831.841940
GRID    4711    0       5.0093461.4608071.679337
GRID    4712    0       4.9148655.3940271.400E+1
GRID    4713    0       5.2541564.4944771.024E+1
GRID    4714    0       4.9916644.4575639.904037
GRID    4715    0       5.0883076.4254740.328525
GRID    4716    0       5.0970486.3348190.428372
GRID    4717    0       5.0478576.3203370.251461
GRID    4718    0       4.6886892.8493136.189812
GRID    4719    0       4.8568392.7461386.314101
GRID    4720    0       5.6636262.7997412.155E+1
GRID    4721    0       5.7192112.8807702.147E+1
GRID    4722    0       5.6835552.9096042.156E+1
GRID    4723    0       5.7155942.7986682.152E+1
GRID    4724    0       5.0720581.0592302.229154
GRID    4725    0       4.4536333.1950681.935E+1
GRID    4726    0       4.9890345.0725302.686378
GRID    4727    0       4.9766355.1648152.509875
GRID    4728    0       3.2550903.2747231.878E+1
GRID    4729    0       3.2535793.3791711.861E+1
GRID    4730    0       5.0344686.5158461.195078
GRID    4731    0       5.0183626.6260950.998236
GRID    4732    0       4.9853516.3937951.216944
GRID    4733    0       4.3246794.7559601.710E+1
GRID    4734    0       5.9533193.5717852.060E+1
GRID    4735    0       3.7925273.5517922.014E+1
GRID    4736    0       3.8327783.6682092.015E+1
GRID    4737    0       5.1002776.8191390.264458
GRID    4738    0       5.8980952.6650122.096E+1
GRID    4739    0       5.1091874.6336763.015367
GRID    4740    0       4.6861053.5368252.195E+1
GRID    4741    0       4.5745713.5486552.173E+1
GRID    4742    0       4.5698183.4101522.190E+1
GRID    4743    0       8.6215870.7608991.608E+1
GRID    4744    0       8.4677520.8416401.608E+1
GRID    4745    0       8.8175150.7033821.621E+1
GRID    4746    0       8.6132050.7727381.621E+1
GRID    4747    0       4.6469173.1652012.031E+1
GRID    4748    0       3.5735342.6275991.799E+1
GRID    4749    0       5.5370104.1526038.671601
GRID    4750    0       5.4329833.5267962.194E+1
GRID    4751    0       5.5565023.4779712.179E+1
GRID    4752    0       5.5109143.6146212.164E+1
GRID    4753    0       4.9956826.0601330.670568
GRID    4754    0       4.9935035.9031140.769047
GRID    4755    0       5.0045345.8879220.980930
GRID    4756    0       3.7313041.9668162.379E+1
GRID    4757    0       3.7150911.9874452.385E+1
GRID    4758    0       3.6941351.8580402.385E+1
GRID    4759    0       5.0927394.8815881.915074
GRID    4760    0       5.0894584.8434031.740265
GRID    4761    0       5.0861094.6436281.745349
GRID    4762    0       3.6453812.2070422.388E+1
GRID    4763    0       3.6380702.3538902.388E+1
GRID    4764    0       3.7184652.3073702.387E+1
GRID    4765    0       6.2880553.1470008.926325
GRID    4766    0       7.8415611.3639251.508E+1
GRID    4767    0       6.2219203.3735952.019E+1
GRID    4768    0       5.0773356.2691981.376E+1
GRID    4769    0       5.1150024.3250983.058246
GRID    4770    0       4.2575453.2262841.893E+1
GRID    4771    0       3.2442131.6001741.677E+1
GRID    4772    0       2.9950871.5857311.688E+1
GRID    4773    0       6.5478092.1460421.916E+1
GRID    4774    0       6.5393772.0415431.900E+1
GRID    4775    0       5.0379512.6934562.522E+1
GRID    4776    0       3.2398582.0124161.511E+1
GRID    4777    0       3.9463272.8847341.817E+1
GRID    4778    0       5.0247491.6732612.774556
GRID    4779    0       5.0229191.5607132.953964
GRID    4780    0       5.0247581.7895892.856132
GRID    4781    0       6.9342291.4932241.467E+1
GRID    4782    0       6.9863091.4545881.463E+1
GRID    4783    0       1.9223891.1986861.514E+1
GRID    4784    0       5.3188082.5637712.213E+1
GRID    4785    0       5.1335772.5037612.211E+1
GRID    4786    0       1.2201880.6163051.487E+1
GRID    4787    0       4.6710443.2745372.233E+1
GRID    4788    0       4.6201683.3449142.212E+1
GRID    4789    0       4.6275243.1636562.217E+1
GRID    4790    0       4.6211372.7832066.640005
GRID    4791    0       5.0070335.1130001.625324
GRID    4792    0       5.0246364.8444441.420827
GRID    4793    0       6.3766972.2602911.897E+1
GRID    4794    0       6.3266792.4721711.909E+1
GRID    4795    0       6.2986602.3135411.909E+1
GRID    4796    0       6.2342482.3534671.918E+1
GRID    4797    0       5.8645663.1928885.466510
GRID    4798    0       6.0330972.0917899.829842
GRID    4799    0       4.4346253.6626825.957451
GRID    4800    0       4.0740811.5647369.858894
GRID    4801    0       8.1743181.1697941.649E+1
GRID    4802    0       8.1537921.2305051.634E+1
GRID    4803    0       6.2797272.8615392.040E+1
GRID    4804    0       6.3251082.6759852.026E+1
GRID    4805    0       5.4692972.4958492.174E+1
GRID    4806    0       4.6741512.2115018.418174
GRID    4807    0       5.0542485.3358810.899387
GRID    4808    0       5.0600575.1122001.049200
GRID    4809    0       3.8540623.5551752.019E+1
GRID    4810    0       4.9436283.5478642.238E+1
GRID    4811    0       4.9487563.4883222.255E+1
GRID    4812    0       5.0968453.5737672.234E+1
GRID    4813    0       5.2195462.9392542.082E+1
GRID    4814    0       5.0796381.1800682.120607
GRID    4815    0       5.0845581.3631402.114177
GRID    4816    0       2.7189281.7462311.651E+1
GRID    4817    0       5.0917032.3664197.506755
GRID    4818    0       5.1414283.1114352.102E+1
GRID    4819    0       3.6013752.1111172.386E+1
GRID    4820    0       5.0182781.9628923.216565
GRID    4821    0       5.0171852.0912523.090809
GRID    4822    0       5.0244711.9478122.954947
GRID    4823    0       4.9777214.1893302.899398
GRID    4824    0       5.0982536.0914531.394E+1
GRID    4825    0       5.1021156.1709441.424E+1
GRID    4826    0       9.7339900.3086431.499E+1
GRID    4827    0       9.7411850.2895921.517E+1
GRID    4828    0       4.1016152.7932068.105298
GRID    4829    0       4.2393213.5760276.003761
GRID    4830    0       4.2824043.6693576.393066
GRID    4831    0       7.9622701.2635841.491E+1
GRID    4832    0       7.7681301.3236021.485E+1
GRID    4833    0       5.0613456.8136920.037875
GRID    4834    0       4.5858863.2360522.039E+1
GRID    4835    0       4.5614943.1829632.036E+1
GRID    4836    0       4.0904643.7770528.482380
GRID    4837    0       5.0180442.1665673.192186
GRID    4838    0       4.2735502.7350161.913E+1
GRID    4839    0       5.0919494.4569491.949488
GRID    4840    0       5.7093852.6412257.481821
GRID    4841    0       5.1195503.5868182.672163
GRID    4842    0       5.0301582.2470287.954895
GRID    4843    0       5.2640502.2560408.065624
GRID    4844    0       5.5410715.0026251.601E+1
GRID    4845    0       5.0914612.2547763.442313
GRID    4846    0       5.0849062.0255233.291593
GRID    4847    0       5.0836782.2307513.193568
GRID    4848    0       4.9842134.8928761.250E+1
GRID    4849    0       4.7604914.8182221.228E+1
GRID    4850    0       5.0192941.5241152.391632
GRID    4851    0       5.0239411.3217432.369472
GRID    4852    0       5.0252711.3982102.533461
GRID    4853    0       5.1081472.5646063.407574
GRID    4854    0       5.1092822.7452713.503878
GRID    4855    0       3.9417333.6997632.042E+1
GRID    4856    0       4.0049493.8251802.037E+1
GRID    4857    0       5.7462923.6929612.116E+1
GRID    4858    0       5.8237843.6256262.117E+1
GRID    4859    0       5.8667973.6946582.099E+1
GRID    4860    0       4.8715455.5690011.558E+1
GRID    4861    0       5.1646451.9167059.222129
GRID    4862    0       4.7226193.4327902.229E+1
GRID    4863    0       4.7401013.2638562.252E+1
GRID    4864    0       4.8338133.3844792.262E+1
GRID    4865    0       5.1002866.2737761.475E+1
GRID    4866    0       5.1102836.2110761.491E+1
GRID    4867    0       5.0972466.2984690.655132
GRID    4868    0       5.0948256.4509890.754838
GRID    4869    0       3.8112061.3174369.752130
GRID    4870    0       3.7499031.2718049.681254
GRID    4871    0       3.7445291.2292749.751697
GRID    4872    0       5.3651163.2504811.957E+1
GRID    4873    0       5.0218615.1300031.237129
GRID    4874    0       4.3871973.2266802.100E+1
GRID    4875    0       5.0004475.7010321.566E+1
GRID    4876    0       5.1636993.0614572.067E+1
GRID    4877    0       4.9845053.0710932.068E+1
GRID    4878    0       5.0355424.6815641.121E+1
GRID    4879    0       4.7985464.7537211.181E+1
GRID    4880    0       3.7614751.2241559.568782
GRID    4881    0       3.8163701.2418669.657570
GRID    4882    0       3.7474981.1952599.721768
GRID    4883    0       6.1653182.3615839.509499
GRID    4884    0       5.9679842.1612319.493045
GRID    4885    0       4.7873414.1912202.035E+1
GRID    4886    0       4.7224424.8546521.722E+1
GRID    4887    0       4.7714124.7518791.794E+1
GRID    4888    0       8.2601181.0375131.461E+1
GRID    4889    0       8.2686101.0819031.477E+1
GRID    4890    0       8.4338510.9814071.475E+1
GRID    4891    0       6.3326952.1389221.960E+1
GRID    4892    0       3.9638211.3346759.791040
GRID    4893    0       3.8823011.2825809.855512
GRID    4894    0       3.8918051.2748589.784138
GRID    4895    0       4.3408953.2547102.003E+1
GRID    4896    0       9.7448110.1869911.488E+1
GRID    4897    0       9.7186680.1832141.510E+1
GRID    4898    0       6.7218873.0281271.927E+1
GRID    4899    0       9.8205240.2045431.522E+1
GRID    4900    0       9.7225110.2668631.535E+1
GRID    4901    0       9.7860390.1635291.532E+1
GRID    4902    0       4.8649932.1612232.501E+1
GRID    4903    0       4.8627322.3188382.500E+1
GRID    4904    0       4.9130502.2493022.498E+1
GRID    4905    0       3.6060162.3478941.955E+1
GRID    4906    0       2.0129161.0525731.642E+1
GRID    4907    0       2.0787791.0765261.620E+1
GRID    4908    0       4.4716512.0039782.078E+1
GRID    4909    0       3.6922441.2185159.656030
GRID    4910    0       4.1519993.5002662.090E+1
GRID    4911    0       4.1545533.5675122.096E+1
GRID    4912    0       4.1201843.5438542.088E+1
GRID    4913    0       3.6985713.1392861.824E+1
GRID    4914    0       0.8277200.5494911.568E+1
GRID    4915    0       3.9581491.3249009.924205
GRID    4916    0       4.0908911.4334401.008E+1
GRID    4917    0       4.3313453.9148622.068E+1
GRID    4918    0       4.9914406.4824410.942002
GRID    4919    0       4.8413262.9166862.098E+1
GRID    4920    0       4.9193262.9472922.090E+1
GRID    4921    0       4.8254063.2047012.076E+1
GRID    4922    0       3.8183001.3610839.528372
GRID    4923    0       3.9474131.4816779.511410
GRID    4924    0       5.0365046.0546841.816516
GRID    4925    0       5.0200825.8942291.983720
GRID    4926    0       4.6190243.5521034.525292
GRID    4927    0       5.1611001.7535352.513E+1
GRID    4928    0       4.8932192.0072022.113E+1
GRID    4929    0       5.9022711.7240509.240574
GRID    4930    0       6.0439941.5916459.325480
GRID    4931    0       4.3454833.2904772.113E+1
GRID    4932    0       4.3129113.4415512.115E+1
GRID    4933    0       4.2821813.3910302.107E+1
GRID    4934    0       4.4149063.2154491.895E+1
GRID    4935    0       5.0748045.8400221.554E+1
GRID    4936    0       5.0954655.6706831.566E+1
GRID    4937    0       5.1723685.6890601.545E+1
GRID    4938    0       4.5300752.0862919.026428
GRID    4939    0       7.5172861.3446041.617E+1
GRID    4940    0       7.4837851.3809511.646E+1
GRID    4941    0       7.2354761.4831701.623E+1
GRID    4942    0       3.6060722.5941892.399E+1
GRID    4943    0       5.3755592.0741912.117E+1
GRID    4944    0       5.0708253.3602572.052E+1
GRID    4945    0       4.9992243.3880752.043E+1
GRID    4946    0       4.9197584.5494641.045E+1
GRID    4947    0       3.5002372.2346781.867E+1
GRID    4948    0       1.7320021.0951201.515E+1
GRID    4949    0       7.6673631.3837001.676E+1
GRID    4950    0       7.8132371.2987091.672E+1
GRID    4951    0       7.7023521.4536541.669E+1
GRID    4952    0       1.0748470.7025001.501E+1
GRID    4953    0       5.0151725.9250821.549E+1
GRID    4954    0       4.7293162.2088042.133E+1
GRID    4955    0       3.2386893.0857261.885E+1
GRID    4956    0       4.1121973.6606857.839630
GRID    4957    0       4.1400823.6110317.318675
GRID    4958    0       4.9847003.0492353.425090
GRID    4959    0       4.9814582.8579553.315325
GRID    4960    0       6.2348953.7328602.016E+1
GRID    4961    0       6.3006703.5919852.012E+1
GRID    4962    0       6.2732103.7605032.000E+1
GRID    4963    0       6.0890871.5126899.593055
GRID    4964    0       6.0118923.0320042.007E+1
GRID    4965    0       3.7549792.6410721.800E+1
GRID    4966    0       4.4735143.5989662.149E+1
GRID    4967    0       4.7140733.6327542.176E+1
GRID    4968    0       5.0753121.6323812.685198
GRID    4969    0       5.0799191.7364032.533874
GRID    4970    0       5.0770351.8193432.707802
GRID    4971    0       6.1822813.1640098.163039
GRID    4972    0       6.1189303.2751707.396138
GRID    4973    0       5.3124224.5779721.873E+1
GRID    4974    0       5.0042821.9588209.052552
GRID    4975    0       4.9582751.9289009.167089
GRID    4976    0       0.5874550.3668891.443E+1
GRID    4977    0       0.7566090.4386871.444E+1
GRID    4978    0       4.3008471.8431059.814023
GRID    4979    0       4.9942315.7501821.377E+1
GRID    4980    0       9.1128110.6452781.483E+1
GRID    4981    0       8.9519300.7254551.481E+1
GRID    4982    0       6.3660112.9932481.789E+1
GRID    4983    0       3.7618042.2286412.354E+1
GRID    4984    0       3.7364002.2775902.361E+1
GRID    4985    0       4.9853493.7488842.274997
GRID    4986    0       6.4883481.8624751.873E+1
GRID    4987    0       4.0232471.8875351.038E+1
GRID    4988    0       3.7154542.5861032.349E+1
GRID    4989    0       4.9989186.2554321.488E+1
GRID    4990    0       5.7959412.1587661.997E+1
GRID    4991    0       5.7584342.2135472.018E+1
GRID    4992    0       5.7195762.1187002.012E+1
GRID    4993    0       5.1771493.0125062.124E+1
GRID    4994    0       4.4822114.0780862.043E+1
GRID    4995    0       8.1367501.1456501.478E+1
GRID    4996    0       8.2951981.1076411.495E+1
GRID    4997    0       5.0059566.8504890.293041
GRID    4998    0       5.0200366.8878550.347631
GRID    4999    0       9.1612370.5423361.596E+1
GRID    5000    0       5.7106702.6761801.914E+1
GRID    5001    0       5.5424102.6847771.909E+1
GRID    5002    0       7.8817091.1395501.575E+1
GRID    5003    0       3.6225891.5387432.355E+1
GRID    5004    0       3.6849031.5507172.351E+1
GRID    5005    0       3.6894361.5853852.356E+1
GRID    5006    0       4.9862512.6138352.939075
GRID    5007    0       6.2497171.2409769.782887
GRID    5008    0       6.1038531.3311419.782005
GRID    5009    0       6.1148921.3500629.632913
GRID    5010    0       1.3665900.8449501.614E+1
GRID    5011    0       6.9063642.7681231.777E+1
GRID    5012    0       5.8511223.2184935.095010
GRID    5013    0       5.9638733.3600264.816824
GRID    5014    0       9.0439210.7284181.567E+1
GRID    5015    0       5.0123411.1072221.788724
GRID    5016    0       4.5346363.2112922.191E+1
GRID    5017    0       4.5030743.2857392.181E+1
GRID    5018    0       9.5353160.4080731.460E+1
GRID    5019    0       5.0050352.4644092.062886
GRID    5020    0       3.6081762.5582562.339E+1
GRID    5021    0       6.9824731.6261351.498E+1
GRID    5022    0       5.9502363.2826892.007E+1
GRID    5023    0       3.6009142.6752562.336E+1
GRID    5024    0       6.1588453.0726051.783E+1
GRID    5025    0       4.3763983.2630472.123E+1
GRID    5026    0       0.1569170.0573041.499E+1
GRID    5027    0       5.3349081.9674558.977116
GRID    5028    0       4.3465413.2052852.110E+1
GRID    5029    0       4.3316283.2290402.103E+1
GRID    5030    0       4.1778373.5693976.528490
GRID    5031    0       2.1690451.2103971.672E+1
GRID    5032    0       2.1509611.1385341.657E+1
GRID    5033    0       2.3422681.2532391.668E+1
GRID    5034    0       5.0500494.9091913.013519
GRID    5035    0       5.0042274.8908412.943439
GRID    5036    0       5.0271024.7977483.080984
GRID    5037    0       8.6315760.7724761.462E+1
GRID    5038    0       6.6756343.3546061.716E+1
GRID    5039    0       6.7002833.5229261.707E+1
GRID    5040    0       6.3958273.5368641.988E+1
GRID    5041    0       4.2711743.9861398.396308
GRID    5042    0       4.9995233.0632762.049E+1
GRID    5043    0       4.1181193.6211242.075E+1
GRID    5044    0       3.8205783.4856402.028E+1
GRID    5045    0       3.8294993.3996092.035E+1
GRID    5046    0       6.9958091.4586341.505E+1
GRID    5047    0       3.7775073.8303661.972E+1
GRID    5048    0       6.0854753.1209687.547620
GRID    5049    0       5.8529192.0084119.618176
GRID    5050    0       5.7823281.8538179.815004
GRID    5051    0       6.8174062.0080321.750E+1
GRID    5052    0       4.7365572.6782262.509E+1
GRID    5053    0       6.4528982.1967041.943E+1
GRID    5054    0       4.5651033.1209962.204E+1
GRID    5055    0       2.5918441.4026011.483E+1
GRID    5056    0       2.7610251.4209521.475E+1
GRID    5057    0       6.6527263.1741511.939E+1
GRID    5058    0       6.2704023.3308401.985E+1
GRID    5059    0       6.2903003.2679141.978E+1
GRID    5060    0       6.5976493.1063611.958E+1
GRID    5061    0       0.0111900.0116801.448E+1
GRID    5062    0       0.1613260.0870031.458E+1
GRID    5063    0       4.3246853.0370562.081E+1
GRID    5064    0       3.8422142.7183271.810E+1
GRID    5065    0       0.4219960.3224341.473E+1
GRID    5066    0       4.7805253.0994172.267E+1
GRID    5067    0       5.1098264.5312382.320307
GRID    5068    0       5.1222464.2167822.543161
GRID    5069    0       7.8204841.1349981.502E+1
GRID    5070    0       7.9899821.0616521.510E+1
GRID    5071    0       5.1138546.4461671.064763
GRID    5072    0       5.1079516.5538640.878195
GRID    5073    0       6.1343563.6783422.050E+1
GRID    5074    0       3.4302723.8802141.853E+1
GRID    5075    0       5.8839623.2402082.032E+1
GRID    5076    0       5.9009503.2025082.025E+1
GRID    5077    0       5.9059083.1500622.022E+1
GRID    5078    0       5.0790981.0739762.003579
GRID    5079    0       5.0810961.0482751.902876
GRID    5080    0       5.0869381.2558881.942315
GRID    5081    0       4.3982873.1843431.913E+1
GRID    5082    0       3.7839423.4402172.020E+1
GRID    5083    0       3.7408463.3858022.012E+1
GRID    5084    0       3.7881043.3294392.028E+1
GRID    5085    0       5.7303402.8469272.166E+1
GRID    5086    0       6.3805793.3924672.005E+1
GRID    5087    0       6.4273703.3372711.995E+1
GRID    5088    0       6.3965793.4492981.995E+1
GRID    5089    0       9.6314240.2497581.551E+1
GRID    5090    0       9.4340110.3600271.572E+1
GRID    5091    0       3.2737282.3779071.769E+1
GRID    5092    0       3.8164593.0280322.042E+1
GRID    5093    0       3.7237163.0295872.022E+1
GRID    5094    0       5.8713153.2605254.784821
GRID    5095    0       5.0936681.4839701.906089
GRID    5096    0       5.0642822.1624433.521980
GRID    5097    0       5.0627982.2531993.589031
GRID    5098    0       6.2839222.8814451.834E+1
GRID    5099    0       6.3856053.0152861.820E+1
GRID    5100    0       6.4074972.7973121.813E+1
GRID    5101    0       6.2487952.7109091.834E+1
GRID    5102    0       4.5437642.6561462.188E+1
GRID    5103    0       4.6991562.5004812.188E+1
GRID    5104    0       4.9787515.3026392.305102
GRID    5105    0       4.9864145.3740832.395981
GRID    5106    0       3.0269691.5948281.499E+1
GRID    5107    0       3.0400171.5173141.481E+1
GRID    5108    0       2.8704861.4992481.487E+1
GRID    5109    0       6.2760982.8647181.886E+1
GRID    5110    0       6.3743572.8548921.875E+1
GRID    5111    0       6.3095192.7186471.878E+1
GRID    5112    0       4.3213033.3081962.104E+1
GRID    5113    0       4.9344045.2225721.372E+1
GRID    5114    0       8.9910330.5677581.512E+1
GRID    5115    0       3.9897211.3572349.662839
GRID    5116    0       3.8836771.2772759.712687
GRID    5117    0       3.3112382.2599651.839E+1
GRID    5118    0       6.0249453.1218187.186270
GRID    5119    0       8.4220231.0562751.621E+1
GRID    5120    0       5.6646942.6668332.171E+1
GRID    5121    0       5.8972163.7121147.321858
GRID    5122    0       6.0933963.3076696.964286
GRID    5123    0       3.9006003.4285492.031E+1
GRID    5124    0       4.4980763.4470542.174E+1
GRID    5125    0       3.2470602.1060751.752E+1
GRID    5126    0       4.9717492.6508461.886E+1
GRID    5127    0       6.2069472.3110032.016E+1
GRID    5128    0       5.0826486.5061761.457E+1
GRID    5129    0       6.2017194.6631151.467E+1
GRID    5130    0       8.9832720.5868091.473E+1
GRID    5131    0       9.1518020.5070211.469E+1
GRID    5132    0       7.3658251.4009091.589E+1
GRID    5133    0       3.7082041.7231642.382E+1
GRID    5134    0       6.8767301.5749771.597E+1
GRID    5135    0       6.8844221.5904331.624E+1
GRID    5136    0       7.0808781.5286391.594E+1
GRID    5137    0       9.2490820.4395111.584E+1
GRID    5138    0       9.1560870.4726161.564E+1
GRID    5139    0       9.2936760.4170431.568E+1
GRID    5140    0       9.2678010.4612961.458E+1
GRID    5141    0       9.4451350.4003331.442E+1
GRID    5142    0       4.9958231.8127099.258767
GRID    5143    0       4.7849662.1168152.125E+1
GRID    5144    0       9.3537760.5563501.530E+1
GRID    5145    0       5.9790701.4347939.655572
GRID    5146    0       6.0019841.4813749.445700
GRID    5147    0       4.0562103.4308252.089E+1
GRID    5148    0       5.4104822.6354262.182E+1
GRID    5149    0       5.0007106.5563320.742770
GRID    5150    0       5.0006116.6491010.885393
GRID    5151    0       5.1052206.2856891.410886
GRID    5152    0       5.1140016.3821431.238446
GRID    5153    0       5.0728702.4698826.317252
GRID    5154    0       8.3313790.9145651.601E+1
GRID    5155    0       8.2715480.9499801.622E+1
GRID    5156    0       8.1200631.0266601.611E+1
GRID    5157    0       3.6703132.9986629.468579
GRID    5158    0       4.9228582.9077812.089E+1
GRID    5159    0       6.8443893.7908261.713E+1
GRID    5160    0       5.0591056.8960960.368223
GRID    5161    0       5.1118293.1177112.233074
GRID    5162    0       5.1143453.5525512.213536
GRID    5163    0       4.9121783.5989732.219E+1
GRID    5164    0       6.1457412.7656181.897E+1
GRID    5165    0       6.0839892.7079791.897E+1
GRID    5166    0       6.1469242.7525841.889E+1
GRID    5167    0       6.1004002.7764251.896E+1
GRID    5168    0       1.2908130.6473881.588E+1
GRID    5169    0       5.0714054.6893083.165588
GRID    5170    0       4.8763801.9138309.251228
GRID    5171    0       0.4563620.2690481.454E+1
GRID    5172    0       5.9037642.4392291.994E+1
GRID    5173    0       5.1275002.0958422.128E+1
GRID    5174    0       0.6395240.2962411.538E+1
GRID    5175    0       0.5790030.2904131.559E+1
GRID    5176    0       0.4645920.2337791.547E+1
GRID    5177    0       4.3094302.8655652.029E+1
GRID    5178    0       5.4126413.2682841.981E+1
GRID    5179    0       5.0378642.5880172.234E+1
GRID    5180    0       5.0123362.1378772.566023
GRID    5181    0       5.0196822.0662762.794754
GRID    5182    0       5.0066722.2704942.713074
GRID    5183    0       5.3104793.0021202.507E+1
GRID    5184    0       5.0909221.7013211.757295
GRID    5185    0       0.5369690.2586781.499E+1
GRID    5186    0       6.7740413.2027661.849E+1
GRID    5187    0       6.6539472.0672301.863E+1
GRID    5188    0       8.4128900.8579571.509E+1
GRID    5189    0       5.2979593.0168842.514E+1
GRID    5190    0       5.3369642.9143602.509E+1
GRID    5191    0       6.5725883.3089471.953E+1
GRID    5192    0       5.6753942.5629522.156E+1
GRID    5193    0       3.7049243.0726541.784E+1
GRID    5194    0       9.3642750.3623721.549E+1
GRID    5195    0       9.5100410.2871271.535E+1
GRID    5196    0       5.0074806.3477120.778692
GRID    5197    0       4.8770282.6242122.235E+1
GRID    5198    0       4.9142812.6951212.250E+1
GRID    5199    0       7.3745101.4111741.475E+1
GRID    5200    0       2.6531081.2690231.478E+1
GRID    5201    0       2.5235991.2538981.461E+1
GRID    5202    0       2.7495511.3030261.467E+1
GRID    5203    0       6.1481133.4615072.041E+1
GRID    5204    0       6.6920561.8396841.727E+1
GRID    5205    0       3.5195712.4494341.869E+1
GRID    5206    0       4.5690293.1867332.026E+1
GRID    5207    0       4.4274522.6400381.947E+1
GRID    5208    0       5.6260293.2209721.889E+1
GRID    5209    0       5.5814183.2298661.904E+1
GRID    5210    0       5.6430563.2088811.871E+1
GRID    5211    0       4.7949932.6148726.881859
GRID    5212    0       3.1687272.9635171.815E+1
GRID    5213    0       3.1822492.8451131.817E+1
GRID    5214    0       3.5391592.3008582.355E+1
GRID    5215    0       9.5829340.3669251.547E+1
GRID    5216    0       9.4980560.4520461.537E+1
GRID    5217    0       5.0997566.1893801.505E+1
GRID    5218    0       5.0703634.1467427.106678
GRID    5219    0       3.2091483.4800931.768E+1
GRID    5220    0       3.1992963.3604431.780E+1
GRID    5221    0       3.2355363.5713471.781E+1
GRID    5222    0       5.0500492.7504941.752001
GRID    5223    0       4.9964562.7606082.036748
GRID    5224    0       5.7166463.4859884.669640
GRID    5225    0       3.6002973.2376541.981E+1
GRID    5226    0       1.0057080.5171041.469E+1
GRID    5227    0       5.1085122.4681232.424782
GRID    5228    0       3.5357893.0891622.354E+1
GRID    5229    0       3.5299822.9995212.357E+1
GRID    5230    0       4.3083383.2667152.061E+1
GRID    5231    0       5.0015636.7974710.363608
GRID    5232    0       4.8910525.1871621.403E+1
GRID    5233    0       4.9946845.8310251.192718
GRID    5234    0       4.9979045.6909501.079210
GRID    5235    0       5.0022455.5913690.949692
GRID    5236    0       5.2593353.4517572.248E+1
GRID    5237    0       5.4452603.3921312.220E+1
GRID    5238    0       6.6764732.6468611.747E+1
GRID    5239    0       6.6055412.4982081.752E+1
GRID    5240    0       6.7280862.4687491.738E+1
GRID    5241    0       5.6865403.4702654.376040
GRID    5242    0       3.9783533.3827312.020E+1
GRID    5243    0       4.0991853.3184192.017E+1
GRID    5244    0       3.9232193.4589122.057E+1
GRID    5245    0       3.8884863.3619412.052E+1
GRID    5246    0       3.9202863.3144182.062E+1
GRID    5247    0       4.9904886.1348491.511E+1
GRID    5248    0       8.0602611.0268951.487E+1
GRID    5249    0       7.8120001.1345141.483E+1
GRID    5250    0       5.0438946.6974051.474E+1
GRID    5251    0       7.8106311.1435051.468E+1
GRID    5252    0       7.6502461.1978841.468E+1
GRID    5253    0       9.6283700.2908281.458E+1
GRID    5254    0       9.6265750.3310961.438E+1
GRID    5255    0       9.7922070.2108901.455E+1
GRID    5256    0       5.5923452.5167122.145E+1
GRID    5257    0       9.7453720.3140801.459E+1
GRID    5258    0       9.7876010.2697751.434E+1
GRID    5259    0       1.3050300.6656811.473E+1
GRID    5260    0       1.1798880.6074291.466E+1
GRID    5261    0       5.2700805.3496681.563E+1
GRID    5262    0       4.9956445.7518850.854955
GRID    5263    0       5.1237783.2319853.186159
GRID    5264    0       3.9326291.3875639.421542
GRID    5265    0       3.8162811.3577669.426448
GRID    5266    0       3.8871511.4337559.395129
GRID    5267    0       3.8164981.3124539.436352
GRID    5268    0       5.2127852.4646132.108E+1
GRID    5269    0       5.0827014.7926481.568956
GRID    5270    0       6.5321533.4702971.951E+1
GRID    5271    0       5.1060503.2516322.011E+1
GRID    5272    0       5.0051993.1378032.015E+1
GRID    5273    0       4.8872773.2581672.009E+1
GRID    5274    0       6.5274481.9493281.884E+1
GRID    5275    0       3.5434603.2170991.727E+1
GRID    5276    0       4.1989993.0471892.016E+1
GRID    5277    0       0.3181850.2288491.436E+1
GRID    5278    0       0.1938320.1297371.445E+1
GRID    5279    0       5.0523974.2262456.973223
GRID    5280    0       3.9923643.3113522.012E+1
GRID    5281    0       4.3604203.3596792.121E+1
GRID    5282    0       4.9892134.9484472.821115
GRID    5283    0       4.9754734.8209002.722635
GRID    5284    0       5.1188773.8962802.434396
GRID    5285    0       4.1301102.9439682.002E+1
GRID    5286    0       6.1651372.7071002.061E+1
GRID    5287    0       6.4357283.2196162.000E+1
GRID    5288    0       2.2494741.3254471.497E+1
GRID    5289    0       5.0718313.6791222.203E+1
GRID    5290    0       5.2499893.5722572.218E+1
GRID    5291    0       5.0276630.9434551.395863
GRID    5292    0       5.0155510.9983701.550856
GRID    5293    0       5.0249170.8077991.416103
GRID    5294    0       2.7865931.6951651.688E+1
GRID    5295    0       2.6410191.6845801.670E+1
GRID    5296    0       2.6087171.5847151.682E+1
GRID    5297    0       4.7481962.4102642.511E+1
GRID    5298    0       4.7516432.4726802.513E+1
GRID    5299    0       4.7290512.4770872.511E+1
GRID    5300    0       4.7330412.4125292.508E+1
GRID    5301    0       4.3115813.1234422.023E+1
GRID    5302    0       8.5758150.9522821.622E+1
GRID    5303    0       3.8030772.5744171.794E+1
GRID    5304    0       3.7509732.6346731.788E+1
GRID    5305    0       4.2439273.1844435.829085
GRID    5306    0       4.1235663.3548415.616683
GRID    5307    0       1.1061610.5482731.583E+1
GRID    5308    0       7.9276881.2332861.668E+1
GRID    5309    0       7.8304771.4101261.657E+1
GRID    5310    0       3.2652812.6272921.776E+1
GRID    5311    0       3.2735752.5084371.778E+1
GRID    5312    0       6.5323504.1968611.762E+1
GRID    5313    0       5.0198756.6134011.388E+1
GRID    5314    0       6.2783353.1705732.042E+1
GRID    5315    0       6.3237553.0352912.034E+1
GRID    5316    0       5.3068422.0103519.046522
GRID    5317    0       5.0182971.9272982.524518
GRID    5318    0       6.1639091.3645669.462401
GRID    5319    0       6.3134683.4594162.008E+1
GRID    5320    0       6.3266683.4805762.014E+1
GRID    5321    0       6.3039703.4006902.018E+1
GRID    5322    0       6.3374213.3463052.011E+1
GRID    5323    0       5.1430625.8534891.532E+1
GRID    5324    0       5.1153136.0371381.518E+1
GRID    5325    0       5.0611036.0133881.541E+1
GRID    5326    0       6.1752953.3490131.957E+1
GRID    5327    0       6.8653453.1908481.786E+1
GRID    5328    0       3.3843563.1023701.751E+1
GRID    5329    0       4.4037312.8166592.172E+1
GRID    5330    0       4.4208092.6884362.169E+1
GRID    5331    0       3.3767873.2642421.754E+1
GRID    5332    0       3.7271561.2684459.492191
GRID    5333    0       3.7193121.2533929.602211
GRID    5334    0       6.0662372.6291941.900E+1
GRID    5335    0       6.1201572.6200691.893E+1
GRID    5336    0       6.1139922.7030231.899E+1
GRID    5337    0       6.1725702.6856061.892E+1
GRID    5338    0       3.2180512.4688571.761E+1
GRID    5339    0       3.2896572.4844371.768E+1
GRID    5340    0       3.3759352.5244291.777E+1
GRID    5341    0       9.7441750.3088641.479E+1
GRID    5342    0       9.8805680.2146421.473E+1
GRID    5343    0       5.0363676.8779861.434E+1
GRID    5344    0       5.0293436.7258771.443E+1
GRID    5345    0       5.0483886.8112441.455E+1
GRID    5346    0       5.0648240.6853411.869692
GRID    5347    0       5.0315560.7766241.928930
GRID    5348    0       5.0289270.7743051.837989
GRID    5349    0       6.9475913.1204671.768E+1
GRID    5350    0       6.8578943.1007551.880E+1
GRID    5351    0       4.4545962.9321532.183E+1
GRID    5352    0       4.9122792.9190552.516E+1
GRID    5353    0       3.8297453.5834152.023E+1
GRID    5354    0       3.5726223.0717512.345E+1
GRID    5355    0       3.5635193.1307162.352E+1
GRID    5356    0       4.9751412.8692152.878881
GRID    5357    0       6.9168222.9801901.813E+1
GRID    5358    0       6.3995101.9442641.910E+1
GRID    5359    0       5.0063056.2936071.425E+1
GRID    5360    0       5.7198412.7205832.164E+1
GRID    5361    0       5.6938632.8346152.173E+1
GRID    5362    0       5.1428912.8427132.521E+1
GRID    5363    0       0.9099240.4427161.543E+1
GRID    5364    0       5.0269906.6288180.162153
GRID    5365    0       7.3302291.5350681.680E+1
GRID    5366    0       1.5480010.7919811.614E+1
GRID    5367    0       7.2837641.6432011.682E+1
GRID    5368    0       0.4710350.3259831.536E+1
GRID    5369    0       0.8567260.4121441.563E+1
GRID    5370    0       0.7343550.3458961.552E+1
GRID    5371    0       3.8343011.3029269.853961
GRID    5372    0       6.7400063.0104421.740E+1
GRID    5373    0       6.8342913.1147041.737E+1
GRID    5374    0       4.1594063.2960762.024E+1
GRID    5375    0       6.5027442.7018681.982E+1
GRID    5376    0       4.9971155.6119521.313095
GRID    5377    0       4.9332002.8625142.518E+1
GRID    5378    0       4.2808151.5284761.020E+1
GRID    5379    0       5.1069695.8910990.874034
GRID    5380    0       5.1050056.0602140.676844
GRID    5381    0       6.1959012.8354001.894E+1
GRID    5382    0       3.1212991.4601351.496E+1
GRID    5383    0       5.0200341.8871562.708057
GRID    5384    0       5.0125931.4009792.035487
GRID    5385    0       5.1591802.4993772.521E+1
GRID    5386    0       0.6948720.4459111.461E+1
GRID    5387    0       0.9257620.5104861.446E+1
GRID    5388    0       6.4178323.2930191.983E+1
GRID    5389    0       6.3730753.3686071.989E+1
GRID    5390    0       5.0819351.4552332.301431
GRID    5391    0       5.5821342.4063622.126E+1
GRID    5392    0       6.2071112.4470602.032E+1
GRID    5393    0       6.1205232.2633412.030E+1
GRID    5394    0       4.9914406.2523961.445506
GRID    5395    0       5.9887962.2680291.976E+1
GRID    5396    0       5.9168932.3086041.988E+1
GRID    5397    0       5.8932072.2098621.986E+1
GRID    5398    0       5.6465813.2561521.967E+1
GRID    5399    0       3.7882442.6222272.375E+1
GRID    5400    0       3.7861242.5360622.370E+1
GRID    5401    0       3.7904872.6218562.365E+1
GRID    5402    0       8.9445090.6239541.455E+1
GRID    5403    0       6.8342432.9120071.735E+1
GRID    5404    0       6.9222132.9857101.726E+1
GRID    5405    0       4.7503832.7471062.504E+1
GRID    5406    0       4.2882292.0281069.435815
GRID    5407    0       7.0548052.1036761.640E+1
GRID    5408    0       2.4463981.1934741.478E+1
GRID    5409    0       4.3818973.0581202.160E+1
GRID    5410    0       5.8757282.7834212.131E+1
GRID    5411    0       2.7622761.5644071.692E+1
GRID    5412    0       6.3941593.2733072.009E+1
GRID    5413    0       6.3888323.1635452.016E+1
GRID    5414    0       4.1139212.9539992.113E+1
GRID    5415    0       5.0181386.5201311.421E+1
GRID    5416    0       5.0279296.7674281.422E+1
GRID    5417    0       3.6674853.4361411.741E+1
GRID    5418    0       3.5676413.2460661.739E+1
GRID    5419    0       6.3107823.2384011.998E+1
GRID    5420    0       6.3701393.2911362.002E+1
GRID    5421    0       5.0500495.7447550.672088
GRID    5422    0       1.7875991.0873061.642E+1
GRID    5423    0       4.9498032.5029032.496E+1
GRID    5424    0       4.9641592.5867092.496E+1
GRID    5425    0       4.5587783.2960461.990E+1
GRID    5426    0       5.0713776.8084221.417E+1
GRID    5427    0       6.4919653.3436531.809E+1
GRID    5428    0       5.1108496.0453491.461232
GRID    5429    0       5.1129265.9139071.680335
GRID    5430    0       5.1007225.6504991.532703
GRID    5431    0       5.0249974.2635791.665882
GRID    5432    0       2.9345341.3667351.482E+1
GRID    5433    0       6.0223913.6139792.080E+1
GRID    5434    0       2.4326321.2809631.654E+1
GRID    5435    0       3.4816822.5648971.789E+1
GRID    5436    0       5.0015986.2198830.522030
GRID    5437    0       5.7253253.5564085.342768
GRID    5438    0       4.3358702.9288422.017E+1
GRID    5439    0       3.7383043.6632991.986E+1
GRID    5440    0       5.0960592.3764483.321424
GRID    5441    0       5.0895712.3149333.008429
GRID    5442    0       5.0258581.1669492.270661
GRID    5443    0       5.0254681.2082952.487733
GRID    5444    0       8.1221451.1965521.495E+1
GRID    5445    0       4.1387752.5251911.989E+1
GRID    5446    0       6.2074512.8311511.883E+1
GRID    5447    0       3.3569101.8301971.731E+1
GRID    5448    0       3.9448453.5479952.052E+1
GRID    5449    0       3.8963603.4868362.048E+1
GRID    5450    0       5.7276023.0731662.072E+1
GRID    5451    0       5.6724982.7029501.898E+1
GRID    5452    0       5.0505571.8978863.324216
GRID    5453    0       5.0509121.7646623.215511
GRID    5454    0       5.0834481.9262863.196248
GRID    5455    0       4.3830832.2199352.008E+1
GRID    5456    0       4.4328672.2142602.027E+1
GRID    5457    0       8.8291360.6647511.470E+1
GRID    5458    0       3.8696343.3905532.021E+1
GRID    5459    0       6.5666954.2275581.732E+1
GRID    5460    0       6.1054592.9787181.889E+1
GRID    5461    0       3.6937221.1964409.709796
GRID    5462    0       4.9638782.8943062.495E+1
GRID    5463    0       5.0615882.8567452.495E+1
GRID    5464    0       6.8814351.5155001.470E+1
GRID    5465    0       6.7900642.0429401.773E+1
GRID    5466    0       6.6938821.8678061.760E+1
GRID    5467    0       6.9038611.4752321.466E+1
GRID    5468    0       4.9189852.5547906.879855
GRID    5469    0       6.9289991.4488051.467E+1
GRID    5470    0       6.9170992.6495851.763E+1
GRID    5471    0       6.9060802.5840691.774E+1
GRID    5472    0       5.2250874.0620627.615199
GRID    5473    0       9.3662070.4777911.455E+1
GRID    5474    0       5.1939162.5162732.497E+1
GRID    5475    0       5.2411512.5243052.501E+1
GRID    5476    0       5.0788376.5955381.059975
GRID    5477    0       4.5148303.0939362.046E+1
GRID    5478    0       4.8422752.2697322.508E+1
GRID    5479    0       4.1348753.4772822.074E+1
GRID    5480    0       3.2215713.2071561.860E+1
GRID    5481    0       3.6227071.5369602.351E+1
GRID    5482    0       5.0897155.0231611.580055
GRID    5483    0       4.8860693.7038402.186E+1
GRID    5484    0       4.0043221.9571591.984E+1
GRID    5485    0       5.6490232.8079822.167E+1
GRID    5486    0       9.6105010.2376881.521E+1
GRID    5487    0       4.8452483.0596342.517E+1
GRID    5488    0       8.3216270.9510621.645E+1
GRID    5489    0       8.2853091.0218431.652E+1
GRID    5490    0       8.2020771.0194311.652E+1
GRID    5491    0       6.3104973.3945882.025E+1
GRID    5492    0       6.3525903.3269982.017E+1
GRID    5493    0       6.8291193.5889891.781E+1
GRID    5494    0       5.0474026.1867551.527E+1
GRID    5495    0       2.4731581.4989021.677E+1
GRID    5496    0       2.3644521.4345311.672E+1
GRID    5497    0       5.0350502.4391306.389106
GRID    5498    0       5.0505746.4055981.391920
GRID    5499    0       4.6492302.8275132.112E+1
GRID    5500    0       4.8493492.6448386.706949
GRID    5501    0       5.0732736.9503341.390E+1
GRID    5502    0       5.0847956.8394621.379E+1
GRID    5503    0       4.3025203.5386822.093E+1
GRID    5504    0       5.0094632.9266943.799527
GRID    5505    0       3.2487453.0614341.789E+1
GRID    5506    0       3.1682723.0264201.779E+1
GRID    5507    0       3.2421782.8867261.789E+1
GRID    5508    0       3.2188503.2039101.785E+1
GRID    5509    0       5.2800193.1504862.014E+1
GRID    5510    0       4.2243602.8655782.136E+1
GRID    5511    0       5.2709053.2821852.004E+1
GRID    5512    0       5.0683540.5788421.576800
GRID    5513    0       1.9191941.0587241.460E+1
GRID    5514    0       5.1675415.5502011.565E+1
GRID    5515    0       1.9014391.0763161.658E+1
GRID    5516    0       2.0198961.1434821.664E+1
GRID    5517    0       1.9571241.1931011.651E+1
GRID    5518    0       7.8368391.1979371.649E+1
GRID    5519    0       5.2283971.9268892.502E+1
GRID    5520    0       5.2103682.0673942.500E+1
GRID    5521    0       3.8551833.2640012.048E+1
GRID    5522    0       6.6962621.9307751.786E+1
GRID    5523    0       4.1054853.6335942.086E+1
GRID    5524    0       4.1704543.7108332.084E+1
GRID    5525    0       4.9730833.0577153.183748
GRID    5526    0       7.3519921.3105551.490E+1
GRID    5527    0       6.8227113.7696131.727E+1
GRID    5528    0       6.8302683.6241571.729E+1
GRID    5529    0       6.8761323.6846801.720E+1
GRID    5530    0       6.8867813.5897931.731E+1
GRID    5531    0       0.4342860.3098361.438E+1
GRID    5532    0       0.4822980.3474541.453E+1
GRID    5533    0       5.1147445.6419711.988998
GRID    5534    0       5.1147735.5517732.167208
GRID    5535    0       5.7636292.6017872.140E+1
GRID    5536    0       1.0855950.7093301.584E+1
GRID    5537    0       1.0780950.6184271.603E+1
GRID    5538    0       5.1002113.0645832.521E+1
GRID    5539    0       4.9643903.0802882.521E+1
GRID    5540    0       3.3875642.5427491.811E+1
GRID    5541    0       5.6072793.6400762.145E+1
GRID    5542    0       2.1824361.3434181.660E+1
GRID    5543    0       6.4247551.1648279.670141
GRID    5544    0       6.2542781.2556709.649736
GRID    5545    0       9.8388230.1226121.499E+1
GRID    5546    0       9.8831820.1079611.514E+1
GRID    5547    0       6.4402223.3754211.853E+1
GRID    5548    0       5.1010373.4762252.263E+1
GRID    5549    0       4.9598863.4364392.270E+1
GRID    5550    0       5.0651803.4311442.278E+1
GRID    5551    0       5.1883403.4083932.270E+1
GRID    5552    0       4.8895232.7895452.263E+1
GRID    5553    0       4.7944852.9079102.262E+1
GRID    5554    0       3.7838672.5547702.355E+1
GRID    5555    0       8.2991021.1138281.638E+1
GRID    5556    0       4.6105752.0980472.067E+1
GRID    5557    0       3.6542852.3817132.398E+1
GRID    5558    0       3.6335682.4562542.397E+1
GRID    5559    0       3.6607992.4471542.395E+1
GRID    5560    0       5.0300274.9559331.246932
GRID    5561    0       3.6795481.6581772.378E+1
GRID    5562    0       3.6078601.7451922.378E+1
GRID    5563    0       5.2715742.9876782.519E+1
GRID    5564    0       5.6278513.1740361.837E+1
GRID    5565    0       6.9721181.4327191.475E+1
GRID    5566    0       5.7609592.8236852.134E+1
GRID    5567    0       6.6035013.5244071.785E+1
GRID    5568    0       5.0811531.8828312.532694
GRID    5569    0       3.5184502.7020862.372E+1
GRID    5570    0       3.5202812.7268912.360E+1
GRID    5571    0       5.6744632.2721152.058E+1
GRID    5572    0       5.0293510.9929922.280839
GRID    5573    0       6.1129183.5386942.065E+1
GRID    5574    0       5.0765851.5274342.826035
GRID    5575    0       5.0541671.3781982.839260
GRID    5576    0       5.0758621.4500732.671969
GRID    5577    0       5.6852062.2189542.018E+1
GRID    5578    0       3.4250872.3722701.786E+1
GRID    5579    0       3.8630383.3668902.045E+1
GRID    5580    0       6.3370283.5786102.002E+1
GRID    5581    0       4.3023703.2567112.011E+1
GRID    5582    0       4.2756693.2094772.016E+1
GRID    5583    0       3.6738013.0118191.752E+1
GRID    5584    0       3.7123553.2574651.757E+1
GRID    5585    0       5.0923371.3967881.670716
GRID    5586    0       5.0480331.8989809.228045
GRID    5587    0       5.0988662.4027973.439722
GRID    5588    0       5.0984732.4374313.560336
GRID    5589    0       5.2392923.1114842.517E+1
GRID    5590    0       0.9870260.5135101.596E+1
GRID    5591    0       8.6602950.8584951.469E+1
GRID    5592    0       0.1901690.1405641.489E+1
GRID    5593    0       5.0181371.3647732.233350
GRID    5594    0       5.0459313.0085771.797614
GRID    5595    0       7.2037121.3556131.485E+1
GRID    5596    0       6.7137952.0126331.808E+1
GRID    5597    0       6.7632782.0841301.794E+1
GRID    5598    0       6.7648432.1343791.815E+1
GRID    5599    0       8.4394261.0204891.633E+1
GRID    5600    0       5.0832252.0607972.628809
GRID    5601    0       5.0943762.2244662.425314
GRID    5602    0       5.0985542.3271962.637141
GRID    5603    0       5.8507213.1792512.045E+1
GRID    5604    0       3.6367303.0039422.000E+1
GRID    5605    0       7.1697291.3743511.461E+1
GRID    5606    0       7.0692251.4080871.461E+1
GRID    5607    0       1.0788590.5640301.457E+1
GRID    5608    0       1.1750760.6291911.449E+1
GRID    5609    0       3.1676012.4872071.751E+1
GRID    5610    0       6.1775021.4539799.383665
GRID    5611    0       5.0500495.0148632.923863
GRID    5612    0       5.1044854.9616782.844696
GRID    5613    0       5.0970195.1411672.737199
GRID    5614    0       5.2930103.1533182.272E+1
GRID    5615    0       1.3008670.6937121.451E+1
GRID    5616    0       5.0969005.8400750.734870
GRID    5617    0       5.0975955.7315420.812261
GRID    5618    0       8.3440320.9406131.457E+1
GRID    5619    0       8.1822940.9819991.469E+1
GRID    5620    0       8.1477991.0406431.458E+1
GRID    5621    0       8.9064980.6840521.450E+1
GRID    5622    0       9.9596870.1184451.447E+1
GRID    5623    0       1.007E+10.0864681.434E+1
GRID    5624    0       1.012E+10.0091891.454E+1
GRID    5625    0       9.9299370.1764121.433E+1
GRID    5626    0       6.7751803.4816381.739E+1
GRID    5627    0       4.1551301.6940919.265711
GRID    5628    0       4.1009541.6231689.432468
GRID    5629    0       3.2187232.5922391.734E+1
GRID    5630    0       3.2134942.7823171.731E+1
GRID    5631    0       5.8095173.0054262.056E+1
GRID    5632    0       5.8367882.9991262.057E+1
GRID    5633    0       5.8338012.9763492.070E+1
GRID    5634    0       6.4804073.0429751.843E+1
GRID    5635    0       5.7728272.9251562.120E+1
GRID    5636    0       5.9156973.4322002.042E+1
GRID    5637    0       5.9008273.4865372.059E+1
GRID    5638    0       5.0213761.8137703.117507
GRID    5639    0       6.1778533.7307712.033E+1
GRID    5640    0       6.4450182.2138751.884E+1
GRID    5641    0       6.5000992.1922951.878E+1
GRID    5642    0       4.0006951.5499319.356053
GRID    5643    0       4.1896831.6035069.369527
GRID    5644    0       5.4717893.1559792.223E+1
GRID    5645    0       5.4862663.2794532.213E+1
GRID    5646    0       6.2599963.1607811.804E+1
GRID    5647    0       6.1864363.0248071.812E+1
GRID    5648    0       6.1419543.1970671.818E+1
GRID    5649    0       5.0297380.6158701.380170
GRID    5650    0       5.8181401.5344479.663536
GRID    5651    0       5.8491331.4857039.888263
GRID    5652    0       5.0116996.0421501.537E+1
GRID    5653    0       4.0740081.5016821.010E+1
GRID    5654    0       5.0827341.6425632.359677
GRID    5655    0       5.0857001.8060282.232569
GRID    5656    0       5.0829471.8103742.394899
GRID    5657    0       6.9535573.7845461.668E+1
GRID    5658    0       5.0975305.4519612.416738
GRID    5659    0       5.3593892.4714732.503E+1
GRID    5660    0       4.2504123.1311871.895E+1
GRID    5661    0       4.3208293.3939982.140E+1
GRID    5662    0       5.0229741.3283872.671015
GRID    5663    0       5.0204801.4484792.854297
GRID    5664    0       5.0249511.5317232.650346
GRID    5665    0       5.4454833.2820042.000E+1
GRID    5666    0       4.0237563.4320292.082E+1
GRID    5667    0       0.2315860.0979571.513E+1
GRID    5668    0       0.3062550.1386101.526E+1
GRID    5669    0       5.3058473.3475482.259E+1
GRID    5670    0       6.8128432.5893851.787E+1
GRID    5671    0       6.8385532.3304821.780E+1
GRID    5672    0       6.2457041.3783999.568580
GRID    5673    0       8.6433800.8019881.632E+1
GRID    5674    0       8.4692440.9005951.643E+1
GRID    5675    0       8.4343740.8671791.626E+1
GRID    5676    0       6.2952722.4915272.017E+1
GRID    5677    0       9.6168700.2709041.476E+1
GRID    5678    0       4.9978672.2996002.499E+1
GRID    5679    0       6.2229893.1604691.988E+1
GRID    5680    0       4.8880514.9929301.339E+1
GRID    5681    0       7.5335841.4610991.680E+1
GRID    5682    0       3.2430493.4119241.829E+1
GRID    5683    0       3.2898743.5286341.813E+1
GRID    5684    0       5.8107193.1352161.906E+1
GRID    5685    0       5.0736594.8055853.072900
GRID    5686    0       5.0500506.3091351.364E+1
GRID    5687    0       6.2755742.9148031.797E+1
GRID    5688    0       6.2669852.7881711.791E+1
GRID    5689    0       6.3251762.9051801.785E+1
GRID    5690    0       6.3743512.8721461.785E+1
GRID    5691    0       6.2982102.7835481.795E+1
GRID    5692    0       1.001E+10.1246821.462E+1
GRID    5693    0       9.9896550.1140291.484E+1
GRID    5694    0       3.7778302.4425582.354E+1
GRID    5695    0       5.0964396.1892351.583326
GRID    5696    0       4.1210363.5900622.093E+1
GRID    5697    0       4.1033923.4879612.096E+1
GRID    5698    0       3.4024282.8916781.779E+1
GRID    5699    0       3.3938722.6990061.778E+1
GRID    5700    0       3.1412533.1821571.768E+1
GRID    5701    0       3.1351322.9531811.770E+1
GRID    5702    0       6.7765611.5764121.477E+1
GRID    5703    0       6.8836843.0385451.860E+1
GRID    5704    0       6.8770913.1097631.860E+1
GRID    5705    0       5.0751810.7263401.614662
GRID    5706    0       5.0736750.6801421.467984
GRID    5707    0       6.8657933.0943511.858E+1
GRID    5708    0       8.3574060.8988791.469E+1
GRID    5709    0       5.0793560.8421031.539456
GRID    5710    0       6.0380933.4572612.050E+1
GRID    5711    0       5.9340283.3721362.045E+1
GRID    5712    0       1.006E+10.0303081.475E+1
GRID    5713    0       9.9863090.0490571.496E+1
GRID    5714    0       9.8919790.1069331.483E+1
GRID    5715    0       5.9675102.8902172.116E+1
GRID    5716    0       5.9577183.1287602.117E+1
GRID    5717    0       6.8856993.7367631.705E+1
GRID    5718    0       6.9053313.6614871.711E+1
GRID    5719    0       5.0830192.5290056.475020
GRID    5720    0       3.6400043.3456751.779E+1
GRID    5721    0       3.5467313.2188001.775E+1
GRID    5722    0       6.2219912.7591131.889E+1
GRID    5723    0       4.0038253.5157772.072E+1
GRID    5724    0       3.9565463.4465572.065E+1
GRID    5725    0       5.8973013.3579232.123E+1
GRID    5726    0       5.8483503.1507022.135E+1
GRID    5727    0       6.4982743.3682251.971E+1
GRID    5728    0       6.6591692.8799361.781E+1
GRID    5729    0       6.7856542.8934641.769E+1
GRID    5730    0       6.7032904.0575861.736E+1
GRID    5731    0       5.9019793.3540514.441483
GRID    5732    0       5.0296100.8472271.974333
GRID    5733    0       8.7186170.8328901.622E+1
GRID    5734    0       5.0480300.4678041.332540
GRID    5735    0       5.0162066.5180181.377E+1
GRID    5736    0       5.0518296.6652651.368E+1
GRID    5737    0       5.0536096.4776021.366E+1
GRID    5738    0       4.4195223.0474892.047E+1
GRID    5739    0       8.7843820.8210281.484E+1
GRID    5740    0       8.8529630.7472141.466E+1
GRID    5741    0       5.1606262.4457662.496E+1
GRID    5742    0       5.0555313.0033392.081E+1
GRID    5743    0       5.2066552.9931462.079E+1
GRID    5744    0       4.6161692.5927012.005E+1
GRID    5745    0       6.2965142.7173921.768E+1
GRID    5746    0       6.2473572.8630101.768E+1
GRID    5747    0       5.0656875.4652372.488810
GRID    5748    0       3.5731322.1513702.375E+1
GRID    5749    0       4.9870664.1692803.125974
GRID    5750    0       0.1729720.1627691.456E+1
GRID    5751    0       5.0275704.1300007.040471
GRID    5752    0       0.2833030.2372161.465E+1
GRID    5753    0       5.5757702.6452721.879E+1
GRID    5754    0       1.1417680.7791041.556E+1
GRID    5755    0       1.0688790.7369671.540E+1
GRID    5756    0       5.8791863.3177912.049E+1
GRID    5757    0       4.8818732.4160482.518E+1
GRID    5758    0       4.0721463.5261232.088E+1
GRID    5759    0       0.6901490.3530351.570E+1
GRID    5760    0       5.0706480.7241361.770885
GRID    5761    0       5.0418390.5890021.817661
GRID    5762    0       3.3225422.1672541.808E+1
GRID    5763    0       3.8346932.7207541.798E+1
GRID    5764    0       3.8240242.6254501.798E+1
GRID    5765    0       5.0032372.7560103.714573
GRID    5766    0       3.7566882.6908582.381E+1
GRID    5767    0       5.0441501.2752521.406838
GRID    5768    0       5.0417581.6342331.513626
GRID    5769    0       5.8297963.1183942.057E+1
GRID    5770    0       3.1605191.5878551.486E+1
GRID    5771    0       9.0147980.5471701.576E+1
GRID    5772    0       5.0848962.1870902.855782
GRID    5773    0       5.0756451.9846182.943708
GRID    5774    0       5.0772601.9632162.806173
GRID    5775    0       3.7897992.7743431.830E+1
GRID    5776    0       5.0892651.6347152.055798
GRID    5777    0       7.3163801.4723111.653E+1
GRID    5778    0       3.6770783.4998981.907E+1
GRID    5779    0       6.2441433.1293961.984E+1
GRID    5780    0       3.6237362.7572151.862E+1
GRID    5781    0       8.0967951.1239121.662E+1
GRID    5782    0       5.0335045.3376682.629759
GRID    5783    0       5.0417765.1737182.778980
GRID    5784    0       3.9558323.6042882.047E+1
GRID    5785    0       6.0482122.6387971.864E+1
GRID    5786    0       6.0637122.7764521.867E+1
GRID    5787    0       5.9828752.8440261.883E+1
GRID    5788    0       5.2759971.9809629.095524
GRID    5789    0       6.7706232.2895651.735E+1
GRID    5790    0       5.0922052.8924591.916510
GRID    5791    0       5.0651312.4682003.728471
GRID    5792    0       5.0309194.4072281.511293
GRID    5793    0       5.1685503.2933112.291E+1
GRID    5794    0       5.2489543.3031172.275E+1
GRID    5795    0       5.1452993.3746062.284E+1
GRID    5796    0       3.2008322.9134051.728E+1
GRID    5797    0       6.5635402.9139511.972E+1
GRID    5798    0       4.9197443.2315922.292E+1
GRID    5799    0       4.9501253.3642932.286E+1
GRID    5800    0       4.7587432.4857472.510E+1
GRID    5801    0       4.7623972.4363992.506E+1
GRID    5802    0       4.7826922.5198212.508E+1
GRID    5803    0       3.7277541.9112732.353E+1
GRID    5804    0       5.0236131.6972913.047920
GRID    5805    0       5.0579631.5500003.013119
GRID    5806    0       4.3174653.1987282.026E+1
GRID    5807    0       5.4292092.5837412.176E+1
GRID    5808    0       5.4101772.5841642.171E+1
GRID    5809    0       5.0038352.2402472.510E+1
GRID    5810    0       5.0479760.8850181.270489
GRID    5811    0       5.0397120.7053431.238598
GRID    5812    0       0.3857280.1853181.487E+1
GRID    5813    0       5.0946436.8245430.364651
GRID    5814    0       3.6383673.3126781.807E+1
GRID    5815    0       3.7564363.3987601.822E+1
GRID    5816    0       6.3939322.8570892.018E+1
GRID    5817    0       6.8614553.7275351.693E+1
GRID    5818    0       7.7193031.3012131.670E+1
GRID    5819    0       4.4459842.2871602.045E+1
GRID    5820    0       4.4012622.3487982.033E+1
GRID    5821    0       2.6959951.3193241.460E+1
GRID    5822    0       2.8277801.3653201.461E+1
GRID    5823    0       6.9019932.6878601.825E+1
GRID    5824    0       6.8841672.6223761.813E+1
GRID    5825    0       6.9179022.7782991.815E+1
GRID    5826    0       4.0703073.2659032.012E+1
GRID    5827    0       6.3962992.6493351.771E+1
GRID    5828    0       6.3846702.8497631.775E+1
GRID    5829    0       6.3316092.7527401.781E+1
GRID    5830    0       6.2741382.6701281.787E+1
GRID    5831    0       3.1949671.8576821.712E+1
GRID    5832    0       1.6755170.9331101.458E+1
GRID    5833    0       1.7973560.9959171.459E+1
GRID    5834    0       3.7206003.5517631.992E+1
GRID    5835    0       3.9541551.4023049.975449
GRID    5836    0       1.8481690.9614991.634E+1
GRID    5837    0       9.6495840.2136121.535E+1
GRID    5838    0       3.9910792.8536391.862E+1
GRID    5839    0       3.3988922.9304781.810E+1
GRID    5840    0       3.3356763.0937931.801E+1
GRID    5841    0       5.0176181.2611722.116972
GRID    5842    0       5.0243846.6547491.435E+1
GRID    5843    0       5.0157646.4858721.436E+1
GRID    5844    0       5.0236316.6113741.450E+1
GRID    5845    0       6.2165071.3566409.757045
GRID    5846    0       0.9534340.4662141.575E+1
GRID    5847    0       0.3720090.2847651.492E+1
GRID    5848    0       5.8471423.0712832.059E+1
GRID    5849    0       5.0500496.8529281.370E+1
GRID    5850    0       9.9175740.1162321.464E+1
GRID    5851    0       2.2160831.1239431.463E+1
GRID    5852    0       6.1193982.7002871.852E+1
GRID    5853    0       6.5565423.0660041.972E+1
GRID    5854    0       4.9431953.0369952.292E+1
GRID    5855    0       5.0288746.7095180.851008
GRID    5856    0       5.0810344.5135911.672647
GRID    5857    0       0.9522120.6301841.575E+1
GRID    5858    0       1.0213650.6872041.567E+1
GRID    5859    0       5.0661370.8153692.079820
GRID    5860    0       5.0640200.8500272.167699
GRID    5861    0       1.1532790.6005521.608E+1
GRID    5862    0       1.3258420.6711271.603E+1
GRID    5863    0       5.0690690.7618721.876558
GRID    5864    0       5.5976293.2120281.946E+1
GRID    5865    0       7.6390461.3238971.472E+1
GRID    5866    0       7.4315901.2746041.478E+1
GRID    5867    0       7.5938311.2189311.480E+1
GRID    5868    0       3.7188213.1471931.746E+1
GRID    5869    0       3.7823773.3172061.753E+1
GRID    5870    0       5.8261862.9604962.055E+1
GRID    5871    0       5.1300192.9791692.141E+1
GRID    5872    0       3.9621342.7732581.824E+1
GRID    5873    0       3.8855712.8206441.814E+1
GRID    5874    0       4.7780812.6016222.514E+1
GRID    5875    0       3.3264302.7556621.747E+1
GRID    5876    0       3.3903872.5618001.785E+1
GRID    5877    0       3.3823572.6960761.783E+1
GRID    5878    0       3.3489902.8683881.779E+1
GRID    5879    0       5.7013382.1822812.038E+1
GRID    5880    0       3.8183783.0486621.836E+1
GRID    5881    0       3.8548173.2432431.841E+1
GRID    5882    0       4.4934013.2015012.030E+1
GRID    5883    0       4.9620781.9609982.515E+1
GRID    5884    0       4.9517861.7680582.513E+1
GRID    5885    0       4.9649611.8270532.508E+1
GRID    5886    0       5.1191842.9513022.521E+1
GRID    5887    0       5.1889492.9136562.517E+1
GRID    5888    0       1.6530560.9222541.644E+1
GRID    5889    0       2.3944641.3469661.681E+1
GRID    5890    0       2.4823191.3548491.680E+1
GRID    5891    0       5.0716765.5900732.349915
GRID    5892    0       5.0700865.7322412.195397
GRID    5893    0       5.0185184.6280881.650000
GRID    5894    0       5.0140484.7934091.636945
GRID    5895    0       6.2321013.4274812.004E+1
GRID    5896    0       6.2884253.4786332.008E+1
GRID    5897    0       6.3086223.4440672.002E+1
GRID    5898    0       4.7165822.9950672.249E+1
GRID    5899    0       5.0500495.9499100.575387
GRID    5900    0       6.4181752.8872341.741E+1
GRID    5901    0       5.0381802.5497056.401450
GRID    5902    0       8.3385760.8958261.493E+1
GRID    5903    0       5.0879172.5294086.378922
GRID    5904    0       4.3536752.8970022.044E+1
GRID    5905    0       4.0306472.7772481.860E+1
GRID    5906    0       8.1901720.9676231.516E+1
GRID    5907    0       6.4458693.3975291.984E+1
GRID    5908    0       6.2969402.9215341.874E+1
GRID    5909    0       5.7813423.0114672.066E+1
GRID    5910    0       5.8082833.0640302.058E+1
GRID    5911    0       3.6737932.7651332.336E+1
GRID    5912    0       3.5948122.7747062.337E+1
GRID    5913    0       4.5980813.0343022.217E+1
GRID    5914    0       5.2491221.8878992.508E+1
GRID    5915    0       5.2312901.8094522.513E+1
GRID    5916    0       5.2279131.7330702.504E+1
GRID    5917    0       4.0318073.5226372.079E+1
GRID    5918    0       4.0923553.5756032.082E+1
GRID    5919    0       4.0163483.5983212.070E+1
GRID    5920    0       4.0569713.6098892.078E+1
GRID    5921    0       3.8213182.8849591.797E+1
GRID    5922    0       3.7288542.8841481.784E+1
GRID    5923    0       3.6865042.1177022.347E+1
GRID    5924    0       7.5286121.3990171.671E+1
GRID    5925    0       5.0738224.6031491.538834
GRID    5926    0       5.0568704.6494221.281927
GRID    5927    0       5.0700104.7134381.399517
GRID    5928    0       3.1798023.0918031.711E+1
GRID    5929    0       5.3657545.1647621.590E+1
GRID    5930    0       8.0005141.1849931.471E+1
GRID    5931    0       7.8220661.2483481.470E+1
GRID    5932    0       5.1832723.4326583.536133
GRID    5933    0       5.2103523.1222672.287E+1
GRID    5934    0       5.1574543.1918402.297E+1
GRID    5935    0       6.4543113.3085561.807E+1
GRID    5936    0       7.6010601.5449521.667E+1
GRID    5937    0       6.3426131.2163449.572554
GRID    5938    0       5.6137572.8209061.818E+1
GRID    5939    0       8.2707980.9328351.480E+1
GRID    5940    0       5.0775046.4952681.219539
GRID    5941    0       6.7325652.7477501.772E+1
GRID    5942    0       3.1533452.7628561.774E+1
GRID    5943    0       5.0388994.2023937.018857
GRID    5944    0       6.9067963.8433781.684E+1
GRID    5945    0       5.6651592.5316472.147E+1
GRID    5946    0       5.0069296.3279970.409513
GRID    5947    0       3.8064531.2402619.786819
GRID    5948    0       3.6095211.7499862.384E+1
GRID    5949    0       3.6531681.7057822.385E+1
GRID    5950    0       7.9381091.0896671.470E+1
GRID    5951    0       8.0307541.0572721.465E+1
GRID    5952    0       5.0817774.9613121.405982
GRID    5953    0       6.8067822.0075481.716E+1
GRID    5954    0       3.6469381.9874632.387E+1
GRID    5955    0       3.5845241.9699582.383E+1
GRID    5956    0       8.3046340.9417161.635E+1
GRID    5957    0       3.2285233.3739231.819E+1
GRID    5958    0       6.4706653.1452871.994E+1
GRID    5959    0       6.4485623.0930772.002E+1
GRID    5960    0       6.4576022.6766621.736E+1
GRID    5961    0       4.2160663.5920562.092E+1
GRID    5962    0       8.1661351.0204661.632E+1
GRID    5963    0       6.4910942.4456301.762E+1
GRID    5964    0       6.5073432.5800831.758E+1
GRID    5965    0       6.5019322.7314281.759E+1
GRID    5966    0       6.5595852.6613621.761E+1
GRID    5967    0       7.6106141.3284871.658E+1
GRID    5968    0       1.1651740.7293031.600E+1
GRID    5969    0       2.4142281.2064761.462E+1
GRID    5970    0       4.9879482.9795362.496E+1
GRID    5971    0       5.0954723.5187842.251E+1
GRID    5972    0       5.2197891.5492842.512E+1
GRID    5973    0       6.1952672.8575991.805E+1
GRID    5974    0       1.0522820.5847381.449E+1
GRID    5975    0       1.1788010.6589911.451E+1
GRID    5976    0       5.2071193.0658142.197E+1
GRID    5977    0       1.4457260.7592761.627E+1
GRID    5978    0       5.1051802.6602553.649992
GRID    5979    0       5.0986842.7644593.851433
GRID    5980    0       4.9670933.2616251.984E+1
GRID    5981    0       5.0137296.7883341.380E+1
GRID    5982    0       6.3645003.4734272.003E+1
GRID    5983    0       5.9822651.4095219.807074
GRID    5984    0       6.7714813.7042031.766E+1
GRID    5985    0       6.6386633.6536971.776E+1
GRID    5986    0       6.0202782.9752601.879E+1
GRID    5987    0       6.4615572.9244252.002E+1
GRID    5988    0       9.1077240.5167861.596E+1
GRID    5989    0       5.0737516.2089750.351997
GRID    5990    0       5.0769931.6682662.886356
GRID    5991    0       4.7349772.5268792.504E+1
GRID    5992    0       4.7627462.5141542.505E+1
GRID    5993    0       4.7420012.4409432.506E+1
GRID    5994    0       5.0353334.1683687.079169
GRID    5995    0       5.6027902.7596192.165E+1
GRID    5996    0       3.2857372.5795341.798E+1
GRID    5997    0       5.0346480.7796412.033241
GRID    5998    0       5.0670900.7855731.974260
GRID    5999    0       8.4596060.8929521.456E+1
GRID    6000    0       8.5876680.8348111.454E+1
GRID    6001    0       5.0784451.9406239.149065
GRID    6002    0       4.9831672.9107221.790E+1
GRID    6003    0       4.8993702.8235601.793E+1
GRID    6004    0       5.0396342.9923382.521E+1
GRID    6005    0       6.7519483.2386781.770E+1
GRID    6006    0       2.3021281.1390921.475E+1
GRID    6007    0       5.0596346.6864550.102673
GRID    6008    0       6.1563123.3308351.811E+1
GRID    6009    0       6.2749303.3571731.796E+1
GRID    6010    0       8.7447320.7759901.453E+1
GRID    6011    0       8.7637830.7242401.453E+1
GRID    6012    0       3.8932382.8432821.808E+1
GRID    6013    0       2.4715961.3350191.474E+1
GRID    6014    0       2.3153501.2878521.477E+1
GRID    6015    0       4.0342793.4944272.063E+1
GRID    6016    0       3.7961762.5750381.805E+1
GRID    6017    0       5.0771992.0861383.070773
GRID    6018    0       5.0790461.8323733.077883
GRID    6019    0       3.2416052.8495821.818E+1
GRID    6020    0       6.2540933.4040231.997E+1
GRID    6021    0       6.3306073.4133991.996E+1
GRID    6022    0       3.9008152.6846111.806E+1
GRID    6023    0       5.7829343.0694972.073E+1
GRID    6024    0       3.6130912.7518771.741E+1
GRID    6025    0       5.0416612.9438082.094E+1
GRID    6026    0       6.3829762.9158461.859E+1
GRID    6027    0       6.0678423.8004352.044E+1
GRID    6028    0       3.1755602.3067681.757E+1
GRID    6029    0       0.2807410.1859291.515E+1
GRID    6030    0       1.2765760.7434811.466E+1
GRID    6031    0       1.1463560.6704931.464E+1
GRID    6032    0       1.1068200.6786641.478E+1
GRID    6033    0       1.0187760.5994881.463E+1
GRID    6034    0       4.7871262.7194262.501E+1
GRID    6035    0       1.3195320.6875941.619E+1
GRID    6036    0       1.2436140.7044991.617E+1
GRID    6037    0       5.0620934.5287381.373138
GRID    6038    0       5.2594213.2877732.057E+1
GRID    6039    0       5.0690774.4315751.503936
GRID    6040    0       5.0725546.6879530.875840
GRID    6041    0       6.4738173.1846891.812E+1
GRID    6042    0       3.1681933.3323521.767E+1
GRID    6043    0       5.0887995.1467861.374874
GRID    6044    0       6.2717783.5970862.021E+1
GRID    6045    0       8.0600401.0930511.655E+1
GRID    6046    0       9.9028320.1382701.511E+1
GRID    6047    0       1.6443730.8657811.455E+1
GRID    6048    0       6.3184902.5241351.782E+1
GRID    6049    0       3.9311531.3522469.510822
GRID    6050    0       5.5831002.7438611.834E+1
GRID    6051    0       4.7834912.5873652.504E+1
GRID    6052    0       4.7426982.5964542.503E+1
GRID    6053    0       5.7175162.1704532.006E+1
GRID    6054    0       5.7880582.2359501.995E+1
GRID    6055    0       6.0165171.5255709.974703
GRID    6056    0       6.1151431.4522869.827993
GRID    6057    0       7.9096971.1498581.460E+1
GRID    6058    0       3.7869862.7345502.359E+1
GRID    6059    0       3.2412122.8757431.772E+1
GRID    6060    0       5.0215111.7166962.585310
GRID    6061    0       0.2167680.1812201.433E+1
GRID    6062    0       0.2185600.2079651.441E+1
GRID    6063    0       5.1248885.0419142.548091
GRID    6064    0       6.4918582.6872041.800E+1
GRID    6065    0       5.4521102.5468142.189E+1
GRID    6066    0       6.9570733.0798731.728E+1
GRID    6067    0       7.9368381.1733681.663E+1
GRID    6068    0       4.3924173.4147642.123E+1
GRID    6069    0       2.8328201.5265031.684E+1
GRID    6070    0       6.1860052.7055561.883E+1
GRID    6071    0       6.1850372.6011551.886E+1
GRID    6072    0       6.2321352.6698621.883E+1
GRID    6073    0       4.7888262.8024732.249E+1
GRID    6074    0       3.9846623.5563162.062E+1
GRID    6075    0       5.8514571.5669059.471317
GRID    6076    0       4.9245743.0135512.060E+1
GRID    6077    0       5.2297751.9914402.515E+1
GRID    6078    0       5.2467042.1910262.516E+1
GRID    6079    0       5.1833872.1605952.518E+1
GRID    6080    0       5.0415536.1587201.689610
GRID    6081    0       5.0500496.2425841.585783
GRID    6082    0       1.7529260.8950981.469E+1
GRID    6083    0       4.1067942.7495181.842E+1
GRID    6084    0       3.4382582.3158561.830E+1
GRID    6085    0       3.3370223.1169991.775E+1
GRID    6086    0       3.4338773.2563091.782E+1
GRID    6087    0       3.4740823.1776011.791E+1
GRID    6088    0       3.9690342.5990221.827E+1
GRID    6089    0       3.9839682.5892981.819E+1
GRID    6090    0       3.8713302.5860591.814E+1
GRID    6091    0       7.6428781.2484511.460E+1
GRID    6092    0       7.7739361.1997581.460E+1
GRID    6093    0       7.1709451.3579481.469E+1
GRID    6094    0       6.2535762.7743321.875E+1
GRID    6095    0       2.5810331.4602281.687E+1
GRID    6096    0       9.9508960.1305871.497E+1
GRID    6097    0       0.0956890.1166001.434E+1
GRID    6098    0       6.3560943.2058461.790E+1
GRID    6099    0       4.2254982.6319071.849E+1
GRID    6100    0       4.1637652.3770651.988E+1
GRID    6101    0       4.0468161.4151779.576262
GRID    6102    0       3.7691642.5902751.901E+1
GRID    6103    0       9.7839270.1855401.472E+1
GRID    6104    0       3.7271893.4698332.001E+1
GRID    6105    0       5.7937563.2271411.858E+1
GRID    6106    0       3.6955431.7242032.351E+1
GRID    6107    0       4.9912814.5036483.070938
GRID    6108    0       4.9781904.4187802.895679
GRID    6109    0       4.9982784.6372873.061040
GRID    6110    0       6.0365232.3994091.980E+1
GRID    6111    0       5.1540031.8760762.503E+1
GRID    6112    0       3.3154073.3898921.798E+1
GRID    6113    0       5.7832543.1890801.867E+1
GRID    6114    0       4.9752302.9228002.522E+1
GRID    6115    0       5.0751042.4483316.408082
GRID    6116    0       6.9045672.8297851.738E+1
GRID    6117    0       3.6716011.9097752.348E+1
GRID    6118    0       5.1318512.1253282.516E+1
GRID    6119    0       5.1301052.0750992.511E+1
GRID    6120    0       5.1490711.9541492.514E+1
GRID    6121    0       6.9327413.5113371.703E+1
GRID    6122    0       8.4884210.9143471.457E+1
GRID    6123    0       2.9441301.4490951.470E+1
GRID    6124    0       3.2098993.0708761.751E+1
GRID    6125    0       8.0912911.0581271.643E+1
GRID    6126    0       3.5644133.2651241.798E+1
GRID    6127    0       6.6369212.7736101.747E+1
GRID    6128    0       6.7697072.8727461.735E+1
GRID    6129    0       4.0612472.6118651.840E+1
GRID    6130    0       4.7684972.5329842.203E+1
GRID    6131    0       5.0332485.3094221.602E+1
GRID    6132    0       5.0277345.5402442.403025
GRID    6133    0       2.7182821.3657101.464E+1
GRID    6134    0       5.1156534.7832402.879787
GRID    6135    0       5.7635663.1401412.075E+1
GRID    6136    0       5.0297590.7225471.787821
GRID    6137    0       3.6196933.0275501.737E+1
GRID    6138    0       3.7717872.3410322.354E+1
GRID    6139    0       5.0231804.7169801.510954
GRID    6140    0       6.8760793.4318491.748E+1
GRID    6141    0       6.7036203.3616171.749E+1
GRID    6142    0       6.6798423.5916961.741E+1
GRID    6143    0       6.5692693.4917771.756E+1
GRID    6144    0       4.0015642.6806471.861E+1
GRID    6145    0       3.6141931.6738282.352E+1
GRID    6146    0       3.9348002.7572931.852E+1
GRID    6147    0       6.8175123.6555141.697E+1
GRID    6148    0       7.4992511.2580541.465E+1
GRID    6149    0       3.1310631.4329321.482E+1
GRID    6150    0       3.1181591.4367131.462E+1
GRID    6151    0       5.0744406.6539251.445E+1
GRID    6152    0       5.0684596.7698891.442E+1
GRID    6153    0       3.1510111.7172591.702E+1
GRID    6154    0       6.0028672.9105441.888E+1
GRID    6155    0       1.8243090.9743221.651E+1
GRID    6156    0       6.2896681.2713499.491725
GRID    6157    0       6.7240462.1803511.801E+1
GRID    6158    0       6.7585952.2378261.794E+1
GRID    6159    0       6.7581942.1843361.808E+1
GRID    6160    0       6.7850533.9144411.739E+1
GRID    6161    0       5.0321243.3331332.041E+1
GRID    6162    0       6.9422343.0455221.710E+1
GRID    6163    0       6.9519023.2595281.731E+1
GRID    6164    0       4.8565865.0682041.403E+1
GRID    6165    0       7.5024121.2995591.461E+1
GRID    6166    0       3.3368373.2034841.770E+1
GRID    6167    0       5.1878063.0247772.520E+1
GRID    6168    0       7.2953041.3191011.474E+1
GRID    6169    0       7.3605351.3097991.462E+1
GRID    6170    0       5.2258681.6868122.512E+1
GRID    6171    0       4.9468421.6741372.505E+1
GRID    6172    0       3.2054863.0460531.863E+1
GRID    6173    0       3.8100032.5425341.800E+1
GRID    6174    0       3.7400493.2825201.830E+1
GRID    6175    0       3.7727933.1940661.836E+1
GRID    6176    0       4.8704191.9655372.503E+1
GRID    6177    0       4.8506452.1047982.509E+1
GRID    6178    0       6.8322842.2160341.764E+1
GRID    6179    0       5.6739032.7643812.163E+1
GRID    6180    0       6.6948923.0250691.752E+1
GRID    6181    0       3.7438991.2813619.438209
GRID    6182    0       2.0263611.0883821.661E+1
GRID    6183    0       3.2436583.3126111.767E+1
GRID    6184    0       6.8684643.1627451.868E+1
GRID    6185    0       5.0204222.4692043.699946
GRID    6186    0       5.0649603.3542482.299E+1
GRID    6187    0       3.2178713.1374881.768E+1
GRID    6188    0       5.7844523.0712962.062E+1
GRID    6189    0       5.0218996.1814040.389343
GRID    6190    0       5.0549046.1889130.250771
GRID    6191    0       5.0560486.0447750.290836
GRID    6192    0       6.8835713.5957731.740E+1
GRID    6193    0       6.5692853.0704601.758E+1
GRID    6194    0       6.4781543.1516701.772E+1
GRID    6195    0       6.6998613.1941641.751E+1
GRID    6196    0       6.9046572.0786611.705E+1
GRID    6197    0       6.8100132.1274761.717E+1
GRID    6198    0       4.0057363.6161912.055E+1
GRID    6199    0       1.0032320.4909101.562E+1
GRID    6200    0       4.3407123.3341312.137E+1
GRID    6201    0       4.3381173.2535792.136E+1
GRID    6202    0       3.5086923.2995461.764E+1
GRID    6203    0       5.1046486.0551961.626916
GRID    6204    0       3.7862123.1854602.033E+1
GRID    6205    0       2.8211161.3260501.477E+1
GRID    6206    0       2.9687191.3705561.466E+1
GRID    6207    0       4.9349152.9855122.079E+1
GRID    6208    0       4.2415852.3407911.986E+1
GRID    6209    0       4.3280172.3059051.999E+1
GRID    6210    0       3.7847642.5382032.375E+1
GRID    6211    0       3.3792173.9010141.821E+1
GRID    6212    0       9.0641680.5972361.603E+1
GRID    6213    0       3.8778502.5718881.805E+1
GRID    6214    0       5.0604280.9949392.367264
GRID    6215    0       3.7225601.2247769.461668
GRID    6216    0       3.7044471.1832129.583166
GRID    6217    0       3.6341011.1760399.549204
GRID    6218    0       6.8214693.6339051.751E+1
GRID    6219    0       6.8518053.7497331.739E+1
GRID    6220    0       5.0101853.2848112.002E+1
GRID    6221    0       4.9430331.8471832.503E+1
GRID    6222    0       4.9860484.8008072.890131
GRID    6223    0       5.0773691.5524112.527464
GRID    6224    0       4.0110423.6072562.063E+1
GRID    6225    0       5.7709762.8043591.808E+1
GRID    6226    0       3.9951743.6391302.062E+1
GRID    6227    0       6.2025072.5673031.928E+1
GRID    6228    0       6.0917992.4466421.938E+1
GRID    6229    0       3.8839201.2986629.600760
GRID    6230    0       4.0360631.4773279.402977
GRID    6231    0       4.1385461.4982899.486906
GRID    6232    0       4.0231931.4271489.468607
GRID    6233    0       4.8636312.7894926.135518
GRID    6234    0       5.7274251.8887829.611613
GRID    6235    0       3.6631171.1571379.653534
GRID    6236    0       5.0547802.8817642.522E+1
GRID    6237    0       2.2639781.3507711.671E+1
GRID    6238    0       6.3328522.6338791.752E+1
GRID    6239    0       6.4033652.4993911.746E+1
GRID    6240    0       5.0870906.8763560.311613
GRID    6241    0       5.0264870.9317362.000456
GRID    6242    0       5.0400626.5830541.486E+1
GRID    6243    0       1.4266580.7582321.453E+1
GRID    6244    0       1.5453180.7923791.468E+1
GRID    6245    0       4.8760253.3277492.052E+1
GRID    6246    0       5.0711876.9000291.402E+1
GRID    6247    0       3.9239203.0792651.782E+1
GRID    6248    0       4.8684101.8880042.511E+1
GRID    6249    0       4.8438192.3901072.509E+1
GRID    6250    0       4.8481672.4693132.512E+1
GRID    6251    0       3.7807463.2213851.831E+1
GRID    6252    0       3.3251463.5937961.799E+1
GRID    6253    0       6.8348002.4686581.813E+1
GRID    6254    0       6.8025832.3060311.812E+1
GRID    6255    0       6.6800402.3233821.819E+1
GRID    6256    0       3.7863643.1093121.765E+1
GRID    6257    0       5.0230004.4725691.626939
GRID    6258    0       6.3082482.7737741.755E+1
GRID    6259    0       5.0197725.4463932.480876
GRID    6260    0       6.9144372.8674961.727E+1
GRID    6261    0       3.8802063.4799152.035E+1
GRID    6262    0       6.7304123.0307301.802E+1
GRID    6263    0       4.0358223.0502511.897E+1
GRID    6264    0       6.9348512.5740501.726E+1
GRID    6265    0       9.8896480.2331031.451E+1
GRID    6266    0       5.1005222.4298512.497E+1
GRID    6267    0       2.5957591.3282811.464E+1
GRID    6268    0       1.3053210.7332441.453E+1
GRID    6269    0       5.0949192.6255173.773006
GRID    6270    0       6.6448973.3489401.782E+1
GRID    6271    0       6.1743473.2995761.771E+1
GRID    6272    0       6.1004943.1608611.777E+1
GRID    6273    0       6.7127403.0993241.773E+1
GRID    6274    0       6.2282152.6063851.792E+1
GRID    6275    0       5.0700880.5572891.451724
GRID    6276    0       3.7817602.4595772.375E+1
GRID    6277    0       4.5230012.0759182.052E+1
GRID    6278    0       6.0298542.7338131.834E+1
GRID    6279    0       5.8177242.7604361.862E+1
GRID    6280    0       5.0754151.2963392.583756
GRID    6281    0       3.1793313.1077071.819E+1
GRID    6282    0       5.2215712.8768961.810E+1
GRID    6283    0       3.2526663.1569651.757E+1
GRID    6284    0       4.2806832.7296391.939E+1
GRID    6285    0       6.5153792.8975261.986E+1
GRID    6286    0       6.1736813.2922141.778E+1
GRID    6287    0       3.7904412.8349172.371E+1
GRID    6288    0       3.9035162.4773561.927E+1
GRID    6289    0       5.1738532.3460702.520E+1
GRID    6290    0       4.0858143.5201972.080E+1
GRID    6291    0       5.0906835.2533942.640378
GRID    6292    0       0.3065120.2652161.450E+1
GRID    6293    0       6.4142333.3026311.822E+1
GRID    6294    0       4.8751673.0522062.283E+1
GRID    6295    0       4.8785083.1502302.286E+1
GRID    6296    0       4.8474823.2573252.277E+1
GRID    6297    0       6.4838312.9047531.763E+1
GRID    6298    0       3.8059063.4916842.008E+1
GRID    6299    0       6.9533443.2444071.710E+1
GRID    6300    0       6.9341673.1502211.717E+1
GRID    6301    0       6.9005903.1096191.724E+1
GRID    6302    0       6.5547803.3056791.794E+1
GRID    6303    0       5.0217835.8015522.094438
GRID    6304    0       9.2855950.4788321.442E+1
GRID    6305    0       5.0589133.1570772.182E+1
GRID    6306    0       4.1642622.3628641.977E+1
GRID    6307    0       6.4167453.0083892.013E+1
GRID    6308    0       6.5720582.9805821.764E+1
GRID    6309    0       6.5662603.1265141.767E+1
GRID    6310    0       3.2277172.9428191.860E+1
GRID    6311    0       6.6536612.5682581.771E+1
GRID    6312    0       4.5106992.6283231.961E+1
GRID    6313    0       6.8248273.8591921.730E+1
GRID    6314    0       5.9747163.4320422.029E+1
GRID    6315    0       5.9401223.4588082.072E+1
GRID    6316    0       5.8383843.1687642.052E+1
GRID    6317    0       5.0528352.3830306.359167
GRID    6318    0       5.0775242.5597226.305318
GRID    6319    0       5.0756170.7989521.426716
GRID    6320    0       4.0358343.5366622.071E+1
GRID    6321    0       9.8877890.1912341.494E+1
GRID    6322    0       5.0573431.2663872.714090
GRID    6323    0       3.5611992.1427882.382E+1
GRID    6324    0       6.6850692.5640841.774E+1
GRID    6325    0       1.2373470.7643291.486E+1
GRID    6326    0       4.8128822.7266452.507E+1
GRID    6327    0       7.3666511.3494591.461E+1
GRID    6328    0       6.0361582.6020331.823E+1
GRID    6329    0       5.6594702.1630332.052E+1
GRID    6330    0       6.6096642.8171301.758E+1
GRID    6331    0       3.7778482.4638972.363E+1
GRID    6332    0       5.0356166.9508321.417E+1
GRID    6333    0       5.0295544.5711991.492283
GRID    6334    0       5.0500494.3713821.405254
GRID    6335    0       5.8705353.2035732.035E+1
GRID    6336    0       5.0803325.9801231.880252
GRID    6337    0       5.0407662.6761702.252E+1
GRID    6338    0       5.0286381.0817932.420091
GRID    6339    0       5.0567931.1296992.554929
GRID    6340    0       5.8315372.6138881.856E+1
GRID    6341    0       5.1146855.4905631.579E+1
GRID    6342    0       5.5960042.7914512.169E+1
GRID    6343    0       5.6141382.7516682.168E+1
GRID    6344    0       4.8837671.7070812.513E+1
GRID    6345    0       4.9138581.8854852.516E+1
GRID    6346    0       6.3270002.3935141.890E+1
GRID    6347    0       6.3087912.2735441.900E+1
GRID    6348    0       5.0776026.8243601.390E+1
GRID    6349    0       5.2207721.5715372.505E+1
GRID    6350    0       4.7935262.6036782.509E+1
GRID    6351    0       5.0795121.8231952.904353
GRID    6352    0       4.9256011.9648022.500E+1
GRID    6353    0       4.8813181.7496232.505E+1
GRID    6354    0       3.9617862.6624331.814E+1
GRID    6355    0       0.3185070.1356301.498E+1
GRID    6356    0       6.8238363.3054001.736E+1
GRID    6357    0       2.4490311.2859081.465E+1
GRID    6358    0       5.0258144.6259793.199629
GRID    6359    0       6.6321442.9222111.749E+1
GRID    6360    0       3.1901383.1689591.721E+1
GRID    6361    0       6.1792812.3438341.919E+1
GRID    6362    0       4.2620123.5414562.108E+1
GRID    6363    0       5.0800276.1031350.456390
GRID    6364    0       3.8182201.2741479.519935
GRID    6365    0       6.5669552.4967541.786E+1
GRID    6366    0       6.6523042.3968621.773E+1
GRID    6367    0       3.6204401.5712082.378E+1
GRID    6368    0       4.8841682.0792622.516E+1
GRID    6369    0       1.002E+10.1503721.442E+1
GRID    6370    0       6.5677843.2516271.821E+1
GRID    6371    0       6.3256461.3006769.427135
GRID    6372    0       5.0368002.4419216.327498
GRID    6373    0       6.2209763.2075191.979E+1
GRID    6374    0       8.1057721.1184601.465E+1
GRID    6375    0       3.6519772.3107842.399E+1
GRID    6376    0       5.0473496.0170390.424820
GRID    6377    0       3.7642693.3837751.756E+1
GRID    6378    0       3.3184013.2294431.799E+1
GRID    6379    0       6.5790582.6540091.752E+1
GRID    6380    0       5.0222961.7967582.985710
GRID    6381    0       3.2052912.9348951.865E+1
GRID    6382    0       5.0880316.2069890.447315
GRID    6383    0       5.0989566.1836710.542087
GRID    6384    0       6.3130963.2160561.977E+1
GRID    6385    0       3.2659141.4904921.481E+1
GRID    6386    0       4.8387182.9834792.273E+1
GRID    6387    0       6.3178641.2923599.675718
GRID    6388    0       6.3204741.2417659.778502
GRID    6389    0       5.0776601.6991342.998090
GRID    6390    0       8.0421721.0971621.459E+1
GRID    6391    0       6.8052852.7994411.753E+1
GRID    6392    0       4.9991403.0164953.692761
GRID    6393    0       3.2147612.7464301.788E+1
GRID    6394    0       5.0904926.0506321.772030
GRID    6395    0       1.7839721.0065701.652E+1
GRID    6396    0       5.1071153.2690922.303E+1
GRID    6397    0       6.2205262.4360171.906E+1
GRID    6398    0       5.8368751.4937931.015E+1
GRID    6399    0       3.1443311.5214441.475E+1
GRID    6400    0       3.3534472.1333051.840E+1
GRID    6401    0       6.9439812.8985861.730E+1
GRID    6402    0       5.1024902.8151611.790E+1
GRID    6403    0       4.7113302.8139911.797E+1
GRID    6404    0       5.3842432.4555892.507E+1
GRID    6405    0       6.4864461.1447819.528911
GRID    6406    0       3.9646033.2634391.905E+1
GRID    6407    0       6.1212352.9956901.778E+1
GRID    6408    0       3.8218182.4836731.971E+1
GRID    6409    0       6.1148902.5999431.822E+1
GRID    6410    0       5.0223442.0853792.954286
GRID    6411    0       5.0147192.2460222.984823
GRID    6412    0       3.9179693.3628161.848E+1
GRID    6413    0       3.8310793.3642891.835E+1
GRID    6414    0       6.3123103.3603461.756E+1
GRID    6415    0       7.9860041.1191471.648E+1
GRID    6416    0       5.7416492.6723101.862E+1
GRID    6417    0       4.3445092.4613852.043E+1
GRID    6418    0       3.1998503.2389491.820E+1
GRID    6419    0       4.1646662.6133741.852E+1
GRID    6420    0       0.3697470.2969181.459E+1
GRID    6421    0       3.4288003.5741701.772E+1
GRID    6422    0       5.0161612.6332643.796241
GRID    6423    0       8.3783571.0240651.642E+1
GRID    6424    0       5.9929213.6084792.066E+1
GRID    6425    0       5.0312484.6945071.376381
GRID    6426    0       6.1773243.3773901.849E+1
GRID    6427    0       3.8759472.4203031.909E+1
GRID    6428    0       5.0582281.6531593.111632
GRID    6429    0       5.0381620.5268561.200935
GRID    6430    0       5.0692590.5976081.342283
GRID    6431    0       4.4862032.1122572.037E+1
GRID    6432    0       6.3942963.0414231.778E+1
GRID    6433    0       3.8452802.5605301.922E+1
GRID    6434    0       5.0131696.6535251.378E+1
GRID    6435    0       5.0985884.8754592.938262
GRID    6436    0       5.0713790.7502831.345920
GRID    6437    0       3.1801782.8699641.782E+1
GRID    6438    0       3.9884132.3955921.929E+1
GRID    6439    0       6.8077182.2736621.820E+1
GRID    6440    0       3.8400683.0205401.771E+1
GRID    6441    0       5.0152806.0668120.551606
GRID    6442    0       5.5886812.6793341.860E+1
GRID    6443    0       4.3345902.7189902.153E+1
GRID    6444    0       4.2762642.7120172.138E+1
GRID    6445    0       2.9529561.3996181.461E+1
GRID    6446    0       3.6501471.6594302.349E+1
GRID    6447    0       4.1866811.8294011.018E+1
GRID    6448    0       2.0816131.2699801.657E+1
GRID    6449    0       6.4874112.4776471.842E+1
GRID    6450    0       6.3954701.2212329.453370
GRID    6451    0       6.3495911.2821399.571499
GRID    6452    0       3.6097832.5403712.335E+1
GRID    6453    0       4.4132322.6095562.160E+1
GRID    6454    0       6.7559852.1615391.827E+1
GRID    6455    0       6.1080962.7759181.823E+1
GRID    6456    0       3.1451152.8963961.776E+1
GRID    6457    0       6.8600542.8063251.763E+1
GRID    6458    0       6.4853363.0367691.766E+1
GRID    6459    0       3.8995573.0216841.813E+1
GRID    6460    0       6.3046543.2911061.765E+1
GRID    6461    0       6.8043633.3485981.768E+1
GRID    6462    0       5.1224593.1562042.189E+1
GRID    6463    0       3.2818243.5430941.765E+1
GRID    6464    0       6.2532293.3250181.768E+1
GRID    6465    0       6.7260403.6469761.763E+1
GRID    6466    0       6.4718212.4357011.747E+1
GRID    6467    0       5.5144851.9685839.186339
GRID    6468    0       4.8876141.6341502.505E+1
GRID    6469    0       5.0111652.9362101.800E+1
GRID    6470    0       6.2255783.0048611.774E+1
GRID    6471    0       4.4493932.5492172.159E+1
GRID    6472    0       6.2482552.3045011.908E+1
GRID    6473    0       3.2529133.3214411.812E+1
GRID    6474    0       3.8265012.5811711.835E+1
GRID    6475    0       4.4639342.7397102.089E+1
GRID    6476    0       4.7732742.4752502.162E+1
GRID    6477    0       3.6087602.8823202.388E+1
GRID    6478    0       4.4994622.5066582.138E+1
GRID    6479    0       5.8865742.6650001.987E+1
GRID    6480    0       5.6492812.8014032.055E+1
GRID    6481    0       4.5199632.7379102.087E+1
GRID    6482    0       5.6972302.9806692.102E+1
GRID    6483    0       5.0254812.8513412.509E+1
GRID    6484    0       3.6483933.3534582.367E+1
GRID    6485    0       5.0461103.3283632.509E+1
GRID    6486    0       5.1395012.4788552.507E+1
GRID    6487    0       5.5008193.2521152.154E+1
GRID    6488    0       4.7894552.9878702.106E+1
GRID    6489    0       3.6491462.5510352.372E+1
GRID    6490    0       5.0853362.7197922.509E+1
GRID    6491    0       3.5947972.9809062.366E+1
GRID    6492    0       5.1615342.9530422.184E+1
GRID    6493    0       6.3084983.0330951.979E+1
GRID    6494    0       5.0815292.9754912.508E+1
CTETRA  14160   1       1881    3012    1855    6492    
CTETRA  14161   1       1857    1882    3012    1855    
CTETRA  14162   1       3565    3346    4265    1036    
CTETRA  14163   1       1280    1279    1281    2546    
CTETRA  14164   1       1420    5424    1314    6486    
CTETRA  14165   1       1420    1314    1312    6486    
CTETRA  14166   1       1857    621     1855    814     
CTETRA  14167   1       3346    4264    4265    1036    
CTETRA  14168   1       1314    4541    1420    1312    
CTETRA  14169   1       1309    1310    1297    6492    
CTETRA  14170   1       1881    3012    1882    1855    
CTETRA  14171   1       1452    1857    3012    1855    
CTETRA  14172   1       643     645     5694    6331    
CTETRA  14173   1       1988    1441    3397    2947    
CTETRA  14174   1       2017    2516    4913    4283    
CTETRA  14175   1       2590    2071    2169    2069    
CTETRA  14176   1       1452    1855    3012    6492    
CTETRA  14177   1       5424    1313    1314    6486    
CTETRA  14178   1       1447    1449    2717    1861    
CTETRA  14179   1       1312    4541    1420    1340    
CTETRA  14180   1       1857    621     1882    1855    
CTETRA  14181   1       1755    2849    325     2850    
CTETRA  14182   1       6087    3973    1809    6126    
CTETRA  14183   1       3501    489     543     1136    
CTETRA  14184   1       2351    4024    2547    3272    
CTETRA  14185   1       1314    1313    1312    6486    
CTETRA  14186   1       3139    2069    2590    3298    
CTETRA  14187   1       5636    5756    3789    3790    
CTETRA  14188   1       1313    6486    5424    6490    
CTETRA  14189   1       1421    1452    1297    1310    
CTETRA  14190   1       1406    2368    2034    1410    
CTETRA  14191   1       1374    1373    1375    83      
CTETRA  14192   1       5285    1774    1775    3853    
CTETRA  14193   1       411     1019    1021    6302    
CTETRA  14194   1       775     3012    1874    1882    
CTETRA  14195   1       3888    1373    1374    83      
CTETRA  14196   1       6250    5757    6249    1390    
CTETRA  14197   1       633     1690    2422    1691    
CTETRA  14198   1       1312    6250    1340    1390    
CTETRA  14199   1       490     543     489     1136    
CTETRA  14200   1       3788    1865    4261    1480    
CTETRA  14201   1       3012    775     383     6492    
CTETRA  14202   1       721     756     757     6494    
CTETRA  14203   1       490     489     427     1136    
CTETRA  14204   1       3846    1913    1917    6491    
CTETRA  14205   1       1413    1312    1340    1390    
CTETRA  14206   1       2849    325     565     1755    
CTETRA  14207   1       1305    1306    636     2571    
CTETRA  14208   1       1314    1313    5424    6490    
CTETRA  14209   1       1316    757     5539    6494    
CTETRA  14210   1       5694    1506    643     6331    
CTETRA  14211   1       890     5779    197     6493    
CTETRA  14212   1       1413    1340    5423    1411    
CTETRA  14213   1       1421    1452    1310    2794    
CTETRA  14214   1       1411    1413    1340    1390    
CTETRA  14215   1       1297    1310    1452    6492    
CTETRA  14216   1       775     3012    1882    1881    
CTETRA  14217   1       490     543     1136    972     
CTETRA  14218   1       2649    2650    2651    2310    
CTETRA  14219   1       4061    6331    3444    4988    
CTETRA  14220   1       1855    1452    1857    812     
CTETRA  14221   1       2069    2432    3895    3139    
CTETRA  14222   1       1316    758     757     1478    
CTETRA  14223   1       4245    6177    6368    4244    
CTETRA  14224   1       3443    1506    643     5694    
CTETRA  14225   1       4988    4061    6331    6489    
CTETRA  14226   1       5757    6250    1312    1390    
CTETRA  14227   1       4988    6331    5554    6489    
CTETRA  14228   1       5003    1503    5005    6145    
CTETRA  14229   1       3139    3752    2069    3298    
CTETRA  14230   1       1127    1125    3458    746     
CTETRA  14231   1       1855    1452    812     6492    
CTETRA  14232   1       2717    1449    5355    1861    
CTETRA  14233   1       2691    3139    2590    3298    
CTETRA  14234   1       1316    760     757     6494    
CTETRA  14235   1       2161    3762    4144    2163    
CTETRA  14236   1       101     100     102     2687    
CTETRA  14237   1       1413    1412    338     6486    
CTETRA  14238   1       1136    427     490     972     
CTETRA  14239   1       3012    1881    775     6492    
CTETRA  14240   1       3752    3139    3056    3298    
CTETRA  14241   1       2980    3174    3606    3711    
CTETRA  14242   1       834     490     543     1095    
CTETRA  14243   1       621     1857    1453    814     
CTETRA  14244   1       6331    4061    1506    6489    
CTETRA  14245   1       4988    6331    3444    5554    
CTETRA  14246   1       2069    2170    2590    3298    
CTETRA  14247   1       1316    757     758     5539    
CTETRA  14248   1       1310    1297    1421    1295    
CTETRA  14249   1       3973    6086    6087    1809    
CTETRA  14250   1       721     5538    756     6494    
CTETRA  14251   1       757     723     721     6494    
CTETRA  14252   1       6236    5887    5362    6483    
CTETRA  14253   1       666     732     692     2350    
CTETRA  14254   1       2069    3895    3752    3139    
CTETRA  14255   1       4171    198     5679    887     
CTETRA  14256   1       615     3138    1903    2874    
CTETRA  14257   1       100     3981    102     2687    
CTETRA  14258   1       3759    4763    3051    3758    
CTETRA  14259   1       1452    3012    1297    6492    
CTETRA  14260   1       1312    338     1412    6486    
CTETRA  14261   1       1316    5539    3077    6494    
CTETRA  14262   1       2710    5570    6058    1897    
CTETRA  14263   1       3895    3752    3139    3056    
CTETRA  14264   1       2234    2235    2236    3666    
CTETRA  14265   1       2351    1867    2353    1482    
CTETRA  14266   1       4024    2738    2810    1454    
CTETRA  14267   1       1452    3012    1421    1297    
CTETRA  14268   1       1316    757     760     1478    
CTETRA  14269   1       194     525     524     6208    
CTETRA  14270   1       662     3560    652     3536    
CTETRA  14271   1       2738    2810    1454    3545    
CTETRA  14272   1       5539    757     756     6494    
CTETRA  14273   1       1809    2017    6087    6126    
CTETRA  14274   1       2644    1980    2019    2524    
CTETRA  14275   1       5424    6486    3951    6490    
CTETRA  14276   1       3948    1484    643     4763    
CTETRA  14277   1       1304    382     383     1308    
CTETRA  14278   1       1491    1489    1914    6287    
CTETRA  14279   1       1782    1826    3090    1781    
CTETRA  14280   1       722     5538    723     6494    
CTETRA  14281   1       1882    1304    775     1881    
CTETRA  14282   1       6058    5401    5569    5570    
CTETRA  14283   1       3520    6486    2736    6490    
CTETRA  14284   1       5285    1774    3853    993     
CTETRA  14285   1       723     5538    721     6494    
CTETRA  14286   1       713     749     2001    666     
CTETRA  14287   1       3621    1690    633     635     
CTETRA  14288   1       5569    5570    5401    6489    
CTETRA  14289   1       887     5679    4171    5058    
CTETRA  14290   1       5419    212     94      5679    
CTETRA  14291   1       2709    5570    3690    6489    
CTETRA  14292   1       2112    1755    325     2850    
CTETRA  14293   1       637     1674    1409    1857    
CTETRA  14294   1       1506    643     644     3443    
CTETRA  14295   1       5566    1267    1268    3968    
CTETRA  14296   1       1837    2071    2169    2590    
CTETRA  14297   1       609     1260    1046    2586    
CTETRA  14298   1       809     808     807     2216    
CTETRA  14299   1       1125    1127    1290    746     
CTETRA  14300   1       5401    6058    2709    5570    
CTETRA  14301   1       637     4261    2195    2379    
CTETRA  14302   1       6004    5352    3077    6494    
CTETRA  14303   1       1413    338     1312    1390    
CTETRA  14304   1       2709    5401    5570    6489    
CTETRA  14305   1       2196    1409    1674    1857    
CTETRA  14306   1       1857    3012    1677    1452    
CTETRA  14307   1       4024    2351    2738    3272    
CTETRA  14308   1       5539    6004    3077    6494    
CTETRA  14309   1       6236    5887    6483    6494    
CTETRA  14310   1       2169    2170    2590    2069    
CTETRA  14311   1       543     491     489     3501    
CTETRA  14312   1       1837    2071    2590    2942    
CTETRA  14313   1       5884    5883    5885    6345    
CTETRA  14314   1       1304    1305    776     1306    
CTETRA  14315   1       1452    1421    3898    2794    
CTETRA  14316   1       1913    1897    3845    6491    
CTETRA  14317   1       5995    6342    1300    1326    
CTETRA  14318   1       1288    360     1363    1355    
CTETRA  14319   1       4024    2547    3272    4022    
CTETRA  14320   1       3690    1506    4061    6489    
CTETRA  14321   1       2071    2523    2169    2069    
CTETRA  14322   1       1876    2196    1674    1857    
CTETRA  14323   1       890     2891    482     6493    
CTETRA  14324   1       5228    2717    1862    6491    
CTETRA  14325   1       1809    2515    2017    6126    
CTETRA  14326   1       1674    2379    637     2196    
CTETRA  14327   1       693     732     1327    2134    
CTETRA  14328   1       383     1297    3012    6492    
CTETRA  14329   1       1136    543     1102    972     
CTETRA  14330   1       429     427     428     972     
CTETRA  14331   1       3076    6293    3734    3075    
CTETRA  14332   1       2134    674     673     1277    
CTETRA  14333   1       1782    2560    3695    463     
CTETRA  14334   1       6236    5886    5887    6494    
CTETRA  14335   1       758     1316    5539    3077    
CTETRA  14336   1       2070    2523    2071    2069    
CTETRA  14337   1       3980    2710    1897    3845    
CTETRA  14338   1       890     197     2891    6493    
CTETRA  14339   1       318     1331    730     319     
CTETRA  14340   1       428     427     1136    972     
CTETRA  14341   1       4541    1312    6250    1340    
CTETRA  14342   1       1408    1882    1874    1857    
CTETRA  14343   1       2011    1297    1309    1295    
CTETRA  14344   1       2710    5570    1897    3845    
CTETRA  14345   1       382     383     775     1304    
CTETRA  14346   1       3077    5352    1316    6494    
CTETRA  14347   1       5539    3077    6004    6114    
CTETRA  14348   1       3139    3057    3895    3056    
CTETRA  14349   1       4775    1313    1314    6490    
CTETRA  14350   1       2110    3017    2428    2933    
CTETRA  14351   1       2429    2428    2933    3150    
CTETRA  14352   1       3017    2342    2341    2933    
CTETRA  14353   1       1304    776     729     1306    
CTETRA  14354   1       3193    1434    1432    1433    
CTETRA  14355   1       1312    1313    338     6486    
CTETRA  14356   1       1447    1449    1448    2717    
CTETRA  14357   1       1845    1846    386     6491    
CTETRA  14358   1       3752    2170    2069    3298    
CTETRA  14359   1       5679    5419    212     5058    
CTETRA  14360   1       3379    1512    1516    1515    
CTETRA  14361   1       386     1846    1944    6491    
CTETRA  14362   1       2113    325     630     2013    
CTETRA  14363   1       1452    1453    1857    812     
CTETRA  14364   1       2717    1448    1447    6491    
CTETRA  14365   1       1136    489     427     1139    
CTETRA  14366   1       1409    1674    637     2196    
CTETRA  14367   1       3951    6486    3520    6490    
CTETRA  14368   1       1421    1310    1295    2794    
CTETRA  14369   1       3501    543     1130    1136    
CTETRA  14370   1       1755    565     2849    1698    
CTETRA  14371   1       1326    732     1300    1327    
CTETRA  14372   1       2736    6486    1313    6490    
CTETRA  14373   1       6331    1506    643     6489    
CTETRA  14374   1       793     663     765     6485    
CTETRA  14375   1       2110    2342    3017    2933    
CTETRA  14376   1       1310    1452    674     2794    
CTETRA  14377   1       1897    1913    6287    6491    
CTETRA  14378   1       1911    1914    1489    6491    
CTETRA  14379   1       5352    6483    1316    6494    
CTETRA  14380   1       2717    1898    1449    1448    
CTETRA  14381   1       732     692     693     666     
CTETRA  14382   1       1674    637     1677    1857    
CTETRA  14383   1       2200    1326    1300    1327    
CTETRA  14384   1       1506    3443    3690    4061    
CTETRA  14385   1       722     723     659     6494    
CTETRA  14386   1       543     490     834     972     
CTETRA  14387   1       256     565     325     1755    
CTETRA  14388   1       4723    5566    1268    3968    
CTETRA  14389   1       3238    2071    2942    2589    
CTETRA  14390   1       338     336     1413    6486    
CTETRA  14391   1       4061    2709    3690    6489    
CTETRA  14392   1       310     663     345     6485    
CTETRA  14393   1       5539    5538    6004    6494    
CTETRA  14394   1       317     1296    1297    1295    
CTETRA  14395   1       1671    1670    2849    1755    
CTETRA  14396   1       1914    6287    1489    6491    
CTETRA  14397   1       1675    1421    3898    1423    
CTETRA  14398   1       1452    3898    1421    1423    
CTETRA  14399   1       2850    325     2112    2013    
CTETRA  14400   1       1091    1266    3351    1326    
CTETRA  14401   1       1125    2365    2364    1293    
CTETRA  14402   1       3036    4282    651     3677    
CTETRA  14403   1       2071    2590    2942    2589    
CTETRA  14404   1       1484    3051    643     4763    
CTETRA  14405   1       2213    2772    1843    2218    
CTETRA  14406   1       1911    386     1944    6491    
CTETRA  14407   1       3181    2849    1755    2850    
CTETRA  14408   1       1309    2134    693     1276    
CTETRA  14409   1       5319    2918    5321    5320    
CTETRA  14410   1       415     644     416     5214    
CTETRA  14411   1       5539    756     5538    6494    
CTETRA  14412   1       765     663     310     6485    
CTETRA  14413   1       657     5362    5887    6483    
CTETRA  14414   1       1845    386     1911    6491    
CTETRA  14415   1       6342    732     1300    1326    
CTETRA  14416   1       1421    3898    3319    1675    
CTETRA  14417   1       6305    812     1452    6492    
CTETRA  14418   1       92      152     151     1003    
CTETRA  14419   1       2988    1671    2849    1698    
CTETRA  14420   1       336     338     1413    1390    
CTETRA  14421   1       5970    5462    5463    6483    
CTETRA  14422   1       3521    4278    2736    6486    
CTETRA  14423   1       344     663     793     6485    
CTETRA  14424   1       2299    5779    197     890     
CTETRA  14425   1       6058    2709    5570    2710    
CTETRA  14426   1       732     1327    2134    1276    
CTETRA  14427   1       93      854     92      6493    
CTETRA  14428   1       1755    325     256     2112    
CTETRA  14429   1       3057    3895    2432    3139    
CTETRA  14430   1       1874    1304    775     1882    
CTETRA  14431   1       2736    4278    5385    6486    
CTETRA  14432   1       1327    685     693     2011    
CTETRA  14433   1       2849    565     2988    1698    
CTETRA  14434   1       542     543     490     1095    
CTETRA  14435   1       2979    1373    3888    82      
CTETRA  14436   1       1009    1008    1007    2566    
CTETRA  14437   1       2379    637     638     1674    
CTETRA  14438   1       1489    6287    1913    6491    
CTETRA  14439   1       344     345     663     6485    
CTETRA  14440   1       2169    1831    1833    2170    
CTETRA  14441   1       830     2268    2269    2344    
CTETRA  14442   1       834     490     427     972     
CTETRA  14443   1       645     6138    5694    6331    
CTETRA  14444   1       2849    1671    1755    1698    
CTETRA  14445   1       1421    1677    3012    1452    
CTETRA  14446   1       1408    621     1882    1857    
CTETRA  14447   1       6054    5396    4265    4990    
CTETRA  14448   1       3179    844     842     704     
CTETRA  14449   1       2691    2590    2309    3298    
CTETRA  14450   1       3401    6483    5362    6490    
CTETRA  14451   1       345     344     314     6485    
CTETRA  14452   1       2590    2170    1833    3298    
CTETRA  14453   1       6373    4171    5679    5058    
CTETRA  14454   1       691     796     693     6492    
CTETRA  14455   1       3051    1484    643     6489    
CTETRA  14456   1       643     1505    6331    6489    
CTETRA  14457   1       1307    1304    383     1308    
CTETRA  14458   1       152     151     1003    1018    
CTETRA  14459   1       800     802     1464    2564    
CTETRA  14460   1       543     1102    1130    1136    
CTETRA  14461   1       344     781     314     6485    
CTETRA  14462   1       1466    1472    1474    1465    
CTETRA  14463   1       571     1901    1903    615     
CTETRA  14464   1       482     2891    547     6493    
CTETRA  14465   1       2070    2209    2631    2069    
CTETRA  14466   1       2309    2590    1833    3298    
CTETRA  14467   1       1620    1136    428     1137    
CTETRA  14468   1       1126    1125    1290    5571    
CTETRA  14469   1       1877    1316    6483    6494    
CTETRA  14470   1       1266    6179    6343    5485    
CTETRA  14471   1       474     1946    5874    1947    
CTETRA  14472   1       6145    1503    5005    1501    
CTETRA  14473   1       3973    5814    2623    2515    
CTETRA  14474   1       1297    2011    317     1295    
CTETRA  14475   1       2724    3503    2725    406     
CTETRA  14476   1       1912    1911    1944    6491    
CTETRA  14477   1       3888    1373    83      82      
CTETRA  14478   1       314     781     316     6485    
CTETRA  14479   1       2134    1300    732     1276    
CTETRA  14480   1       5401    4988    5554    6489    
CTETRA  14481   1       6331    5694    3444    5554    
CTETRA  14482   1       410     2032    1460    2080    
CTETRA  14483   1       5766    1491    1914    6287    
CTETRA  14484   1       1685    2932    2582    3594    
CTETRA  14485   1       92      854     547     6493    
CTETRA  14486   1       3951    3519    3520    6486    
CTETRA  14487   1       1262    2897    791     2207    
CTETRA  14488   1       1774    5285    1775    2030    
CTETRA  14489   1       1453    1857    1677    1452    
CTETRA  14490   1       1126    1125    1127    1290    
CTETRA  14491   1       666     749     732     2350    
CTETRA  14492   1       5756    3789    3790    3791    
CTETRA  14493   1       1151    1150    1149    5879    
CTETRA  14494   1       1280    1279    2546    1282    
CTETRA  14495   1       2368    1406    2296    1410    
CTETRA  14496   1       1332    1327    5808    3351    
CTETRA  14497   1       1139    427     1136    1137    
CTETRA  14498   1       2257    686     687     2269    
CTETRA  14499   1       3319    3898    1421    2794    
CTETRA  14500   1       2717    5228    5229    6491    
CTETRA  14501   1       1506    644     3646    3443    
CTETRA  14502   1       1327    732     1300    1276    
CTETRA  14503   1       756     758     757     5539    
CTETRA  14504   1       2443    1677    1675    1674    
CTETRA  14505   1       2208    3347    792     791     
CTETRA  14506   1       634     2429    2868    2098    
CTETRA  14507   1       3602    2392    1298    2546    
CTETRA  14508   1       6236    5362    3401    6483    
CTETRA  14509   1       1125    2365    1293    5571    
CTETRA  14510   1       1004    196     197     1217    
CTETRA  14511   1       854     482     547     6493    
CTETRA  14512   1       2699    592     2090    2091    
CTETRA  14513   1       1826    2239    3090    1781    
CTETRA  14514   1       6004    6114    5352    6494    
CTETRA  14515   1       5389    6021    5419    5420    
CTETRA  14516   1       2710    3690    2709    5570    
CTETRA  14517   1       1324    1331    317     1325    
CTETRA  14518   1       1277    673     829     3897    
CTETRA  14519   1       3695    3090    1782    463     
CTETRA  14520   1       4763    3051    643     3759    
CTETRA  14521   1       1255    2089    1250    2987    
CTETRA  14522   1       3951    3952    5474    6486    
CTETRA  14523   1       4984    416     644     6138    
CTETRA  14524   1       3077    758     1316    3673    
CTETRA  14525   1       5679    211     6373    5058    
CTETRA  14526   1       1892    1845    1911    6491    
CTETRA  14527   1       1139    3372    427     1137    
CTETRA  14528   1       842     3436    3165    5743    
CTETRA  14529   1       722     659     5589    6167    
CTETRA  14530   1       693     672     796     691     
CTETRA  14531   1       674     2134    2794    1277    
CTETRA  14532   1       1897    6287    3822    6491    
CTETRA  14533   1       212     211     5679    5058    
CTETRA  14534   1       803     831     830     817     
CTETRA  14535   1       732     693     1327    1091    
CTETRA  14536   1       1150    1149    5879    3975    
CTETRA  14537   1       834     833     490     1095    
CTETRA  14538   1       2090    2081    408     2091    
CTETRA  14539   1       2736    3520    3521    6486    
CTETRA  14540   1       5679    198     3223    887     
CTETRA  14541   1       1327    1300    2200    1276    
CTETRA  14542   1       6236    5362    5887    5886    
CTETRA  14543   1       4588    1400    1322    2834    
CTETRA  14544   1       1339    1340    6249    1411    
CTETRA  14545   1       2071    2523    2689    2169    
CTETRA  14546   1       1882    1874    620     1408    
CTETRA  14547   1       416     644     415     4984    
CTETRA  14548   1       630     566     325     1693    
CTETRA  14549   1       3223    5419    5679    5058    
CTETRA  14550   1       757     760     723     6494    
CTETRA  14551   1       2670    1266    1091    1326    
CTETRA  14552   1       5569    3690    5570    6489    
CTETRA  14553   1       2259    1008    1009    2566    
CTETRA  14554   1       1755    1671    1665    1698    
CTETRA  14555   1       1413    6266    1412    6486    
CTETRA  14556   1       1995    3043    2029    5445    
CTETRA  14557   1       345     309     310     6485    
CTETRA  14558   1       3077    1316    5487    3673    
CTETRA  14559   1       410     1460    1464    2080    
CTETRA  14560   1       2170    1833    2169    2590    
CTETRA  14561   1       2545    706     3852    1261    
CTETRA  14562   1       3341    1084    1037    1050    
CTETRA  14563   1       3043    101     102     3682    
CTETRA  14564   1       1277    674     673     3897    
CTETRA  14565   1       6331    5400    5401    6489    
CTETRA  14566   1       648     1919    650     6484    
CTETRA  14567   1       1837    3238    2689    2071    
CTETRA  14568   1       428     1136    1620    972     
CTETRA  14569   1       3108    3317    5556    1375    
CTETRA  14570   1       314     315     345     6485    
CTETRA  14571   1       513     1664    1669    1698    
CTETRA  14572   1       3027    595     1409    2196    
CTETRA  14573   1       1504    1505    643     3948    
CTETRA  14574   1       2852    632     2853    907     
CTETRA  14575   1       2849    565     324     2988    
CTETRA  14576   1       1464    800     2564    2565    
CTETRA  14577   1       344     751     781     6485    
CTETRA  14578   1       830     2257    2269    2901    
CTETRA  14579   1       310     308     765     6485    
CTETRA  14580   1       5463    6483    658     6494    
CTETRA  14581   1       1307    1308    383     6492    
CTETRA  14582   1       3895    2688    2432    2069    
CTETRA  14583   1       2443    638     1677    1674    
CTETRA  14584   1       673     732     2392    2350    
CTETRA  14585   1       6305    6462    1854    6492    
CTETRA  14586   1       5970    6483    5463    6494    
CTETRA  14587   1       2545    1372    706     1261    
CTETRA  14588   1       2958    6249    5757    1390    
CTETRA  14589   1       1423    1452    3898    2794    
CTETRA  14590   1       2134    1327    693     1276    
CTETRA  14591   1       687     688     686     2257    
CTETRA  14592   1       3895    624     822     1844    
CTETRA  14593   1       201     200     548     854     
CTETRA  14594   1       1845    1892    3846    6491    
CTETRA  14595   1       5462    3922    5463    6483    
CTETRA  14596   1       1677    638     637     1674    
CTETRA  14597   1       3138    615     1903    1901    
CTETRA  14598   1       4541    4133    1420    1340    
CTETRA  14599   1       6114    6236    6483    6494    
CTETRA  14600   1       751     344     793     6485    
CTETRA  14601   1       1434    2095    3193    1432    
CTETRA  14602   1       3077    6004    6114    5352    
CTETRA  14603   1       2093    555     3722    2852    
CTETRA  14604   1       1078    429     428     972     
CTETRA  14605   1       1877    1316    5352    6483    
CTETRA  14606   1       2994    4589    4588    6486    
CTETRA  14607   1       1489    1892    1911    6491    
CTETRA  14608   1       1833    1837    2169    2590    
CTETRA  14609   1       2308    2690    2590    2691    
CTETRA  14610   1       687     2257    2269    6487    
CTETRA  14611   1       1675    592     2699    1674    
CTETRA  14612   1       384     386     1845    1846    
CTETRA  14613   1       1944    1846    1447    6491    
CTETRA  14614   1       1005    1006    1002    6493    
CTETRA  14615   1       3399    1879    5377    6483    
CTETRA  14616   1       2590    1833    1837    2943    
CTETRA  14617   1       2772    2213    1843    2212    
CTETRA  14618   1       5566    3762    4161    3798    
CTETRA  14619   1       658     5463    2697    6483    
CTETRA  14620   1       2071    2689    1837    2169    
CTETRA  14621   1       5058    6021    5419    5389    
CTETRA  14622   1       890     197     196     1217    
CTETRA  14623   1       256     565     1755    1698    
CTETRA  14624   1       3399    5377    6114    6483    
CTETRA  14625   1       5815    6174    6251    6413    
CTETRA  14626   1       793     765     750     6485    
CTETRA  14627   1       4763    643     2629    3759    
CTETRA  14628   1       2134    1309    2119    1276    
CTETRA  14629   1       3165    4818    842     5743    
CTETRA  14630   1       3400    3399    3401    6483    
CTETRA  14631   1       1857    595     621     1453    
CTETRA  14632   1       1676    2699    592     1674    
CTETRA  14633   1       3496    1036    3565    3975    
CTETRA  14634   1       1002    1006    519     6493    
CTETRA  14635   1       1327    1326    732     1091    
CTETRA  14636   1       3752    2170    2688    2069    
CTETRA  14637   1       6114    6004    6236    6494    
CTETRA  14638   1       6236    6004    5886    6494    
CTETRA  14639   1       2596    2800    682     698     
CTETRA  14640   1       6114    6483    5352    6494    
CTETRA  14641   1       2011    1327    318     1276    
CTETRA  14642   1       2081    408     1463    2080    
CTETRA  14643   1       6368    6176    6248    6177    
CTETRA  14644   1       2688    3895    3752    2069    
CTETRA  14645   1       2309    2308    2590    2691    
CTETRA  14646   1       3051    2628    643     3759    
CTETRA  14647   1       3559    3560    681     883     
CTETRA  14648   1       4984    644     415     4297    
CTETRA  14649   1       654     656     655     1424    
CTETRA  14650   1       3887    5819    3109    4292    
CTETRA  14651   1       316     781     759     6485    
CTETRA  14652   1       6342    1300    2137    5995    
CTETRA  14653   1       2619    2620    1898    6491    
CTETRA  14654   1       1316    5970    760     6494    
CTETRA  14655   1       1991    2294    2292    2293    
CTETRA  14656   1       2134    1309    1310    2119    
CTETRA  14657   1       310     309     308     6485    
CTETRA  14658   1       5970    1877    5462    6483    
CTETRA  14659   1       4283    5815    5814    2516    
CTETRA  14660   1       2113    2112    325     2013    
CTETRA  14661   1       2942    2590    1837    2943    
CTETRA  14662   1       1879    4132    1878    6490    
CTETRA  14663   1       6021    5897    6020    5086    
CTETRA  14664   1       3401    3400    6483    6490    
CTETRA  14665   1       2432    2688    2209    2069    
CTETRA  14666   1       5779    2641    855     6493    
CTETRA  14667   1       1314    4132    4775    6490    
CTETRA  14668   1       649     648     650     6484    
CTETRA  14669   1       691     693     692     666     
CTETRA  14670   1       3516    1677    636     1857    
CTETRA  14671   1       1677    1675    2530    2443    
CTETRA  14672   1       3051    643     2628    6489    
CTETRA  14673   1       199     3532    888     196     
CTETRA  14674   1       1878    4132    1338    6490    
CTETRA  14675   1       314     316     315     6485    
CTETRA  14676   1       2901    2268    830     816     
CTETRA  14677   1       765     308     539     6485    
CTETRA  14678   1       1217    890     197     2891    
CTETRA  14679   1       5475    3519    5474    6486    
CTETRA  14680   1       3520    3519    3521    6486    
CTETRA  14681   1       1295    317     380     2119    
CTETRA  14682   1       482     890     1217    2891    
CTETRA  14683   1       5779    197     199     2299    
CTETRA  14684   1       5779    855     3562    6493    
CTETRA  14685   1       1918    1950    1907    6484    
CTETRA  14686   1       1423    674     1452    2794    
CTETRA  14687   1       6020    5419    6021    5420    
CTETRA  14688   1       1677    2530    1410    2443    
CTETRA  14689   1       1911    386     150     1944    
CTETRA  14690   1       1665    1755    1698    2114    
CTETRA  14691   1       1674    2195    2379    2196    
CTETRA  14692   1       645     643     1505    6331    
CTETRA  14693   1       6249    4903    1390    5478    
CTETRA  14694   1       1409    2196    1876    1857    
CTETRA  14695   1       826     717     819     6487    
CTETRA  14696   1       5214    415     644     1507    
CTETRA  14697   1       3400    1879    6483    6490    
CTETRA  14698   1       5058    5419    96      5389    
CTETRA  14699   1       794     691     684     6492    
CTETRA  14700   1       4168    5742    4877    3770    
CTETRA  14701   1       830     803     817     2809    
CTETRA  14702   1       5519    4268    6077    5914    
CTETRA  14703   1       338     1313    5385    6486    
CTETRA  14704   1       1468    420     4046    166     
CTETRA  14705   1       823     622     3895    3752    
CTETRA  14706   1       4133    4541    6250    1340    
CTETRA  14707   1       3948    643     1504    4763    
CTETRA  14708   1       5389    5419    96      5420    
CTETRA  14709   1       1828    2705    2551    2814    
CTETRA  14710   1       2170    2169    2631    2069    
CTETRA  14711   1       3399    6114    6236    6483    
CTETRA  14712   1       336     1322    1400    2834    
CTETRA  14713   1       657     5362    6483    6490    
CTETRA  14714   1       489     491     543     490     
CTETRA  14715   1       3602    1279    2392    2546    
CTETRA  14716   1       5004    5005    6106    6446    
CTETRA  14717   1       1912    1911    150     1944    
CTETRA  14718   1       520     1017    212     1006    
CTETRA  14719   1       1390    5678    5809    5478    
CTETRA  14720   1       5814    2515    3973    6126    
CTETRA  14721   1       651     3036    3677    3008    
CTETRA  14722   1       2030    2118    2029    254     
CTETRA  14723   1       4152    3299    4720    4721    
CTETRA  14724   1       3223    5679    887     5058    
CTETRA  14725   1       691     693     684     6492    
CTETRA  14726   1       831     2544    819     2257    
CTETRA  14727   1       429     1078    974     972     
CTETRA  14728   1       2853    3722    555     2852    
CTETRA  14729   1       2620    2619    1944    6491    
CTETRA  14730   1       1282    1279    2546    1370    
CTETRA  14731   1       1920    1950    1918    6484    
CTETRA  14732   1       2943    2590    1833    2309    
CTETRA  14733   1       1217    197     1004    2891    
CTETRA  14734   1       3887    523     2419    1443    
CTETRA  14735   1       383     317     1296    1297    
CTETRA  14736   1       688     2257    687     6487    
CTETRA  14737   1       1903    615     2874    571     
CTETRA  14738   1       5897    5895    6020    5322    
CTETRA  14739   1       5814    5815    2623    2516    
CTETRA  14740   1       662     3560    3536    681     
CTETRA  14741   1       2200    1327    1276    5808    
CTETRA  14742   1       309     345     315     6485    
CTETRA  14743   1       648     1922    1919    6484    
CTETRA  14744   1       1332    1327    2200    5808    
CTETRA  14745   1       3003    1391    2990    3069    
CTETRA  14746   1       1878    6483    1879    6490    
CTETRA  14747   1       2040    669     671     2039    
CTETRA  14748   1       2523    2689    3238    2071    
CTETRA  14749   1       1863    2195    1674    2197    
CTETRA  14750   1       630     256     255     1693    
CTETRA  14751   1       650     1475    649     6484    
CTETRA  14752   1       198     199     4171    5679    
CTETRA  14753   1       3229    826     687     6487    
CTETRA  14754   1       890     93      5779    6493    
CTETRA  14755   1       832     490     427     834     
CTETRA  14756   1       6021    5419    6020    5058    
CTETRA  14757   1       1922    1918    1919    6484    
CTETRA  14758   1       6266    3952    1412    6486    
CTETRA  14759   1       3328    2093    2852    5280    
CTETRA  14760   1       2736    5385    1313    6486    
CTETRA  14761   1       3496    5879    1149    3975    
CTETRA  14762   1       816     830     2189    817     
CTETRA  14763   1       658     2697    657     6483    
CTETRA  14764   1       1464    802     655     2564    
CTETRA  14765   1       1677    637     636     1857    
CTETRA  14766   1       3562    1006    1005    6493    
CTETRA  14767   1       318     685     1327    2011    
CTETRA  14768   1       632     3328    2852    5280    
CTETRA  14769   1       5419    96      212     5058    
CTETRA  14770   1       1409    636     637     1857    
CTETRA  14771   1       3269    1388    3003    3455    
CTETRA  14772   1       1877    5970    1316    6494    
CTETRA  14773   1       2137    2939    732     6342    
CTETRA  14774   1       2169    2523    2631    2069    
CTETRA  14775   1       2446    1424    654     2090    
CTETRA  14776   1       1483    1484    3052    6489    
CTETRA  14777   1       1677    3516    3012    1857    
CTETRA  14778   1       1078    428     1620    972     
CTETRA  14779   1       539     750     765     6485    
CTETRA  14780   1       5322    6020    5897    5086    
CTETRA  14781   1       1907    1918    1920    1950    
CTETRA  14782   1       1136    3501    489     1138    
CTETRA  14783   1       1300    732     673     2134    
CTETRA  14784   1       2257    2258    686     2269    
CTETRA  14785   1       1908    1919    1918    6484    
CTETRA  14786   1       2081    1463    408     2091    
CTETRA  14787   1       3608    3175    3790    5075    
CTETRA  14788   1       4168    4877    5742    4169    
CTETRA  14789   1       3921    1338    5424    6490    
CTETRA  14790   1       571     1901    615     1900    
CTETRA  14791   1       1912    1944    2619    6491    
CTETRA  14792   1       2299    5779    93      2641    
CTETRA  14793   1       4775    4132    3400    6490    
CTETRA  14794   1       1307    731     729     1308    
CTETRA  14795   1       1877    6483    5970    6494    
CTETRA  14796   1       2619    1899    1898    2620    
CTETRA  14797   1       2735    3401    5362    6490    
CTETRA  14798   1       4005    5784    4676    1928    
CTETRA  14799   1       211     3562    5779    855     
CTETRA  14800   1       1091    730     2001    685     
CTETRA  14801   1       2239    5230    1825    3090    
CTETRA  14802   1       92      1003    151     6493    
CTETRA  14803   1       3179    842     3599    704     
CTETRA  14804   1       3689    197     1005    2891    
CTETRA  14805   1       3181    2849    1670    1755    
CTETRA  14806   1       721     764     756     5538    
CTETRA  14807   1       383     775     777     382     
CTETRA  14808   1       3272    402     1454    4175    
CTETRA  14809   1       4171    4170    198     887     
CTETRA  14810   1       3602    1300    2392    1277    
CTETRA  14811   1       1421    2530    1405    3516    
CTETRA  14812   1       3056    3139    3058    3298    
CTETRA  14813   1       547     1003    92      6493    
CTETRA  14814   1       490     832     833     834     
CTETRA  14815   1       595     1409    1876    1857    
CTETRA  14816   1       1922    1920    1918    6484    
CTETRA  14817   1       5228    1862    1917    6491    
CTETRA  14818   1       2565    3847    4175    800     
CTETRA  14819   1       1410    638     1677    2443    
CTETRA  14820   1       830     2269    2257    6487    
CTETRA  14821   1       972     543     1102    1101    
CTETRA  14822   1       6249    4903    1411    1390    
CTETRA  14823   1       643     2629    1504    4763    
CTETRA  14824   1       152     92      547     1003    
CTETRA  14825   1       761     762     502     2586    
CTETRA  14826   1       751     759     781     6485    
CTETRA  14827   1       659     725     724     6494    
CTETRA  14828   1       794     796     691     6492    
CTETRA  14829   1       1980    2133    2019    2524    
CTETRA  14830   1       3640    3375    3709    2232    
CTETRA  14831   1       793     750     751     6485    
CTETRA  14832   1       1255    1250    1344    2987    
CTETRA  14833   1       212     1017    94      1006    
CTETRA  14834   1       2699    2090    592     1423    
CTETRA  14835   1       1328    1327    3351    1326    
CTETRA  14836   1       3347    2208    792     3558    
CTETRA  14837   1       318     317     2011    2119    
CTETRA  14838   1       1878    1338    3921    6490    
CTETRA  14839   1       2208    792     1244    791     
CTETRA  14840   1       6343    1326    2670    6342    
CTETRA  14841   1       2269    2268    830     2901    
CTETRA  14842   1       649     447     1471    6484    
CTETRA  14843   1       6248    6221    6353    6176    
CTETRA  14844   1       316     759     640     6485    
CTETRA  14845   1       649     1471    648     6484    
CTETRA  14846   1       2631    2688    2170    2069    
CTETRA  14847   1       3984    3188    4269    2076    
CTETRA  14848   1       1919    1908    650     6484    
CTETRA  14849   1       571     2098    3150    2429    
CTETRA  14850   1       3922    1877    1879    6483    
CTETRA  14851   1       3762    5635    2984    3036    
CTETRA  14852   1       152     547     92      854     
CTETRA  14853   1       3400    1879    3399    6483    
CTETRA  14854   1       649     1475    1476    6484    
CTETRA  14855   1       2090    2446    4270    2445    
CTETRA  14856   1       199     888     2299    196     
CTETRA  14857   1       1089    684     685     2011    
CTETRA  14858   1       2071    1837    3238    2942    
CTETRA  14859   1       822     3895    1844    3061    
CTETRA  14860   1       2699    592     1675    1423    
CTETRA  14861   1       1860    5487    1316    3673    
CTETRA  14862   1       2112    256     1755    2114    
CTETRA  14863   1       4089    915     1951    6484    
CTETRA  14864   1       3558    1244    2208    792     
CTETRA  14865   1       2040    2542    555     948     
CTETRA  14866   1       318     2119    1276    2503    
CTETRA  14867   1       723     725     659     6494    
CTETRA  14868   1       1922    648     1921    6484    
CTETRA  14869   1       555     670     2040    948     
CTETRA  14870   1       1676    592     2699    2091    
CTETRA  14871   1       1920    2923    2411    6484    
CTETRA  14872   1       1374    5819    3109    3887    
CTETRA  14873   1       1920    1922    2923    6484    
CTETRA  14874   1       1908    1475    650     6484    
CTETRA  14875   1       1382    1388    1392    3269    
CTETRA  14876   1       6167    5886    5538    6494    
CTETRA  14877   1       1674    1676    2379    1863    
CTETRA  14878   1       4297    644     415     1507    
CTETRA  14879   1       4676    5784    5448    1928    
CTETRA  14880   1       2137    2392    732     2350    
CTETRA  14881   1       3056    767     3752    1832    
CTETRA  14882   1       1300    673     2392    1277    
CTETRA  14883   1       6058    2709    2710    1897    
CTETRA  14884   1       325     565     324     2849    
CTETRA  14885   1       1917    1846    1845    6491    
CTETRA  14886   1       418     385     1911    440     
CTETRA  14887   1       4089    1935    1909    6484    
CTETRA  14888   1       657     6483    2697    6490    
CTETRA  14889   1       6179    1265    1266    6343    
CTETRA  14890   1       2983    3008    503     2984    
CTETRA  14891   1       4039    4269    4479    2285    
CTETRA  14892   1       2103    3788    1482    1480    
CTETRA  14893   1       2990    3455    3003    3069    
CTETRA  14894   1       1363    1369    452     1291    
CTETRA  14895   1       1674    2379    2195    1863    
CTETRA  14896   1       1300    2137    732     6342    
CTETRA  14897   1       2014    670     555     2853    
CTETRA  14898   1       3887    3888    84      1443    
CTETRA  14899   1       1677    1675    591     1423    
CTETRA  14900   1       1315    3976    1859    1875    
CTETRA  14901   1       673     829     2392    1277    
CTETRA  14902   1       5352    5377    1879    6483    
CTETRA  14903   1       693     685     1327    1091    
CTETRA  14904   1       3759    2628    2629    3757    
CTETRA  14905   1       4089    1951    1935    6484    
CTETRA  14906   1       3442    407     415     5214    
CTETRA  14907   1       2017    2515    2516    5814    
CTETRA  14908   1       501     3036    3008    6482    
CTETRA  14909   1       670     555     949     948     
CTETRA  14910   1       1328    1327    1332    3351    
CTETRA  14911   1       1328    1327    1326    2200    
CTETRA  14912   1       1877    3922    5462    6483    
CTETRA  14913   1       2717    3980    1898    6491    
CTETRA  14914   1       3845    1897    3980    6491    
CTETRA  14915   1       4023    3144    1827    1829    
CTETRA  14916   1       728     759     752     6485    
CTETRA  14917   1       1908    1918    1907    6484    
CTETRA  14918   1       1300    5995    1326    1328    
CTETRA  14919   1       414     416     4984    6138    
CTETRA  14920   1       118     1471    447     6484    
CTETRA  14921   1       1003    547     152     1018    
CTETRA  14922   1       1477    1475    1908    6484    
CTETRA  14923   1       830     3229    2269    6487    
CTETRA  14924   1       2137    6342    5995    2668    
CTETRA  14925   1       1277    2794    674     3897    
CTETRA  14926   1       572     801     3189    1904    
CTETRA  14927   1       1328    1326    1300    2200    
CTETRA  14928   1       1369    1362    452     1291    
CTETRA  14929   1       3516    636     1408    1857    
CTETRA  14930   1       4269    3188    4039    2076    
CTETRA  14931   1       3139    2590    2213    2691    
CTETRA  14932   1       724     725     727     6494    
CTETRA  14933   1       4921    4479    4269    2285    
CTETRA  14934   1       3229    830     2269    2344    
CTETRA  14935   1       3400    4132    1879    6490    
CTETRA  14936   1       4152    3266    4282    3267    
CTETRA  14937   1       1005    1002    2891    6493    
CTETRA  14938   1       2432    2209    2213    2069    
CTETRA  14939   1       1037    1052    3404    1050    
CTETRA  14940   1       1950    915     4089    6484    
CTETRA  14941   1       4589    5741    4588    6486    
CTETRA  14942   1       630     325     256     1693    
CTETRA  14943   1       4877    6207    5742    4169    
CTETRA  14944   1       6053    4990    4991    4992    
CTETRA  14945   1       2033    2032    2216    3376    
CTETRA  14946   1       6236    3401    3399    6483    
CTETRA  14947   1       5995    4720    6179    1265    
CTETRA  14948   1       751     664     752     6485    
CTETRA  14949   1       201     152     548     2618    
CTETRA  14950   1       670     555     2040    2014    
CTETRA  14951   1       539     540     750     6485    
CTETRA  14952   1       5678    1390    4903    5478    
CTETRA  14953   1       6171    6344    1398    5884    
CTETRA  14954   1       2619    1897    3822    6491    
CTETRA  14955   1       1698    1755    256     2114    
CTETRA  14956   1       1388    305     3003    3455    
CTETRA  14957   1       4902    4245    5809    5478    
CTETRA  14958   1       117     116     118     6484    
CTETRA  14959   1       632     3328    5280    5826    
CTETRA  14960   1       819     818     688     2257    
CTETRA  14961   1       1909    1935    1477    6484    
CTETRA  14962   1       2544    716     819     2257    
CTETRA  14963   1       883     2335    2336    3560    
CTETRA  14964   1       3540    3677    2208    2563    
CTETRA  14965   1       1019    6302    411     6270    
CTETRA  14966   1       2209    2070    2213    2069    
CTETRA  14967   1       760     725     723     6494    
CTETRA  14968   1       636     2530    1677    3516    
CTETRA  14969   1       2070    2071    2213    2069    
CTETRA  14970   1       2196    595     1409    1876    
CTETRA  14971   1       665     540     541     6485    
CTETRA  14972   1       383     343     381     382     
CTETRA  14973   1       3722    949     555     2093    
CTETRA  14974   1       3521    3519    5475    6486    
CTETRA  14975   1       199     3532    198     4170    
CTETRA  14976   1       402     1454    4175    1456    
CTETRA  14977   1       4933    5503    3145    2184    
CTETRA  14978   1       796     6305    1452    6492    
CTETRA  14979   1       2411    116     915     6484    
CTETRA  14980   1       5809    3914    4902    5478    
CTETRA  14981   1       2144    686     2258    2269    
CTETRA  14982   1       3984    6207    4877    4921    
CTETRA  14983   1       3895    622     2688    3752    
CTETRA  14984   1       117     118     447     6484    
CTETRA  14985   1       1825    2239    3090    1826    
CTETRA  14986   1       1038    1037    1036    4264    
CTETRA  14987   1       1324    2119    318     2503    
CTETRA  14988   1       1986    705     607     3586    
CTETRA  14989   1       6020    3223    5419    5420    
CTETRA  14990   1       4270    3420    6025    3164    
CTETRA  14991   1       2590    2213    2069    3139    
CTETRA  14992   1       197     196     2299    890     
CTETRA  14993   1       1627    1101    972     1102    
CTETRA  14994   1       2419    2683    2684    3981    
CTETRA  14995   1       1262    791     1280    2207    
CTETRA  14996   1       2268    830     3228    3227    
CTETRA  14997   1       2230    364     2982    2805    
CTETRA  14998   1       2629    1504    4763    4764    
CTETRA  14999   1       4818    3770    842     5743    
CTETRA  15000   1       2230    364     2805    2231    
CTETRA  15001   1       1909    1477    1908    6484    
CTETRA  15002   1       908     2853    2013    907     
CTETRA  15003   1       2196    1674    1839    1876    
CTETRA  15004   1       2542    555     554     2040    
CTETRA  15005   1       2923    1922    1921    6484    
CTETRA  15006   1       1484    1485    6276    6489    
CTETRA  15007   1       1477    1476    1475    6484    
CTETRA  15008   1       1217    547     482     2891    
CTETRA  15009   1       1675    591     592     1674    
CTETRA  15010   1       830     2189    2901    816     
CTETRA  15011   1       82      1373    83      1590    
CTETRA  15012   1       1504    3948    4763    4764    
CTETRA  15013   1       883     2335    3560    3536    
CTETRA  15014   1       5918    4912    2007    5523    
CTETRA  15015   1       3077    5539    758     3673    
CTETRA  15016   1       4244    6249    1390    5478    
CTETRA  15017   1       3052    1484    3051    6489    
CTETRA  15018   1       1676    2379    638     1674    
CTETRA  15019   1       732     673     672     2350    
CTETRA  15020   1       4169    2764    3506    6488    
CTETRA  15021   1       3090    462     1825    1826    
CTETRA  15022   1       2077    4919    4920    4169    
CTETRA  15023   1       1300    2392    1298    3602    
CTETRA  15024   1       693     674     2134    1310    
CTETRA  15025   1       830     2268    2344    3227    
CTETRA  15026   1       2040    671     670     2851    
CTETRA  15027   1       4983    4984    414     4297    
CTETRA  15028   1       566     255     630     631     
CTETRA  15029   1       763     722     659     5589    
CTETRA  15030   1       1401    2380    1379    3795    
CTETRA  15031   1       2014    555     323     2853    
CTETRA  15032   1       1038    1084    6479    3549    
CTETRA  15033   1       1322    336     337     2834    
CTETRA  15034   1       2688    624     622     3895    
CTETRA  15035   1       1340    1339    5423    1411    
CTETRA  15036   1       1921    648     1471    6484    
CTETRA  15037   1       2019    2018    2021    2020    
CTETRA  15038   1       714     691     794     795     
CTETRA  15039   1       1808    3973    2549    1807    
CTETRA  15040   1       199     5779    2299    2641    
CTETRA  15041   1       1897    1898    3980    6491    
CTETRA  15042   1       1833    1832    2309    3298    
CTETRA  15043   1       656     655     802     2235    
CTETRA  15044   1       3401    4775    3400    6490    
CTETRA  15045   1       3060    3451    768     3057    
CTETRA  15046   1       826     2881    803     6487    
CTETRA  15047   1       1485    1484    6276    3948    
CTETRA  15048   1       664     751     750     6485    
CTETRA  15049   1       5809    1389    1390    4244    
CTETRA  15050   1       572     801     1904    573     
CTETRA  15051   1       640     759     728     6485    
CTETRA  15052   1       447     1476    1934    6484    
CTETRA  15053   1       317     383     2011    1297    
CTETRA  15054   1       778     799     2111    780     
CTETRA  15055   1       3585    4182    900     3466    
CTETRA  15056   1       254     2030    1707    2029    
CTETRA  15057   1       4175    2565    800     3092    
CTETRA  15058   1       641     316     640     6485    
CTETRA  15059   1       2810    1685    1901    4236    
CTETRA  15060   1       1439    823     3752    622     
CTETRA  15061   1       684     691     794     714     
CTETRA  15062   1       2590    2213    2071    2069    
CTETRA  15063   1       2530    1410    636     1677    
CTETRA  15064   1       5374    5243    3569    2798    
CTETRA  15065   1       3155    4479    4269    4921    
CTETRA  15066   1       649     1476    447     6484    
CTETRA  15067   1       4523    414     5923    4983    
CTETRA  15068   1       4964    891     889     3679    
CTETRA  15069   1       4089    1909    1950    6484    
CTETRA  15070   1       732     672     673     2134    
CTETRA  15071   1       1982    3894    2209    2432    
CTETRA  15072   1       2810    1901    3819    4236    
CTETRA  15073   1       657     658     2696    2697    
CTETRA  15074   1       1917    5229    5228    6491    
CTETRA  15075   1       841     840     607     3358    
CTETRA  15076   1       1037    3549    1052    1050    
CTETRA  15077   1       117     915     116     6484    
CTETRA  15078   1       402     1454    1456    2738    
CTETRA  15079   1       1139    1136    489     1138    
CTETRA  15080   1       2546    829     2392    2393    
CTETRA  15081   1       2143    687     686     2269    
CTETRA  15082   1       2064    1356    2009    2024    
CTETRA  15083   1       2411    915     1950    6484    
CTETRA  15084   1       1296    317     380     1295    
CTETRA  15085   1       1826    463     3569    1782    
CTETRA  15086   1       3571    5043    6320    5479    
CTETRA  15087   1       1676    638     2443    1674    
CTETRA  15088   1       1934    1951    117     6484    
CTETRA  15089   1       2169    1439    1831    2170    
CTETRA  15090   1       2392    732     673     1300    
CTETRA  15091   1       447     1934    117     6484    
CTETRA  15092   1       117     1951    915     6484    
CTETRA  15093   1       255     256     630     1772    
CTETRA  15094   1       2234    656     4413    2235    
CTETRA  15095   1       3420    4920    4919    4169    
CTETRA  15096   1       1935    1951    1934    6484    
CTETRA  15097   1       751     752     759     6485    
CTETRA  15098   1       4270    1424    2446    2090    
CTETRA  15099   1       317     319     318     2011    
CTETRA  15100   1       2011    383     1308    6492    
CTETRA  15101   1       674     2134    1310    2794    
CTETRA  15102   1       2763    2764    655     1868    
CTETRA  15103   1       1907    1909    1908    6484    
CTETRA  15104   1       760     1316    1880    5970    
CTETRA  15105   1       2082    4413    656     3785    
CTETRA  15106   1       1485    1484    1483    6489    
CTETRA  15107   1       2069    2213    2432    3139    
CTETRA  15108   1       2118    1996    1703    2114    
CTETRA  15109   1       693     1309    684     6492    
CTETRA  15110   1       1263    1262    1240    2207    
CTETRA  15111   1       1317    3079    3078    2825    
CTETRA  15112   1       3762    5566    5635    3798    
CTETRA  15113   1       2030    254     1707    5285    
CTETRA  15114   1       308     642     539     6485    
CTETRA  15115   1       4169    4877    6207    4921    
CTETRA  15116   1       1447    1917    1862    6491    
CTETRA  15117   1       4024    2938    2810    3819    
CTETRA  15118   1       2985    2983    503     2984    
CTETRA  15119   1       3090    3695    2708    462     
CTETRA  15120   1       1434    2086    3193    362     
CTETRA  15121   1       1279    829     2392    2546    
CTETRA  15122   1       2114    2113    2112    256     
CTETRA  15123   1       1005    3689    2891    1002    
CTETRA  15124   1       1674    1677    1876    1857    
CTETRA  15125   1       6020    5419    3223    5058    
CTETRA  15126   1       96      5058    5389    5388    
CTETRA  15127   1       6329    5879    3496    5571    
CTETRA  15128   1       728     664     665     6485    
CTETRA  15129   1       1390    2958    6249    4244    
CTETRA  15130   1       315     316     641     6485    
CTETRA  15131   1       1777    3722    632     3328    
CTETRA  15132   1       732     693     672     2134    
CTETRA  15133   1       3973    3765    2515    2623    
CTETRA  15134   1       2628    2629    643     3759    
CTETRA  15135   1       1127    1290    746     1198    
CTETRA  15136   1       2058    3602    1298    2546    
CTETRA  15137   1       949     553     555     2093    
CTETRA  15138   1       728     752     664     6485    
CTETRA  15139   1       309     315     1422    6485    
CTETRA  15140   1       2652    3083    1837    2942    
CTETRA  15141   1       1197    1036    3565    3496    
CTETRA  15142   1       2530    636     1405    3516    
CTETRA  15143   1       3536    3793    2335    652     
CTETRA  15144   1       1373    2088    1589    2979    
CTETRA  15145   1       3003    3269    3455    2990    
CTETRA  15146   1       338     2958    1390    1389    
CTETRA  15147   1       3602    2392    1279    1277    
CTETRA  15148   1       2392    672     673     2350    
CTETRA  15149   1       665     664     540     6485    
CTETRA  15150   1       706     2545    3852    843     
CTETRA  15151   1       882     3789    5637    4575    
CTETRA  15152   1       198     199     4170    4171    
CTETRA  15153   1       855     5779    211     2641    
CTETRA  15154   1       5424    3951    3921    6490    
CTETRA  15155   1       6015    6074    6198    1930    
CTETRA  15156   1       2590    2071    2213    2589    
CTETRA  15157   1       1698    1699    1665    2114    
CTETRA  15158   1       3076    3074    6293    3075    
CTETRA  15159   1       2134    673     1300    1277    
CTETRA  15160   1       4152    3266    3267    3268    
CTETRA  15161   1       416     415     414     4984    
CTETRA  15162   1       2852    2853    3722    907     
CTETRA  15163   1       1878    3921    6483    6490    
CTETRA  15164   1       3058    3057    3139    3056    
CTETRA  15165   1       150     149     1911    1912    
CTETRA  15166   1       6114    5377    5352    6483    
CTETRA  15167   1       1130    1102    543     1101    
CTETRA  15168   1       1452    1677    591     1423    
CTETRA  15169   1       4245    2152    4902    5809    
CTETRA  15170   1       1892    1913    3846    6491    
CTETRA  15171   1       5086    6020    6021    5420    
CTETRA  15172   1       4120    842     1372    3165    
CTETRA  15173   1       3269    1382    1388    3455    
CTETRA  15174   1       317     383     319     2011    
CTETRA  15175   1       3436    842     3770    5743    
CTETRA  15176   1       1393    1388    1392    1382    
CTETRA  15177   1       305     1388    1382    3455    
CTETRA  15178   1       691     796     794     795     
CTETRA  15179   1       1920    2411    1950    6484    
CTETRA  15180   1       3399    5377    1879    3400    
CTETRA  15181   1       1878    3922    1879    6483    
CTETRA  15182   1       1390    5809    4244    5478    
CTETRA  15183   1       5976    1307    1881    6492    
CTETRA  15184   1       3189    2433    3260    4413    
CTETRA  15185   1       2011    1308    731     6492    
CTETRA  15186   1       4904    5678    4903    5478    
CTETRA  15187   1       891     889     2484    4964    
CTETRA  15188   1       3043    101     295     6209    
CTETRA  15189   1       324     554     555     2040    
CTETRA  15190   1       831     2257    819     6487    
CTETRA  15191   1       211     212     5059    5058    
CTETRA  15192   1       1295    1296    1421    2120    
CTETRA  15193   1       803     830     3227    2809    
CTETRA  15194   1       1017    1002    1005    1006    
CTETRA  15195   1       1506    2628    643     6489    
CTETRA  15196   1       3272    402     4175    2356    
CTETRA  15197   1       830     831     803     6487    
CTETRA  15198   1       3187    1828    3190    1827    
CTETRA  15199   1       3822    1897    6058    6287    
CTETRA  15200   1       197     198     94      5679    
CTETRA  15201   1       3770    3436    4876    3648    
CTETRA  15202   1       1934    1476    1477    6484    
CTETRA  15203   1       1699    1703    1996    2114    
CTETRA  15204   1       6004    5538    5886    6494    
CTETRA  15205   1       2233    2234    4413    2235    
CTETRA  15206   1       309     1422    308     6485    
CTETRA  15207   1       3402    1901    3820    3819    
CTETRA  15208   1       1263    2897    1262    2207    
CTETRA  15209   1       93      2641    5779    6493    
CTETRA  15210   1       3506    2285    4039    2284    
CTETRA  15211   1       5059    6373    211     5058    
CTETRA  15212   1       833     542     490     1095    
CTETRA  15213   1       1675    592     591     1423    
CTETRA  15214   1       547     549     152     1018    
CTETRA  15215   1       3018    1455    2111    1456    
CTETRA  15216   1       2299    93      5779    890     
CTETRA  15217   1       1490    5569    1491    6489    
CTETRA  15218   1       555     670     949     3722    
CTETRA  15219   1       3785    656     2082    2077    
CTETRA  15220   1       2687    295     101     3886    
CTETRA  15221   1       653     676     661     3619    
CTETRA  15222   1       1464    410     1463    1870    
CTETRA  15223   1       4818    842     4120    3165    
CTETRA  15224   1       641     640     639     6485    
CTETRA  15225   1       656     802     4413    2235    
CTETRA  15226   1       636     1406    1405    1404    
CTETRA  15227   1       5087    5389    96      5420    
CTETRA  15228   1       2717    5229    3845    6491    
CTETRA  15229   1       381     383     382     1308    
CTETRA  15230   1       1917    1447    1846    6491    
CTETRA  15231   1       2285    4269    4921    3506    
CTETRA  15232   1       2257    830     2189    2901    
CTETRA  15233   1       1882    620     621     1408    
CTETRA  15234   1       337     2833    1322    2834    
CTETRA  15235   1       2103    2228    1482    1870    
CTETRA  15236   1       4763    2629    3878    3757    
CTETRA  15237   1       3238    2071    2885    2070    
CTETRA  15238   1       3895    2688    624     1844    
CTETRA  15239   1       4039    4269    2285    3506    
CTETRA  15240   1       5456    2022    3109    1602    
CTETRA  15241   1       635     1692    1691    616     
CTETRA  15242   1       1260    1243    3125    3395    
CTETRA  15243   1       94      3223    5419    5679    
CTETRA  15244   1       4933    3145    5503    3144    
CTETRA  15245   1       2432    3894    3895    3057    
CTETRA  15246   1       1463    1868    655     1464    
CTETRA  15247   1       1676    1870    592     2091    
CTETRA  15248   1       324     1798    2849    2988    
CTETRA  15249   1       2735    5362    657     6490    
CTETRA  15250   1       1204    1003    151     1018    
CTETRA  15251   1       2011    684     693     1309    
CTETRA  15252   1       2137    697     2392    2350    
CTETRA  15253   1       2011    684     1309    6492    
CTETRA  15254   1       2189    815     816     817     
CTETRA  15255   1       2392    1298    2546    2393    
CTETRA  15256   1       482     200     854     1177    
CTETRA  15257   1       727     725     760     6494    
CTETRA  15258   1       151     519     61      6493    
CTETRA  15259   1       3951    5474    3519    6486    
CTETRA  15260   1       655     656     654     5499    
CTETRA  15261   1       5970    5463    727     6494    
CTETRA  15262   1       1300    1278    2200    1276    
CTETRA  15263   1       1898    1897    2619    6491    
CTETRA  15264   1       3770    3436    5743    4876    
CTETRA  15265   1       3420    6025    4920    4169    
CTETRA  15266   1       992     993     3851    3853    
CTETRA  15267   1       3272    1868    3092    3260    
CTETRA  15268   1       5058    96      212     5388    
CTETRA  15269   1       727     5463    658     6494    
CTETRA  15270   1       2090    592     1424    2091    
CTETRA  15271   1       549     1073    548     2618    
CTETRA  15272   1       2668    4723    4720    4722    
CTETRA  15273   1       4262    3144    3714    1829    
CTETRA  15274   1       3895    768     3057    3061    
CTETRA  15275   1       5242    3569    5243    2798    
CTETRA  15276   1       548     200     547     854     
CTETRA  15277   1       1372    843     4120    2545    
CTETRA  15278   1       3894    2688    2209    2432    
CTETRA  15279   1       1410    1405    1406    2530    
CTETRA  15280   1       1006    1017    94      1005    
CTETRA  15281   1       2071    3238    2523    2070    
CTETRA  15282   1       318     2504    1327    5148    
CTETRA  15283   1       1928    4005    3377    1930    
CTETRA  15284   1       3540    2208    2562    2563    
CTETRA  15285   1       2850    2112    2585    2013    
CTETRA  15286   1       6020    5895    3223    5322    
CTETRA  15287   1       664     750     540     6485    
CTETRA  15288   1       2794    5871    674     3897    
CTETRA  15289   1       5352    1879    1877    6483    
CTETRA  15290   1       907     2853    2013    1772    
CTETRA  15291   1       3328    3722    632     2852    
CTETRA  15292   1       1290    3497    1197    1126    
CTETRA  15293   1       2530    1421    1677    3516    
CTETRA  15294   1       1483    1491    5766    6489    
CTETRA  15295   1       777     775     383     3012    
CTETRA  15296   1       6331    5401    5554    6489    
CTETRA  15297   1       3722    632     2852    907     
CTETRA  15298   1       1470    3204    3205    375     
CTETRA  15299   1       3277    1281    2058    2562    
CTETRA  15300   1       6289    2834    2995    6078    
CTETRA  15301   1       826     803     717     6487    
CTETRA  15302   1       4170    3756    198     887     
CTETRA  15303   1       819     2257    688     6487    
CTETRA  15304   1       5779    3562    1005    6493    
CTETRA  15305   1       1482    1481    1480    3788    
CTETRA  15306   1       336     6266    1413    6486    
CTETRA  15307   1       3722    3328    2093    2852    
CTETRA  15308   1       1408    636     1409    1857    
CTETRA  15309   1       3496    5879    3565    5571    
CTETRA  15310   1       4723    6179    2668    4720    
CTETRA  15311   1       803     3227    830     6487    
CTETRA  15312   1       1464    1463    1868    1870    
CTETRA  15313   1       2850    2585    1755    2851    
CTETRA  15314   1       4763    3878    2629    4764    
CTETRA  15315   1       5738    3740    2814    5477    
CTETRA  15316   1       4921    3155    4479    2285    
CTETRA  15317   1       1434    2094    2095    1432    
CTETRA  15318   1       1620    1136    1102    972     
CTETRA  15319   1       2392    697     672     2350    
CTETRA  15320   1       1939    2547    1941    2762    
CTETRA  15321   1       3914    4902    2152    5809    
CTETRA  15322   1       4175    799     1904    801     
CTETRA  15323   1       2058    3540    1298    4152    
CTETRA  15324   1       1391    1387    1386    3003    
CTETRA  15325   1       1453    1677    591     1452    
CTETRA  15326   1       61      1006    3562    6493    
CTETRA  15327   1       842     3436    1372    3165    
CTETRA  15328   1       6034    5405    6052    5052    
CTETRA  15329   1       1424    2446    654     6488    
CTETRA  15330   1       1038    4264    4265    1215    
CTETRA  15331   1       2213    2590    2690    2691    
CTETRA  15332   1       1907    1950    1909    6484    
CTETRA  15333   1       430     2132    432     594     
CTETRA  15334   1       1455    1444    2194    2193    
CTETRA  15335   1       1935    1934    1477    6484    
CTETRA  15336   1       1084    1038    6479    1215    
CTETRA  15337   1       2923    116     2411    6484    
CTETRA  15338   1       1845    419     1891    440     
CTETRA  15339   1       2203    1466    5354    1898    
CTETRA  15340   1       2090    1424    592     1423    
CTETRA  15341   1       5742    4818    3165    5743    
CTETRA  15342   1       2670    6343    6342    5485    
CTETRA  15343   1       665     541     753     6485    
CTETRA  15344   1       4261    3788    1480    2366    
CTETRA  15345   1       1870    593     592     1869    
CTETRA  15346   1       6298    5082    5083    5458    
CTETRA  15347   1       1777    3722    906     632     
CTETRA  15348   1       5458    5083    6298    2093    
CTETRA  15349   1       319     343     381     383     
CTETRA  15350   1       432     594     596     3027    
CTETRA  15351   1       639     1422    641     6485    
CTETRA  15352   1       1772    2118    2113    2030    
CTETRA  15353   1       5742    4168    4169    3770    
CTETRA  15354   1       6054    5396    1196    4265    
CTETRA  15355   1       1677    1876    1857    1453    
CTETRA  15356   1       2112    325     256     2113    
CTETRA  15357   1       5935    6041    6293    3075    
CTETRA  15358   1       1125    361     3461    747     
CTETRA  15359   1       2891    1003    547     6493    
CTETRA  15360   1       3570    2239    3714    1825    
CTETRA  15361   1       3722    555     670     2853    
CTETRA  15362   1       753     728     665     6485    
CTETRA  15363   1       2849    2039    3181    1670    
CTETRA  15364   1       1407    620     636     1305    
CTETRA  15365   1       2040    555     324     2014    
CTETRA  15366   1       2226    638     2443    1676    
CTETRA  15367   1       712     731     5976    6492    
CTETRA  15368   1       1405    1421    3516    3012    
CTETRA  15369   1       6025    3420    4270    4169    
CTETRA  15370   1       2077    4919    4169    6488    
CTETRA  15371   1       4818    5742    3770    5743    
CTETRA  15372   1       2832    2833    337     2834    
CTETRA  15373   1       6167    659     5886    6494    
CTETRA  15374   1       6342    2137    2939    2668    
CTETRA  15375   1       1842    2021    3238    2885    
CTETRA  15376   1       2216    2033    3376    1428    
CTETRA  15377   1       4161    1267    5566    3329    
CTETRA  15378   1       2523    2070    2631    2069    
CTETRA  15379   1       687     2269    3229    6487    
CTETRA  15380   1       2688    2631    2209    2069    
CTETRA  15381   1       152     549     547     548     
CTETRA  15382   1       2629    4763    3759    3757    
CTETRA  15383   1       886     857     262     885     
CTETRA  15384   1       3260    802     3189    4413    
CTETRA  15385   1       2898    1240    1262    2207    
CTETRA  15386   1       1244    2208    791     2207    
CTETRA  15387   1       5086    5322    6020    5420    
CTETRA  15388   1       5559    3205    374     3858    
CTETRA  15389   1       3752    3895    767     3056    
CTETRA  15390   1       1327    1328    1332    2200    
CTETRA  15391   1       503     3008    2983    2953    
CTETRA  15392   1       3051    2628    3050    6489    
CTETRA  15393   1       2857    1036    3346    3270    
CTETRA  15394   1       2138    2139    2392    2399    
CTETRA  15395   1       1387    1386    370     1391    
CTETRA  15396   1       671     3181    2040    2039    
CTETRA  15397   1       4270    2090    2445    1423    
CTETRA  15398   1       730     729     731     1308    
CTETRA  15399   1       6117    1502    6106    5803    
CTETRA  15400   1       256     1699    1698    2114    
CTETRA  15401   1       644     5214    1507    3646    
CTETRA  15402   1       3789    5756    5636    4575    
CTETRA  15403   1       1464    1463    410     2080    
CTETRA  15404   1       1913    3845    1917    6491    
CTETRA  15405   1       539     541     540     6485    
CTETRA  15406   1       5285    993     3853    3851    
CTETRA  15407   1       1481    1480    3788    1479    
CTETRA  15408   1       1921    1471    118     6484    
CTETRA  15409   1       623     2133    1980    2631    
CTETRA  15410   1       4903    1411    1390    5678    
CTETRA  15411   1       1305    1304    1874    1882    
CTETRA  15412   1       639     753     541     6485    
CTETRA  15413   1       2143    686     2144    2269    
CTETRA  15414   1       1857    1876    595     1453    
CTETRA  15415   1       3984    3188    2076    2077    
CTETRA  15416   1       410     1464    1459    1870    
CTETRA  15417   1       4775    3401    2735    6490    
CTETRA  15418   1       1256    2026    1345    1250    
CTETRA  15419   1       101     5456    5820    3886    
CTETRA  15420   1       2652    1837    2214    2942    
CTETRA  15421   1       2699    1425    1676    2091    
CTETRA  15422   1       2269    2143    687     3229    
CTETRA  15423   1       1083    891     4964    3679    
CTETRA  15424   1       1303    726     745     5183    
CTETRA  15425   1       2942    1842    3238    2589    
CTETRA  15426   1       3852    3347    6482    843     
CTETRA  15427   1       3144    4262    1827    1829    
CTETRA  15428   1       1505    1504    6276    3948    
CTETRA  15429   1       343     729     776     1306    
CTETRA  15430   1       631     255     630     629     
CTETRA  15431   1       630     256     325     2113    
CTETRA  15432   1       691     672     796     795     
CTETRA  15433   1       1675    3898    2699    1423    
CTETRA  15434   1       1311    317     380     1296    
CTETRA  15435   1       1295    1310    1309    2119    
CTETRA  15436   1       5631    1008    3358    1984    
CTETRA  15437   1       2227    2033    410     409     
CTETRA  15438   1       5463    3921    2697    6483    
CTETRA  15439   1       2017    4913    2016    4283    
CTETRA  15440   1       6289    338     5385    6486    
CTETRA  15441   1       5285    255     3853    1775    
CTETRA  15442   1       2007    5961    4912    4910    
CTETRA  15443   1       3502    4984    4983    4297    
CTETRA  15444   1       3281    6408    1562    3185    
CTETRA  15445   1       2101    1864    2020    1461    
CTETRA  15446   1       691     693     672     692     
CTETRA  15447   1       4588    2994    2834    4589    
CTETRA  15448   1       82      2354    2979    1589    
CTETRA  15449   1       5374    3569    463     1782    
CTETRA  15450   1       1307    731     1308    6492    
CTETRA  15451   1       343     383     317     1296    
CTETRA  15452   1       4269    4877    3155    4921    
CTETRA  15453   1       6210    6276    1485    6489    
CTETRA  15454   1       431     430     432     594     
CTETRA  15455   1       592     593     1870    1676    
CTETRA  15456   1       3083    2652    3082    2942    
CTETRA  15457   1       3677    2563    3540    2393    
CTETRA  15458   1       1372    843     842     4120    
CTETRA  15459   1       891     835     1083    2484    
CTETRA  15460   1       3036    501     3008    2984    
CTETRA  15461   1       3914    4904    4902    5478    
CTETRA  15462   1       82      2354    1524    2979    
CTETRA  15463   1       3266    4152    3798    3268    
CTETRA  15464   1       519     1006    61      6493    
CTETRA  15465   1       3110    6431    2022    3109    
CTETRA  15466   1       2544    2543    716     2257    
CTETRA  15467   1       6250    1312    4541    5757    
CTETRA  15468   1       794     5976    6462    6492    
CTETRA  15469   1       1296    777     383     1297    
CTETRA  15470   1       1311    343     317     1296    
CTETRA  15471   1       438     2368    2367    1435    
CTETRA  15472   1       4039    3188    3506    2284    
CTETRA  15473   1       331     1249    332     329     
CTETRA  15474   1       3922    3921    5463    6483    
CTETRA  15475   1       5995    1300    2137    4720    
CTETRA  15476   1       1449    5354    2717    5355    
CTETRA  15477   1       2090    2699    3898    1423    
CTETRA  15478   1       1984    5631    893     5910    
CTETRA  15479   1       2230    364     2231    2982    
CTETRA  15480   1       382     775     776     1304    
CTETRA  15481   1       1297    1296    1421    1295    
CTETRA  15482   1       992     3853    3851    3850    
CTETRA  15483   1       4267    3402    4114    3820    
CTETRA  15484   1       2017    6087    6126    2015    
CTETRA  15485   1       1443    523     2419    1687    
CTETRA  15486   1       1149    6329    5879    3496    
CTETRA  15487   1       801     2428    573     779     
CTETRA  15488   1       760     5970    727     6494    
CTETRA  15489   1       3057    3058    768     3056    
CTETRA  15490   1       1125    2364    361     1294    
CTETRA  15491   1       212     5059    5058    5388    
CTETRA  15492   1       1917    1447    1862    1846    
CTETRA  15493   1       2228    2103    1480    1870    
CTETRA  15494   1       2644    2070    2213    2209    
CTETRA  15495   1       2228    1426    2226    2227    
CTETRA  15496   1       3316    1590    263     1377    
CTETRA  15497   1       2071    3238    1842    2589    
CTETRA  15498   1       655     802     3260    2764    
CTETRA  15499   1       974     973     429     972     
CTETRA  15500   1       2285    2286    4039    2284    
CTETRA  15501   1       830     831     2189    817     
CTETRA  15502   1       4277    1440    1524    2979    
CTETRA  15503   1       4413    3189    2764    3785    
CTETRA  15504   1       4562    581     4809    5044    
CTETRA  15505   1       2007    4912    6290    4910    
CTETRA  15506   1       4720    5995    1300    1299    
CTETRA  15507   1       2236    2564    347     3666    
CTETRA  15508   1       2562    1281    2058    2546    
CTETRA  15509   1       831     803     804     817     
CTETRA  15510   1       1781    2006    1930    2008    
CTETRA  15511   1       5319    2918    5896    5321    
CTETRA  15512   1       816     2901    2268    811     
CTETRA  15513   1       2958    1390    1389    4244    
CTETRA  15514   1       1311    317     1318    1325    
CTETRA  15515   1       2140    2689    2523    2169    
CTETRA  15516   1       3012    1405    1421    1419    
CTETRA  15517   1       3898    2445    2090    1423    
CTETRA  15518   1       1278    1300    2134    1276    
CTETRA  15519   1       2419    2683    3981    2687    
CTETRA  15520   1       1434    2095    2343    3193    
CTETRA  15521   1       1439    823     1831    3752    
CTETRA  15522   1       1276    2794    2134    1277    
CTETRA  15523   1       315     641     1422    6485    
CTETRA  15524   1       1674    1839    1863    2197    
CTETRA  15525   1       256     255     2030    1772    
CTETRA  15526   1       2310    3058    3139    2691    
CTETRA  15527   1       3886    5456    1602    5455    
CTETRA  15528   1       5058    886     3223    6020    
CTETRA  15529   1       906     632     3722    907     
CTETRA  15530   1       256     255     254     2030    
CTETRA  15531   1       884     3174    2980    3711    
CTETRA  15532   1       816     815     2189    811     
CTETRA  15533   1       5487    3078    1316    3077    
CTETRA  15534   1       2590    2942    2589    2690    
CTETRA  15535   1       415     414     4984    4297    
CTETRA  15536   1       6266    336     1400    6486    
CTETRA  15537   1       1845    3846    1917    6491    
CTETRA  15538   1       1665    1671    1664    1698    
CTETRA  15539   1       854     200     547     1177    
CTETRA  15540   1       6373    4171    199     5679    
CTETRA  15541   1       3535    652     3793    3536    
CTETRA  15542   1       640     728     639     6485    
CTETRA  15543   1       796     674     672     693     
CTETRA  15544   1       4573    4574    3789    4575    
CTETRA  15545   1       776     729     343     382     
CTETRA  15546   1       3299    4720    4721    4722    
CTETRA  15547   1       630     2113    2013    1772    
CTETRA  15548   1       2095    2094    3234    3233    
CTETRA  15549   1       4005    3377    5784    1928    
CTETRA  15550   1       1385    1383    1436    1384    
CTETRA  15551   1       1317    3078    1316    1315    
CTETRA  15552   1       5458    6298    4561    2093    
CTETRA  15553   1       1707    2029    102     3681    
CTETRA  15554   1       6207    3984    4169    4921    
CTETRA  15555   1       1928    4676    4005    1929    
CTETRA  15556   1       1860    1316    3078    1315    
CTETRA  15557   1       1772    2118    256     2113    
CTETRA  15558   1       2984    503     2985    4144    
CTETRA  15559   1       5637    3789    5636    4575    
CTETRA  15560   1       1889    2652    2215    1841    
CTETRA  15561   1       1437    1382    1392    3269    
CTETRA  15562   1       4032    1699    1703    1996    
CTETRA  15563   1       3227    830     3228    2809    
CTETRA  15564   1       566     565     325     1693    
CTETRA  15565   1       4269    3188    3506    4039    
CTETRA  15566   1       4169    4168    4877    4921    
CTETRA  15567   1       1298    4152    3968    2058    
CTETRA  15568   1       1408    595     621     1857    
CTETRA  15569   1       3069    305     2922    3455    
CTETRA  15570   1       2093    3328    4561    5280    
CTETRA  15571   1       2561    3695    2560    647     
CTETRA  15572   1       696     811     815     816     
CTETRA  15573   1       1459    1464    1868    1870    
CTETRA  15574   1       1405    1320    1421    1419    
CTETRA  15575   1       3540    2058    1298    2546    
CTETRA  15576   1       101     5456    3886    5455    
CTETRA  15577   1       2163    2984    3762    4144    
CTETRA  15578   1       1676    1870    2228    1863    
CTETRA  15579   1       3057    768     3895    3056    
CTETRA  15580   1       343     381     729     1331    
CTETRA  15581   1       2546    1370    829     2393    
CTETRA  15582   1       2208    3277    3540    2562    
CTETRA  15583   1       5400    6276    6210    6489    
CTETRA  15584   1       2437    4085    1925    3184    
CTETRA  15585   1       632     3328    5826    1777    
CTETRA  15586   1       1089    684     731     685     
CTETRA  15587   1       548     152     549     2618    
CTETRA  15588   1       3172    260     6314    5203    
CTETRA  15589   1       151     1003    519     6493    
CTETRA  15590   1       2571    3012    777     1318    
CTETRA  15591   1       61      59      3562    1006    
CTETRA  15592   1       5779    6373    211     2641    
CTETRA  15593   1       2763    592     1870    2091    
CTETRA  15594   1       4270    1424    2090    1423    
CTETRA  15595   1       2189    831     830     2257    
CTETRA  15596   1       263     1590    3316    2847    
CTETRA  15597   1       4919    3420    4169    6488    
CTETRA  15598   1       3083    3082    1842    2942    
CTETRA  15599   1       3229    2881    826     6487    
CTETRA  15600   1       4269    3984    4877    4921    
CTETRA  15601   1       5741    3952    6266    6486    
CTETRA  15602   1       3532    3756    198     4170    
CTETRA  15603   1       4903    1411    5678    4904    
CTETRA  15604   1       264     363     2848    1395    
CTETRA  15605   1       2479    198     3756    887     
CTETRA  15606   1       3146    2432    2213    3139    
CTETRA  15607   1       5871    3898    2445    3897    
CTETRA  15608   1       3570    3571    2008    1930    
CTETRA  15609   1       364     3269    363     1437    
CTETRA  15610   1       2094    1434    2095    2343    
CTETRA  15611   1       895     893     5631    5910    
CTETRA  15612   1       2137    732     2392    1300    
CTETRA  15613   1       949     3722    4561    2093    
CTETRA  15614   1       3223    6020    5322    5420    
CTETRA  15615   1       767     1831    3752    1832    
CTETRA  15616   1       566     255     1693    630     
CTETRA  15617   1       5779    5679    197     1005    
CTETRA  15618   1       3193    1517    1522    1378    
CTETRA  15619   1       2592    3007    5450    2953    
CTETRA  15620   1       549     547     1003    1018    
CTETRA  15621   1       816     2189    2901    811     
CTETRA  15622   1       885     2479    3756    887     
CTETRA  15623   1       706     1372    3436    1261    
CTETRA  15624   1       2058    1298    3602    1299    
CTETRA  15625   1       3894    3895    2688    2432    
CTETRA  15626   1       3984    4920    6207    4169    
CTETRA  15627   1       4244    4245    6177    5478    
CTETRA  15628   1       2077    3785    2764    3506    
CTETRA  15629   1       666     736     749     2940    
CTETRA  15630   1       5911    2700    1515    1474    
CTETRA  15631   1       4152    3266    3798    4282    
CTETRA  15632   1       3898    5871    2794    3897    
CTETRA  15633   1       1986    705     3586    5450    
CTETRA  15634   1       1400    1413    336     6266    
CTETRA  15635   1       1703    1997    1996    2118    
CTETRA  15636   1       4767    261     5895    886     
CTETRA  15637   1       3125    1045    1275    3395    
CTETRA  15638   1       3976    1859    1860    1315    
CTETRA  15639   1       685     730     318     1091    
CTETRA  15640   1       2007    4912    5918    6290    
CTETRA  15641   1       3895    822     767     3061    
CTETRA  15642   1       1003    1002    519     6493    
CTETRA  15643   1       1279    2392    829     1277    
CTETRA  15644   1       2200    1276    2795    5808    
CTETRA  15645   1       6289    337     336     2834    
CTETRA  15646   1       2550    2814    3740    5477    
CTETRA  15647   1       6074    5448    6198    1928    
CTETRA  15648   1       2344    3229    830     3227    
CTETRA  15649   1       5354    1898    1467    1449    
CTETRA  15650   1       1878    3921    3922    6483    
CTETRA  15651   1       1419    777     3012    1318    
CTETRA  15652   1       1005    3689    1002    1017    
CTETRA  15653   1       656     1424    654     6488    
CTETRA  15654   1       891     890     196     1217    
CTETRA  15655   1       2058    3277    2562    3540    
CTETRA  15656   1       1504    2629    3878    4764    
CTETRA  15657   1       3110    3108    6277    3109    
CTETRA  15658   1       1898    5354    2717    1449    
CTETRA  15659   1       3278    1288    360     1363    
CTETRA  15660   1       1870    1463    2763    2091    
CTETRA  15661   1       1480    2379    1676    1863    
CTETRA  15662   1       2670    2671    2669    2939    
CTETRA  15663   1       3895    767     823     3752    
CTETRA  15664   1       2287    2068    369     1353    
CTETRA  15665   1       4920    3984    2077    4169    
CTETRA  15666   1       3050    3690    5569    6489    
CTETRA  15667   1       3565    4991    5879    3975    
CTETRA  15668   1       5756    5711    5636    4575    
CTETRA  15669   1       2080    807     808     2032    
CTETRA  15670   1       2013    908     907     1772    
CTETRA  15671   1       2101    2195    1863    2197    
CTETRA  15672   1       5423    1412    1413    1411    
CTETRA  15673   1       5082    4809    5044    5458    
CTETRA  15674   1       644     645     4984    6138    
CTETRA  15675   1       490     491     543     542     
CTETRA  15676   1       2366    438     638     2439    
CTETRA  15677   1       2650    3057    3451    3060    
CTETRA  15678   1       3894    2209    2688    1982    
CTETRA  15679   1       548     200     201     202     
CTETRA  15680   1       1260    1242    1243    3512    
CTETRA  15681   1       2688    1980    1982    2209    
CTETRA  15682   1       1836    1832    2309    1833    
CTETRA  15683   1       2601    1828    3090    2602    
CTETRA  15684   1       5976    731     1307    6492    
CTETRA  15685   1       2228    2226    1426    1676    
CTETRA  15686   1       1483    5766    5399    6489    
CTETRA  15687   1       4171    6373    5059    5058    
CTETRA  15688   1       1217    1004    196     3679    
CTETRA  15689   1       1039    2674    2899    1041    
CTETRA  15690   1       2259    5631    893     1984    
CTETRA  15691   1       5455    295     101     6209    
CTETRA  15692   1       308     1422    642     6485    
CTETRA  15693   1       2137    5995    4720    2668    
CTETRA  15694   1       84      523     3887    1443    
CTETRA  15695   1       630     256     2113    1772    
CTETRA  15696   1       6021    5389    5087    5420    
CTETRA  15697   1       3012    1405    1419    1318    
CTETRA  15698   1       802     800     1464    3092    
CTETRA  15699   1       762     3618    4144    502     
CTETRA  15700   1       3036    3677    3008    6482    
CTETRA  15701   1       2808    803     3227    2809    
CTETRA  15702   1       3540    3968    3277    3798    
CTETRA  15703   1       436     1435    2226    638     
CTETRA  15704   1       3648    842     704     3599    
CTETRA  15705   1       692     736     668     666     
CTETRA  15706   1       5742    4920    6025    4169    
CTETRA  15707   1       2568    893     5631    895     
CTETRA  15708   1       712     684     731     6492    
CTETRA  15709   1       1877    1878    3922    1879    
CTETRA  15710   1       684     2011    731     6492    
CTETRA  15711   1       1410    1405    2530    636     
CTETRA  15712   1       1480    638     2226    1676    
CTETRA  15713   1       2699    3319    3898    1675    
CTETRA  15714   1       1370    829     1279    2546    
CTETRA  15715   1       3516    1405    3012    2571    
CTETRA  15716   1       1316    1880    5970    1877    
CTETRA  15717   1       1392    364     1437    3269    
CTETRA  15718   1       2294    1991    2292    1990    
CTETRA  15719   1       255     630     629     1772    
CTETRA  15720   1       3455    3269    1394    2990    
CTETRA  15721   1       6314    858     3172    5203    
CTETRA  15722   1       2087    2088    2979    1589    
CTETRA  15723   1       5044    4809    4562    5458    
CTETRA  15724   1       1017    94      1005    3689    
CTETRA  15725   1       3272    1868    2356    3092    
CTETRA  15726   1       1386    305     370     1391    
CTETRA  15727   1       885     3223    2479    887     
CTETRA  15728   1       6198    6074    1928    1930    
CTETRA  15729   1       2697    6483    3921    6490    
CTETRA  15730   1       3690    3050    1506    6489    
CTETRA  15731   1       5949    5133    223     5561    
CTETRA  15732   1       1269    1348    3213    2991    
CTETRA  15733   1       1373    2088    2847    1589    
CTETRA  15734   1       1309    693     2134    1310    
CTETRA  15735   1       94      96      95      212     
CTETRA  15736   1       5961    2007    4912    5523    
CTETRA  15737   1       659     5887    5886    6494    
CTETRA  15738   1       1424    656     655     2764    
CTETRA  15739   1       2066    2065    2246    2024    
CTETRA  15740   1       6320    2006    5043    3571    
CTETRA  15741   1       555     323     324     2014    
CTETRA  15742   1       6289    336     338     6486    
CTETRA  15743   1       2235    655     802     2564    
CTETRA  15744   1       1391    1386    305     3003    
CTETRA  15745   1       361     1125    1294    747     
CTETRA  15746   1       5405    1875    2824    6326    
CTETRA  15747   1       3052    1490    1483    6489    
CTETRA  15748   1       854     547     482     1177    
CTETRA  15749   1       1889    2652    6201    2215    
CTETRA  15750   1       3895    3894    1844    3061    
CTETRA  15751   1       3450    2398    3933    4036    
CTETRA  15752   1       2276    6384    59      5388    
CTETRA  15753   1       3682    295     293     3043    
CTETRA  15754   1       1383    364     363     1437    
CTETRA  15755   1       1392    364     3796    3639    
CTETRA  15756   1       4182    3585    900     4181    
CTETRA  15757   1       667     668     714     795     
CTETRA  15758   1       727     658     5463    2697    
CTETRA  15759   1       4152    3968    2058    3540    
CTETRA  15760   1       263     1590    2847    1589    
CTETRA  15761   1       776     729     382     1304    
CTETRA  15762   1       4005    3377    1930    1780    
CTETRA  15763   1       295     101     3682    2687    
CTETRA  15764   1       3976    1860    3078    1315    
CTETRA  15765   1       1458    1464    1868    1459    
CTETRA  15766   1       2772    2213    2071    2589    
CTETRA  15767   1       1875    2824    3976    5405    
CTETRA  15768   1       3228    2344    2268    3227    
CTETRA  15769   1       383     319     343     317     
CTETRA  15770   1       635     1692    1690    1691    
CTETRA  15771   1       3341    1084    4264    1037    
CTETRA  15772   1       3213    3968    4720    1268    
CTETRA  15773   1       2764    655     1424    2763    
CTETRA  15774   1       5886    5887    659     6167    
CTETRA  15775   1       763     724     726     5183    
CTETRA  15776   1       1437    264     1382    3269    
CTETRA  15777   1       1388    3473    1352    1393    
CTETRA  15778   1       5123    4562    581     2797    
CTETRA  15779   1       3502    5923    407     4983    
CTETRA  15780   1       3358    5631    1984    2491    
CTETRA  15781   1       6320    6074    6224    6015    
CTETRA  15782   1       2589    2213    2590    2690    
CTETRA  15783   1       2797    4005    581     1929    
CTETRA  15784   1       3888    1440    84      1443    
CTETRA  15785   1       4040    2550    4041    5477    
CTETRA  15786   1       830     3227    3229    6487    
CTETRA  15787   1       3187    1828    2284    3190    
CTETRA  15788   1       4720    5995    1299    3213    
CTETRA  15789   1       1864    2102    2101    2020    
CTETRA  15790   1       634     2429    571     2868    
CTETRA  15791   1       5474    3952    5741    6486    
CTETRA  15792   1       2202    1473    1472    1898    
CTETRA  15793   1       3277    2058    3968    3540    
CTETRA  15794   1       4169    3506    2077    6488    
CTETRA  15795   1       383     343     777     1296    
CTETRA  15796   1       2797    5123    5242    3569    
CTETRA  15797   1       3057    3894    3895    3060    
CTETRA  15798   1       1892    1489    1913    6491    
CTETRA  15799   1       692     693     672     732     
CTETRA  15800   1       2007    5961    4910    3143    
CTETRA  15801   1       3722    2853    908     907     
CTETRA  15802   1       541     642     639     6485    
CTETRA  15803   1       2735    1313    4775    6490    
CTETRA  15804   1       2269    2268    2143    2344    
CTETRA  15805   1       655     2763    1868    1463    
CTETRA  15806   1       2697    3921    3951    6490    
CTETRA  15807   1       724     659     763     725     
CTETRA  15808   1       1984    893     3585    5910    
CTETRA  15809   1       549     1003    1204    1018    
CTETRA  15810   1       2032    410     1460    1459    
CTETRA  15811   1       2558    428     1620    1078    
CTETRA  15812   1       3299    4036    3267    4152    
CTETRA  15813   1       647     463     461     3695    
CTETRA  15814   1       2439    438     638     1435    
CTETRA  15815   1       198     2479    3223    887     
CTETRA  15816   1       609     761     2491    2592    
CTETRA  15817   1       1360    1355    1361    1286    
CTETRA  15818   1       810     2143    2268    2344    
CTETRA  15819   1       1333    1334    4020    1335    
CTETRA  15820   1       2799    2796    5243    2798    
CTETRA  15821   1       4818    4270    6025    3164    
CTETRA  15822   1       5895    3223    4767    886     
CTETRA  15823   1       4175    1904    3260    801     
CTETRA  15824   1       3152    3156    4057    6245    
CTETRA  15825   1       823     822     767     3895    
CTETRA  15826   1       541     539     642     6485    
CTETRA  15827   1       1902    4267    3402    4114    
CTETRA  15828   1       768     767     3895    3056    
CTETRA  15829   1       817     816     830     2809    
CTETRA  15830   1       2688    3895    3894    1844    
CTETRA  15831   1       2197    431     430     1866    
CTETRA  15832   1       1836    1832    1834    2309    
CTETRA  15833   1       5909    1984    5631    2491    
CTETRA  15834   1       1798    1797    1796    2849    
CTETRA  15835   1       636     1407    1305    2571    
CTETRA  15836   1       1311    777     343     1296    
CTETRA  15837   1       5742    3770    5743    4876    
CTETRA  15838   1       2566    894     893     2259    
CTETRA  15839   1       4189    1072    4190    1221    
CTETRA  15840   1       885     886     3223    887     
CTETRA  15841   1       1390    1411    1413    5678    
CTETRA  15842   1       5475    5474    4589    6486    
CTETRA  15843   1       2040    670     2014    2851    
CTETRA  15844   1       2942    2652    2215    2214    
CTETRA  15845   1       2810    1454    2938    4024    
CTETRA  15846   1       1997    4032    1703    1996    
CTETRA  15847   1       753     639     728     6485    
CTETRA  15848   1       3968    4720    1298    1299    
CTETRA  15849   1       3229    2269    2143    2344    
CTETRA  15850   1       3497    3496    1197    1126    
CTETRA  15851   1       221     5949    6367    5948    
CTETRA  15852   1       1358    1359    1285    1253    
CTETRA  15853   1       2032    410     2033    409     
CTETRA  15854   1       2086    1517    3193    1378    
CTETRA  15855   1       714     713     668     667     
CTETRA  15856   1       655     654     1424    1463    
CTETRA  15857   1       2631    2140    2523    2169    
CTETRA  15858   1       2592    2336    5450    705     
CTETRA  15859   1       521     84      523     3887    
CTETRA  15860   1       3075    6293    5935    3074    
CTETRA  15861   1       1053    2347    2349    2412    
CTETRA  15862   1       1901    571     4236    2869    
CTETRA  15863   1       2050    304     1387    1386    
CTETRA  15864   1       2213    2651    3139    2691    
CTETRA  15865   1       659     1302    745     3410    
CTETRA  15866   1       1480    2379    638     1676    
CTETRA  15867   1       3599    704     1986    3179    
CTETRA  15868   1       1939    1941    1868    2763    
CTETRA  15869   1       3770    5742    4877    4876    
CTETRA  15870   1       1483    1490    1491    6489    
CTETRA  15871   1       3052    3051    3050    6489    
CTETRA  15872   1       2266    3091    1494    1457    
CTETRA  15873   1       3455    305     3003    3069    
CTETRA  15874   1       5895    4767    3223    5322    
CTETRA  15875   1       4238    4239    6404    5659    
CTETRA  15876   1       2431    372     373     3750    
CTETRA  15877   1       1481    1480    1479    2228    
CTETRA  15878   1       482     480     1177    1085    
CTETRA  15879   1       2368    438     2439    1435    
CTETRA  15880   1       305     1391    3003    3069    
CTETRA  15881   1       2202    1473    2701    2201    
CTETRA  15882   1       1392    1393    1382    1437    
CTETRA  15883   1       3502    407     3503    4297    
CTETRA  15884   1       4920    5742    6207    4169    
CTETRA  15885   1       2030    255     254     5285    
CTETRA  15886   1       1396    366     28      2863    
CTETRA  15887   1       4152    3968    3540    3798    
CTETRA  15888   1       6251    5880    5881    6175    
CTETRA  15889   1       3722    3328    4561    2093    
CTETRA  15890   1       609     2592    2586    761     
CTETRA  15891   1       1870    1480    2228    1863    
CTETRA  15892   1       1870    410     1463    2091    
CTETRA  15893   1       1898    1466    5354    1467    
CTETRA  15894   1       592     593     1676    1674    
CTETRA  15895   1       1127    1126    1290    1198    
CTETRA  15896   1       343     317     1318    1311    
CTETRA  15897   1       685     318     1327    1091    
CTETRA  15898   1       2217    2772    2213    2218    
CTETRA  15899   1       3175    3608    3174    5075    
CTETRA  15900   1       1423    3898    2445    5871    
CTETRA  15901   1       2347    3463    2412    1053    
CTETRA  15902   1       6289    5385    2995    6486    
CTETRA  15903   1       348     347     2565    1457    
CTETRA  15904   1       2590    2943    2308    2309    
CTETRA  15905   1       317     379     380     2119    
CTETRA  15906   1       5319    5321    5896    5895    
CTETRA  15907   1       1891    1845    1911    1892    
CTETRA  15908   1       3074    5935    413     5427    
CTETRA  15909   1       2014    2850    2040    2851    
CTETRA  15910   1       3050    1490    3052    6489    
CTETRA  15911   1       6015    6198    3377    1930    
CTETRA  15912   1       5063    1901    4236    3819    
CTETRA  15913   1       1365    1253    1359    1358    
CTETRA  15914   1       1003    2891    1002    6493    
CTETRA  15915   1       2853    632     630     907     
CTETRA  15916   1       403     1494    1457    1969    
CTETRA  15917   1       5044    4562    581     5123    
CTETRA  15918   1       3060    3895    3057    3061    
CTETRA  15919   1       2419    521     523     3887    
CTETRA  15920   1       2763    1939    2764    1868    
CTETRA  15921   1       4990    4265    6054    6053    
CTETRA  15922   1       2040    2849    2850    2014    
CTETRA  15923   1       2436    1939    3747    2434    
CTETRA  15924   1       2764    3260    2433    4413    
CTETRA  15925   1       1931    2649    1942    1933    
CTETRA  15926   1       2077    3785    3188    2076    
CTETRA  15927   1       4993    1371    2445    3164    
CTETRA  15928   1       2504    1276    1327    5808    
CTETRA  15929   1       5741    4589    5474    6486    
CTETRA  15930   1       804     803     2809    817     
CTETRA  15931   1       2215    1841    2652    2942    
CTETRA  15932   1       6298    5083    949     2093    
CTETRA  15933   1       94      96      212     5419    
CTETRA  15934   1       3602    2058    1281    2546    
CTETRA  15935   1       891     2484    1083    4964    
CTETRA  15936   1       1410    1405    636     1406    
CTETRA  15937   1       2736    1313    2735    6490    
CTETRA  15938   1       2065    1356    2026    1353    
CTETRA  15939   1       199     6373    5779    2641    
CTETRA  15940   1       2550    4040    4041    4160    
CTETRA  15941   1       2705    4030    4028    4029    
CTETRA  15942   1       1456    1492    2581    371     
CTETRA  15943   1       4818    6025    5742    3165    
CTETRA  15944   1       1676    593     1870    1863    
CTETRA  15945   1       2824    476     3976    5405    
CTETRA  15946   1       2558    1620    3209    1157    
CTETRA  15947   1       1602    3109    5456    3886    
CTETRA  15948   1       890     481     482     1217    
CTETRA  15949   1       5487    3078    3077    3079    
CTETRA  15950   1       343     777     775     382     
CTETRA  15951   1       1485    1483    5399    6489    
CTETRA  15952   1       4562    6298    4561    5458    
CTETRA  15953   1       1036    1037    2857    3346    
CTETRA  15954   1       1376    3316    263     1377    
CTETRA  15955   1       2197    1865    431     1866    
CTETRA  15956   1       1005    94      197     3689    
CTETRA  15957   1       2544    819     717     831     
CTETRA  15958   1       1676    2228    1480    1863    
CTETRA  15959   1       1293    496     453     1292    
CTETRA  15960   1       949     4561    6298    2093    
CTETRA  15961   1       2560    3695    463     647     
CTETRA  15962   1       693     691     684     666     
CTETRA  15963   1       2226    2443    1438    1425    
CTETRA  15964   1       2233    4413    802     2235    
CTETRA  15965   1       2932    2582    3593    2342    
CTETRA  15966   1       367     369     368     2862    
CTETRA  15967   1       501     503     2984    4144    
CTETRA  15968   1       6188    3586    1984    5909    
CTETRA  15969   1       4245    4246    2152    5809    
CTETRA  15970   1       1480    2195    2379    1863    
CTETRA  15971   1       5285    254     1707    3851    
CTETRA  15972   1       4993    2445    4270    3164    
CTETRA  15973   1       1348    1265    1269    3213    
CTETRA  15974   1       519     1002    1001    1006    
CTETRA  15975   1       410     2091    1425    408     
CTETRA  15976   1       2797    5123    4562    5242    
CTETRA  15977   1       1983    716     2543    2257    
CTETRA  15978   1       2296    2297    2448    2530    
CTETRA  15979   1       3319    2530    3472    1421    
CTETRA  15980   1       1320    1421    1419    1296    
CTETRA  15981   1       1875    1317    2824    6326    
CTETRA  15982   1       3213    3968    3214    1299    
CTETRA  15983   1       2213    2772    2071    2885    
CTETRA  15984   1       6038    3770    4944    3830    
CTETRA  15985   1       336     1321    1322    337     
CTETRA  15986   1       1317    3976    3078    1315    
CTETRA  15987   1       4152    3299    4036    1298    
CTETRA  15988   1       4927    2492    6111    5916    
CTETRA  15989   1       2398    4036    1298    2393    
CTETRA  15990   1       5895    5319    5321    5322    
CTETRA  15991   1       6384    5059    212     5388    
CTETRA  15992   1       2343    362     3193    1384    
CTETRA  15993   1       2114    2113    256     2118    
CTETRA  15994   1       2717    3845    3980    6491    
CTETRA  15995   1       1388    1387    3003    1386    
CTETRA  15996   1       619     595     621     1408    
CTETRA  15997   1       1453    813     621     814     
CTETRA  15998   1       1138    1139    1136    1137    
CTETRA  15999   1       1863    1869    2102    1864    
CTETRA  16000   1       1514    5020    1513    6452    
CTETRA  16001   1       1825    3570    2239    1826    
CTETRA  16002   1       3793    3933    3677    651     
CTETRA  16003   1       3188    3785    2077    3506    
CTETRA  16004   1       199     3532    196     198     
CTETRA  16005   1       3648    4876    6038    3830    
CTETRA  16006   1       3830    3828    6038    3829    
CTETRA  16007   1       1261    3392    3436    706     
CTETRA  16008   1       883     698     681     882     
CTETRA  16009   1       2918    5896    5321    4767    
CTETRA  16010   1       5058    886     887     3223    
CTETRA  16011   1       1253    2246    2065    2024    
CTETRA  16012   1       3501    491     489     1138    
CTETRA  16013   1       3223    94      198     5679    
CTETRA  16014   1       1008    5631    2259    1984    
CTETRA  16015   1       3474    1050    3404    1052    
CTETRA  16016   1       4413    2082    2234    2233    
CTETRA  16017   1       305     1388    1393    1382    
CTETRA  16018   1       2943    2690    2590    2308    
CTETRA  16019   1       101     295     3682    3043    
CTETRA  16020   1       2151    6368    2153    2152    
CTETRA  16021   1       749     736     667     2940    
CTETRA  16022   1       5995    1328    1299    3213    
CTETRA  16023   1       1083    2484    3605    4964    
CTETRA  16024   1       6052    5874    6350    5052    
CTETRA  16025   1       2052    362     2343    1384    
CTETRA  16026   1       2058    2562    2546    3540    
CTETRA  16027   1       716     1983    818     2257    
CTETRA  16028   1       5448    5784    3377    1928    
CTETRA  16029   1       263     363     264     1378    
CTETRA  16030   1       1983    2258    686     2257    
CTETRA  16031   1       2013    2584    908     1772    
CTETRA  16032   1       2682    2143    2144    2269    
CTETRA  16033   1       2006    1781    1930    3377    
CTETRA  16034   1       801     2428    779     799     
CTETRA  16035   1       1874    620     1305    1882    
CTETRA  16036   1       2631    1439    2140    2169    
CTETRA  16037   1       658     659     724     6494    
CTETRA  16038   1       5800    5801    5992    5802    
CTETRA  16039   1       1306    343     729     1331    
CTETRA  16040   1       830     2257    831     6487    
CTETRA  16041   1       3090    3695    462     463     
CTETRA  16042   1       1425    1870    1676    2091    
CTETRA  16043   1       362     3193    1384    1378    
CTETRA  16044   1       1331    317     318     1324    
CTETRA  16045   1       3897    1371    2445    4993    
CTETRA  16046   1       884     3174    3175    2980    
CTETRA  16047   1       4723    5566    3968    4721    
CTETRA  16048   1       894     893     2568    895     
CTETRA  16049   1       817     804     696     2809    
CTETRA  16050   1       3770    4169    5742    4818    
CTETRA  16051   1       1358    1361    1285    1286    
CTETRA  16052   1       6384    212     59      5388    
CTETRA  16053   1       4588    1322    2833    2834    
CTETRA  16054   1       6261    5123    581     1929    
CTETRA  16055   1       102     2029    3043    3682    
CTETRA  16056   1       1480    2226    2228    1676    
CTETRA  16057   1       4036    4152    1298    3540    
CTETRA  16058   1       5800    5298    5299    5297    
CTETRA  16059   1       658     724     727     6494    
CTETRA  16060   1       2103    1480    1863    2101    
CTETRA  16061   1       2217    2772    2690    2213    
CTETRA  16062   1       5554    4988    5401    2709    
CTETRA  16063   1       1311    1419    777     1296    
CTETRA  16064   1       2772    2217    1841    2218    
CTETRA  16065   1       1355    1285    1361    1286    
CTETRA  16066   1       6176    2153    6352    2151    
CTETRA  16067   1       4153    6038    3828    3829    
CTETRA  16068   1       2688    622     1439    3752    
CTETRA  16069   1       4168    3155    4921    2285    
CTETRA  16070   1       3157    4040    2286    3153    
CTETRA  16071   1       1253    1356    1358    2024    
CTETRA  16072   1       555     554     553     2542    
CTETRA  16073   1       1394    1382    3269    3455    
CTETRA  16074   1       3852    2545    3347    843     
CTETRA  16075   1       1085    3549    6479    1084    
CTETRA  16076   1       778     779     799     780     
CTETRA  16077   1       2810    1901    3402    3819    
CTETRA  16078   1       2848    263     264     1395    
CTETRA  16079   1       642     1422    639     6485    
CTETRA  16080   1       2103    1480    1870    1863    
CTETRA  16081   1       1388    1387    1386    2050    
CTETRA  16082   1       3175    2980    5022    884     
CTETRA  16083   1       2336    503     3345    2592    
CTETRA  16084   1       202     4189    1162    1221    
CTETRA  16085   1       819     716     818     2257    
CTETRA  16086   1       2834    2833    4588    4589    
CTETRA  16087   1       2077    3506    2764    6488    
CTETRA  16088   1       5229    1917    3845    6491    
CTETRA  16089   1       1424    2763    1463    2091    
CTETRA  16090   1       2585    671     1755    2851    
CTETRA  16091   1       883     3561    3179    3862    
CTETRA  16092   1       2134    1310    2794    2119    
CTETRA  16093   1       2443    1435    638     2226    
CTETRA  16094   1       2215    1889    1841    2942    
CTETRA  16095   1       2058    3968    1298    1299    
CTETRA  16096   1       992     5276    3853    3850    
CTETRA  16097   1       3153    2286    3157    3152    
CTETRA  16098   1       2964    2708    3740    2706    
CTETRA  16099   1       261     260     4767    2918    
CTETRA  16100   1       3472    1320    3319    1421    
CTETRA  16101   1       4912    5696    5961    5523    
CTETRA  16102   1       363     3269    264     1437    
CTETRA  16103   1       1328    1300    5995    1299    
CTETRA  16104   1       830     2268    3228    816     
CTETRA  16105   1       4676    6261    581     1929    
CTETRA  16106   1       767     1831    823     3752    
CTETRA  16107   1       2550    3740    2705    5477    
CTETRA  16108   1       4904    4902    2151    3914    
CTETRA  16109   1       5910    5632    5848    5909    
CTETRA  16110   1       840     841     1008    3358    
CTETRA  16111   1       4269    3984    4921    3506    
CTETRA  16112   1       325     323     630     2013    
CTETRA  16113   1       1620    1078    972     1157    
CTETRA  16114   1       2102    2101    1863    1864    
CTETRA  16115   1       4226    1217    1004    2891    
CTETRA  16116   1       4264    4265    1036    1038    
CTETRA  16117   1       567     324     565     2988    
CTETRA  16118   1       4244    5809    4245    5478    
CTETRA  16119   1       4282    3540    2208    3798    
CTETRA  16120   1       4767    5203    2917    3172    
CTETRA  16121   1       3376    2216    1428    1427    
CTETRA  16122   1       3345    2586    2592    761     
CTETRA  16123   1       3976    1317    2824    1875    
CTETRA  16124   1       6249    4903    1339    1411    
CTETRA  16125   1       5203    3172    260     2917    
CTETRA  16126   1       3189    2764    2433    4413    
CTETRA  16127   1       3984    2077    4169    3506    
CTETRA  16128   1       3540    2562    2546    2393    
CTETRA  16129   1       1946    6052    5874    6350    
CTETRA  16130   1       3875    1502    6106    6117    
CTETRA  16131   1       1072    202     1073    1221    
CTETRA  16132   1       1506    3050    2628    6489    
CTETRA  16133   1       5123    5044    4562    5458    
CTETRA  16134   1       593     1676    1674    1863    
CTETRA  16135   1       736     667     668     666     
CTETRA  16136   1       1255    1344    3271    2987    
CTETRA  16137   1       1353    2287    2065    1288    
CTETRA  16138   1       348     2565    1494    1457    
CTETRA  16139   1       4032    515     2121    6408    
CTETRA  16140   1       1335    3831    4018    1333    
CTETRA  16141   1       1276    2119    3412    2503    
CTETRA  16142   1       697     2399    2138    2137    
CTETRA  16143   1       1980    623     2631    1858    
CTETRA  16144   1       761     5909    2491    2592    
CTETRA  16145   1       715     804     815     2544    
CTETRA  16146   1       260     2332    6314    5203    
CTETRA  16147   1       3851    1708    992     3850    
CTETRA  16148   1       972     1626    1620    1157    
CTETRA  16149   1       3595    780     372     2431    
CTETRA  16150   1       196     891     1217    3679    
CTETRA  16151   1       1306    1318    343     1331    
CTETRA  16152   1       3565    3496    5571    1126    
CTETRA  16153   1       3164    3420    2445    4270    
CTETRA  16154   1       196     888     2299    891     
CTETRA  16155   1       2592    3345    2336    705     
CTETRA  16156   1       1405    3012    2571    1318    
CTETRA  16157   1       2445    4270    5871    4993    
CTETRA  16158   1       2284    2286    4039    2815    
CTETRA  16159   1       717     831     819     6487    
CTETRA  16160   1       2763    1424    592     2091    
CTETRA  16161   1       2119    2794    2134    1276    
CTETRA  16162   1       1358    1285    1356    1253    
CTETRA  16163   1       2075    3785    2077    2076    
CTETRA  16164   1       637     2034    2439    638     
CTETRA  16165   1       729     381     343     382     
CTETRA  16166   1       5281    5025    4931    3184    
CTETRA  16167   1       746     748     1125    3458    
CTETRA  16168   1       2795    2504    469     5808    
CTETRA  16169   1       3569    1929    1930    1780    
CTETRA  16170   1       5895    5897    5319    5322    
CTETRA  16171   1       5779    211     5679    1005    
CTETRA  16172   1       1504    6276    3948    4554    
CTETRA  16173   1       1299    3968    3214    2058    
CTETRA  16174   1       5399    1483    1485    5766    
CTETRA  16175   1       5043    6290    6320    5479    
CTETRA  16176   1       2943    1833    1837    1836    
CTETRA  16177   1       1376    263     3316    1357    
CTETRA  16178   1       802     801     3260    3189    
CTETRA  16179   1       2874    572     571     2237    
CTETRA  16180   1       1267    1184    1186    2678    
CTETRA  16181   1       779     778     799     2428    
CTETRA  16182   1       4189    6110    1163    1162    
CTETRA  16183   1       1242    1260    3125    1275    
CTETRA  16184   1       2392    2398    2399    2139    
CTETRA  16185   1       3549    1085    6479    481     
CTETRA  16186   1       3679    1217    1004    4226    
CTETRA  16187   1       6408    515     2121    1562    
CTETRA  16188   1       3050    5569    1490    6489    
CTETRA  16189   1       4160    2550    4040    2286    
CTETRA  16190   1       3984    3188    2077    3506    
CTETRA  16191   1       813     621     595     1453    
CTETRA  16192   1       3179    2336    3561    883     
CTETRA  16193   1       2437    5025    4085    3184    
CTETRA  16194   1       1980    2524    2209    2631    
CTETRA  16195   1       1423    2445    4270    5871    
CTETRA  16196   1       5022    884     262     856     
CTETRA  16197   1       2353    3788    1429    1481    
CTETRA  16198   1       4921    3984    4169    3506    
CTETRA  16199   1       5059    6384    2276    5388    
CTETRA  16200   1       3521    2994    2995    6486    
CTETRA  16201   1       2064    1251    1345    2024    
CTETRA  16202   1       196     199     197     2299    
CTETRA  16203   1       61      92      151     6493    
CTETRA  16204   1       3830    6038    3648    3829    
CTETRA  16205   1       6245    3152    3156    3155    
CTETRA  16206   1       2848    363     263     2088    
CTETRA  16207   1       3968    2678    3277    3329    
CTETRA  16208   1       2799    5243    2796    1777    
CTETRA  16209   1       2017    5814    4283    2015    
CTETRA  16210   1       1864    2101    1863    1461    
CTETRA  16211   1       3535    821     662     3536    
CTETRA  16212   1       3189    801     573     779     
CTETRA  16213   1       670     3722    2853    908     
CTETRA  16214   1       1331    1318    317     1325    
CTETRA  16215   1       1408    1407    1874    620     
CTETRA  16216   1       3347    1261    2545    3852    
CTETRA  16217   1       656     4413    2082    2234    
CTETRA  16218   1       2393    1370    829     4120    
CTETRA  16219   1       2592    2336    2953    5450    
CTETRA  16220   1       5396    1196    4265    5172    
CTETRA  16221   1       2568    894     2566    2259    
CTETRA  16222   1       5566    4161    3329    3798    
CTETRA  16223   1       4169    4270    6025    4818    
CTETRA  16224   1       5909    3586    1984    2491    
CTETRA  16225   1       1406    1405    3472    2530    
CTETRA  16226   1       2399    697     2392    2137    
CTETRA  16227   1       607     705     2592    3586    
CTETRA  16228   1       480     482     481     1085    
CTETRA  16229   1       361     747     1245    3461    
CTETRA  16230   1       3682    3043    5445    2029    
CTETRA  16231   1       3968    3213    4720    1299    
CTETRA  16232   1       4676    581     4005    1929    
CTETRA  16233   1       1298    2392    2398    2393    
CTETRA  16234   1       1620    1102    1626    972     
CTETRA  16235   1       3734    6293    3735    3075    
CTETRA  16236   1       1479    3788    1429    439     
CTETRA  16237   1       3078    1316    3077    3079    
CTETRA  16238   1       2077    656     2082    4550    
CTETRA  16239   1       2433    3260    1904    3189    
CTETRA  16240   1       2772    2213    2589    2690    
CTETRA  16241   1       1320    1421    1296    2120    
CTETRA  16242   1       2725    6117    405     4523    
CTETRA  16243   1       3175    262     6314    856     
CTETRA  16244   1       503     3007    2592    2953    
CTETRA  16245   1       1089    684     2011    731     
CTETRA  16246   1       3981    102     2687    2683    
CTETRA  16247   1       4720    6179    1265    1268    
CTETRA  16248   1       3272    1868    3260    2547    
CTETRA  16249   1       3188    3984    4269    3506    
CTETRA  16250   1       1494    3091    348     1457    
CTETRA  16251   1       1485    5399    6210    6489    
CTETRA  16252   1       463     462     3090    1826    
CTETRA  16253   1       1247    1285    1363    1355    
CTETRA  16254   1       2849    2040    324     2014    
CTETRA  16255   1       3450    676     653     3933    
CTETRA  16256   1       3785    2764    656     2077    
CTETRA  16257   1       3155    4168    6245    2285    
CTETRA  16258   1       2705    2814    2550    2551    
CTETRA  16259   1       3125    1260    3395    1275    
CTETRA  16260   1       2068    369     2370    3792    
CTETRA  16261   1       2918    260     2917    2331    
CTETRA  16262   1       2797    581     5123    1929    
CTETRA  16263   1       1901    571     2869    1900    
CTETRA  16264   1       264     363     263     2848    
CTETRA  16265   1       993     5276    3853    992     
CTETRA  16266   1       1296    3012    777     1297    
CTETRA  16267   1       1255    2068    3354    2067    
CTETRA  16268   1       3278    1288    1363    1287    
CTETRA  16269   1       3897    2445    5871    4993    
CTETRA  16270   1       5285    1707    993     3851    
CTETRA  16271   1       747     361     1245    1294    
CTETRA  16272   1       1491    1485    1483    5766    
CTETRA  16273   1       5992    5299    5993    5800    
CTETRA  16274   1       1370    3897    829     4993    
CTETRA  16275   1       2138    2399    2392    2137    
CTETRA  16276   1       443     441     1321    4268    
CTETRA  16277   1       553     949     5083    2093    
CTETRA  16278   1       2847    1590    1373    1589    
CTETRA  16279   1       3004    1387    1388    2050    
CTETRA  16280   1       1085    482     481     1217    
CTETRA  16281   1       4023    2938    4024    3819    
CTETRA  16282   1       2567    901     2259    900     
CTETRA  16283   1       2443    2444    1435    2226    
CTETRA  16284   1       592     2763    1870    1869    
CTETRA  16285   1       2239    4262    3714    5230    
CTETRA  16286   1       2070    2885    3238    2021    
CTETRA  16287   1       3689    1004    94      197     
CTETRA  16288   1       1405    3516    1407    2571    
CTETRA  16289   1       1125    5571    1293    1290    
CTETRA  16290   1       347     348     809     1457    
CTETRA  16291   1       1447    386     1846    1944    
CTETRA  16292   1       1905    571     2869    4236    
CTETRA  16293   1       491     543     1130    3501    
CTETRA  16294   1       2530    2448    1410    2443    
CTETRA  16295   1       2430    2703    1990    2576    
CTETRA  16296   1       3472    2297    2530    3319    
CTETRA  16297   1       6373    6384    855     2641    
CTETRA  16298   1       1425    2226    2443    1676    
CTETRA  16299   1       5400    6210    5399    6489    
CTETRA  16300   1       4762    3877    3878    4554    
CTETRA  16301   1       900     3585    2259    4181    
CTETRA  16302   1       1409    595     1408    1857    
CTETRA  16303   1       1438    2444    2443    2226    
CTETRA  16304   1       1308    2011    731     1089    
CTETRA  16305   1       5809    4245    1389    4244    
CTETRA  16306   1       2011    318     685     1089    
CTETRA  16307   1       1464    800     2565    3092    
CTETRA  16308   1       3506    3785    2764    3187    
CTETRA  16309   1       2772    2071    2885    2589    
CTETRA  16310   1       4169    6025    5742    4818    
CTETRA  16311   1       2433    1904    4263    3189    
CTETRA  16312   1       1454    2433    3272    3260    
CTETRA  16313   1       4036    3267    4152    3540    
CTETRA  16314   1       5911    2701    2700    1473    
CTETRA  16315   1       362     363     1378    1383    
CTETRA  16316   1       2690    2651    2213    2691    
CTETRA  16317   1       3153    4160    2286    3154    
CTETRA  16318   1       3618    4144    502     2162    
CTETRA  16319   1       265     264     263     1395    
CTETRA  16320   1       1378    263     363     2088    
CTETRA  16321   1       5923    405     6117    4523    
CTETRA  16322   1       3540    2546    1298    2393    
CTETRA  16323   1       1178    480     6110    1163    
CTETRA  16324   1       1242    1260    1275    790     
CTETRA  16325   1       3571    6015    2006    1930    
CTETRA  16326   1       1473    5912    2701    2201    
CTETRA  16327   1       3570    5479    3143    2238    
CTETRA  16328   1       2995    5385    4278    6486    
CTETRA  16329   1       3974    3565    4991    4265    
CTETRA  16330   1       1901    3138    1902    4114    
CTETRA  16331   1       2601    2731    2941    2708    
CTETRA  16332   1       2875    3020    3190    2076    
CTETRA  16333   1       3467    3599    1986    3179    
CTETRA  16334   1       1755    2112    2585    2850    
CTETRA  16335   1       264     1394    1382    3269    
CTETRA  16336   1       5177    102     3981    2683    
CTETRA  16337   1       2412    3463    1054    1053    
CTETRA  16338   1       2170    2688    1439    3752    
CTETRA  16339   1       5756    3789    4574    4575    
CTETRA  16340   1       2006    6198    3377    6015    
CTETRA  16341   1       891     1083    1217    3679    
CTETRA  16342   1       3521    5475    4589    6486    
CTETRA  16343   1       3316    1590    1373    2847    
CTETRA  16344   1       2725    5803    6117    4523    
CTETRA  16345   1       2763    1868    1463    1870    
CTETRA  16346   1       4120    1370    829     4993    
CTETRA  16347   1       2268    695     810     2344    
CTETRA  16348   1       1864    1863    593     1461    
CTETRA  16349   1       3155    4168    4877    3830    
CTETRA  16350   1       3420    4481    2446    6488    
CTETRA  16351   1       1974    335     333     3089    
CTETRA  16352   1       655     1424    2763    1463    
CTETRA  16353   1       1365    2064    1253    1358    
CTETRA  16354   1       1860    1316    1859    1478    
CTETRA  16355   1       2652    1842    3082    2942    
CTETRA  16356   1       2439    638     2366    4261    
CTETRA  16357   1       3060    3057    768     3061    
CTETRA  16358   1       3682    5445    3681    2029    
CTETRA  16359   1       2256    2682    2144    2258    
CTETRA  16360   1       2491    607     609     2592    
CTETRA  16361   1       1300    1298    4720    1299    
CTETRA  16362   1       325     323     566     630     
CTETRA  16363   1       2763    592     593     1869    
CTETRA  16364   1       2119    2120    2794    3412    
CTETRA  16365   1       1322    442     2833    1321    
CTETRA  16366   1       5918    2007    5043    5523    
CTETRA  16367   1       1453    2132    2141    1838    
CTETRA  16368   1       2545    2563    3677    2393    
CTETRA  16369   1       841     1053    1054    3463    
CTETRA  16370   1       93      855     2641    6493    
CTETRA  16371   1       1699    1665    1664    1698    
CTETRA  16372   1       1782    2799    5374    2798    
CTETRA  16373   1       886     5895    3223    6020    
CTETRA  16374   1       1395    1394    264     363     
CTETRA  16375   1       2284    4039    3188    2815    
CTETRA  16376   1       462     461     463     3695    
CTETRA  16377   1       3043    295     293     6209    
CTETRA  16378   1       2162    2161    4144    2163    
CTETRA  16379   1       211     6373    6384    855     
CTETRA  16380   1       261     4767    5896    2918    
CTETRA  16381   1       3164    1370    1372    4120    
CTETRA  16382   1       5020    1513    6452    3379    
CTETRA  16383   1       843     3677    3793    2393    
CTETRA  16384   1       2853    630     2013    1772    
CTETRA  16385   1       2284    3188    3190    2815    
CTETRA  16386   1       4573    3789    4180    3862    
CTETRA  16387   1       1781    1782    1826    1780    
CTETRA  16388   1       1324    3412    2119    2503    
CTETRA  16389   1       2688    1858    624     1844    
CTETRA  16390   1       4877    4168    3770    3830    
CTETRA  16391   1       3078    5487    1316    1860    
CTETRA  16392   1       5123    2797    1929    3569    
CTETRA  16393   1       855     211     6373    2641    
CTETRA  16394   1       469     468     2504    2795    
CTETRA  16395   1       410     1460    1459    1464    
CTETRA  16396   1       2994    3521    4589    6486    
CTETRA  16397   1       5190    1303    745     5183    
CTETRA  16398   1       6188    5450    6023    3177    
CTETRA  16399   1       1425    2443    2699    1676    
CTETRA  16400   1       4039    2286    4040    2815    
CTETRA  16401   1       4876    4877    3770    3830    
CTETRA  16402   1       3933    3793    3677    2393    
CTETRA  16403   1       3540    1298    4036    2393    
CTETRA  16404   1       6145    6106    6446    3875    
CTETRA  16405   1       96      5389    5087    5388    
CTETRA  16406   1       61      855     93      6493    
CTETRA  16407   1       6482    3558    3345    501     
CTETRA  16408   1       632     906     1777    1778    
CTETRA  16409   1       596     595     432     3027    
CTETRA  16410   1       1826    1930    3570    1781    
CTETRA  16411   1       802     3260    2764    4413    
CTETRA  16412   1       857     2479    5022    885     
CTETRA  16413   1       858     6314    2332    5203    
CTETRA  16414   1       1246    2450    1364    2449    
CTETRA  16415   1       1440    1524    2979    3888    
CTETRA  16416   1       1125    1293    747     1290    
CTETRA  16417   1       4189    6110    480     1163    
CTETRA  16418   1       522     521     523     2419    
CTETRA  16419   1       6329    1151    1149    5879    
CTETRA  16420   1       5632    4640    5909    5633    
CTETRA  16421   1       2134    1278    1276    1277    
CTETRA  16422   1       2286    3153    3154    3152    
CTETRA  16423   1       6277    5819    6431    3109    
CTETRA  16424   1       1394    363     3269    264     
CTETRA  16425   1       1373    83      1590    1375    
CTETRA  16426   1       2432    2213    2209    3146    
CTETRA  16427   1       5450    2336    6135    3179    
CTETRA  16428   1       3977    476     3976    2824    
CTETRA  16429   1       1867    2351    1940    1482    
CTETRA  16430   1       893     892     894     2566    
CTETRA  16431   1       581     5044    5123    6261    
CTETRA  16432   1       2226    2577    437     2227    
CTETRA  16433   1       2590    2942    2690    2943    
CTETRA  16434   1       2065    2068    2287    1353    
CTETRA  16435   1       5321    4767    5895    5322    
CTETRA  16436   1       2101    1865    2195    2197    
CTETRA  16437   1       1298    1300    3602    1299    
CTETRA  16438   1       3878    4762    4554    4764    
CTETRA  16439   1       4282    2208    3036    3798    
CTETRA  16440   1       437     1435    436     438     
CTETRA  16441   1       1870    1868    1482    1869    
CTETRA  16442   1       1268    1265    4720    3213    
CTETRA  16443   1       3012    383     777     1297    
CTETRA  16444   1       5242    4561    3328    5280    
CTETRA  16445   1       804     696     815     817     
CTETRA  16446   1       3172    4767    3223    886     
CTETRA  16447   1       4550    654     4481    6488    
CTETRA  16448   1       4964    889     2483    3679    
CTETRA  16449   1       2086    1378    363     2088    
CTETRA  16450   1       2651    2310    3139    2691    
CTETRA  16451   1       3532    198     3756    2479    
CTETRA  16452   1       2013    323     630     2853    
CTETRA  16453   1       3830    3156    3828    3829    
CTETRA  16454   1       4944    3770    4168    3830    
CTETRA  16455   1       2068    3354    2067    2863    
CTETRA  16456   1       2026    1345    1250    2024    
CTETRA  16457   1       1863    1870    2103    1869    
CTETRA  16458   1       1869    1863    593     1864    
CTETRA  16459   1       6188    5910    3585    3587    
CTETRA  16460   1       2602    1902    3378    2601    
CTETRA  16461   1       6482    2335    3793    3008    
CTETRA  16462   1       1289    2287    1354    1288    
CTETRA  16463   1       1842    2212    2021    2885    
CTETRA  16464   1       369     367     366     2862    
CTETRA  16465   1       6320    6224    2006    6015    
CTETRA  16466   1       2731    2601    2941    3378    
CTETRA  16467   1       3277    2208    3540    3798    
CTETRA  16468   1       2933    2110    3350    3150    
CTETRA  16469   1       2582    2932    3593    3594    
CTETRA  16470   1       2019    2644    2524    2021    
CTETRA  16471   1       2152    4902    6177    4245    
CTETRA  16472   1       829     1279    3897    1370    
CTETRA  16473   1       1370    2546    2545    2393    
CTETRA  16474   1       593     1870    1863    1869    
CTETRA  16475   1       2008    3571    2006    1930    
CTETRA  16476   1       6177    6368    2153    2151    
CTETRA  16477   1       2067    2370    2068    2863    
CTETRA  16478   1       1199    1197    2324    2438    
CTETRA  16479   1       3036    3008    5635    2984    
CTETRA  16480   1       5456    2022    1602    5455    
CTETRA  16481   1       4561    5242    2093    5280    
CTETRA  16482   1       1311    1318    1319    1325    
CTETRA  16483   1       4993    4818    4120    3164    
CTETRA  16484   1       1904    3260    801     3189    
CTETRA  16485   1       1925    5025    4085    2437    
CTETRA  16486   1       4902    6177    4245    5478    
CTETRA  16487   1       4263    2433    1454    1904    
CTETRA  16488   1       706     1372    842     3436    
CTETRA  16489   1       1858    3059    1844    3894    
CTETRA  16490   1       366     367     369     2068    
CTETRA  16491   1       1039    2674    1045    2899    
CTETRA  16492   1       1775    255     3853    1773    
CTETRA  16493   1       3174    884     5076    3711    
CTETRA  16494   1       3057    2432    3894    2650    
CTETRA  16495   1       3155    4877    4168    4921    
CTETRA  16496   1       1414    1404    1319    1415    
CTETRA  16497   1       4152    4720    3968    4721    
CTETRA  16498   1       3152    4479    3155    2285    
CTETRA  16499   1       1386    2050    1352    1388    
CTETRA  16500   1       5450    3586    5909    2592    
CTETRA  16501   1       318     1327    1091    5148    
CTETRA  16502   1       343     775     776     382     
CTETRA  16503   1       2089    1250    2025    1255    
CTETRA  16504   1       5949    223     221     5561    
CTETRA  16505   1       777     343     383     382     
CTETRA  16506   1       1459    1868    1482    1870    
CTETRA  16507   1       1149    6329    3496    3497    
CTETRA  16508   1       2170    1439    1831    3752    
CTETRA  16509   1       2479    5022    884     857     
CTETRA  16510   1       1321    2832    6078    4268    
CTETRA  16511   1       94      197     5679    1005    
CTETRA  16512   1       6345    5883    6248    6368    
CTETRA  16513   1       684     693     666     685     
CTETRA  16514   1       2796    2797    5242    3569    
CTETRA  16515   1       1041    2588    2674    1127    
CTETRA  16516   1       1317    3079    1316    3078    
CTETRA  16517   1       5883    6368    4246    2152    
CTETRA  16518   1       5896    4767    261     5895    
CTETRA  16519   1       3791    2567    3608    5603    
CTETRA  16520   1       6277    3108    1374    3109    
CTETRA  16521   1       3798    3968    3277    3329    
CTETRA  16522   1       2065    2068    369     2287    
CTETRA  16523   1       607     3522    3392    609     
CTETRA  16524   1       3150    2110    6475    2428    
CTETRA  16525   1       2448    1410    2296    2530    
CTETRA  16526   1       3375    1380    3367    1379    
CTETRA  16527   1       6221    6353    6171    5885    
CTETRA  16528   1       3894    1858    2688    1844    
CTETRA  16529   1       4270    4818    4993    3164    
CTETRA  16530   1       1251    2064    2715    2009    
CTETRA  16531   1       2077    656     4550    6488    
CTETRA  16532   1       1699    1996    2121    2114    
CTETRA  16533   1       829     1279    1277    3897    
CTETRA  16534   1       724     763     659     5183    
CTETRA  16535   1       2810    3545    3593    1454    
CTETRA  16536   1       3521    2995    4278    6486    
CTETRA  16537   1       61      93      92      6493    
CTETRA  16538   1       668     691     692     666     
CTETRA  16539   1       1376    1357    1342    1528    
CTETRA  16540   1       3375    3796    3709    2232    
CTETRA  16541   1       1371    3897    1370    4993    
CTETRA  16542   1       891     481     890     1217    
CTETRA  16543   1       3200    5826    646     2799    
CTETRA  16544   1       3347    3677    6482    843     
CTETRA  16545   1       374     376     375     3205    
CTETRA  16546   1       2336    503     2335    3345    
CTETRA  16547   1       5562    6367    5949    5948    
CTETRA  16548   1       2943    2214    1932    1835    
CTETRA  16549   1       884     5022    3175    856     
CTETRA  16550   1       3562    855     61      6493    
CTETRA  16551   1       2344    2268    695     3228    
CTETRA  16552   1       3139    3146    2432    2650    
CTETRA  16553   1       2433    1454    1904    3260    
CTETRA  16554   1       5321    4767    5896    5895    
CTETRA  16555   1       1298    2137    1300    4720    
CTETRA  16556   1       4481    654     2446    6488    
CTETRA  16557   1       1974    1286    1365    2660    
CTETRA  16558   1       1980    2688    1982    1858    
CTETRA  16559   1       6176    4902    6177    2151    
CTETRA  16560   1       1626    3209    1620    1157    
CTETRA  16561   1       2082    4413    2075    2233    
CTETRA  16562   1       3007    4639    6023    2953    
CTETRA  16563   1       2631    2209    1980    2688    
CTETRA  16564   1       1298    4152    4720    3968    
CTETRA  16565   1       745     659     3410    5190    
CTETRA  16566   1       1424    4270    2446    6488    
CTETRA  16567   1       1964    4153    3599    899     
CTETRA  16568   1       2444    1438    2367    2226    
CTETRA  16569   1       5405    2824    476     6326    
CTETRA  16570   1       2077    4550    4919    6488    
CTETRA  16571   1       3858    3857    5557    6375    
CTETRA  16572   1       409     808     2032    2080    
CTETRA  16573   1       2014    2585    2850    2851    
CTETRA  16574   1       638     436     1480    2226    
CTETRA  16575   1       4189    200     202     1162    
CTETRA  16576   1       835     891     1083    481     
CTETRA  16577   1       1310    1309    1297    1295    
CTETRA  16578   1       2354    1378    2087    1589    
CTETRA  16579   1       338     337     336     6289    
CTETRA  16580   1       2065    1356    2066    2026    
CTETRA  16581   1       318     319     317     1331    
CTETRA  16582   1       1842    3238    2071    2885    
CTETRA  16583   1       647     2559    2561    2698    
CTETRA  16584   1       2102    1869    2103    2826    
CTETRA  16585   1       5756    5636    5711    3790    
CTETRA  16586   1       4039    4040    2286    2285    
CTETRA  16587   1       2239    2238    3570    2240    
CTETRA  16588   1       841     1054    3404    3463    
CTETRA  16589   1       667     736     749     666     
CTETRA  16590   1       1285    1356    1361    1358    
CTETRA  16591   1       2677    1281    3277    1262    
CTETRA  16592   1       1078    974     972     1157    
CTETRA  16593   1       2550    4028    4041    5477    
CTETRA  16594   1       1355    1360    1247    1286    
CTETRA  16595   1       3852    844     706     843     
CTETRA  16596   1       2410    1410    1435    2368    
CTETRA  16597   1       2484    835     1083    3605    
CTETRA  16598   1       2565    1458    403     1457    
CTETRA  16599   1       2017    2515    5814    6126    
CTETRA  16600   1       4268    6077    6079    6119    
CTETRA  16601   1       1827    1828    1903    1829    
CTETRA  16602   1       2866    2857    3341    3346    
CTETRA  16603   1       5808    2795    2200    1332    
CTETRA  16604   1       4297    415     407     1507    
CTETRA  16605   1       2207    2898    3330    1262    
CTETRA  16606   1       1516    6452    1512    3379    
CTETRA  16607   1       3785    3189    2764    3187    
CTETRA  16608   1       1482    1940    2103    1869    
CTETRA  16609   1       2917    4767    260     2918    
CTETRA  16610   1       1003    151     519     1204    
CTETRA  16611   1       1775    3853    1774    1773    
CTETRA  16612   1       1008    840     3358    1984    
CTETRA  16613   1       5710    6315    5637    4575    
CTETRA  16614   1       2006    6320    6015    3571    
CTETRA  16615   1       202     548     200     4189    
CTETRA  16616   1       1495    2033    3376    1459    
CTETRA  16617   1       3268    3798    3266    5566    
CTETRA  16618   1       1261    1282    1283    2545    
CTETRA  16619   1       3639    364     3796    2982    
CTETRA  16620   1       4268    1321    443     6119    
CTETRA  16621   1       261     4767    3172    886     
CTETRA  16622   1       6038    4944    3828    3830    
CTETRA  16623   1       2588    1127    3458    1241    
CTETRA  16624   1       1931    1889    6200    1932    
CTETRA  16625   1       3562    212     211     1005    
CTETRA  16626   1       1876    1677    591     1453    
CTETRA  16627   1       816     3228    830     2809    
CTETRA  16628   1       1456    3018    1455    1904    
CTETRA  16629   1       652     651     653     3793    
CTETRA  16630   1       3639    3367    2232    3640    
CTETRA  16631   1       2940    697     2939    2350    
CTETRA  16632   1       717     716     819     2544    
CTETRA  16633   1       5808    1327    2504    5807    
CTETRA  16634   1       1470    165     1468    164     
CTETRA  16635   1       2121    1665    1699    2114    
CTETRA  16636   1       890     196     2299    891     
CTETRA  16637   1       4561    5242    5458    2093    
CTETRA  16638   1       656     802     2764    4413    
CTETRA  16639   1       634     2429    2098    571     
CTETRA  16640   1       5808    1349    1332    3351    
CTETRA  16641   1       2065    1356    1253    2024    
CTETRA  16642   1       2366    638     1480    4261    
CTETRA  16643   1       591     1675    1677    1674    
CTETRA  16644   1       2065    1356    1285    1253    
CTETRA  16645   1       572     801     573     3189    
CTETRA  16646   1       1337    2050    1401    1336    
CTETRA  16647   1       808     1428    1497    2033    
CTETRA  16648   1       6188    6023    5450    5909    
CTETRA  16649   1       3091    2266    809     1457    
CTETRA  16650   1       1319    1404    1414    1325    
CTETRA  16651   1       2202    1472    1466    1898    
CTETRA  16652   1       3585    840     3466    2259    
CTETRA  16653   1       1406    3472    2297    2530    
CTETRA  16654   1       3569    1826    1782    1780    
CTETRA  16655   1       3319    2699    2530    1675    
CTETRA  16656   1       2348    2985    761     2402    
CTETRA  16657   1       3948    1504    4554    4764    
CTETRA  16658   1       4991    4265    4990    6053    
CTETRA  16659   1       1361    2064    1973    1358    
CTETRA  16660   1       3299    4720    4722    1298    
CTETRA  16661   1       2943    1833    1836    2309    
CTETRA  16662   1       1940    1482    1868    1869    
CTETRA  16663   1       2058    3968    2678    3277    
CTETRA  16664   1       2066    1356    2024    2026    
CTETRA  16665   1       6111    5519    5914    5916    
CTETRA  16666   1       6023    5450    3007    2953    
CTETRA  16667   1       2111    780     372     3595    
CTETRA  16668   1       3791    4574    3789    4180    
CTETRA  16669   1       1504    3878    4554    4764    
CTETRA  16670   1       2682    2268    2269    2901    
CTETRA  16671   1       1781    1930    3377    1780    
CTETRA  16672   1       3968    4152    5566    3798    
CTETRA  16673   1       522     2419    1599    3981    
CTETRA  16674   1       2684    1599    2419    3981    
CTETRA  16675   1       1036    3974    3565    3975    
CTETRA  16676   1       196     2479    3532    889     
CTETRA  16677   1       469     2795    5808    1332    
CTETRA  16678   1       60      519     520     1006    
CTETRA  16679   1       2335    3008    2953    3560    
CTETRA  16680   1       3569    5242    2796    2798    
CTETRA  16681   1       4030    2705    2706    4029    
CTETRA  16682   1       2020    3197    2101    1461    
CTETRA  16683   1       3181    2040    2039    2849    
CTETRA  16684   1       4413    2764    656     3785    
CTETRA  16685   1       2865    3341    3404    3474    
CTETRA  16686   1       2287    369     2288    1353    
CTETRA  16687   1       638     2366    1480    436     
CTETRA  16688   1       803     831     717     6487    
CTETRA  16689   1       5374    463     646     2560    
CTETRA  16690   1       1357    1376    263     1528    
CTETRA  16691   1       671     3181    1670    1755    
CTETRA  16692   1       365     3354    1396    2987    
CTETRA  16693   1       2850    2849    325     2014    
CTETRA  16694   1       1391    305     370     3069    
CTETRA  16695   1       6417    5819    521     3887    
CTETRA  16696   1       1401    3794    3795    3473    
CTETRA  16697   1       3214    2626    3970    1186    
CTETRA  16698   1       2942    2215    1889    2214    
CTETRA  16699   1       1982    2650    3060    3894    
CTETRA  16700   1       1905    2938    1904    1903    
CTETRA  16701   1       802     655     656     2764    
CTETRA  16702   1       1940    2103    1869    2826    
CTETRA  16703   1       5819    2603    1374    6277    
CTETRA  16704   1       2703    2041    1990    2576    
CTETRA  16705   1       2445    3420    2446    4270    
CTETRA  16706   1       6174    6251    6175    4913    
CTETRA  16707   1       2308    2309    2310    2691    
CTETRA  16708   1       4236    1905    571     1903    
CTETRA  16709   1       3789    5756    4574    3791    
CTETRA  16710   1       3018    2582    1455    1904    
CTETRA  16711   1       2214    2942    1837    2943    
CTETRA  16712   1       1125    3461    748     747     
CTETRA  16713   1       1360    1355    1247    360     
CTETRA  16714   1       629     255     1775    1773    
CTETRA  16715   1       5148    1327    1091    3351    
CTETRA  16716   1       729     382     1304    1308    
CTETRA  16717   1       3894    3895    3060    3061    
CTETRA  16718   1       6293    6041    3735    3075    
CTETRA  16719   1       432     595     619     3027    
CTETRA  16720   1       816     815     696     817     
CTETRA  16721   1       1358    1973    1361    1286    
CTETRA  16722   1       1242    1260    792     3512    
CTETRA  16723   1       1901    1902    615     1900    
CTETRA  16724   1       777     775     3012    2571    
CTETRA  16725   1       2008    3570    1930    1781    
CTETRA  16726   1       520     212     60      1006    
CTETRA  16727   1       1562    6408    515     3185    
CTETRA  16728   1       1377    263     1376    1528    
CTETRA  16729   1       1923    3747    2437    2762    
CTETRA  16730   1       1197    2324    2438    3270    
CTETRA  16731   1       3570    2008    2239    1781    
CTETRA  16732   1       4213    698     682     2800    
CTETRA  16733   1       6120    6111    5915    4927    
CTETRA  16734   1       2491    761     609     2349    
CTETRA  16735   1       5242    5123    4562    5458    
CTETRA  16736   1       1840    594     1839    1838    
CTETRA  16737   1       1259    3330    2898    1262    
CTETRA  16738   1       2103    3788    1867    1482    
CTETRA  16739   1       3894    2688    1858    1982    
CTETRA  16740   1       102     1708    1707    3680    
CTETRA  16741   1       3109    4292    5820    3886    
CTETRA  16742   1       2550    5477    4040    2815    
CTETRA  16743   1       6417    2419    100     2687    
CTETRA  16744   1       684     693     685     2011    
CTETRA  16745   1       410     1459    2228    1870    
CTETRA  16746   1       2869    1685    4236    1901    
CTETRA  16747   1       1409    619     620     1408    
CTETRA  16748   1       6293    5935    3074    5427    
CTETRA  16749   1       3007    6023    4639    5633    
CTETRA  16750   1       2990    1394    3455    2989    
CTETRA  16751   1       3152    3154    6245    4057    
CTETRA  16752   1       2444    2367    1435    2226    
CTETRA  16753   1       5961    2007    5503    3143    
CTETRA  16754   1       1394    2922    3455    2989    
CTETRA  16755   1       2029    102     3681    3682    
CTETRA  16756   1       3450    653     3267    3933    
CTETRA  16757   1       1353    1354    2287    1288    
CTETRA  16758   1       3058    2310    2309    2691    
CTETRA  16759   1       4763    3759    3757    3758    
CTETRA  16760   1       3345    3558    792     501     
CTETRA  16761   1       1085    6479    1178    1215    
CTETRA  16762   1       2716    2717    2203    5354    
CTETRA  16763   1       1888    2102    2103    2826    
CTETRA  16764   1       2065    1356    1353    1288    
CTETRA  16765   1       5477    2705    2550    4029    
CTETRA  16766   1       1421    1677    3516    3012    
CTETRA  16767   1       5280    3328    5243    5826    
CTETRA  16768   1       4554    4762    4552    4764    
CTETRA  16769   1       1017    1001    1002    1006    
CTETRA  16770   1       6117    406     405     3875    
CTETRA  16771   1       646     5374    2560    2799    
CTETRA  16772   1       363     264     1383    1437    
CTETRA  16773   1       3156    4168    3155    3830    
CTETRA  16774   1       2308    2217    2651    2310    
CTETRA  16775   1       1378    2086    2087    1589    
CTETRA  16776   1       4720    4722    2138    2668    
CTETRA  16777   1       2308    2943    1942    1835    
CTETRA  16778   1       3003    1386    305     1388    
CTETRA  16779   1       894     2568    893     2259    
CTETRA  16780   1       2310    2651    2308    2691    
CTETRA  16781   1       2286    4040    3157    2285    
CTETRA  16782   1       893     3585    2259    1984    
CTETRA  16783   1       2286    4040    4160    3153    
CTETRA  16784   1       2439    637     638     4261    
CTETRA  16785   1       3798    3268    4152    5566    
CTETRA  16786   1       3395    3180    1045    1275    
CTETRA  16787   1       3895    767     768     3061    
CTETRA  16788   1       775     777     776     2571    
CTETRA  16789   1       362     363     2086    1378    
CTETRA  16790   1       1197    2438    1199    1198    
CTETRA  16791   1       694     697     2399    2138    
CTETRA  16792   1       2586    3345    1260    502     
CTETRA  16793   1       1868    1482    1458    1459    
CTETRA  16794   1       1837    2214    2943    1836    
CTETRA  16795   1       1421    3319    2530    1675    
CTETRA  16796   1       1435    437     436     2226    
CTETRA  16797   1       5631    3358    2347    2491    
CTETRA  16798   1       2546    1282    1370    2545    
CTETRA  16799   1       260     5203    2917    2331    
CTETRA  16800   1       3299    4152    4720    1298    
CTETRA  16801   1       1322    441     442     1321    
CTETRA  16802   1       4189    480     200     1162    
CTETRA  16803   1       2308    2943    1835    1834    
CTETRA  16804   1       3354    2068    367     2863    
CTETRA  16805   1       1899    1898    1897    2619    
CTETRA  16806   1       630     2853    907     1772    
CTETRA  16807   1       2041    1525    1524    2576    
CTETRA  16808   1       4114    1829    4267    3820    
CTETRA  16809   1       2336    503     2592    2953    
CTETRA  16810   1       6368    5883    2153    2152    
CTETRA  16811   1       1320    1419    1318    1311    
CTETRA  16812   1       706     704     3392    3436    
CTETRA  16813   1       5904    3596    635     1690    
CTETRA  16814   1       2682    2268    2901    811     
CTETRA  16815   1       2981    889     2484    891     
CTETRA  16816   1       1384    1383    362     1378    
CTETRA  16817   1       2013    2014    2585    2850    
CTETRA  16818   1       6431    3110    6277    3109    
CTETRA  16819   1       2491    609     607     2349    
CTETRA  16820   1       1901    5063    3820    3819    
CTETRA  16821   1       2571    777     776     1318    
CTETRA  16822   1       6074    6015    1928    1930    
CTETRA  16823   1       2086    1517    1378    2087    
CTETRA  16824   1       821     699     662     3536    
CTETRA  16825   1       3267    3540    3933    4282    
CTETRA  16826   1       3410    3411    1302    5190    
CTETRA  16827   1       2899    1039    1199    3180    
CTETRA  16828   1       407     406     405     5923    
CTETRA  16829   1       404     403     2356    1458    
CTETRA  16830   1       2331    2332    5203    2333    
CTETRA  16831   1       6479    480     481     1085    
CTETRA  16832   1       6431    5819    5456    3109    
CTETRA  16833   1       1703    256     254     2118    
CTETRA  16834   1       1890    1889    2856    1841    
CTETRA  16835   1       2564    2235    655     3666    
CTETRA  16836   1       5573    3235    5710    3221    
CTETRA  16837   1       2238    3143    3570    2240    
CTETRA  16838   1       1466    1473    1472    2202    
CTETRA  16839   1       2419    522     521     6417    
CTETRA  16840   1       1364    453     1246    2449    
CTETRA  16841   1       1163    480     4189    1162    
CTETRA  16842   1       5203    3235    2331    2333    
CTETRA  16843   1       325     565     256     1693    
CTETRA  16844   1       1982    2650    3894    2432    
CTETRA  16845   1       2979    1524    82      3888    
CTETRA  16846   1       366     368     369     2862    
CTETRA  16847   1       889     2483    2484    4964    
CTETRA  16848   1       503     2336    2335    2953    
CTETRA  16849   1       2091    410     1425    1870    
CTETRA  16850   1       1247    1285    1355    1286    
CTETRA  16851   1       2603    5556    1374    6277    
CTETRA  16852   1       596     1838    2132    1453    
CTETRA  16853   1       6077    6120    5914    5915    
CTETRA  16854   1       651     3267    4282    3266    
CTETRA  16855   1       3607    3606    5076    5077    
CTETRA  16856   1       3299    2139    4036    1298    
CTETRA  16857   1       2153    6176    6177    2151    
CTETRA  16858   1       2119    378     2120    3412    
CTETRA  16859   1       1458    1482    2756    1459    
CTETRA  16860   1       1276    2504    2795    5808    
CTETRA  16861   1       2865    1008    2347    2568    
CTETRA  16862   1       3535    662     652     3536    
CTETRA  16863   1       2504    468     1276    2795    
CTETRA  16864   1       1374    5819    6277    3109    
CTETRA  16865   1       2392    1298    2137    1300    
CTETRA  16866   1       1875    5405    6034    6326    
CTETRA  16867   1       1458    403     402     2565    
CTETRA  16868   1       6314    858     856     857     
CTETRA  16869   1       726     724     745     5183    
CTETRA  16870   1       3605    837     1216    1051    
CTETRA  16871   1       2436    4931    5025    3184    
CTETRA  16872   1       1463    655     654     2081    
CTETRA  16873   1       1507    644     3646    1506    
CTETRA  16874   1       1302    745     3410    5190    
CTETRA  16875   1       705     844     3345    2336    
CTETRA  16876   1       4550    656     654     6488    
CTETRA  16877   1       5214    407     415     1507    
CTETRA  16878   1       4413    779     2075    2233    
CTETRA  16879   1       3277    2208    3798    3331    
CTETRA  16880   1       263     3316    1357    2847    
CTETRA  16881   1       2550    4028    5477    4029    
CTETRA  16882   1       4028    4041    5477    4029    
CTETRA  16883   1       2979    1373    82      1589    
CTETRA  16884   1       4265    5172    1038    1215    
CTETRA  16885   1       3060    3894    2650    3057    
CTETRA  16886   1       5203    260     2332    2331    
CTETRA  16887   1       3331    3798    3277    3329    
CTETRA  16888   1       2919    2918    2917    2331    
CTETRA  16889   1       366     367     2068    2863    
CTETRA  16890   1       5573    5710    5637    4734    
CTETRA  16891   1       631     255     629     1773    
CTETRA  16892   1       4903    4902    4904    5478    
CTETRA  16893   1       3059    1844    3894    3061    
CTETRA  16894   1       3785    2082    2075    2077    
CTETRA  16895   1       60      59      2276    2275    
CTETRA  16896   1       5075    3790    858     3175    
CTETRA  16897   1       565     567     566     323     
CTETRA  16898   1       3562    211     5779    1005    
CTETRA  16899   1       2249    2248    3257    1776    
CTETRA  16900   1       1410    2410    1435    2443    
CTETRA  16901   1       2814    5738    5477    3020    
CTETRA  16902   1       480     1194    1163    1178    
CTETRA  16903   1       4160    2550    4028    4041    
CTETRA  16904   1       1464    2564    347     2565    
CTETRA  16905   1       623     1461    2141    2631    
CTETRA  16906   1       212     96      60      5388    
CTETRA  16907   1       4032    1995    3281    1996    
CTETRA  16908   1       3461    748     1245    1368    
CTETRA  16909   1       1053    2347    2491    2349    
CTETRA  16910   1       4175    1904    1454    3260    
CTETRA  16911   1       2034    1410    636     1406    
CTETRA  16912   1       201     548     1073    2618    
CTETRA  16913   1       6302    412     411     6270    
CTETRA  16914   1       2310    2309    2649    3451    
CTETRA  16915   1       5589    659     763     5189    
CTETRA  16916   1       2139    4036    3267    3299    
CTETRA  16917   1       2235    2234    5499    3666    
CTETRA  16918   1       380     377     317     1311    
CTETRA  16919   1       1299    1328    1300    2200    
CTETRA  16920   1       2393    843     2545    4120    
CTETRA  16921   1       5456    2022    6431    3109    
CTETRA  16922   1       1178    6110    480     4189    
CTETRA  16923   1       2938    5063    4023    4263    
CTETRA  16924   1       1985    704     1986    3648    
CTETRA  16925   1       324     1796    2040    2849    
CTETRA  16926   1       5285    1774    993     2030    
CTETRA  16927   1       2064    1356    2024    1358    
CTETRA  16928   1       776     777     775     343     
CTETRA  16929   1       6179    5995    1265    6343    
CTETRA  16930   1       3008    503     2335    2953    
CTETRA  16931   1       3139    3058    2310    2650    
CTETRA  16932   1       1102    1100    1099    1101    
CTETRA  16933   1       1524    1527    84      1440    
CTETRA  16934   1       2705    2814    3740    2550    
CTETRA  16935   1       1826    3090    463     1782    
CTETRA  16936   1       6344    5884    6248    6345    
CTETRA  16937   1       3266    4282    651     5635    
CTETRA  16938   1       432     594     3027    2196    
CTETRA  16939   1       5636    5711    858     5710    
CTETRA  16940   1       2825    3079    3078    3977    
CTETRA  16941   1       3981    2684    3256    2683    
CTETRA  16942   1       654     656     4550    5499    
CTETRA  16943   1       2814    3138    2601    3740    
CTETRA  16944   1       3608    3790    5603    6335    
CTETRA  16945   1       1482    2103    1870    1869    
CTETRA  16946   1       6417    521     2419    3887    
CTETRA  16947   1       501     3036    6482    3558    
CTETRA  16948   1       2284    1828    2550    2815    
CTETRA  16949   1       1388    1352    305     1393    
CTETRA  16950   1       324     1796    554     2040    
CTETRA  16951   1       6245    3156    4168    3155    
CTETRA  16952   1       1858    3059    3894    1981    
CTETRA  16953   1       655     2564    3666    1464    
CTETRA  16954   1       3354    2026    2068    1255    
CTETRA  16955   1       4722    2669    694     2138    
CTETRA  16956   1       1419    3012    777     1296    
CTETRA  16957   1       1197    1290    1126    1198    
CTETRA  16958   1       5909    6023    5450    3007    
CTETRA  16959   1       3090    2708    2601    462     
CTETRA  16960   1       3558    3512    501     2163    
CTETRA  16961   1       402     3092    1458    2565    
CTETRA  16962   1       337     6289    6079    6078    
CTETRA  16963   1       6362    4911    5961    3145    
CTETRA  16964   1       3298    2309    766     1832    
CTETRA  16965   1       2234    5499    656     2235    
CTETRA  16966   1       3091    809     348     1457    
CTETRA  16967   1       4640    5848    5632    5909    
CTETRA  16968   1       2810    3594    1685    4236    
CTETRA  16969   1       4005    580     581     4676    
CTETRA  16970   1       5756    4574    3791    5603    
CTETRA  16971   1       778     2428    3150    6475    
CTETRA  16972   1       1974    333     335     2661    
CTETRA  16973   1       6188    3585    1984    3587    
CTETRA  16974   1       1394    265     1382    3455    
CTETRA  16975   1       3008    2335    652     3560    
CTETRA  16976   1       2226    1425    1426    1676    
CTETRA  16977   1       6135    2336    3561    3179    
CTETRA  16978   1       717     804     715     2544    
CTETRA  16979   1       1184    1262    3970    2677    
CTETRA  16980   1       4265    3974    3565    1036    
CTETRA  16981   1       3189    2433    2764    3187    
CTETRA  16982   1       2068    2065    2026    1353    
CTETRA  16983   1       4756    4552    4293    4757    
CTETRA  16984   1       3155    6245    3152    2285    
CTETRA  16985   1       5059    212     211     6384    
CTETRA  16986   1       1473    1474    2700    5911    
CTETRA  16987   1       4991    3565    3974    3975    
CTETRA  16988   1       1888    2101    2102    2020    
CTETRA  16989   1       4261    637     638     2379    
CTETRA  16990   1       705     607     3522    3392    
CTETRA  16991   1       2065    2068    2370    3792    
CTETRA  16992   1       2332    858     5203    5710    
CTETRA  16993   1       2524    2209    2644    1980    
CTETRA  16994   1       2419    1687    1598    3620    
CTETRA  16995   1       60      59      212     5388    
CTETRA  16996   1       3213    2096    1299    3214    
CTETRA  16997   1       3420    4919    4481    6488    
CTETRA  16998   1       647     646     463     2560    
CTETRA  16999   1       3540    4282    2208    3677    
CTETRA  17000   1       3796    3375    3639    2232    
CTETRA  17001   1       856     262     6314    857     
CTETRA  17002   1       4265    1196    6054    6053    
CTETRA  17003   1       4876    3770    6038    3830    
CTETRA  17004   1       2875    2874    571     2237    
CTETRA  17005   1       1162    1163    5395    4190    
CTETRA  17006   1       4114    1901    1829    3820    
CTETRA  17007   1       5603    3791    3790    3608    
CTETRA  17008   1       3709    3640    2232    3710    
CTETRA  17009   1       1524    1989    2576    4277    
CTETRA  17010   1       4723    3968    4720    4721    
CTETRA  17011   1       2985    761     5633    2348    
CTETRA  17012   1       2023    1602    2022    5455    
CTETRA  17013   1       4553    4756    4293    3877    
CTETRA  17014   1       84      1524    1440    3888    
CTETRA  17015   1       2545    3677    843     2393    
CTETRA  17016   1       418     385     1945    1911    
CTETRA  17017   1       1085    6479    1177    1178    
CTETRA  17018   1       3266    5635    5566    3798    
CTETRA  17019   1       1197    3346    1036    3270    
CTETRA  17020   1       5401    5400    5399    6489    
CTETRA  17021   1       682     698     683     2596    
CTETRA  17022   1       1395    263     265     1528    
CTETRA  17023   1       3828    4944    3156    3830    
CTETRA  17024   1       1524    1989    2041    2576    
CTETRA  17025   1       3496    3565    1197    1126    
CTETRA  17026   1       1782    5374    3569    2798    
CTETRA  17027   1       5242    3328    2796    5280    
CTETRA  17028   1       593     592     591     1674    
CTETRA  17029   1       1339    5423    1338    1340    
CTETRA  17030   1       5633    5909    5632    2348    
CTETRA  17031   1       2064    1251    2024    2009    
CTETRA  17032   1       5448    3377    6198    1928    
CTETRA  17033   1       346     348     347     2565    
CTETRA  17034   1       3640    3639    3375    2232    
CTETRA  17035   1       262     261     260     3172    
CTETRA  17036   1       662     699     660     2079    
CTETRA  17037   1       3143    5479    2007    2238    
CTETRA  17038   1       3648    1986    1985    3208    
CTETRA  17039   1       1380    3639    3375    3367    
CTETRA  17040   1       369     2068    2065    3792    
CTETRA  17041   1       2257    2189    2256    2901    
CTETRA  17042   1       5148    2504    1327    5807    
CTETRA  17043   1       2217    2690    2308    2691    
CTETRA  17044   1       1986    607     1985    1984    
CTETRA  17045   1       6270    412     411     5567    
CTETRA  17046   1       3968    2678    3329    1267    
CTETRA  17047   1       3154    3152    6245    2285    
CTETRA  17048   1       3378    3138    2601    1902    
CTETRA  17049   1       1369    1363    1285    1355    
CTETRA  17050   1       1286    1974    1360    2660    
CTETRA  17051   1       3329    4161    1267    1184    
CTETRA  17052   1       2138    1298    4722    4720    
CTETRA  17053   1       436     2226    2228    1480    
CTETRA  17054   1       906     3722    908     907     
CTETRA  17055   1       1703    254     2029    2118    
CTETRA  17056   1       1841    1842    2652    2942    
CTETRA  17057   1       1620    2558    1078    1157    
CTETRA  17058   1       4270    4169    3420    6488    
CTETRA  17059   1       324     1798    1796    2849    
CTETRA  17060   1       2436    1939    2437    3747    
CTETRA  17061   1       380     378     2120    2119    
CTETRA  17062   1       1932    1889    2943    1835    
CTETRA  17063   1       4550    4481    4919    6488    
CTETRA  17064   1       638     2379    1480    4261    
CTETRA  17065   1       2958    5757    6249    4244    
CTETRA  17066   1       3933    3677    3540    2393    
CTETRA  17067   1       1928    3377    6198    1930    
CTETRA  17068   1       2284    2550    2286    2815    
CTETRA  17069   1       3412    2504    1276    2503    
CTETRA  17070   1       1598    1687    523     1587    
CTETRA  17071   1       1216    1083    835     3605    
CTETRA  17072   1       2240    3143    3570    3714    
CTETRA  17073   1       1374    2603    5819    3887    
CTETRA  17074   1       900     3585    3466    2259    
CTETRA  17075   1       2309    2649    2308    2310    
CTETRA  17076   1       1336    3084    303     1352    
CTETRA  17077   1       201     548     202     1073    
CTETRA  17078   1       1995    4032    1997    1996    
CTETRA  17079   1       5189    5589    6167    5563    
CTETRA  17080   1       2226    1438    2577    2227    
CTETRA  17081   1       1321    2832    337     6078    
CTETRA  17082   1       84      83      82      3888    
CTETRA  17083   1       3144    4874    5029    4023    
CTETRA  17084   1       2581    371     372     2111    
CTETRA  17085   1       635     3596    1599    1690    
CTETRA  17086   1       624     623     1858    2688    
CTETRA  17087   1       2661    1974    333     3089    
CTETRA  17088   1       1125    1294    1293    2364    
CTETRA  17089   1       5005    6106    6446    1501    
CTETRA  17090   1       2545    2546    2562    2393    
CTETRA  17091   1       6177    6368    2151    2152    
CTETRA  17092   1       3758    6323    3757    4762    
CTETRA  17093   1       4238    4239    1334    6404    
CTETRA  17094   1       96      60      95      212     
CTETRA  17095   1       5911    5912    1473    2201    
CTETRA  17096   1       1415    1406    3472    2297    
CTETRA  17097   1       5087    5086    6021    5420    
CTETRA  17098   1       2732    4267    1902    3378    
CTETRA  17099   1       571     1901    4236    1903    
CTETRA  17100   1       3606    5075    3607    5076    
CTETRA  17101   1       265     1394    2922    3455    
CTETRA  17102   1       304     2050    1387    1337    
CTETRA  17103   1       548     202     1072    4189    
CTETRA  17104   1       3973    2515    3765    1807    
CTETRA  17105   1       6261    581     579     4676    
CTETRA  17106   1       1307    729     1304    1308    
CTETRA  17107   1       4640    4639    6023    5633    
CTETRA  17108   1       2228    1425    410     1870    
CTETRA  17109   1       1302    4048    1303    5190    
CTETRA  17110   1       2670    2671    2939    749     
CTETRA  17111   1       1401    2050    1337    3004    
CTETRA  17112   1       2545    1370    2393    4120    
CTETRA  17113   1       3017    2342    2582    2341    
CTETRA  17114   1       2354    2087    2979    1589    
CTETRA  17115   1       2308    2651    2217    2691    
CTETRA  17116   1       4809    581     579     5044    
CTETRA  17117   1       3852    6482    2335    843     
CTETRA  17118   1       3008    6482    2335    3345    
CTETRA  17119   1       2432    3057    3139    2650    
CTETRA  17120   1       5923    407     3503    3502    
CTETRA  17121   1       1675    2699    2530    2443    
CTETRA  17122   1       2213    2217    2651    2690    
CTETRA  17123   1       2075    4413    2082    3785    
CTETRA  17124   1       3970    3214    1186    2678    
CTETRA  17125   1       2938    1905    2582    4236    
CTETRA  17126   1       1707    2030    5285    993     
CTETRA  17127   1       2412    2347    2401    2865    
CTETRA  17128   1       1246    1188    453     1364    
CTETRA  17129   1       655     656     5499    2235    
CTETRA  17130   1       799     346     3847    3750    
CTETRA  17131   1       1365    2064    1358    1973    
CTETRA  17132   1       3677    6482    3558    3347    
CTETRA  17133   1       1980    2133    2524    2631    
CTETRA  17134   1       501     3008    2984    503     
CTETRA  17135   1       3562    59      61      855     
CTETRA  17136   1       1438    437     2367    2226    
CTETRA  17137   1       362     3193    1434    2343    
CTETRA  17138   1       1903    1901    1829    4114    
CTETRA  17139   1       362     3193    1378    2086    
CTETRA  17140   1       2353    1867    3788    1482    
CTETRA  17141   1       2524    2070    2523    2021    
CTETRA  17142   1       1974    1972    335     3089    
CTETRA  17143   1       1424    656     2764    6488    
CTETRA  17144   1       2875    2075    2076    3188    
CTETRA  17145   1       2120    2794    1295    2119    
CTETRA  17146   1       1045    1046    2586    2402    
CTETRA  17147   1       694     2399    2139    2138    
CTETRA  17148   1       2137    2939    697     2350    
CTETRA  17149   1       5910    3585    1984    6188    
CTETRA  17150   1       1480    2103    1865    2101    
CTETRA  17151   1       5025    1923    3747    2437    
CTETRA  17152   1       4153    3599    6038    3829    
CTETRA  17153   1       3018    3017    2428    2110    
CTETRA  17154   1       1685    2869    1900    1901    
CTETRA  17155   1       2226    436     2228    2227    
CTETRA  17156   1       1394    1395    264     265     
CTETRA  17157   1       2213    2644    2209    3146    
CTETRA  17158   1       4144    762     502     2985    
CTETRA  17159   1       748     747     746     1125    
CTETRA  17160   1       3455    2990    2989    3069    
CTETRA  17161   1       1522    1517    2354    1378    
CTETRA  17162   1       324     323     325     2014    
CTETRA  17163   1       3711    3606    5077    3174    
CTETRA  17164   1       3164    6025    4818    3165    
CTETRA  17165   1       636     1405    3516    1407    
CTETRA  17166   1       6245    6161    3156    4057    
CTETRA  17167   1       4945    6161    6245    4057    
CTETRA  17168   1       749     713     667     666     
CTETRA  17169   1       4040    4041    4160    3153    
CTETRA  17170   1       2138    2137    4720    2668    
CTETRA  17171   1       3200    632     5826    1778    
CTETRA  17172   1       5242    4562    4561    5458    
CTETRA  17173   1       1932    1889    2215    2214    
CTETRA  17174   1       6342    2939    2670    2668    
CTETRA  17175   1       2012    1972    2715    2064    
CTETRA  17176   1       732     672     692     2350    
CTETRA  17177   1       2559    1779    3200    2560    
CTETRA  17178   1       1911    440     385     1891    
CTETRA  17179   1       705     1986    607     1985    
CTETRA  17180   1       5281    4085    5025    3184    
CTETRA  17181   1       2437    2436    5025    3184    
CTETRA  17182   1       1278    2200    1276    2795    
CTETRA  17183   1       4767    260     261     3172    
CTETRA  17184   1       1334    4239    4020    1335    
CTETRA  17185   1       5920    5043    6290    6320    
CTETRA  17186   1       480     200     482     1177    
CTETRA  17187   1       3831    1302    3411    5190    
CTETRA  17188   1       1392    3473    1388    1393    
CTETRA  17189   1       3197    430     1866    2197    
CTETRA  17190   1       3506    3188    3785    3187    
CTETRA  17191   1       2335    2336    3345    844     
CTETRA  17192   1       3793    652     651     3008    
CTETRA  17193   1       717     803     804     831     
CTETRA  17194   1       3570    2008    2238    2239    
CTETRA  17195   1       2483    837     2484    3605    
CTETRA  17196   1       1318    777     343     1311    
CTETRA  17197   1       28      2370    2067    2863    
CTETRA  17198   1       2240    5503    3145    3144    
CTETRA  17199   1       883     681     698     3536    
CTETRA  17200   1       2021    2523    3238    2070    
CTETRA  17201   1       2480    362     2805    2052    
CTETRA  17202   1       3586    5450    705     2592    
CTETRA  17203   1       1627    1626    1102    972     
CTETRA  17204   1       3886    295     101     5455    
CTETRA  17205   1       694     3299    4722    2138    
CTETRA  17206   1       2885    2071    1842    2589    
CTETRA  17207   1       5603    892     3608    6335    
CTETRA  17208   1       2194    2193    2581    1455    
CTETRA  17209   1       1829    1901    5063    3820    
CTETRA  17210   1       1262    2625    3970    2677    
CTETRA  17211   1       410     409     2032    2080    
CTETRA  17212   1       2236    801     798     800     
CTETRA  17213   1       502     761     503     2985    
CTETRA  17214   1       1267    2678    3329    1184    
CTETRA  17215   1       3227    3228    2808    2809    
CTETRA  17216   1       264     363     1383    1378    
CTETRA  17217   1       2343    1434    362     2052    
CTETRA  17218   1       5870    2347    5631    2568    
CTETRA  17219   1       6177    4246    2152    4245    
CTETRA  17220   1       3886    1602    295     5455    
CTETRA  17221   1       294     295     1603    6209    
CTETRA  17222   1       2582    3593    1455    1454    
CTETRA  17223   1       3680    3682    102     2683    
CTETRA  17224   1       1310    1295    2794    2119    
CTETRA  17225   1       5189    659     763     5183    
CTETRA  17226   1       3570    2239    2240    3714    
CTETRA  17227   1       3057    768     3058    3451    
CTETRA  17228   1       1494    1991    2266    1969    
CTETRA  17229   1       378     468     3412    1323    
CTETRA  17230   1       1968    1492    403     1991    
CTETRA  17231   1       2922    1394    1341    2989    
CTETRA  17232   1       746     3458    1127    1241    
CTETRA  17233   1       2543    2283    2256    2890    
CTETRA  17234   1       694     2399    2400    2139    
CTETRA  17235   1       5871    829     3897    4993    
CTETRA  17236   1       5112    4931    5029    2436    
CTETRA  17237   1       2543    2544    2189    2257    
CTETRA  17238   1       3268    4152    5566    4721    
CTETRA  17239   1       4346    5450    6023    6135    
CTETRA  17240   1       3189    802     801     4413    
CTETRA  17241   1       1294    1293    747     1125    
CTETRA  17242   1       367     366     3354    2863    
CTETRA  17243   1       5949    5561    6367    5562    
CTETRA  17244   1       5190    659     3410    5563    
CTETRA  17245   1       1378    2343    3193    1384    
CTETRA  17246   1       360     1247    1245    1246    
CTETRA  17247   1       2988    1669    1671    1698    
CTETRA  17248   1       5911    5912    2701    1473    
CTETRA  17249   1       3346    1036    3565    1197    
CTETRA  17250   1       1687    523     2419    1598    
CTETRA  17251   1       682     681     698     4213    
CTETRA  17252   1       2849    324     325     2014    
CTETRA  17253   1       5044    581     579     6261    
CTETRA  17254   1       4767    260     3172    2917    
CTETRA  17255   1       5918    5043    2007    6290    
CTETRA  17256   1       1262    2677    1281    2625    
CTETRA  17257   1       1984    3586    6188    3587    
CTETRA  17258   1       705     704     706     844     
CTETRA  17259   1       1374    1592    5556    2603    
CTETRA  17260   1       2268    2682    810     811     
CTETRA  17261   1       3378    2941    2602    2601    
CTETRA  17262   1       2698    3200    646     2560    
CTETRA  17263   1       2058    1299    2096    3214    
CTETRA  17264   1       3181    2040    2850    2851    
CTETRA  17265   1       332     330     331     329     
CTETRA  17266   1       835     3549    481     1083    
CTETRA  17267   1       3221    3235    5710    2333    
CTETRA  17268   1       6120    5520    6077    5519    
CTETRA  17269   1       2524    2644    2070    2021    
CTETRA  17270   1       6079    6078    6077    4268    
CTETRA  17271   1       1524    84      82      3888    
CTETRA  17272   1       3933    651     3267    4282    
CTETRA  17273   1       3461    302     301     1368    
CTETRA  17274   1       3143    2240    3144    3714    
CTETRA  17275   1       3791    3790    5756    5603    
CTETRA  17276   1       410     1426    2227    409     
CTETRA  17277   1       2058    2677    3277    2678    
CTETRA  17278   1       5354    2717    2203    1898    
CTETRA  17279   1       4036    3267    3540    3933    
CTETRA  17280   1       2687    2419    100     3981    
CTETRA  17281   1       1194    1196    1195    5172    
CTETRA  17282   1       1387    304     370     1386    
CTETRA  17283   1       1984    607     3358    2491    
CTETRA  17284   1       857     5022    262     885     
CTETRA  17285   1       2544    2189    831     817     
CTETRA  17286   1       3277    3330    2677    1262    
CTETRA  17287   1       3091    372     373     2431    
CTETRA  17288   1       5276    992     2248    3850    
CTETRA  17289   1       1690    635     3621    2684    
CTETRA  17290   1       2729    1392    364     1437    
CTETRA  17291   1       1829    4114    4267    2602    
CTETRA  17292   1       2410    1410    2448    2443    
CTETRA  17293   1       1827    4262    1828    1829    
CTETRA  17294   1       323     565     567     325     
CTETRA  17295   1       2342    2110    3017    2582    
CTETRA  17296   1       6110    5395    1163    4190    
CTETRA  17297   1       4032    3281    6408    1996    
CTETRA  17298   1       2216    808     807     2032    
CTETRA  17299   1       2504    5808    5807    1349    
CTETRA  17300   1       1285    1356    2065    1288    
CTETRA  17301   1       4152    4282    3798    3540    
CTETRA  17302   1       1360    1368    1247    1286    
CTETRA  17303   1       265     264     1394    1382    
CTETRA  17304   1       1216    1083    3605    4964    
CTETRA  17305   1       4023    5063    1829    1827    
CTETRA  17306   1       324     567     565     325     
CTETRA  17307   1       621     620     619     1408    
CTETRA  17308   1       404     2356    2253    2352    
CTETRA  17309   1       4294    4295    4756    4293    
CTETRA  17310   1       2120    1295    380     2119    
CTETRA  17311   1       1479    1480    436     2228    
CTETRA  17312   1       889     2981    888     891     
CTETRA  17313   1       656     2077    2764    6488    
CTETRA  17314   1       6188    5450    3586    5909    
CTETRA  17315   1       813     596     432     2132    
CTETRA  17316   1       1467    1898    1466    1465    
CTETRA  17317   1       656     2082    4550    2234    
CTETRA  17318   1       3267    4152    3268    4721    
CTETRA  17319   1       5748    5955    4295    4293    
CTETRA  17320   1       4944    3156    6161    3828    
CTETRA  17321   1       1438    2577    437     2226    
CTETRA  17322   1       653     661     3535    3619    
CTETRA  17323   1       802     2235    2564    2236    
CTETRA  17324   1       3175    5022    262     856     
CTETRA  17325   1       4189    202     1072    1221    
CTETRA  17326   1       4944    4168    3156    3830    
CTETRA  17327   1       1322    2833    442     4588    
CTETRA  17328   1       319     318     2011    1089    
CTETRA  17329   1       59      60      2276    5388    
CTETRA  17330   1       732     2939    2137    2350    
CTETRA  17331   1       1318    1419    777     1311    
CTETRA  17332   1       3200    629     632     1778    
CTETRA  17333   1       659     5190    5189    5563    
CTETRA  17334   1       2275    2276    60      5388    
CTETRA  17335   1       1870    2228    1425    1676    
CTETRA  17336   1       1828    2705    2814    2601    
CTETRA  17337   1       2228    1459    1482    1870    
CTETRA  17338   1       653     662     652     3535    
CTETRA  17339   1       3682    101     102     2687    
CTETRA  17340   1       3788    1479    1429    1481    
CTETRA  17341   1       2649    2217    2310    2651    
CTETRA  17342   1       3083    1842    3082    3238    
CTETRA  17343   1       549     152     1018    2618    
CTETRA  17344   1       2110    3017    2582    3018    
CTETRA  17345   1       1939    3260    2433    2764    
CTETRA  17346   1       2504    1276    468     3412    
CTETRA  17347   1       4874    3144    1827    4023    
CTETRA  17348   1       2763    1868    1870    1869    
CTETRA  17349   1       2007    3143    2238    2240    
CTETRA  17350   1       1832    2309    766     1834    
CTETRA  17351   1       2039    2040    1796    2849    
CTETRA  17352   1       1003    519     1002    1001    
CTETRA  17353   1       5954    4819    4552    4293    
CTETRA  17354   1       4983    414     4984    6138    
CTETRA  17355   1       2419    522     100     3981    
CTETRA  17356   1       3793    653     652     3535    
CTETRA  17357   1       380     379     378     2119    
CTETRA  17358   1       3666    2564    347     1464    
CTETRA  17359   1       2947    1990    3397    1988    
CTETRA  17360   1       2953    6023    5450    6135    
CTETRA  17361   1       3143    2007    5503    2240    
CTETRA  17362   1       3785    2075    3188    2076    
CTETRA  17363   1       514     1665    1699    2121    
CTETRA  17364   1       2253    403     404     1968    
CTETRA  17365   1       2342    1685    2582    2341    
CTETRA  17366   1       705     844     3852    3345    
CTETRA  17367   1       196     2479    198     3532    
CTETRA  17368   1       572     2874    3190    2237    
CTETRA  17369   1       1300    1278    2134    1277    
CTETRA  17370   1       1293    453     496     2364    
CTETRA  17371   1       1318    317     343     1331    
CTETRA  17372   1       5820    5456    3109    3886    
CTETRA  17373   1       3351    1348    1332    1264    
CTETRA  17374   1       3677    2208    3036    4282    
CTETRA  17375   1       3058    766     768     3056    
CTETRA  17376   1       2163    3762    2984    3036    
CTETRA  17377   1       4944    6161    4945    3828    
CTETRA  17378   1       3197    2101    1866    2020    
CTETRA  17379   1       2033    3376    1459    2032    
CTETRA  17380   1       3378    4267    1902    2602    
CTETRA  17381   1       2530    1421    1675    1677    
CTETRA  17382   1       2564    346     347     2565    
CTETRA  17383   1       295     294     293     6209    
CTETRA  17384   1       1368    1365    1286    2660    
CTETRA  17385   1       430     2197    3197    1840    
CTETRA  17386   1       3208    1964    1986    3467    
CTETRA  17387   1       1904    1903    2938    4263    
CTETRA  17388   1       2209    2644    2070    2524    
CTETRA  17389   1       2183    6068    5281    3183    
CTETRA  17390   1       3214    3213    2096    1269    
CTETRA  17391   1       3512    501     792     3558    
CTETRA  17392   1       1826    3570    2239    1781    
CTETRA  17393   1       3747    2434    4022    5028    
CTETRA  17394   1       3461    301     748     1368    
CTETRA  17395   1       6034    6052    6051    5052    
CTETRA  17396   1       1466    2203    2202    1898    
CTETRA  17397   1       3558    6482    3345    3852    
CTETRA  17398   1       1989    2087    4277    2354    
CTETRA  17399   1       1829    2602    3714    1828    
CTETRA  17400   1       2919    2917    5203    2331    
CTETRA  17401   1       2398    4036    2139    1298    
CTETRA  17402   1       1216    835     837     3605    
CTETRA  17403   1       410     2032    2033    1459    
CTETRA  17404   1       6167    659     5589    5189    
CTETRA  17405   1       5322    5897    5319    5086    
CTETRA  17406   1       5063    4236    2938    3819    
CTETRA  17407   1       2103    1867    1940    1482    
CTETRA  17408   1       826     688     687     6487    
CTETRA  17409   1       831     2189    2544    2257    
CTETRA  17410   1       1493    346     3750    3847    
CTETRA  17411   1       1247    1363    360     1355    
CTETRA  17412   1       803     2881    3227    6487    
CTETRA  17413   1       4757    5954    4552    4293    
CTETRA  17414   1       2677    2058    3277    1281    
CTETRA  17415   1       623     1461    2631    2140    
CTETRA  17416   1       3852    2335    6482    3345    
CTETRA  17417   1       1407    3516    636     1408    
CTETRA  17418   1       1464    1868    3092    1458    
CTETRA  17419   1       2550    4040    2286    2815    
CTETRA  17420   1       3235    2917    5203    2919    
CTETRA  17421   1       1504    3878    3877    4554    
CTETRA  17422   1       6078    6079    1321    4268    
CTETRA  17423   1       3341    2857    2866    2865    
CTETRA  17424   1       363     362     364     1383    
CTETRA  17425   1       373     3091    2431    3750    
CTETRA  17426   1       520     519     1001    1006    
CTETRA  17427   1       1986    3648    1964    3208    
CTETRA  17428   1       1589    263     1378    2088    
CTETRA  17429   1       5814    2017    6126    2015    
CTETRA  17430   1       1352    305     1386    1388    
CTETRA  17431   1       858     5711    5636    3790    
CTETRA  17432   1       1687    1443    523     1587    
CTETRA  17433   1       716     715     2543    2544    
CTETRA  17434   1       5320    5321    2917    2918    
CTETRA  17435   1       4911    5961    3145    4910    
CTETRA  17436   1       1669    1664    1671    1698    
CTETRA  17437   1       1188    453     452     1246    
CTETRA  17438   1       2086    2087    1589    2088    
CTETRA  17439   1       5995    6342    1326    6343    
CTETRA  17440   1       1839    593     1674    1863    
CTETRA  17441   1       756     758     5539    3673    
CTETRA  17442   1       1387    1337    2050    3004    
CTETRA  17443   1       6479    1177    480     1085    
CTETRA  17444   1       2013    2014    323     2853    
CTETRA  17445   1       1480    2195    4261    2379    
CTETRA  17446   1       1197    3346    2438    1126    
CTETRA  17447   1       1517    1989    1519    2041    
CTETRA  17448   1       691     714     668     795     
CTETRA  17449   1       2545    1283    1261    3347    
CTETRA  17450   1       6314    262     260     3172    
CTETRA  17451   1       714     684     691     668     
CTETRA  17452   1       1356    1285    1361    1355    
CTETRA  17453   1       3747    1923    2547    2762    
CTETRA  17454   1       807     347     1460    2080    
CTETRA  17455   1       3350    2341    2098    2967    
CTETRA  17456   1       462     1825    2602    3090    
CTETRA  17457   1       2139    2392    2398    1298    
CTETRA  17458   1       3181    2040    2849    2850    
CTETRA  17459   1       1358    2064    1253    2024    
CTETRA  17460   1       3565    3346    1197    1126    
CTETRA  17461   1       3599    1986    704     3648    
CTETRA  17462   1       1392    2729    1393    1437    
CTETRA  17463   1       1942    2308    1835    1933    
CTETRA  17464   1       6058    5554    5401    2709    
CTETRA  17465   1       1439    2140    623     2631    
CTETRA  17466   1       609     608     607     2349    
CTETRA  17467   1       1362    1369    1289    1291    
CTETRA  17468   1       5028    5029    4931    2436    
CTETRA  17469   1       688     826     819     6487    
CTETRA  17470   1       5910    5632    895     5848    
CTETRA  17471   1       502     503     501     4144    
CTETRA  17472   1       1298    3299    2139    2138    
CTETRA  17473   1       884     3174    5076    3175    
CTETRA  17474   1       2560    3200    646     2799    
CTETRA  17475   1       3561    3559    883     3560    
CTETRA  17476   1       5133    5561    5562    4294    
CTETRA  17477   1       4562    2796    2797    5242    
CTETRA  17478   1       6314    858     3175    856     
CTETRA  17479   1       762     761     502     2985    
CTETRA  17480   1       5190    745     659     5183    
CTETRA  17481   1       453     496     2364    2449    
CTETRA  17482   1       1356    2065    2066    2024    
CTETRA  17483   1       1184    1186    2678    3970    
CTETRA  17484   1       1365    1973    1974    3089    
CTETRA  17485   1       1298    4722    3299    2138    
CTETRA  17486   1       202     201     1073    2618    
CTETRA  17487   1       5883    6176    6248    6368    
CTETRA  17488   1       2939    2138    2669    2668    
CTETRA  17489   1       2356    3092    4175    3272    
CTETRA  17490   1       1311    377     317     1325    
CTETRA  17491   1       3298    3056    3752    1832    
CTETRA  17492   1       892     3607    1007    1009    
CTETRA  17493   1       2153    6176    6368    6177    
CTETRA  17494   1       907     906     632     1778    
CTETRA  17495   1       1989    1517    2087    2354    
CTETRA  17496   1       3354    1255    1396    2987    
CTETRA  17497   1       3887    6417    5819    4292    
CTETRA  17498   1       3329    5566    3968    1267    
CTETRA  17499   1       2335    503     3008    3345    
CTETRA  17500   1       2943    1889    1942    1835    
CTETRA  17501   1       2732    2730    4267    3378    
CTETRA  17502   1       2259    840     1008    1984    
CTETRA  17503   1       3375    3639    1380    1379    
CTETRA  17504   1       4561    3328    2796    5242    
CTETRA  17505   1       1245    359     361     3461    
CTETRA  17506   1       1294    361     1245    1246    
CTETRA  17507   1       1378    1517    2354    2087    
CTETRA  17508   1       4048    1302    3831    5190    
CTETRA  17509   1       3138    2814    2601    1828    
CTETRA  17510   1       1369    1363    1355    1288    
CTETRA  17511   1       5172    1194    1196    1038    
CTETRA  17512   1       1459    2033    2228    1481    
CTETRA  17513   1       1708    2248    992     3850    
CTETRA  17514   1       5993    5801    5992    5800    
CTETRA  17515   1       2288    1354    2287    1353    
CTETRA  17516   1       2729    1392    1393    3639    
CTETRA  17517   1       698     683     681     682     
CTETRA  17518   1       2352    2356    3616    2351    
CTETRA  17519   1       2309    2943    2308    1834    
CTETRA  17520   1       4245    1389    4246    5809    
CTETRA  17521   1       594     432     431     2196    
CTETRA  17522   1       4991    3974    6053    5577    
CTETRA  17523   1       1687    1446    1443    1587    
CTETRA  17524   1       1332    1349    469     1348    
CTETRA  17525   1       1473    1466    2201    2202    
CTETRA  17526   1       1038    1194    6479    1215    
CTETRA  17527   1       1375    1374    5556    3108    
CTETRA  17528   1       6224    5919    6074    6320    
CTETRA  17529   1       2628    3051    3050    3759    
CTETRA  17530   1       2111    2110    1455    3018    
CTETRA  17531   1       1990    2947    1989    1988    
CTETRA  17532   1       3474    841     3404    3463    
CTETRA  17533   1       653     651     3267    3933    
CTETRA  17534   1       1828    1827    1903    3190    
CTETRA  17535   1       3144    4262    4874    1827    
CTETRA  17536   1       662     653     661     3535    
CTETRA  17537   1       1017    520     1001    1006    
CTETRA  17538   1       1100    1102    1130    1101    
CTETRA  17539   1       366     365     2863    1396    
CTETRA  17540   1       1354    1362    2287    1289    
CTETRA  17541   1       1365    2064    1973    3089    
CTETRA  17542   1       2947    1990    2576    3397    
CTETRA  17543   1       5910    893     3178    5769    
CTETRA  17544   1       3139    3057    3058    2650    
CTETRA  17545   1       3876    1503    1502    2724    
CTETRA  17546   1       2523    2021    3238    2020    
CTETRA  17547   1       1347    1345    1252    1344    
CTETRA  17548   1       3189    4263    2433    3187    
CTETRA  17549   1       2603    84      521     3887    
CTETRA  17550   1       1855    1854    812     814     
CTETRA  17551   1       3190    3188    2875    2076    
CTETRA  17552   1       725     763     724     726     
CTETRA  17553   1       2021    1842    3238    2018    
CTETRA  17554   1       3172    858     6314    857     
CTETRA  17555   1       1457    2267    2266    809     
CTETRA  17556   1       1360    1973    1974    1286    
CTETRA  17557   1       1245    747     748     3461    
CTETRA  17558   1       2070    2213    2212    2644    
CTETRA  17559   1       2103    1865    2101    1866    
CTETRA  17560   1       2982    3639    364     2231    
CTETRA  17561   1       4022    3272    1939    2547    
CTETRA  17562   1       3354    2089    2026    1255    
CTETRA  17563   1       776     1305    2571    1306    
CTETRA  17564   1       3354    365     2089    2987    
CTETRA  17565   1       3043    293     3682    5445    
CTETRA  17566   1       2947    1990    1989    2576    
CTETRA  17567   1       4005    5784    580     4676    
CTETRA  17568   1       1831    1833    2170    1832    
CTETRA  17569   1       2824    475     476     6326    
CTETRA  17570   1       5920    5043    5918    6290    
CTETRA  17571   1       3762    3329    3331    4161    
CTETRA  17572   1       5503    3145    3143    2240    
CTETRA  17573   1       3036    3798    2208    3331    
CTETRA  17574   1       333     334     335     2661    
CTETRA  17575   1       894     892     1007    2566    
CTETRA  17576   1       1426    409     1438    2227    
CTETRA  17577   1       4032    515     1699    2121    
CTETRA  17578   1       1868    2356    3092    1458    
CTETRA  17579   1       1336    3084    1401    1403    
CTETRA  17580   1       858     2332    5636    5710    
CTETRA  17581   1       2066    2068    2065    2026    
CTETRA  17582   1       343     776     777     1318    
CTETRA  17583   1       330     332     711     329     
CTETRA  17584   1       4933    3547    5112    3144    
CTETRA  17585   1       5919    2006    5043    6320    
CTETRA  17586   1       3798    5566    3968    3329    
CTETRA  17587   1       4931    5025    3747    2436    
CTETRA  17588   1       1932    1889    2214    2943    
CTETRA  17589   1       1776    5276    2248    3850    
CTETRA  17590   1       5935    411     413     5427    
CTETRA  17591   1       302     1954    1257    1249    
CTETRA  17592   1       403     1991    1969    1968    
CTETRA  17593   1       629     3200    1779    1778    
CTETRA  17594   1       1395    265     1341    1528    
CTETRA  17595   1       2989    2990    1391    3069    
CTETRA  17596   1       3605    2484    2483    4964    
CTETRA  17597   1       5214    4296    407     1507    
CTETRA  17598   1       724     659     745     5183    
CTETRA  17599   1       2349    2348    761     2402    
CTETRA  17600   1       2430    1990    2703    2294    
CTETRA  17601   1       5243    2796    5242    2798    
CTETRA  17602   1       5710    2332    5637    4734    
CTETRA  17603   1       615     2874    571     2875    
CTETRA  17604   1       4756    4552    4553    4293    
CTETRA  17605   1       2602    1829    4114    1828    
CTETRA  17606   1       6245    6161    4945    4944    
CTETRA  17607   1       3084    1336    303     1403    
CTETRA  17608   1       1421    3012    1296    1297    
CTETRA  17609   1       5819    521     100     6417    
CTETRA  17610   1       3189    572     4263    3187    
CTETRA  17611   1       2348    2491    2347    2349    
CTETRA  17612   1       5710    5203    2332    2333    
CTETRA  17613   1       2410    2444    1435    2443    
CTETRA  17614   1       1286    1973    1974    1365    
CTETRA  17615   1       5819    2603    521     3887    
CTETRA  17616   1       496     1293    2364    2365    
CTETRA  17617   1       468     2504    3412    2503    
CTETRA  17618   1       1320    3319    1421    2120    
CTETRA  17619   1       5603    892     2567    3608    
CTETRA  17620   1       1482    1481    1459    2228    
CTETRA  17621   1       3973    3765    2549    1807    
CTETRA  17622   1       795     691     672     692     
CTETRA  17623   1       3020    2814    614     2874    
CTETRA  17624   1       2958    1389    4245    4244    
CTETRA  17625   1       4028    2550    2705    4029    
CTETRA  17626   1       4722    2669    2138    2668    
CTETRA  17627   1       1429    439     1496    1479    
CTETRA  17628   1       265     1394    1341    2922    
CTETRA  17629   1       84      83      3888    2603    
CTETRA  17630   1       371     402     1493    3847    
CTETRA  17631   1       5571    3497    1293    1290    
CTETRA  17632   1       468     3412    1323    1324    
CTETRA  17633   1       3175    858     5075    856     
CTETRA  17634   1       3377    2006    6015    1930    
CTETRA  17635   1       5910    5631    5632    5909    
CTETRA  17636   1       1515    5020    3379    2700    
CTETRA  17637   1       2308    1835    1933    1834    
CTETRA  17638   1       2953    6023    4346    4639    
CTETRA  17639   1       3545    1492    2581    1456    
CTETRA  17640   1       1198    746     1127    1241    
CTETRA  17641   1       6251    6175    4913    5880    
CTETRA  17642   1       681     883     3560    3536    
CTETRA  17643   1       4931    3547    5281    3184    
CTETRA  17644   1       3569    1782    2798    1780    
CTETRA  17645   1       1320    1319    1405    3472    
CTETRA  17646   1       1286    1358    1973    1365    
CTETRA  17647   1       3328    5243    5826    1777    
CTETRA  17648   1       436     2577    1497    2227    
CTETRA  17649   1       5029    2433    4022    4023    
CTETRA  17650   1       1903    4263    572     3187    
CTETRA  17651   1       1776    5276    992     2248    
CTETRA  17652   1       1997    1703    2029    2118    
CTETRA  17653   1       5477    2550    2814    2815    
CTETRA  17654   1       5808    2504    469     1349    
CTETRA  17655   1       2214    2943    1836    1835    
CTETRA  17656   1       3620    3621    1599    2684    
CTETRA  17657   1       2410    1410    2296    2448    
CTETRA  17658   1       1996    6408    4032    2121    
CTETRA  17659   1       842     706     844     843     
CTETRA  17660   1       2026    2068    367     3354    
CTETRA  17661   1       5499    656     4550    2234    
CTETRA  17662   1       3677    6482    3793    3008    
CTETRA  17663   1       2075    3189    779     4413    
CTETRA  17664   1       1428    1427    1429    1495    
CTETRA  17665   1       5203    5710    3235    2333    
CTETRA  17666   1       4182    3467    1986    3179    
CTETRA  17667   1       2437    3747    1939    2762    
CTETRA  17668   1       3152    2286    3157    2285    
CTETRA  17669   1       2152    2151    4902    3914    
CTETRA  17670   1       3351    1332    1328    1264    
CTETRA  17671   1       3747    2434    5028    2436    
CTETRA  17672   1       1298    2138    2137    4720    
CTETRA  17673   1       2228    1426    1425    1676    
CTETRA  17674   1       5445    3681    2029    1703    
CTETRA  17675   1       2053    2229    1434    2051    
CTETRA  17676   1       1337    304     2050    1336    
CTETRA  17677   1       2577    436     437     2227    
CTETRA  17678   1       5808    5807    1349    3351    
CTETRA  17679   1       2480    1436    1380    2729    
CTETRA  17680   1       502     501     792     3512    
CTETRA  17681   1       1512    6452    1513    3379    
CTETRA  17682   1       3852    2335    844     843     
CTETRA  17683   1       580     579     581     4676    
CTETRA  17684   1       4775    1314    3400    4132    
CTETRA  17685   1       324     567     1798    2988    
CTETRA  17686   1       5910    895     893     5769    
CTETRA  17687   1       100     5819    4292    5820    
CTETRA  17688   1       2342    1685    2932    2582    
CTETRA  17689   1       1435    2367    437     2226    
CTETRA  17690   1       2762    1925    1923    1924    
CTETRA  17691   1       1445    1588    2430    1442    
CTETRA  17692   1       1378    2343    1522    3193    
CTETRA  17693   1       2543    2256    1983    2257    
CTETRA  17694   1       1889    2942    2214    2943    
CTETRA  17695   1       595     619     621     813     
CTETRA  17696   1       5243    3328    2796    1777    
CTETRA  17697   1       318     730     685     1089    
CTETRA  17698   1       571     2869    3017    1905    
CTETRA  17699   1       2235    802     2233    2236    
CTETRA  17700   1       6314    262     3172    857     
CTETRA  17701   1       4182    900     3466    3467    
CTETRA  17702   1       503     502     2985    4144    
CTETRA  17703   1       2018    3082    1842    3238    
CTETRA  17704   1       199     198     197     5679    
CTETRA  17705   1       1902    1901    615     3138    
CTETRA  17706   1       3189    779     573     2075    
CTETRA  17707   1       3933    3540    4036    2393    
CTETRA  17708   1       3331    3761    2207    2161    
CTETRA  17709   1       3257    5177    3256    2683    
CTETRA  17710   1       3596    1690    3256    2684    
CTETRA  17711   1       5573    5637    6315    4734    
CTETRA  17712   1       5748    3878    2629    3757    
CTETRA  17713   1       3358    2347    3463    1008    
CTETRA  17714   1       1375    1374    1592    5556    
CTETRA  17715   1       2560    1777    3200    2799    
CTETRA  17716   1       5321    4767    2917    2918    
CTETRA  17717   1       5172    6110    5396    1163    
CTETRA  17718   1       1372    2545    1370    1282    
CTETRA  17719   1       5637    6315    5710    5573    
CTETRA  17720   1       1973    1360    1361    1286    
CTETRA  17721   1       6224    2006    5919    6320    
CTETRA  17722   1       2068    367     369     1353    
CTETRA  17723   1       3082    2018    3083    3238    
CTETRA  17724   1       5285    2030    255     1775    
CTETRA  17725   1       3184    2183    5281    3183    
CTETRA  17726   1       3084    1401    1352    1336    
CTETRA  17727   1       1939    3747    4022    2547    
CTETRA  17728   1       1493    346     1494    3750    
CTETRA  17729   1       3138    2601    1902    2602    
CTETRA  17730   1       4175    1454    3272    3260    
CTETRA  17731   1       623     2631    1858    2688    
CTETRA  17732   1       3272    2433    4022    3260    
CTETRA  17733   1       1360    1368    1286    2660    
CTETRA  17734   1       2567    4181    900     2259    
CTETRA  17735   1       1363    452     1246    1364    
CTETRA  17736   1       6350    6051    6052    5052    
CTETRA  17737   1       3152    3154    2286    2285    
CTETRA  17738   1       731     730     685     2001    
CTETRA  17739   1       1942    2217    2943    2308    
CTETRA  17740   1       2354    4277    1524    2979    
CTETRA  17741   1       3227    2881    803     2808    
CTETRA  17742   1       5883    2153    6176    6368    
CTETRA  17743   1       1036    4265    3974    1038    
CTETRA  17744   1       2939    749     2671    2940    
CTETRA  17745   1       2098    3150    2429    3350    
CTETRA  17746   1       3317    1590    3316    1377    
CTETRA  17747   1       1260    1242    792     790     
CTETRA  17748   1       566     565     323     325     
CTETRA  17749   1       799     372     2431    3750    
CTETRA  17750   1       96      95      60      520     
CTETRA  17751   1       739     380     377     378     
CTETRA  17752   1       1073    548     202     1072    
CTETRA  17753   1       2030    255     629     1772    
CTETRA  17754   1       2676    694     2400    2139    
CTETRA  17755   1       3200    2698    2559    2560    
CTETRA  17756   1       3558    1244    3512    2163    
CTETRA  17757   1       1464    347     2081    2080    
CTETRA  17758   1       1195    6054    5396    1196    
CTETRA  17759   1       2014    325     2850    2013    
CTETRA  17760   1       694     697     2138    2939    
CTETRA  17761   1       365     3354    2863    1396    
CTETRA  17762   1       5910    6188    3178    3587    
CTETRA  17763   1       647     2559    2560    2561    
CTETRA  17764   1       1888    1866    2101    2020    
CTETRA  17765   1       3272    3092    4175    3260    
CTETRA  17766   1       1374    3888    2603    3887    
CTETRA  17767   1       1968    1492    2253    403     
CTETRA  17768   1       501     2984    2163    4144    
CTETRA  17769   1       1253    3089    2064    1365    
CTETRA  17770   1       6290    5043    2007    5479    
CTETRA  17771   1       1419    1405    1320    1318    
CTETRA  17772   1       1005    212     94      1006    
CTETRA  17773   1       1378    2086    1589    2088    
CTETRA  17774   1       761     503     3007    2592    
CTETRA  17775   1       593     2763    1869    1864    
CTETRA  17776   1       1363    1369    1287    1288    
CTETRA  17777   1       2491    5909    761     2348    
CTETRA  17778   1       2563    2208    1283    3347    
CTETRA  17779   1       5028    4931    3747    2436    
CTETRA  17780   1       2738    3616    2356    2351    
CTETRA  17781   1       361     360     1245    1246    
CTETRA  17782   1       496     453     497     2449    
CTETRA  17783   1       686     2258    1983    2144    
CTETRA  17784   1       1482    2356    1868    1458    
CTETRA  17785   1       4734    6315    6424    2800    
CTETRA  17786   1       3547    5281    4932    4931    
CTETRA  17787   1       82      1373    1590    1589    
CTETRA  17788   1       3267    4282    4152    3540    
CTETRA  17789   1       697     2138    2939    2137    
CTETRA  17790   1       607     1984    3586    2491    
CTETRA  17791   1       2194    2581    372     2111    
CTETRA  17792   1       4292    101     2687    5820    
CTETRA  17793   1       1341    1394    265     1395    
CTETRA  17794   1       1946    5299    5992    5800    
CTETRA  17795   1       5281    2185    6068    2183    
CTETRA  17796   1       2119    379     3412    1324    
CTETRA  17797   1       436     1479    2228    2227    
CTETRA  17798   1       165     1470    1468    1469    
CTETRA  17799   1       615     634     633     616     
CTETRA  17800   1       567     324     323     325     
CTETRA  17801   1       1194    480     6479    1178    
CTETRA  17802   1       5710    2332    4734    2333    
CTETRA  17803   1       1428    1495    3376    1427    
CTETRA  17804   1       2582    2341    1685    3017    
CTETRA  17805   1       2189    2544    715     815     
CTETRA  17806   1       3847    2565    4175    402     
CTETRA  17807   1       2601    2705    2814    3740    
CTETRA  17808   1       3681    3682    102     3680    
CTETRA  17809   1       6452    1513    1514    1512    
CTETRA  17810   1       5807    5808    1327    3351    
CTETRA  17811   1       5910    893     3585    3178    
CTETRA  17812   1       2577    2033    808     1497    
CTETRA  17813   1       633     2420    1691    2422    
CTETRA  17814   1       840     607     3358    1984    
CTETRA  17815   1       4032    1699    1996    2121    
CTETRA  17816   1       1426    410     2227    2228    
CTETRA  17817   1       3412    379     378     1323    
CTETRA  17818   1       1421    3012    1419    1296    
CTETRA  17819   1       1245    1247    359     1368    
CTETRA  17820   1       4479    3152    3157    2285    
CTETRA  17821   1       5243    2796    3328    5280    
CTETRA  17822   1       166     375     4046    164     
CTETRA  17823   1       1255    3354    2089    2987    
CTETRA  17824   1       1127    2438    1126    1198    
CTETRA  17825   1       1460    2032    1457    807     
CTETRA  17826   1       3178    3585    5910    3587    
CTETRA  17827   1       761     3345    503     2592    
CTETRA  17828   1       2103    2101    2102    1888    
CTETRA  17829   1       3267    3450    4036    2139    
CTETRA  17830   1       3139    2310    2651    2650    
CTETRA  17831   1       1007    2568    894     2566    
CTETRA  17832   1       2240    3145    3143    3144    
CTETRA  17833   1       837     836     1216    1051    
CTETRA  17834   1       453     1294    1246    2449    
CTETRA  17835   1       1260    3618    3395    2586    
CTETRA  17836   1       892     893     2567    2566    
CTETRA  17837   1       347     2081    3666    1464    
CTETRA  17838   1       596     432     595     813     
CTETRA  17839   1       1290    5571    3497    1126    
CTETRA  17840   1       2942    2217    1841    2690    
CTETRA  17841   1       1319    1320    1318    1311    
CTETRA  17842   1       2288    1354    1362    2287    
CTETRA  17843   1       2020    2523    2689    3238    
CTETRA  17844   1       2964    3740    5738    2706    
CTETRA  17845   1       402     2255    2253    2738    
CTETRA  17846   1       3404    3341    1050    3474    
CTETRA  17847   1       3377    6198    5784    5448    
CTETRA  17848   1       3020    4040    5477    2815    
CTETRA  17849   1       3502    4523    5923    4983    
CTETRA  17850   1       1261    1283    792     3347    
CTETRA  17851   1       2197    431     2195    2196    
CTETRA  17852   1       3317    5556    1592    1377    
CTETRA  17853   1       3850    3851    1708    3680    
CTETRA  17854   1       2588    2674    1127    1241    
CTETRA  17855   1       1045    1046    2402    1040    
CTETRA  17856   1       2687    102     3682    2683    
CTETRA  17857   1       5395    1195    5396    1163    
CTETRA  17858   1       4168    3156    6245    4944    
CTETRA  17859   1       5177    3257    3850    2683    
CTETRA  17860   1       1903    1828    4114    1829    
CTETRA  17861   1       2189    2544    815     817     
CTETRA  17862   1       1435    638     1410    2443    
CTETRA  17863   1       3007    5909    6023    5633    
CTETRA  17864   1       1458    3092    1464    2565    
CTETRA  17865   1       5450    5909    3007    2592    
CTETRA  17866   1       2081    655     654     5499    
CTETRA  17867   1       1053    1055    1054    2412    
CTETRA  17868   1       2480    362     2052    2729    
CTETRA  17869   1       402     371     1456    3847    
CTETRA  17870   1       2623    2516    2515    5814    
CTETRA  17871   1       2991    2992    2200    2867    
CTETRA  17872   1       3299    694     2139    2138    
CTETRA  17873   1       2810    2938    4236    3819    
CTETRA  17874   1       3402    1901    4114    3820    
CTETRA  17875   1       2007    5479    2008    2238    
CTETRA  17876   1       2032    2033    2216    808     
CTETRA  17877   1       3558    6482    3677    3036    
CTETRA  17878   1       2208    3277    3330    3331    
CTETRA  17879   1       1240    2207    3761    2161    
CTETRA  17880   1       430     431     2197    1840    
CTETRA  17881   1       166     375     4942    4046    
CTETRA  17882   1       6362    4932    2184    2185    
CTETRA  17883   1       2259    3585    840     1984    
CTETRA  17884   1       901     2259    900     3208    
CTETRA  17885   1       1527    1443    84      1440    
CTETRA  17886   1       5635    3266    4282    3798    
CTETRA  17887   1       1247    359     360     1245    
CTETRA  17888   1       3367    2380    3375    1379    
CTETRA  17889   1       1360    360     1247    359     
CTETRA  17890   1       1692    635     1690    5904    
CTETRA  17891   1       4040    3157    4041    3153    
CTETRA  17892   1       2577    437     436     1497    
CTETRA  17893   1       2119    379     378     3412    
CTETRA  17894   1       5189    6167    659     5563    
CTETRA  17895   1       5679    197     199     5779    
CTETRA  17896   1       5396    1195    1194    1163    
CTETRA  17897   1       347     1464    1460    2080    
CTETRA  17898   1       453     1293    1294    2364    
CTETRA  17899   1       4277    2354    2087    2979    
CTETRA  17900   1       3257    1776    2248    3850    
CTETRA  17901   1       513     1665    1664    1699    
CTETRA  17902   1       2089    2026    367     3354    
CTETRA  17903   1       1186    2626    2096    3214    
CTETRA  17904   1       2941    462     2602    2601    
CTETRA  17905   1       2216    2033    1428    808     
CTETRA  17906   1       3791    5603    4181    2567    
CTETRA  17907   1       1255    2026    2068    2067    
CTETRA  17908   1       1250    1345    1252    1251    
CTETRA  17909   1       1380    1436    1393    2729    
CTETRA  17910   1       748     332     3458    1248    
CTETRA  17911   1       5075    5076    3174    3175    
CTETRA  17912   1       1008    2568    2566    2259    
CTETRA  17913   1       2058    2627    2625    2626    
CTETRA  17914   1       1592    1590    3317    1377    
CTETRA  17915   1       303     305     1352    3084    
CTETRA  17916   1       762     1045    2586    2402    
CTETRA  17917   1       2050    304     1352    1336    
CTETRA  17918   1       3347    6482    3558    3852    
CTETRA  17919   1       2491    5632    5909    2348    
CTETRA  17920   1       6208    3043    294     6209    
CTETRA  17921   1       1981    3894    1858    1982    
CTETRA  17922   1       5029    4022    2434    5028    
CTETRA  17923   1       4175    2565    3092    402     
CTETRA  17924   1       2545    1261    1282    1372    
CTETRA  17925   1       699     698     681     3536    
CTETRA  17926   1       2195    1480    4261    1865    
CTETRA  17927   1       4292    2687    101     3886    
CTETRA  17928   1       2033    409     808     2032    
CTETRA  17929   1       5189    5190    659     5183    
CTETRA  17930   1       3043    293     294     6209    
CTETRA  17931   1       2144    2258    2682    2269    
CTETRA  17932   1       3974    1196    4265    6053    
CTETRA  17933   1       5631    5632    5909    2491    
CTETRA  17934   1       809     807     347     1457    
CTETRA  17935   1       2067    2026    1256    1255    
CTETRA  17936   1       3621    635     1598    1599    
CTETRA  17937   1       102     1707    3681    3680    
CTETRA  17938   1       895     5910    5848    5769    
CTETRA  17939   1       1479    1480    3788    436     
CTETRA  17940   1       5800    5299    5298    1947    
CTETRA  17941   1       295     1602    1603    5455    
CTETRA  17942   1       1981    1858    1980    1982    
CTETRA  17943   1       3200    5826    2799    1777    
CTETRA  17944   1       362     364     2480    2805    
CTETRA  17945   1       3875    6145    1503    3876    
CTETRA  17946   1       1492    402     371     1456    
CTETRA  17947   1       1037    3341    1050    3404    
CTETRA  17948   1       5566    4152    3968    4721    
CTETRA  17949   1       3420    2446    4270    6488    
CTETRA  17950   1       2352    2353    1482    2351    
CTETRA  17951   1       2189    2256    2543    2257    
CTETRA  17952   1       2729    1383    362     2052    
CTETRA  17953   1       3057    2650    3451    3058    
CTETRA  17954   1       4153    3648    3599    3829    
CTETRA  17955   1       3188    3189    3785    3187    
CTETRA  17956   1       5769    6316    3178    4573    
CTETRA  17957   1       513     514     1665    1699    
CTETRA  17958   1       699     662     660     821     
CTETRA  17959   1       4085    1923    5025    1925    
CTETRA  17960   1       3522    1261    1260    3852    
CTETRA  17961   1       2733    647     461     3695    
CTETRA  17962   1       619     595     432     813     
CTETRA  17963   1       3347    2545    3677    843     
CTETRA  17964   1       5603    893     4181    2567    
CTETRA  17965   1       1318    1404    1319    1325    
CTETRA  17966   1       5631    5632    895     5910    
CTETRA  17967   1       3144    2240    4262    3714    
CTETRA  17968   1       1461    1864    2020    2689    
CTETRA  17969   1       3345    3558    3852    792     
CTETRA  17970   1       3175    5076    884     856     
CTETRA  17971   1       856     884     262     857     
CTETRA  17972   1       2863    2067    28      1396    
CTETRA  17973   1       377     380     739     1416    
CTETRA  17974   1       2729    1436    1393    1437    
CTETRA  17975   1       2737    1458    404     2756    
CTETRA  17976   1       1524    1527    1525    1526    
CTETRA  17977   1       4190    1162    4189    1221    
CTETRA  17978   1       4023    1827    2433    4263    
CTETRA  17979   1       2629    3878    643     1504    
CTETRA  17980   1       1986    607     1984    3586    
CTETRA  17981   1       734     672     697     2350    
CTETRA  17982   1       5631    5632    2568    895     
CTETRA  17983   1       2690    2942    2217    2943    
CTETRA  17984   1       1091    1327    1326    3351    
CTETRA  17985   1       3188    3506    2284    3187    
CTETRA  17986   1       1774    5276    3853    993     
CTETRA  17987   1       1482    2756    2353    2352    
CTETRA  17988   1       1690    3596    1599    2684    
CTETRA  17989   1       420     419     418     6477    
CTETRA  17990   1       3458    746     748     1248    
CTETRA  17991   1       2332    5636    5710    5637    
CTETRA  17992   1       572     571     1905    1903    
CTETRA  17993   1       761     2491    2348    2349    
CTETRA  17994   1       1865    1867    1866    2103    
CTETRA  17995   1       1244    2207    2161    2163    
CTETRA  17996   1       1038    1084    4264    1215    
CTETRA  17997   1       2309    2308    2649    1933    
CTETRA  17998   1       1125    747     746     1290    
CTETRA  17999   1       4283    2017    2015    2016    
CTETRA  18000   1       2163    501     3558    3036    
CTETRA  18001   1       2309    2310    3058    3451    
CTETRA  18002   1       2737    1459    2756    2032    
CTETRA  18003   1       2020    2523    1461    2689    
CTETRA  18004   1       3331    3277    3330    3329    
CTETRA  18005   1       3298    3752    2170    1832    
CTETRA  18006   1       3829    4153    3648    1964    
CTETRA  18007   1       502     501     503     3345    
CTETRA  18008   1       1291    452     1363    1364    
CTETRA  18009   1       3677    2563    2545    3347    
CTETRA  18010   1       2200    1299    2991    2867    
CTETRA  18011   1       2163    2984    501     3036    
CTETRA  18012   1       5520    4268    6077    5519    
CTETRA  18013   1       3473    1352    2050    1388    
CTETRA  18014   1       6326    6350    475     5052    
CTETRA  18015   1       367     368     369     1353    
CTETRA  18016   1       1699    1664    513     1698    
CTETRA  18017   1       2650    1982    3146    2432    
CTETRA  18018   1       2438    1197    1126    1198    
CTETRA  18019   1       1690    3257    3596    3256    
CTETRA  18020   1       302     1368    2661    1954    
CTETRA  18021   1       523     522     2419    1598    
CTETRA  18022   1       3260    1939    2547    1868    
CTETRA  18023   1       2026    2067    1256    2066    
CTETRA  18024   1       2729    1380    3639    1393    
CTETRA  18025   1       2364    361     1294    2449    
CTETRA  18026   1       1865    431     2195    2197    
CTETRA  18027   1       1324    468     3412    2503    
CTETRA  18028   1       1252    1345    1347    1251    
CTETRA  18029   1       761     5909    3007    5633    
CTETRA  18030   1       1318    343     776     1306    
CTETRA  18031   1       1244    3558    3512    792     
CTETRA  18032   1       1196    5396    1195    5172    
CTETRA  18033   1       2524    2523    2019    2021    
CTETRA  18034   1       6417    100     5819    4292    
CTETRA  18035   1       5826    5243    646     2799    
CTETRA  18036   1       2576    2430    1525    1527    
CTETRA  18037   1       1900    3626    2420    1902    
CTETRA  18038   1       2660    302     1368    2661    
CTETRA  18039   1       1446    1442    1443    1588    
CTETRA  18040   1       1902    4114    3138    2602    
CTETRA  18041   1       5633    761     5909    2348    
CTETRA  18042   1       372     780     799     2431    
CTETRA  18043   1       1900    3626    1902    615     
CTETRA  18044   1       3496    3497    5571    1126    
CTETRA  18045   1       4239    1334    6404    1335    
CTETRA  18046   1       2450    1246    361     2449    
CTETRA  18047   1       2232    2231    1430    3367    
CTETRA  18048   1       2523    2020    2019    2021    
CTETRA  18049   1       3350    2341    2429    2098    
CTETRA  18050   1       3109    5819    5456    5820    
CTETRA  18051   1       361     360     359     1245    
CTETRA  18052   1       6446    6145    5005    1501    
CTETRA  18053   1       5577    4991    3974    3975    
CTETRA  18054   1       820     660     661     821     
CTETRA  18055   1       1376    3317    3316    1377    
CTETRA  18056   1       522     2419    1598    1599    
CTETRA  18057   1       1869    1868    1940    1941    
CTETRA  18058   1       713     668     667     666     
CTETRA  18059   1       554     324     567     1798    
CTETRA  18060   1       2981    3532    3756    2479    
CTETRA  18061   1       3602    2627    1299    1278    
CTETRA  18062   1       2230    1434    2051    2805    
CTETRA  18063   1       1889    1932    2215    6201    
CTETRA  18064   1       3392    1261    1260    3522    
CTETRA  18065   1       731     684     712     685     
CTETRA  18066   1       2253    2352    2356    3616    
CTETRA  18067   1       4562    4561    2796    5242    
CTETRA  18068   1       2110    2933    2428    3150    
CTETRA  18069   1       2561    647     2733    3695    
CTETRA  18070   1       2737    1458    2756    1459    
CTETRA  18071   1       3060    3059    3894    3061    
CTETRA  18072   1       3473    2050    3004    1388    
CTETRA  18073   1       1905    3017    3018    2582    
CTETRA  18074   1       1599    2419    3620    2684    
CTETRA  18075   1       1425    410     1426    2228    
CTETRA  18076   1       101     100     2687    5820    
CTETRA  18077   1       6353    6344    5884    6248    
CTETRA  18078   1       3472    1320    1416    3319    
CTETRA  18079   1       2089    2025    2026    1255    
CTETRA  18080   1       1435    638     2368    1410    
CTETRA  18081   1       572     2874    571     1903    
CTETRA  18082   1       3473    3375    3795    1379    
CTETRA  18083   1       6120    6111    5914    5915    
CTETRA  18084   1       2058    2627    1281    2625    
CTETRA  18085   1       1369    1363    1287    1291    
CTETRA  18086   1       5561    221     5949    6367    
CTETRA  18087   1       2660    359     1360    1368    
CTETRA  18088   1       1127    1199    2438    1198    
CTETRA  18089   1       3648    6038    3599    3829    
CTETRA  18090   1       3378    2731    2964    1692    
CTETRA  18091   1       520     212     95      60      
CTETRA  18092   1       3329    3762    3798    4161    
CTETRA  18093   1       2436    5025    3747    2437    
CTETRA  18094   1       1980    1858    2631    2688    
CTETRA  18095   1       4263    1827    2433    3187    
CTETRA  18096   1       2163    2208    2207    3331    
CTETRA  18097   1       5820    4292    101     3886    
CTETRA  18098   1       3852    844     2335    3345    
CTETRA  18099   1       2203    2201    1466    2202    
CTETRA  18100   1       2247    1346    1344    1256    
CTETRA  18101   1       1691    616     633     635     
CTETRA  18102   1       4262    2240    2239    3714    
CTETRA  18103   1       6316    5603    893     4181    
CTETRA  18104   1       844     704     706     842     
CTETRA  18105   1       3595    2111    780     6475    
CTETRA  18106   1       3108    1374    5556    6277    
CTETRA  18107   1       2631    1461    2523    2140    
CTETRA  18108   1       2708    3740    2706    2601    
CTETRA  18109   1       2867    2626    2627    2096    
CTETRA  18110   1       1880    1316    1859    1315    
CTETRA  18111   1       1268    1265    3213    1269    
CTETRA  18112   1       2874    3020    3190    2875    
CTETRA  18113   1       1246    452     1188    1364    
CTETRA  18114   1       3189    801     779     4413    
CTETRA  18115   1       1355    1285    1369    1288    
CTETRA  18116   1       364     1383    2729    1437    
CTETRA  18117   1       1317    2825    3977    2824    
CTETRA  18118   1       410     408     1463    2091    
CTETRA  18119   1       370     304     305     1386    
CTETRA  18120   1       4874    5112    5029    2436    
CTETRA  18121   1       3190    1903    572     3187    
CTETRA  18122   1       1434    2053    2051    2052    
CTETRA  18123   1       1315    1317    3976    1875    
CTETRA  18124   1       2661    335     1974    2660    
CTETRA  18125   1       2586    1046    609     2402    
CTETRA  18126   1       891     1083    481     1217    
CTETRA  18127   1       2207    3330    2898    3331    
CTETRA  18128   1       4114    1902    4267    2602    
CTETRA  18129   1       1947    1946    6350    5802    
CTETRA  18130   1       1267    3968    2678    3214    
CTETRA  18131   1       2479    3756    5022    885     
CTETRA  18132   1       1436    2480    1380    1430    
CTETRA  18133   1       3190    2874    2875    2237    
CTETRA  18134   1       2023    6209    524     1603    
CTETRA  18135   1       2661    334     335     2660    
CTETRA  18136   1       6479    1085    1084    1215    
CTETRA  18137   1       497     453     451     1188    
CTETRA  18138   1       1369    2287    1289    1288    
CTETRA  18139   1       4640    5848    6188    3177    
CTETRA  18140   1       607     1053    2491    2349    
CTETRA  18141   1       4265    1196    3974    1038    
CTETRA  18142   1       2226    437     436     2227    
CTETRA  18143   1       1368    2661    1365    2660    
CTETRA  18144   1       83      1375    1374    1592    
CTETRA  18145   1       1840    2133    430     2132    
CTETRA  18146   1       715     716     717     2544    
CTETRA  18147   1       1493    402     371     1492    
CTETRA  18148   1       2101    2103    1866    1888    
CTETRA  18149   1       1599    3621    635     2684    
CTETRA  18150   1       1674    591     593     1839    
CTETRA  18151   1       3852    3522    705     3345    
CTETRA  18152   1       366     365     3354    2863    
CTETRA  18153   1       4152    3267    3299    4721    
CTETRA  18154   1       2650    3058    2310    3451    
CTETRA  18155   1       635     1690    1599    2684    
CTETRA  18156   1       6424    5573    6315    4734    
CTETRA  18157   1       616     1691    633     3626    
CTETRA  18158   1       2356    2738    2351    3272    
CTETRA  18159   1       1866    2197    2101    3197    
CTETRA  18160   1       799     4175    1454    1456    
CTETRA  18161   1       2772    2213    2212    2885    
CTETRA  18162   1       1216    1083    3549    835     
CTETRA  18163   1       1827    4263    1903    3187    
CTETRA  18164   1       1246    361     360     2450    
CTETRA  18165   1       3681    254     1707    2029    
CTETRA  18166   1       2717    2202    2203    1898    
CTETRA  18167   1       6245    3156    6161    4944    
CTETRA  18168   1       2033    1495    1481    1459    
CTETRA  18169   1       4028    4834    4160    4041    
CTETRA  18170   1       1287    1289    1369    1291    
CTETRA  18171   1       5920    5918    5043    5523    
CTETRA  18172   1       3788    2353    1482    1481    
CTETRA  18173   1       1177    480     200     4189    
CTETRA  18174   1       409     410     408     2080    
CTETRA  18175   1       2208    3558    3677    3036    
CTETRA  18176   1       2523    1461    2689    2140    
CTETRA  18177   1       1320    1419    1311    1296    
CTETRA  18178   1       5710    5573    3221    2333    
CTETRA  18179   1       1150    4991    5577    3975    
CTETRA  18180   1       2390    3339    910     2647    
CTETRA  18181   1       2603    3888    84      3887    
CTETRA  18182   1       2051    1436    1430    2480    
CTETRA  18183   1       4048    4018    3286    4019    
CTETRA  18184   1       2772    1841    2690    2589    
CTETRA  18185   1       3545    1455    3593    1454    
CTETRA  18186   1       2018    2020    3238    2021    
CTETRA  18187   1       2545    1372    1370    4120    
CTETRA  18188   1       3851    1707    1708    3680    
CTETRA  18189   1       2810    3593    2582    1454    
CTETRA  18190   1       1888    1866    1867    2103    
CTETRA  18191   1       1464    1460    2565    347     
CTETRA  18192   1       2939    2671    697     2940    
CTETRA  18193   1       2542    554     1796    2040    
CTETRA  18194   1       4282    5635    3798    3036    
CTETRA  18195   1       6023    6188    4640    5909    
CTETRA  18196   1       5915    6111    5914    5916    
CTETRA  18197   1       2246    1345    1256    2066    
CTETRA  18198   1       3547    4931    2436    3184    
CTETRA  18199   1       1516    6452    5020    5023    
CTETRA  18200   1       2023    6209    1603    5455    
CTETRA  18201   1       1455    2582    2342    3593    
CTETRA  18202   1       1838    1839    591     1876    
CTETRA  18203   1       4991    1150    5879    3975    
CTETRA  18204   1       3851    254     1707    3681    
CTETRA  18205   1       2429    2428    3017    2933    
CTETRA  18206   1       4041    4028    4834    4835    
CTETRA  18207   1       3620    1598    2419    1599    
CTETRA  18208   1       1368    1247    359     1360    
CTETRA  18209   1       3795    3375    2380    1379    
CTETRA  18210   1       6350    5874    1946    1947    
CTETRA  18211   1       5573    5710    4734    2333    
CTETRA  18212   1       699     662     681     2079    
CTETRA  18213   1       2354    1521    1517    1522    
CTETRA  18214   1       841     3358    3463    1008    
CTETRA  18215   1       4640    6188    6023    3177    
CTETRA  18216   1       431     430     594     1840    
CTETRA  18217   1       1396    1255    3271    2987    
CTETRA  18218   1       1283    791     792     3347    
CTETRA  18219   1       5063    2938    4023    3819    
CTETRA  18220   1       2967    1688    2341    2098    
CTETRA  18221   1       1831    2170    3752    1832    
CTETRA  18222   1       1841    2772    2690    2217    
CTETRA  18223   1       1407    636     1405    2571    
CTETRA  18224   1       1216    835     836     837     
CTETRA  18225   1       3559    4573    3789    4575    
CTETRA  18226   1       409     2577    1438    2227    
CTETRA  18227   1       1349    469     5808    1332    
CTETRA  18228   1       3404    2857    1037    3341    
CTETRA  18229   1       2259    1009    2567    2566    
CTETRA  18230   1       615     3138    2874    614     
CTETRA  18231   1       705     1986    1985    704     
CTETRA  18232   1       367     366     365     3354    
CTETRA  18233   1       792     501     502     3345    
CTETRA  18234   1       476     475     474     5052    
CTETRA  18235   1       1933    2309    2308    1834    
CTETRA  18236   1       262     884     5022    857     
CTETRA  18237   1       4144    2163    3512    2162    
CTETRA  18238   1       2336    2953    5450    6135    
CTETRA  18239   1       372     799     371     3750    
CTETRA  18240   1       2352    2353    1429    2756    
CTETRA  18241   1       2631    1461    2141    2523    
CTETRA  18242   1       2626    2058    2627    2096    
CTETRA  18243   1       2484    837     835     3605    
CTETRA  18244   1       2589    2942    1841    2690    
CTETRA  18245   1       1835    2943    1836    1834    
CTETRA  18246   1       1438    2226    1425    1426    
CTETRA  18247   1       5043    5920    5919    6320    
CTETRA  18248   1       3378    1902    3626    1692    
CTETRA  18249   1       4040    3020    4039    2815    
CTETRA  18250   1       1311    380     1320    1296    
CTETRA  18251   1       1456    4175    402     3847    
CTETRA  18252   1       1001    1003    519     1204    
CTETRA  18253   1       1876    1838    596     1453    
CTETRA  18254   1       2670    6343    5485    1266    
CTETRA  18255   1       1454    1904    2938    4263    
CTETRA  18256   1       647     2559    2698    2560    
CTETRA  18257   1       3286    1302    4048    1303    
CTETRA  18258   1       3402    1901    1902    4114    
CTETRA  18259   1       3561    4346    2953    6135    
CTETRA  18260   1       3512    3618    1260    502     
CTETRA  18261   1       2626    3214    3970    2058    
CTETRA  18262   1       381     343     319     1331    
CTETRA  18263   1       4246    6177    6368    4245    
CTETRA  18264   1       6200    1889    6201    1932    
CTETRA  18265   1       2671    749     667     2940    
CTETRA  18266   1       6023    2953    4346    6135    
CTETRA  18267   1       514     513     1665    1664    
CTETRA  18268   1       1084    1050    1216    3549    
CTETRA  18269   1       1324    379     1323    1325    
CTETRA  18270   1       4927    6111    5915    5916    
CTETRA  18271   1       1162    6110    1163    4190    
CTETRA  18272   1       3020    2814    2874    2815    
CTETRA  18273   1       1280    3277    1281    1262    
CTETRA  18274   1       2008    5479    3571    2238    
CTETRA  18275   1       2420    1691    2421    3626    
CTETRA  18276   1       1903    1827    1829    5063    
CTETRA  18277   1       1355    1288    1356    1285    
CTETRA  18278   1       4292    2687    100     5820    
CTETRA  18279   1       4874    5028    2434    2436    
CTETRA  18280   1       2053    1434    2343    2052    
CTETRA  18281   1       2711    1516    5020    5023    
CTETRA  18282   1       2195    637     2379    2196    
CTETRA  18283   1       5909    4640    6023    5633    
CTETRA  18284   1       2067    1255    3271    1396    
CTETRA  18285   1       2992    2795    469     1332    
CTETRA  18286   1       4932    4933    3547    4931    
CTETRA  18287   1       1127    2899    1199    1198    
CTETRA  18288   1       1521    2041    2354    1517    
CTETRA  18289   1       6068    2183    2185    3183    
CTETRA  18290   1       3298    2170    1833    1832    
CTETRA  18291   1       2026    2066    2068    2067    
CTETRA  18292   1       2110    778     2111    6475    
CTETRA  18293   1       2327    1054    2412    2866    
CTETRA  18294   1       4175    802     801     3260    
CTETRA  18295   1       3228    2268    695     816     
CTETRA  18296   1       3007    4639    2983    5633    
CTETRA  18297   1       2698    646     647     2560    
CTETRA  18298   1       1357    263     1395    1528    
CTETRA  18299   1       1246    1294    361     2449    
CTETRA  18300   1       1905    2938    2582    1904    
CTETRA  18301   1       799     4175    1904    1454    
CTETRA  18302   1       4991    3974    4265    6053    
CTETRA  18303   1       2138    2939    2137    2668    
CTETRA  18304   1       3467    1964    3599    899     
CTETRA  18305   1       2582    1455    2110    3018    
CTETRA  18306   1       3970    2677    2058    2678    
CTETRA  18307   1       1829    1901    1903    5063    
CTETRA  18308   1       346     800     3847    2565    
CTETRA  18309   1       6170    4927    2492    2494    
CTETRA  18310   1       2111    2428    778     2110    
CTETRA  18311   1       2881    3229    3227    6487    
CTETRA  18312   1       3020    5477    2814    2815    
CTETRA  18313   1       3331    3761    3762    4161    
CTETRA  18314   1       4911    5696    5961    4912    
CTETRA  18315   1       3007    5909    761     2592    
CTETRA  18316   1       2428    778     2110    6475    
CTETRA  18317   1       4819    6323    3758    4762    
CTETRA  18318   1       1196    4265    5172    1038    
CTETRA  18319   1       2690    2217    2651    2691    
CTETRA  18320   1       1348    1332    1349    3351    
CTETRA  18321   1       2865    2857    2866    1054    
CTETRA  18322   1       2433    4022    3260    1939    
CTETRA  18323   1       5455    1603    295     6209    
CTETRA  18324   1       2308    1942    2649    1933    
CTETRA  18325   1       2248    5177    2249    3257    
CTETRA  18326   1       6023    4640    3177    4346    
CTETRA  18327   1       3331    3330    2898    3329    
CTETRA  18328   1       4573    4180    3179    3862    
CTETRA  18329   1       3640    3375    3639    3367    
CTETRA  18330   1       3358    3463    1053    841     
CTETRA  18331   1       3330    2207    2208    3331    
CTETRA  18332   1       1479    1495    1497    1496    
CTETRA  18333   1       2141    1453    1838    591     
CTETRA  18334   1       1345    2012    2064    1253    
CTETRA  18335   1       3560    2335    652     3536    
CTETRA  18336   1       1777    5826    632     1778    
CTETRA  18337   1       1827    2433    4874    4023    
CTETRA  18338   1       1278    2200    2795    2992    
CTETRA  18339   1       403     1493    1494    1492    
CTETRA  18340   1       4262    3714    5230    1828    
CTETRA  18341   1       1864    2020    2689    3238    
CTETRA  18342   1       6221    6176    2153    6352    
CTETRA  18343   1       3345    3522    705     2592    
CTETRA  18344   1       3549    1085    1083    1084    
CTETRA  18345   1       5063    4023    1829    3819    
CTETRA  18346   1       4022    2433    2434    1939    
CTETRA  18347   1       3138    1828    2601    2602    
CTETRA  18348   1       1401    2050    3004    3473    
CTETRA  18349   1       6106    6145    1503    3875    
CTETRA  18350   1       2669    2671    694     2939    
CTETRA  18351   1       6068    4085    5281    3183    
CTETRA  18352   1       2565    402     3847    1494    
CTETRA  18353   1       2848    1357    263     1395    
CTETRA  18354   1       410     1425    1426    408     
CTETRA  18355   1       1986    5450    3586    3179    
CTETRA  18356   1       2068    2370    366     2863    
CTETRA  18357   1       1299    1300    3602    1278    
CTETRA  18358   1       1305    1407    620     1874    
CTETRA  18359   1       196     199     198     197     
CTETRA  18360   1       4640    6023    4639    4346    
CTETRA  18361   1       503     761     3007    2985    
CTETRA  18362   1       5396    1194    5172    1163    
CTETRA  18363   1       1194    5172    1178    1215    
CTETRA  18364   1       712     684     714     713     
CTETRA  18365   1       480     1177    6479    1178    
CTETRA  18366   1       1592    1374    83      2603    
CTETRA  18367   1       2040    3181    671     2851    
CTETRA  18368   1       1345    1346    2012    1253    
CTETRA  18369   1       2200    2795    2992    1332    
CTETRA  18370   1       1323    3412    379     1324    
CTETRA  18371   1       5603    892     893     2567    
CTETRA  18372   1       1874    776     1305    2571    
CTETRA  18373   1       3084    305     1352    1393    
CTETRA  18374   1       371     799     372     2111    
CTETRA  18375   1       59      3562    6384    855     
CTETRA  18376   1       1904    2582    1454    2938    
CTETRA  18377   1       2113    2585    2112    2013    
CTETRA  18378   1       6041    5935    6293    5427    
CTETRA  18379   1       1497    1495    1428    1496    
CTETRA  18380   1       3257    2249    1690    3596    
CTETRA  18381   1       2026    1256    1255    1250    
CTETRA  18382   1       745     1302    1303    5190    
CTETRA  18383   1       608     609     1046    1040    
CTETRA  18384   1       451     453     452     1188    
CTETRA  18385   1       3331    2207    2163    2161    
CTETRA  18386   1       652     3793    2335    3008    
CTETRA  18387   1       2075    573     572     2237    
CTETRA  18388   1       5395    5396    6110    1163    
CTETRA  18389   1       1241    1198    2899    1127    
CTETRA  18390   1       1899    1897    3822    2619    
CTETRA  18391   1       1352    304     303     1336    
CTETRA  18392   1       3639    3473    1392    1393    
CTETRA  18393   1       6248    5885    6221    2153    
CTETRA  18394   1       684     714     713     668     
CTETRA  18395   1       991     1776    5276    992     
CTETRA  18396   1       2814    1828    3190    2815    
CTETRA  18397   1       3619    653     676     3933    
CTETRA  18398   1       3358    1053    607     841     
CTETRA  18399   1       5819    3109    4292    5820    
CTETRA  18400   1       4734    6424    5573    2333    
CTETRA  18401   1       1247    360     1363    1246    
CTETRA  18402   1       2515    1809    3973    6126    
CTETRA  18403   1       408     410     1463    2080    
CTETRA  18404   1       6079    1321    337     6078    
CTETRA  18405   1       3973    1809    2515    1807    
CTETRA  18406   1       1497    1495    2033    1428    
CTETRA  18407   1       372     799     780     2111    
CTETRA  18408   1       495     1151    1149    2365    
CTETRA  18409   1       2444    2410    2448    2443    
CTETRA  18410   1       2874    2814    3190    2815    
CTETRA  18411   1       2349    761     609     2402    
CTETRA  18412   1       3545    1456    1455    1454    
CTETRA  18413   1       3458    746     1248    1241    
CTETRA  18414   1       2677    3970    2058    2625    
CTETRA  18415   1       1194    1195    5396    5172    
CTETRA  18416   1       3599    3648    4153    1964    
CTETRA  18417   1       5961    4911    4912    4910    
CTETRA  18418   1       4181    3585    893     3178    
CTETRA  18419   1       594     596     1838    2132    
CTETRA  18420   1       1482    1481    2756    1459    
CTETRA  18421   1       5603    6316    3791    4181    
CTETRA  18422   1       5995    1265    6343    1328    
CTETRA  18423   1       1863    1839    593     1461    
CTETRA  18424   1       3190    1827    1903    3187    
CTETRA  18425   1       3562    59      212     1006    
CTETRA  18426   1       2356    403     402     1458    
CTETRA  18427   1       2711    2700    1516    5023    
CTETRA  18428   1       3549    1085    481     1083    
CTETRA  18429   1       3639    3375    3473    1393    
CTETRA  18430   1       3473    3375    3794    3795    
CTETRA  18431   1       1911    418     440     1891    
CTETRA  18432   1       294     293     6208    6100    
CTETRA  18433   1       1840    430     594     2132    
CTETRA  18434   1       1279    3602    1281    2546    
CTETRA  18435   1       1379    3473    3375    1393    
CTETRA  18436   1       1903    1901    4236    5063    
CTETRA  18437   1       3347    792     1261    3852    
CTETRA  18438   1       3621    1598    3620    1599    
CTETRA  18439   1       3319    1320    1416    2120    
CTETRA  18440   1       5636    6314    2332    858     
CTETRA  18441   1       2763    1868    1869    1941    
CTETRA  18442   1       3639    1392    364     2729    
CTETRA  18443   1       2805    1434    2051    2052    
CTETRA  18444   1       2826    1869    1941    1864    
CTETRA  18445   1       1777    3200    5826    1778    
CTETRA  18446   1       6179    4720    5995    2668    
CTETRA  18447   1       2438    3346    1197    3270    
CTETRA  18448   1       1292    1293    496     2365    
CTETRA  18449   1       2420    1902    3626    2421    
CTETRA  18450   1       2370    366     369     2068    
CTETRA  18451   1       2200    1299    1328    3213    
CTETRA  18452   1       1990    2576    3397    2294    
CTETRA  18453   1       2095    3193    1517    1522    
CTETRA  18454   1       1250    1344    1256    1255    
CTETRA  18455   1       2132    813     596     1453    
CTETRA  18456   1       2565    346     348     1494    
CTETRA  18457   1       3007    503     2983    2953    
CTETRA  18458   1       2677    2058    1281    2625    
CTETRA  18459   1       348     346     3750    1494    
CTETRA  18460   1       294     293     3043    6208    
CTETRA  18461   1       1195    5396    5397    5395    
CTETRA  18462   1       5883    2153    5885    6345    
CTETRA  18463   1       1443    1442    1440    1588    
CTETRA  18464   1       2235    2564    2236    3666    
CTETRA  18465   1       2700    1516    5020    2711    
CTETRA  18466   1       1009    1007    892     2566    
CTETRA  18467   1       2942    1889    2217    2943    
CTETRA  18468   1       3608    892     2567    1009    
CTETRA  18469   1       5023    2711    2700    5911    
CTETRA  18470   1       1527    2576    2430    2947    
CTETRA  18471   1       3968    2058    2678    3214    
CTETRA  18472   1       1353    367     368     2862    
CTETRA  18473   1       662     699     681     3536    
CTETRA  18474   1       1311    1319    377     1325    
CTETRA  18475   1       480     1177    1178    4189    
CTETRA  18476   1       3036    2208    2163    3331    
CTETRA  18477   1       3347    3558    792     3852    
CTETRA  18478   1       1162    4189    6110    4190    
CTETRA  18479   1       1380    1436    1431    1393    
CTETRA  18480   1       3666    2081    655     1464    
CTETRA  18481   1       614     2814    3138    2874    
CTETRA  18482   1       1434    2230    2051    2229    
CTETRA  18483   1       5281    2185    2183    4932    
CTETRA  18484   1       5955    4819    5954    4293    
CTETRA  18485   1       5022    884     2980    2479    
CTETRA  18486   1       1428    1429    1496    1495    
CTETRA  18487   1       3976    1317    3977    2824    
CTETRA  18488   1       5904    1690    2249    3596    
CTETRA  18489   1       1352    1401    2050    1336    
CTETRA  18490   1       6145    5003    5481    6446    
CTETRA  18491   1       2491    5870    5632    2348    
CTETRA  18492   1       3677    3793    651     3008    
CTETRA  18493   1       2292    1990    3397    2294    
CTETRA  18494   1       2438    2900    1199    1127    
CTETRA  18495   1       2096    2626    2058    3214    
CTETRA  18496   1       711     332     301     329     
CTETRA  18497   1       800     346     2564    2565    
CTETRA  18498   1       1250    2026    2025    1255    
CTETRA  18499   1       3278    1363    1246    1364    
CTETRA  18500   1       2009    1972    2064    2715    
CTETRA  18501   1       1260    792     502     3345    
CTETRA  18502   1       3616    402     2253    2738    
CTETRA  18503   1       4413    2075    3189    3785    
CTETRA  18504   1       1587    1446    1588    2100    
CTETRA  18505   1       3970    3214    2678    2058    
CTETRA  18506   1       2217    1889    1942    2943    
CTETRA  18507   1       5632    5631    5870    2491    
CTETRA  18508   1       5885    6353    6171    5884    
CTETRA  18509   1       1344    1345    1252    1250    
CTETRA  18510   1       6476    2410    3054    2296    
CTETRA  18511   1       3329    2678    2677    1184    
CTETRA  18512   1       1974    1365    2661    2660    
CTETRA  18513   1       1443    1588    523     1587    
CTETRA  18514   1       4523    5923    3503    3502    
CTETRA  18515   1       364     362     2480    2729    
CTETRA  18516   1       802     4175    3092    3260    
CTETRA  18517   1       1380    1430    2231    3367    
CTETRA  18518   1       3850    3680    5177    2683    
CTETRA  18519   1       2564    800     802     2236    
CTETRA  18520   1       1458    2565    1460    1457    
CTETRA  18521   1       2284    3190    1828    2815    
CTETRA  18522   1       196     3532    888     889     
CTETRA  18523   1       2568    1007    1008    2566    
CTETRA  18524   1       2364    1294    453     2449    
CTETRA  18525   1       3153    4834    4160    3154    
CTETRA  18526   1       893     3585    4181    2259    
CTETRA  18527   1       5029    5028    4874    2436    
CTETRA  18528   1       2922    3455    2989    3069    
CTETRA  18529   1       2866    2865    2412    2401    
CTETRA  18530   1       2900    1041    1199    1127    
CTETRA  18531   1       4181    4180    3587    3178    
CTETRA  18532   1       889     2981    2483    2479    
CTETRA  18533   1       4523    3503    2725    3502    
CTETRA  18534   1       1383    362     364     2729    
CTETRA  18535   1       2586    609     761     2402    
CTETRA  18536   1       3463    2347    2412    2865    
CTETRA  18537   1       607     1053    2347    2491    
CTETRA  18538   1       380     377     379     317     
CTETRA  18539   1       706     705     844     3852    
CTETRA  18540   1       1474    1473    1472    1466    
CTETRA  18541   1       811     696     695     816     
CTETRA  18542   1       6384    3562    211     855     
CTETRA  18543   1       696     3228    816     2809    
CTETRA  18544   1       1401    3794    3473    3004    
CTETRA  18545   1       6343    1326    5995    1328    
CTETRA  18546   1       1839    2101    3197    1461    
CTETRA  18547   1       3358    607     2347    2491    
CTETRA  18548   1       1005    3562    212     1006    
CTETRA  18549   1       2292    3397    1990    1988    
CTETRA  18550   1       3017    1905    3018    573     
CTETRA  18551   1       2731    2733    461     2708    
CTETRA  18552   1       3545    1492    1456    402     
CTETRA  18553   1       2400    2399    2398    2139    
CTETRA  18554   1       799     1454    1904    1456    
CTETRA  18555   1       3058    768     766     3451    
CTETRA  18556   1       1280    2207    3330    1262    
CTETRA  18557   1       3545    1492    402     2255    
CTETRA  18558   1       1481    1482    2756    2353    
CTETRA  18559   1       1352    305     304     1386    
CTETRA  18560   1       5485    5995    6342    2668    
CTETRA  18561   1       692     734     736     2350    
CTETRA  18562   1       2153    6248    5885    6345    
CTETRA  18563   1       2209    1982    2432    3146    
CTETRA  18564   1       3330    3277    1280    1262    
CTETRA  18565   1       4931    5112    3547    2436    
CTETRA  18566   1       1054    2865    2857    3404    
CTETRA  18567   1       2678    2677    3277    3329    
CTETRA  18568   1       4874    5112    3547    3144    
CTETRA  18569   1       3004    3794    3473    1388    
CTETRA  18570   1       2866    2865    1054    2412    
CTETRA  18571   1       5203    3235    2919    2331    
CTETRA  18572   1       1405    1319    1320    1318    
CTETRA  18573   1       6329    1149    1151    2365    
CTETRA  18574   1       5633    3007    761     2985    
CTETRA  18575   1       5485    6179    5995    2668    
CTETRA  18576   1       2491    2347    5870    2348    
CTETRA  18577   1       6188    5910    3178    5769    
CTETRA  18578   1       1905    2938    1903    4236    
CTETRA  18579   1       1244    3512    2163    2162    
CTETRA  18580   1       3862    883     3559    882     
CTETRA  18581   1       5632    5870    5631    2568    
CTETRA  18582   1       672     734     692     2350    
CTETRA  18583   1       1240    3761    2207    3331    
CTETRA  18584   1       2433    5029    4874    4023    
CTETRA  18585   1       323     325     2014    2013    
CTETRA  18586   1       3138    3378    2964    1692    
CTETRA  18587   1       3397    2576    2430    2294    
CTETRA  18588   1       1692    616     3626    1691    
CTETRA  18589   1       2235    5499    655     3666    
CTETRA  18590   1       1983    2256    2144    2258    
CTETRA  18591   1       3619    3535    653     3933    
CTETRA  18592   1       1308    731     730     1089    
CTETRA  18593   1       1459    1458    1464    1460    
CTETRA  18594   1       3058    766     2309    3451    
CTETRA  18595   1       2631    623     1439    2688    
CTETRA  18596   1       2217    2690    2943    2308    
CTETRA  18597   1       2217    2856    1841    2218    
CTETRA  18598   1       2897    2207    1263    1244    
CTETRA  18599   1       2661    1365    1974    3089    
CTETRA  18600   1       5814    4283    2516    2017    
CTETRA  18601   1       2039    671     3181    1670    
CTETRA  18602   1       685     712     731     2001    
CTETRA  18603   1       1839    2101    2197    3197    
CTETRA  18604   1       2212    1842    2021    1843    
CTETRA  18605   1       3190    3188    2284    3187    
CTETRA  18606   1       2111    2428    2110    3018    
CTETRA  18607   1       2444    1435    2367    2410    
CTETRA  18608   1       1084    1216    1083    3549    
CTETRA  18609   1       2874    3190    3020    2815    
CTETRA  18610   1       1184    2678    2677    3970    
CTETRA  18611   1       2584    2014    670     2851    
CTETRA  18612   1       4932    2183    4933    2184    
CTETRA  18613   1       402     3092    2356    1458    
CTETRA  18614   1       3535    3793    653     3933    
CTETRA  18615   1       1903    4263    1827    5063    
CTETRA  18616   1       2601    3740    2706    2705    
CTETRA  18617   1       893     6316    4181    3178    
CTETRA  18618   1       1685    2341    1688    2868    
CTETRA  18619   1       761     762     2586    2402    
CTETRA  18620   1       5281    3547    2183    3184    
CTETRA  18621   1       2249    1692    1690    5904    
CTETRA  18622   1       2335    2953    2336    3560    
CTETRA  18623   1       2151    4902    6177    2152    
CTETRA  18624   1       1266    1265    1328    6343    
CTETRA  18625   1       3549    836     1216    835     
CTETRA  18626   1       695     696     3228    816     
CTETRA  18627   1       1973    2009    1972    2064    
CTETRA  18628   1       3138    1828    2602    4114    
CTETRA  18629   1       2601    462     2602    3090    
CTETRA  18630   1       1265    1264    1266    1328    
CTETRA  18631   1       572     2874    1903    3190    
CTETRA  18632   1       3341    1037    4264    3346    
CTETRA  18633   1       333     2661    1954    1257    
CTETRA  18634   1       2356    2352    1482    2351    
CTETRA  18635   1       3007    2983    4639    2953    
CTETRA  18636   1       713     712     684     666     
CTETRA  18637   1       1383    2729    1436    2052    
CTETRA  18638   1       1905    2582    3018    1904    
CTETRA  18639   1       2874    614     3020    2875    
CTETRA  18640   1       4046    166     164     1468    
CTETRA  18641   1       1278    1299    1300    2200    
CTETRA  18642   1       5992    6051    1946    5802    
CTETRA  18643   1       6316    4181    3178    4180    
CTETRA  18644   1       1405    1319    1404    1415    
CTETRA  18645   1       5885    6221    6353    6248    
CTETRA  18646   1       778     780     2111    6475    
CTETRA  18647   1       1874    775     776     2571    
CTETRA  18648   1       1036    4264    1037    3346    
CTETRA  18649   1       1299    2200    2991    3213    
CTETRA  18650   1       3695    461     2733    2708    
CTETRA  18651   1       2402    1046    609     1040    
CTETRA  18652   1       4723    4720    4722    4721    
CTETRA  18653   1       3535    661     821     3619    
CTETRA  18654   1       3570    3571    5479    2238    
CTETRA  18655   1       5243    5242    2796    5280    
CTETRA  18656   1       3138    614     616     2964    
CTETRA  18657   1       2644    2212    2070    2021    
CTETRA  18658   1       2588    3458    711     2675    
CTETRA  18659   1       816     2268    695     811     
CTETRA  18660   1       5948    5949    5133    4758    
CTETRA  18661   1       2826    1869    1940    1941    
CTETRA  18662   1       3178    893     6316    5769    
CTETRA  18663   1       6051    1946    5991    5992    
CTETRA  18664   1       799     371     2581    2111    
CTETRA  18665   1       3695    462     461     2708    
CTETRA  18666   1       1438    2226    1426    2227    
CTETRA  18667   1       1464    2081    1463    2080    
CTETRA  18668   1       2081    1463    655     1464    
CTETRA  18669   1       3197    2197    1839    1840    
CTETRA  18670   1       377     380     1320    1311    
CTETRA  18671   1       4175    800     802     3092    
CTETRA  18672   1       697     694     2671    2939    
CTETRA  18673   1       2309    1836    2943    1834    
CTETRA  18674   1       1589    2847    263     2088    
CTETRA  18675   1       2138    2669    694     2939    
CTETRA  18676   1       3124    791     2897    4188    
CTETRA  18677   1       2625    3970    2058    2626    
CTETRA  18678   1       5884    5885    6353    6248    
CTETRA  18679   1       3888    83      1374    2603    
CTETRA  18680   1       2067    3271    28      1396    
CTETRA  18681   1       1835    1931    1942    1933    
CTETRA  18682   1       3608    3790    6335    5075    
CTETRA  18683   1       1050    1084    1037    3549    
CTETRA  18684   1       1127    2674    2899    1241    
CTETRA  18685   1       6368    6177    4246    2152    
CTETRA  18686   1       2544    717     804     831     
CTETRA  18687   1       1445    1442    1441    1446    
CTETRA  18688   1       2256    2258    1983    2257    
CTETRA  18689   1       1864    2018    2102    2020    
CTETRA  18690   1       1246    2450    3278    1364    
CTETRA  18691   1       1923    5025    1925    2437    
CTETRA  18692   1       1941    2547    1940    2762    
CTETRA  18693   1       2865    3341    2857    3404    
CTETRA  18694   1       1291    1188    452     1364    
CTETRA  18695   1       3272    3260    1939    2547    
CTETRA  18696   1       2857    1037    3341    3346    
CTETRA  18697   1       1969    1991    403     1492    
CTETRA  18698   1       1900    3626    615     2420    
CTETRA  18699   1       1404    1406    1405    1415    
CTETRA  18700   1       2544    715     2543    2189    
CTETRA  18701   1       2207    2897    791     1244    
CTETRA  18702   1       795     667     668     736     
CTETRA  18703   1       2021    2644    2212    2211    
CTETRA  18704   1       2547    1939    3747    2762    
CTETRA  18705   1       596     594     432     2132    
CTETRA  18706   1       371     373     372     3750    
CTETRA  18707   1       1274    2674    2588    1241    
CTETRA  18708   1       2582    2810    1454    2938    
CTETRA  18709   1       2420    633     1691    3626    
CTETRA  18710   1       1344    1346    1345    1256    
CTETRA  18711   1       1472    1466    1898    1465    
CTETRA  18712   1       1281    2562    1280    2546    
CTETRA  18713   1       3547    4933    5112    4931    
CTETRA  18714   1       2268    810     695     811     
CTETRA  18715   1       1416    1415    1319    3472    
CTETRA  18716   1       3330    2898    3329    1184    
CTETRA  18717   1       573     572     3189    2075    
CTETRA  18718   1       1707    3851    3681    3680    
CTETRA  18719   1       2203    2202    2717    2716    
CTETRA  18720   1       5005    5481    5003    6446    
CTETRA  18721   1       4181    6316    3791    4180    
CTETRA  18722   1       1494    403     1457    2565    
CTETRA  18723   1       2050    1352    304     1386    
CTETRA  18724   1       1241    3458    2588    2675    
CTETRA  18725   1       2255    402     3545    2738    
CTETRA  18726   1       3788    2366    439     436     
CTETRA  18727   1       2208    2207    3330    1280    
CTETRA  18728   1       2805    362     1434    2052    
CTETRA  18729   1       821     662     661     3535    
CTETRA  18730   1       1345    1250    2024    1251    
CTETRA  18731   1       3395    3180    1275    1260    
CTETRA  18732   1       3056    3058    766     3298    
CTETRA  18733   1       3411    4018    3831    1333    
CTETRA  18734   1       1460    1464    2565    1458    
CTETRA  18735   1       2582    3594    3593    2810    
CTETRA  18736   1       2437    1925    1923    2762    
CTETRA  18737   1       1283    2208    791     3347    
CTETRA  18738   1       3329    2677    3330    1184    
CTETRA  18739   1       5881    6251    6174    6413    
CTETRA  18740   1       3174    3711    5076    5077    
CTETRA  18741   1       1946    5299    5800    1947    
CTETRA  18742   1       1479    1495    1496    1429    
CTETRA  18743   1       502     2162    4144    3512    
CTETRA  18744   1       317     319     343     1331    
CTETRA  18745   1       3036    2163    3762    3331    
CTETRA  18746   1       792     791     1283    1261    
CTETRA  18747   1       705     607     3392    1985    
CTETRA  18748   1       2562    3277    1281    1280    
CTETRA  18749   1       1300    3602    1278    1277    
CTETRA  18750   1       2483    2981    2980    2479    
CTETRA  18751   1       1517    3193    2095    1433    
CTETRA  18752   1       2964    616     3138    1692    
CTETRA  18753   1       2050    1401    1352    3473    
CTETRA  18754   1       367     2068    2026    1353    
CTETRA  18755   1       629     255     2030    1775    
CTETRA  18756   1       1292    3497    1293    2365    
CTETRA  18757   1       3532    2981    889     2479    
CTETRA  18758   1       1341    1343    1342    1528    
CTETRA  18759   1       4036    2398    3933    2393    
CTETRA  18760   1       1249    332     329     301     
CTETRA  18761   1       1515    5020    1516    3379    
CTETRA  18762   1       1332    2991    2200    3213    
CTETRA  18763   1       1299    2991    2867    3213    
CTETRA  18764   1       305     304     303     1352    
CTETRA  18765   1       5635    3762    3798    3036    
CTETRA  18766   1       1352    3473    3084    1393    
CTETRA  18767   1       4180    4574    3789    4573    
CTETRA  18768   1       1495    1479    2033    1481    
CTETRA  18769   1       2018    1888    2102    2020    
CTETRA  18770   1       364     2805    2231    2480    
CTETRA  18771   1       5631    2347    5870    2491    
CTETRA  18772   1       462     2941    2708    2601    
CTETRA  18773   1       1515    5020    2700    1516    
CTETRA  18774   1       1319    1414    1415    1416    
CTETRA  18775   1       148     165     1910    1469    
CTETRA  18776   1       3571    3570    2008    2238    
CTETRA  18777   1       2983    3007    5633    2985    
CTETRA  18778   1       1320    1319    377     1311    
CTETRA  18779   1       1876    813     595     1453    
CTETRA  18780   1       1839    591     593     1461    
CTETRA  18781   1       1497    1479    436     2227    
CTETRA  18782   1       1345    1253    2064    2024    
CTETRA  18783   1       1708    3850    3680    5177    
CTETRA  18784   1       2236    2233    801     802     
CTETRA  18785   1       5005    5004    5481    6446    
CTETRA  18786   1       2163    3558    2208    3036    
CTETRA  18787   1       6145    5005    5003    6446    
CTETRA  18788   1       3184    5281    4085    3183    
CTETRA  18789   1       1436    2729    1383    1437    
CTETRA  18790   1       1327    5148    5807    3351    
CTETRA  18791   1       6175    6251    6174    5881    
CTETRA  18792   1       2567    893     4181    2259    
CTETRA  18793   1       1240    2207    2898    3331    
CTETRA  18794   1       2939    2669    2670    2668    
CTETRA  18795   1       668     713     684     666     
CTETRA  18796   1       2096    1299    2867    3213    
CTETRA  18797   1       2661    302     334     2660    
CTETRA  18798   1       3375    3639    1379    1393    
CTETRA  18799   1       2353    1481    1429    2756    
CTETRA  18800   1       1345    1344    1256    1250    
CTETRA  18801   1       3404    3463    2865    3474    
CTETRA  18802   1       5230    3714    2239    1825    
CTETRA  18803   1       1178    6479    1194    1215    
CTETRA  18804   1       6350    1946    6051    5802    
CTETRA  18805   1       3626    3138    616     1692    
CTETRA  18806   1       3177    3178    6188    3587    
CTETRA  18807   1       1292    1149    3497    2365    
CTETRA  18808   1       1041    2899    1199    1127    
CTETRA  18809   1       1038    5172    1194    1215    
CTETRA  18810   1       2814    3740    5738    3138    
CTETRA  18811   1       2412    2401    1040    2327    
CTETRA  18812   1       3461    1245    359     1368    
CTETRA  18813   1       437     438     2367    1435    
CTETRA  18814   1       2336    2953    3561    3560    
CTETRA  18815   1       211     6373    5059    6384    
CTETRA  18816   1       762     761     2985    2402    
CTETRA  18817   1       522     100     521     6417    
CTETRA  18818   1       3178    3177    5769    4573    
CTETRA  18819   1       1149    6329    3497    2365    
CTETRA  18820   1       2868    2341    1688    2098    
CTETRA  18821   1       1775    1779    629     1773    
CTETRA  18822   1       3350    2341    2933    2429    
CTETRA  18823   1       6424    4421    5573    2333    
CTETRA  18824   1       4022    2434    3747    1939    
CTETRA  18825   1       2401    1040    2327    2900    
CTETRA  18826   1       3547    5281    2183    4932    
CTETRA  18827   1       685     730     731     1089    
CTETRA  18828   1       164     166     165     1468    
CTETRA  18829   1       1590    1375    83      1592    
CTETRA  18830   1       1880    5970    1877    5462    
CTETRA  18831   1       3188    3189    2075    3785    
CTETRA  18832   1       2052    1383    362     1384    
CTETRA  18833   1       2438    2324    2866    3270    
CTETRA  18834   1       1525    2576    1527    1524    
CTETRA  18835   1       1864    3083    2018    3238    
CTETRA  18836   1       813     595     596     1876    
CTETRA  18837   1       1344    1256    1255    2067    
CTETRA  18838   1       1346    2247    2246    1256    
CTETRA  18839   1       1369    2287    1362    1289    
CTETRA  18840   1       4874    3547    5112    2436    
CTETRA  18841   1       2772    1841    1843    2218    
CTETRA  18842   1       4188    3124    791     1244    
CTETRA  18843   1       377     379     317     1325    
CTETRA  18844   1       883     2336    3561    3560    
CTETRA  18845   1       1332    2200    1328    3213    
CTETRA  18846   1       2868    2429    2341    2098    
CTETRA  18847   1       1905    3018    573     1904    
CTETRA  18848   1       6316    3791    4574    5603    
CTETRA  18849   1       2576    4277    1440    1524    
CTETRA  18850   1       1902    3378    3138    1692    
CTETRA  18851   1       1401    3473    1379    3084    
CTETRA  18852   1       3092    4175    402     2356    
CTETRA  18853   1       2563    1280    2562    2545    
CTETRA  18854   1       1495    1479    1497    2033    
CTETRA  18855   1       666     713     712     2001    
CTETRA  18856   1       1842    2212    2772    1843    
CTETRA  18857   1       3796    3375    1392    3639    
CTETRA  18858   1       374     376     5558    3857    
CTETRA  18859   1       4756    4757    5954    4758    
CTETRA  18860   1       668     684     691     666     
CTETRA  18861   1       2991    2096    3213    1269    
CTETRA  18862   1       3138    5738    2814    3020    
CTETRA  18863   1       6118    1321    337     6079    
CTETRA  18864   1       1494    1991    1969    1492    
CTETRA  18865   1       1838    1840    594     2132    
CTETRA  18866   1       402     2253    2356    3616    
CTETRA  18867   1       2942    1841    1842    2589    
CTETRA  18868   1       1244    2161    2162    2163    
CTETRA  18869   1       2991    1332    1348    3213    
CTETRA  18870   1       1839    1863    2101    1461    
CTETRA  18871   1       1410    2368    2410    2296    
CTETRA  18872   1       2349    2412    2401    1040    
CTETRA  18873   1       609     608     2349    1040    
CTETRA  18874   1       1986    840     3466    3585    
CTETRA  18875   1       3330    3277    2208    1280    
CTETRA  18876   1       2141    2133    623     2631    
CTETRA  18877   1       2434    2433    4022    5029    
CTETRA  18878   1       3392    704     705     1985    
CTETRA  18879   1       2141    1839    591     1838    
CTETRA  18880   1       572     571     573     1905    
CTETRA  18881   1       1292    496     495     2365    
CTETRA  18882   1       4720    6179    1268    4723    
CTETRA  18883   1       3522    706     1261    3852    
CTETRA  18884   1       799     4175    1456    3847    
CTETRA  18885   1       4874    5029    5112    3144    
CTETRA  18886   1       6326    475     476     5052    
CTETRA  18887   1       2412    3463    2865    1054    
CTETRA  18888   1       402     1493    3847    1494    
CTETRA  18889   1       1083    1085    481     1217    
CTETRA  18890   1       6176    6248    6221    2153    
CTETRA  18891   1       2627    2058    3602    1299    
CTETRA  18892   1       2582    2810    2938    4236    
CTETRA  18893   1       2096    2867    2991    3213    
CTETRA  18894   1       4022    3272    3260    1939    
CTETRA  18895   1       3793    651     653     3933    
CTETRA  18896   1       379     1414    1323    1325    
CTETRA  18897   1       2810    2582    3594    4236    
CTETRA  18898   1       2582    1455    2342    2110    
CTETRA  18899   1       1876    591     1838    1453    
CTETRA  18900   1       3626    1902    3138    1692    
CTETRA  18901   1       3124    790     791     1244    
CTETRA  18902   1       2586    1045    762     3618    
CTETRA  18903   1       893     2567    2566    2259    
CTETRA  18904   1       3473    1401    1352    3084    
CTETRA  18905   1       439     436     1479    3788    
CTETRA  18906   1       1841    2772    1843    1842    
CTETRA  18907   1       3788    2366    436     1480    
CTETRA  18908   1       1436    1430    1380    1431    
CTETRA  18909   1       2576    1990    2430    2294    
CTETRA  18910   1       6408    3280    3281    4032    
CTETRA  18911   1       1493    371     2293    1492    
CTETRA  18912   1       2368    3054    2410    2296    
CTETRA  18913   1       1326    6343    2670    1266    
CTETRA  18914   1       3272    1454    2738    4024    
CTETRA  18915   1       1527    2430    1442    2947    
CTETRA  18916   1       1947    5800    1946    5802    
CTETRA  18917   1       2208    791     2207    1280    
CTETRA  18918   1       2941    461     462     2708    
CTETRA  18919   1       2897    1263    4188    1244    
CTETRA  18920   1       2546    2562    1282    2545    
CTETRA  18921   1       660     662     661     821     
CTETRA  18922   1       705     706     3522    3852    
CTETRA  18923   1       2576    1527    1440    2947    
CTETRA  18924   1       2033    1479    1497    2227    
CTETRA  18925   1       2524    2133    2523    2631    
CTETRA  18926   1       2401    2412    2866    2327    
CTETRA  18927   1       5800    5992    1946    5802    
CTETRA  18928   1       1260    3522    3852    3345    
CTETRA  18929   1       476     5405    6326    5052    
CTETRA  18930   1       1493    3091    3750    1494    
CTETRA  18931   1       2023    1603    1602    5455    
CTETRA  18932   1       4180    3178    6316    4573    
CTETRA  18933   1       792     1242    3512    1244    
CTETRA  18934   1       212     59      60      1006    
CTETRA  18935   1       3177    6188    3178    5769    
CTETRA  18936   1       2848    263     2847    2088    
CTETRA  18937   1       3853    5276    1774    1773    
CTETRA  18938   1       666     712     684     2001    
CTETRA  18939   1       1891    1911    418     1910    
CTETRA  18940   1       3058    2309    766     3298    
CTETRA  18941   1       3639    1380    1379    1393    
CTETRA  18942   1       3392    706     1261    3522    
CTETRA  18943   1       2236    801     800     802     
CTETRA  18944   1       1282    1280    2562    2546    
CTETRA  18945   1       1902    2420    3402    2421    
CTETRA  18946   1       3831    3286    1302    4048    
CTETRA  18947   1       4161    3329    2898    1184    
CTETRA  18948   1       1587    1688    1598    1687    
CTETRA  18949   1       6248    5884    5885    6345    
CTETRA  18950   1       3392    1260    609     3522    
CTETRA  18951   1       3375    3794    3796    1392    
CTETRA  18952   1       685     684     712     2001    
CTETRA  18953   1       5519    6077    6120    5914    
CTETRA  18954   1       4182    3585    4181    3587    
CTETRA  18955   1       2900    1039    1041    3396    
CTETRA  18956   1       1324    317     379     1325    
CTETRA  18957   1       638     2439    2368    2034    
CTETRA  18958   1       1456    3545    2738    1454    
CTETRA  18959   1       2052    1987    1436    1384    
CTETRA  18960   1       2661    333     334     1257    
CTETRA  18961   1       1369    1289    1287    1288    
CTETRA  18962   1       4161    1240    3331    3761    
CTETRA  18963   1       571     572     573     2237    
CTETRA  18964   1       3512    792     502     1260    
CTETRA  18965   1       2674    2899    1041    1127    
CTETRA  18966   1       3197    2020    2523    1461    
CTETRA  18967   1       2898    3331    3329    4161    
CTETRA  18968   1       1380    2480    2231    1430    
CTETRA  18969   1       1940    1941    2762    1924    
CTETRA  18970   1       360     1246    2450    3278    
CTETRA  18971   1       1240    4161    3331    2898    
CTETRA  18972   1       2991    2200    2992    1332    
CTETRA  18973   1       1380    2480    2729    2231    
CTETRA  18974   1       616     633     615     3626    
CTETRA  18975   1       380     1416    1320    2120    
CTETRA  18976   1       1261    792     1260    3852    
CTETRA  18977   1       3205    5558    3204    5559    
CTETRA  18978   1       1428    1495    2033    3376    
CTETRA  18979   1       3221    5573    4421    2333    
CTETRA  18980   1       3596    1599    2684    3981    
CTETRA  18981   1       6188    3586    5450    3179    
CTETRA  18982   1       1588    1443    1446    1587    
CTETRA  18983   1       301     748     332     3458    
CTETRA  18984   1       3138    2814    614     3020    
CTETRA  18985   1       2089    367     365     3354    
CTETRA  18986   1       3256    3596    2684    3981    
CTETRA  18987   1       3017    3018    2428    573     
CTETRA  18988   1       1592    1590    1375    3317    
CTETRA  18989   1       2336    3561    2953    6135    
CTETRA  18990   1       2465    2078    1588    2100    
CTETRA  18991   1       1699    515     514     2121    
CTETRA  18992   1       3138    615     616     614     
CTETRA  18993   1       2052    1436    1383    1384    
CTETRA  18994   1       1986    840     3208    3466    
CTETRA  18995   1       817     696     816     2809    
CTETRA  18996   1       5029    2434    2433    4874    
CTETRA  18997   1       3587    4182    1986    3179    
CTETRA  18998   1       1318    2571    1405    1306    
CTETRA  18999   1       1465    1898    1472    1899    
CTETRA  19000   1       4346    6023    5450    3179    
CTETRA  19001   1       6120    6111    5519    5914    
CTETRA  19002   1       3585    4182    3466    3587    
CTETRA  19003   1       1495    3376    1427    2756    
CTETRA  19004   1       1517    1989    2041    2354    
CTETRA  19005   1       3466    3467    1986    4182    
CTETRA  19006   1       2102    2826    2018    1864    
CTETRA  19007   1       1184    3330    2898    1259    
CTETRA  19008   1       2434    5029    5028    4874    
CTETRA  19009   1       3178    4181    3585    3587    
CTETRA  19010   1       1248    3458    1241    2675    
CTETRA  19011   1       3820    5063    1829    3819    
CTETRA  19012   1       1256    1344    2247    2067    
CTETRA  19013   1       3271    1344    1255    2067    
CTETRA  19014   1       2231    3639    364     2729    
CTETRA  19015   1       2019    3197    2020    2523    
CTETRA  19016   1       2327    1054    2866    2324    
CTETRA  19017   1       3586    6188    3587    3179    
CTETRA  19018   1       2141    1840    1838    2132    
CTETRA  19019   1       1941    1869    2763    1864    
CTETRA  19020   1       5916    5915    4927    6170    
CTETRA  19021   1       5499    2081    655     3666    
CTETRA  19022   1       3559    882     6315    4575    
CTETRA  19023   1       1410    638     2368    2034    
CTETRA  19024   1       2847    1357    263     2848    
CTETRA  19025   1       2869    1685    2341    3017    
CTETRA  19026   1       2230    2051    2480    2805    
CTETRA  19027   1       1249    332     301     1955    
CTETRA  19028   1       3277    2677    3330    3329    
CTETRA  19029   1       1859    1316    1860    1315    
CTETRA  19030   1       2111    2194    2581    1455    
CTETRA  19031   1       2153    6176    6248    5883    
CTETRA  19032   1       3467    3208    1964    899     
CTETRA  19033   1       591     1839    2141    1461    
CTETRA  19034   1       6208    525     294     6100    
CTETRA  19035   1       1404    1319    1405    1318    
CTETRA  19036   1       792     1242    1244    790     
CTETRA  19037   1       6329    3496    3497    5571    
CTETRA  19038   1       2184    4932    2183    2185    
CTETRA  19039   1       2041    1990    2576    1989    
CTETRA  19040   1       1492    403     1969    1494    
CTETRA  19041   1       573     2429    3017    571     
CTETRA  19042   1       2565    403     402     1494    
CTETRA  19043   1       4036    3450    3267    3933    
CTETRA  19044   1       739     1323    378     379     
CTETRA  19045   1       1246    360     1363    3278    
CTETRA  19046   1       5897    5319    5896    5895    
CTETRA  19047   1       2687    100     6417    4292    
CTETRA  19048   1       1502    6106    1503    3875    
CTETRA  19049   1       792     1260    3852    3345    
CTETRA  19050   1       609     2349    2402    1040    
CTETRA  19051   1       2428    573     2429    3017    
CTETRA  19052   1       2772    2212    1842    2885    
CTETRA  19053   1       1009    892     2567    2566    
CTETRA  19054   1       4263    1904    572     3189    
CTETRA  19055   1       2032    1460    2080    807     
CTETRA  19056   1       2826    2102    1869    1864    
CTETRA  19057   1       4018    3286    3831    4048    
CTETRA  19058   1       1840    2141    2133    2132    
CTETRA  19059   1       318     319     730     1089    
CTETRA  19060   1       1497    2577    2033    2227    
CTETRA  19061   1       668     691     795     692     
CTETRA  19062   1       3639    2231    1380    2729    
CTETRA  19063   1       4758    5133    5948    4294    
CTETRA  19064   1       2826    1888    2102    2018    
CTETRA  19065   1       1283    1280    2208    2563    
CTETRA  19066   1       3847    371     799     3750    
CTETRA  19067   1       2051    2229    2230    2480    
CTETRA  19068   1       766     3056    3298    1832    
CTETRA  19069   1       3858    374     5559    5557    
CTETRA  19070   1       1280    2208    791     1283    
CTETRA  19071   1       736     668     795     692     
CTETRA  19072   1       4023    1827    4263    5063    
CTETRA  19073   1       6135    4346    5450    3179    
CTETRA  19074   1       3968    4720    1268    4723    
CTETRA  19075   1       3177    6188    5450    3179    
CTETRA  19076   1       739     1323    379     1414    
CTETRA  19077   1       2101    1863    1839    2197    
CTETRA  19078   1       1293    3497    5571    2365    
CTETRA  19079   1       2545    2563    1283    3347    
CTETRA  19080   1       1501    6106    1503    1502    
CTETRA  19081   1       3750    3091    348     1494    
CTETRA  19082   1       2051    1436    2480    2052    
CTETRA  19083   1       3138    615     1902    3626    
CTETRA  19084   1       776     2571    1318    1306    
CTETRA  19085   1       2480    1436    2729    2052    
CTETRA  19086   1       5995    6179    5485    6343    
CTETRA  19087   1       6408    3281    3280    3185    
CTETRA  19088   1       2133    430     3197    1840    
CTETRA  19089   1       4182    1986    3466    3587    
CTETRA  19090   1       1199    1039    1041    2900    
CTETRA  19091   1       6248    2153    5883    6345    
CTETRA  19092   1       2885    1842    2772    2589    
CTETRA  19093   1       638     2439    1435    2368    
CTETRA  19094   1       2029    3681    254     1703    
CTETRA  19095   1       1318    1405    1404    1306    
CTETRA  19096   1       5573    4212    4421    6424    
CTETRA  19097   1       5637    6315    882     4575    
CTETRA  19098   1       2865    1054    3463    3404    
CTETRA  19099   1       2857    2866    2324    3270    
CTETRA  19100   1       6316    4574    3791    4180    
CTETRA  19101   1       377     380     1416    1320    
CTETRA  19102   1       2581    371     799     1456    
CTETRA  19103   1       2706    2708    2601    2705    
CTETRA  19104   1       3175    5075    5076    856     
CTETRA  19105   1       2577    409     2033    2227    
CTETRA  19106   1       1436    2051    1430    1431    
CTETRA  19107   1       3545    402     1456    2738    
CTETRA  19108   1       3795    1401    3473    1379    
CTETRA  19109   1       3177    5450    6023    3179    
CTETRA  19110   1       1199    2324    2900    2438    
CTETRA  19111   1       2111    2581    799     1456    
CTETRA  19112   1       4239    6404    5659    1335    
CTETRA  19113   1       4020    4019    4018    1335    
CTETRA  19114   1       615     3138    616     3626    
CTETRA  19115   1       1598    528     633     3620    
CTETRA  19116   1       4262    3714    1828    1829    
CTETRA  19117   1       3789    4573    3559    3862    
CTETRA  19118   1       3197    2523    2133    2141    
CTETRA  19119   1       1954    2661    302     1257    
CTETRA  19120   1       4346    3177    6023    3179    
CTETRA  19121   1       1186    1267    2678    3214    
CTETRA  19122   1       2229    2231    2230    2480    
CTETRA  19123   1       1456    371     799     3847    
CTETRA  19124   1       2020    1864    2018    3238    
CTETRA  19125   1       1905    573     572     1904    
CTETRA  19126   1       2410    1435    2367    2368    
CTETRA  19127   1       3256    5177    3596    3981    
CTETRA  19128   1       2212    2885    2070    2021    
CTETRA  19129   1       346     798     800     2236    
CTETRA  19130   1       795     672     734     692     
CTETRA  19131   1       347     807     1460    1457    
CTETRA  19132   1       4180    6316    4574    4573    
CTETRA  19133   1       2480    2231    2230    2805    
CTETRA  19134   1       883     3559    3561    3862    
CTETRA  19135   1       2248    3257    3850    5177    
CTETRA  19136   1       1260    3618    2586    502     
CTETRA  19137   1       2420    615     633     3626    
CTETRA  19138   1       1199    1039    2899    1041    
CTETRA  19139   1       3197    2523    2141    1461    
CTETRA  19140   1       346     800     2564    2236    
CTETRA  19141   1       2141    2133    3197    1840    
CTETRA  19142   1       3596    3257    2249    5177    
CTETRA  19143   1       5485    6342    5995    6343    
CTETRA  19144   1       408     410     409     1426    
CTETRA  19145   1       1429    1495    1427    2756    
CTETRA  19146   1       2799    5826    5243    1777    
CTETRA  19147   1       4835    4834    4041    3153    
CTETRA  19148   1       6052    1946    6051    6350    
CTETRA  19149   1       3466    3208    3467    900     
CTETRA  19150   1       100     522     2419    6417    
CTETRA  19151   1       1502    3875    3876    2724    
CTETRA  19152   1       2430    1588    1527    1442    
CTETRA  19153   1       4041    4834    4160    3153    
CTETRA  19154   1       3585    3466    1986    3587    
CTETRA  19155   1       377     739     1414    1416    
CTETRA  19156   1       5571    3497    6329    2365    
CTETRA  19157   1       1502    3875    2724    6117    
CTETRA  19158   1       2523    2133    2141    2631    
CTETRA  19159   1       2197    2101    1865    1866    
CTETRA  19160   1       3496    3565    5879    3975    
CTETRA  19161   1       1876    596     813     1453    
CTETRA  19162   1       1446    1445    1588    2100    
CTETRA  19163   1       4188    791     2897    1244    
CTETRA  19164   1       5916    4927    2492    6170    
CTETRA  19165   1       1326    6343    1266    1328    
CTETRA  19166   1       5485    6342    2670    2668    
CTETRA  19167   1       1429    1479    1495    1481    
CTETRA  19168   1       4236    2938    1903    5063    
CTETRA  19169   1       379     739     377     378     
CTETRA  19170   1       2095    1517    1521    1522    
CTETRA  19171   1       5243    5374    2799    2798    
CTETRA  19172   1       2576    1527    1524    1440    
CTETRA  19173   1       2805    2051    2480    2052    
CTETRA  19174   1       4046    3204    375     4942    
CTETRA  19175   1       3007    2983    503     2985    
CTETRA  19176   1       2941    2731    461     2708    
CTETRA  19177   1       1428    1496    4135    1497    
CTETRA  19178   1       1280    2562    2208    2563    
CTETRA  19179   1       3981    3256    5177    2683    
CTETRA  19180   1       379     377     739     1414    
CTETRA  19181   1       1911    149     148     1910    
CTETRA  19182   1       373     1493    2293    2266    
CTETRA  19183   1       2420    615     634     633     
CTETRA  19184   1       5991    6052    1946    6051    
CTETRA  19185   1       2341    1685    2869    2868    
CTETRA  19186   1       1460    2565    347     1457    
CTETRA  19187   1       840     1985    1986    3208    
CTETRA  19188   1       3473    1379    3084    1393    
CTETRA  19189   1       3395    1045    2586    3618    
CTETRA  19190   1       5405    6034    6326    5052    
CTETRA  19191   1       633     528     2420    2422    
CTETRA  19192   1       734     736     795     692     
CTETRA  19193   1       1588    1442    1445    1446    
CTETRA  19194   1       3587    6188    3177    3179    
CTETRA  19195   1       3017    573     571     1905    
CTETRA  19196   1       3397    2430    1442    2294    
CTETRA  19197   1       2066    1256    2247    2067    
CTETRA  19198   1       2581    2111    1455    1456    
CTETRA  19199   1       1282    2562    1280    2545    
CTETRA  19200   1       2857    2323    2866    1054    
CTETRA  19201   1       1503    1502    3875    3876    
CTETRA  19202   1       3208    3467    901     899     
CTETRA  19203   1       374     3858    3857    5557    
CTETRA  19204   1       373     1493    3091    3750    
CTETRA  19205   1       706     704     705     3392    
CTETRA  19206   1       729     381     382     1308    
CTETRA  19207   1       3177    3178    4180    4573    
CTETRA  19208   1       6477    1891    418     1910    
CTETRA  19209   1       2183    4933    3547    4932    
CTETRA  19210   1       615     614     2874    2875    
CTETRA  19211   1       2981    888     3532    889     
CTETRA  19212   1       5374    646     5243    2799    
CTETRA  19213   1       403     1493    402     1494    
CTETRA  19214   1       1521    2095    1522    2094    
CTETRA  19215   1       2324    2866    2900    2438    
CTETRA  19216   1       2868    2429    571     3017    
CTETRA  19217   1       1562    514     515     2121    
CTETRA  19218   1       5177    3596    3257    3256    
CTETRA  19219   1       6353    6344    6171    5884    
CTETRA  19220   1       514     513     515     1699    
CTETRA  19221   1       2938    4263    1903    5063    
CTETRA  19222   1       2729    364     2231    2480    
CTETRA  19223   1       379     377     380     378     
CTETRA  19224   1       2562    2208    3277    1280    
CTETRA  19225   1       3559    3179    3561    3862    
CTETRA  19226   1       790     792     791     1244    
CTETRA  19227   1       1874    1305    1407    2571    
CTETRA  19228   1       332     748     301     1955    
CTETRA  19229   1       1459    3376    2756    2032    
CTETRA  19230   1       3559    4573    3179    3862    
CTETRA  19231   1       1481    1495    1429    2756    
CTETRA  19232   1       2431    3091    348     3750    
CTETRA  19233   1       1320    1416    1319    3472    
CTETRA  19234   1       901     3467    3208    900     
CTETRA  19235   1       1891    418     419     6477    
CTETRA  19236   1       334     302     2661    1257    
CTETRA  19237   1       418     419     440     1891    
CTETRA  19238   1       5954    4756    4295    4293    
CTETRA  19239   1       1986    840     3585    1984    
CTETRA  19240   1       3467    1986    3208    3466    
CTETRA  19241   1       5556    1592    1375    3317    
CTETRA  19242   1       571     2869    2868    3017    
CTETRA  19243   1       2586    762     502     3618    
CTETRA  19244   1       3847    1493    371     3750    
CTETRA  19245   1       376     374     5558    3205    
CTETRA  19246   1       1414    1319    377     1416    
CTETRA  19247   1       2327    1040    1039    2900    
CTETRA  19248   1       3124    4188    1242    1244    
CTETRA  19249   1       4018    4020    1335    1333    
CTETRA  19250   1       403     1493    1492    402     
CTETRA  19251   1       2141    1839    3197    1461    
CTETRA  19252   1       2563    1283    1280    2545    
CTETRA  19253   1       1598    1687    528     3620    
CTETRA  19254   1       6446    6106    6145    1501    
CTETRA  19255   1       5954    4757    4756    4293    
CTETRA  19256   1       402     403     2253    1492    
CTETRA  19257   1       1292    495     1149    2365    
CTETRA  19258   1       1440    1527    1442    2947    
CTETRA  19259   1       2141    3197    1839    1840    
CTETRA  19260   1       3587    1986    3586    3179    
CTETRA  19261   1       3561    3177    4346    3179    
CTETRA  19262   1       1503    6145    6106    1501    
CTETRA  19263   1       6135    3561    4346    3179    
CTETRA  19264   1       377     1319    1414    1325    
CTETRA  19265   1       1256    2247    2246    2066    
CTETRA  19266   1       373     1493    2266    3091    
CTETRA  19267   1       3376    2216    1427    2756    
CTETRA  19268   1       1199    2324    2327    2900    
CTETRA  19269   1       5954    4295    5955    4293    
CTETRA  19270   1       5133    5562    5948    4294    
CTETRA  19271   1       683     681     2079    2596    
CTETRA  19272   1       2253    2255    402     1492    
CTETRA  19273   1       1242    790     3124    1244    
CTETRA  19274   1       3850    1708    2248    5177    
CTETRA  19275   1       3616    2356    402     2738    
CTETRA  19276   1       1986    1985    840     1984    
CTETRA  19277   1       1841    2772    1842    2589    
CTETRA  19278   1       1588    1442    1440    1527    
CTETRA  19279   1       2327    1039    1199    2900    
CTETRA  19280   1       1456    1455    2581    3545    
CTETRA  19281   1       2323    2324    2866    1054    
CTETRA  19282   1       373     371     1493    3750    
CTETRA  19283   1       5076    3606    3174    5077    
CTETRA  19284   1       1493    2266    3091    1494    
CTETRA  19285   1       1516    6452    3379    5020    
CTETRA  19286   1       2866    2324    2323    2857    
CTETRA  19287   1       801     800     802     4175    
CTETRA  19288   1       2293    1493    1492    2266    
CTETRA  19289   1       5481    5004    5005    5003    
CTETRA  19290   1       2868    2341    2429    3017    
CTETRA  19291   1       379     377     1414    1325    
CTETRA  19292   1       3350    2429    2933    3150    
CTETRA  19293   1       2324    2866    2327    2900    
CTETRA  19294   1       5561    5949    5133    5562    
CTETRA  19295   1       1527    1443    1440    1588    
CTETRA  19296   1       4180    3179    3177    4573    
CTETRA  19297   1       1416    1319    377     1320    
CTETRA  19298   1       374     5558    3205    5559    
CTETRA  19299   1       685     666     684     2001    
CTETRA  19300   1       1839    2141    1840    1838    
CTETRA  19301   1       705     706     3392    3522    
CTETRA  19302   1       2868    2869    2341    3017    
CTETRA  19303   1       1941    1940    2826    1924    
CTETRA  19304   1       1282    1280    1283    2545    
CTETRA  19305   1       2266    1493    1492    1494    
CTETRA  19306   1       681     683     698     2596    
CTETRA  19307   1       799     798     779     801     
CTETRA  19308   1       2933    2429    2341    3017    
CTETRA  19309   1       5562    5949    5133    5948    
CTETRA  19310   1       3397    1442    1441    1444    
CTETRA  19311   1       2398    4036    3450    2139    
CTETRA  19312   1       813     812     814     1453    
CTETRA  19313   1       1389    4246    2958    4245    
CTETRA  19314   1       4758    4756    5133    4294    
CTETRA  19315   1       4639    4640    2983    5633    
CTETRA  19316   1       1627    1101    1102    1099    
CTETRA  19317   1       633     1690    1691    635     
CTETRA  19318   1       1424    2764    4270    6488    
CTETRA  19319   1       4270    2764    4169    6488    
CTETRA  19320   1       6344    6171    1399    6353    
CTETRA  19321   1       6344    1399    6171    1398    
CTETRA  19322   1       6468    1399    6171    6353    
CTETRA  19323   1       1324    317     2119    379     
CTETRA  19324   1       1324    2119    317     318     
CTETRA  19325   1       2732    3402    1902    4267    
CTETRA  19326   1       1902    3402    2732    2421    
CTETRA  19327   1       2428    799     2111    778     
CTETRA  19328   1       2111    799     2428    3018    
CTETRA  19329   1       1335    4048    4018    3831    
CTETRA  19330   1       1335    4018    4048    4019    
CTETRA  19331   1       2138    2392    1298    2137    
CTETRA  19332   1       2138    1298    2392    2139    
CTETRA  19333   1       1921    116     6484    118     
CTETRA  19334   1       1921    6484    116     2923    
CTETRA  19335   1       1262    1184    3330    2677    
CTETRA  19336   1       1262    3330    1184    1259    
CTETRA  19337   1       844     3179    705     704     
CTETRA  19338   1       844     705     3179    2336    
CTETRA  19339   1       5450    3179    705     2336    
CTETRA  19340   1       6486    1420    1412    1312    
CTETRA  19341   1       6486    1412    1420    5424    
CTETRA  19342   1       5423    1420    1412    5424    
CTETRA  19343   1       1588    84      1443    523     
CTETRA  19344   1       1588    1443    84      1527    
CTETRA  19345   1       1392    3473    3794    1388    
CTETRA  19346   1       814     1857    812     1855    
CTETRA  19347   1       814     812     1857    1453    
CTETRA  19348   1       1004    3689    2891    197     
CTETRA  19349   1       1004    2891    3689    4226    
CTETRA  19350   1       2942    3238    3083    1837    
CTETRA  19351   1       2942    3083    3238    1842    
CTETRA  19352   1       1528    2922    1341    1343    
CTETRA  19353   1       1528    1341    2922    265     
CTETRA  19354   1       5424    1314    1338    1420    
CTETRA  19355   1       5424    1338    1314    6490    
CTETRA  19356   1       4132    1338    1314    1420    
CTETRA  19357   1       4132    1314    1338    6490    
CTETRA  19358   1       1307    6492    1304    1881    
CTETRA  19359   1       1307    1304    6492    383     
CTETRA  19360   1       775     1304    6492    1881    
CTETRA  19361   1       775     6492    1304    383     
CTETRA  19362   1       2065    1369    1288    2287    
CTETRA  19363   1       2065    1288    1369    1285    
CTETRA  19364   1       5815    2516    6251    6174    
CTETRA  19365   1       5815    6251    2516    4283    
CTETRA  19366   1       4913    6251    2516    6174    
CTETRA  19367   1       4913    2516    6251    4283    
CTETRA  19368   1       4046    5558    4942    376     
CTETRA  19369   1       4046    4942    5558    3204    
CTETRA  19370   1       375     4942    3205    376     
CTETRA  19371   1       375     3205    4942    3204    
CTETRA  19372   1       4942    5558    3205    376     
CTETRA  19373   1       4942    3205    5558    3204    
CTETRA  19374   1       6100    5445    6208    6306    
CTETRA  19375   1       1995    5445    6208    3043    
CTETRA  19376   1       1995    6208    5445    6306    
CTETRA  19377   1       1778    2560    3200    1779    
CTETRA  19378   1       1778    3200    2560    1777    
CTETRA  19379   1       5636    3175    858     3790    
CTETRA  19380   1       858     3175    5636    6314    
CTETRA  19381   1       1340    1390    6249    1411    
CTETRA  19382   1       6249    1390    1340    6250    
CTETRA  19383   1       1874    1857    3012    3516    
CTETRA  19384   1       3012    1857    1874    1882    
CTETRA  19385   1       5955    5562    4294    5948    
CTETRA  19386   1       5955    4294    5562    4295    
CTETRA  19387   1       4061    3444    1506    3443    
CTETRA  19388   1       4061    1506    3444    6331    
CTETRA  19389   1       5694    1506    3444    3443    
CTETRA  19390   1       5694    3444    1506    6331    
CTETRA  19391   1       1447    2717    1862    1861    
CTETRA  19392   1       1862    2717    1447    6491    
CTETRA  19393   1       722     721     5538    764     
CTETRA  19394   1       5538    721     722     723     
CTETRA  19395   1       403     2253    2356    402     
CTETRA  19396   1       403     2356    2253    404     
CTETRA  19397   1       2064    1361    1356    1358    
CTETRA  19398   1       2064    1356    1361    2009    
CTETRA  19399   1       651     3036    5635    4282    
CTETRA  19400   1       651     5635    3036    3008    
CTETRA  19401   1       1465    2620    1898    1899    
CTETRA  19402   1       1898    2620    1465    1467    
CTETRA  19403   1       6287    5569    5766    1491    
CTETRA  19404   1       949     2542    555     553     
CTETRA  19405   1       949     555     2542    948     
CTETRA  19406   1       404     1429    2756    2352    
CTETRA  19407   1       404     2756    1429    1427    
CTETRA  19408   1       1904    1455    1454    2582    
CTETRA  19409   1       1904    1454    1455    1456    
CTETRA  19410   1       412     5935    411     413     
CTETRA  19411   1       412     411     5935    6302    
CTETRA  19412   1       2732    3626    1902    2421    
CTETRA  19413   1       2732    1902    3626    3378    
CTETRA  19414   1       6492    812     1854    6305    
CTETRA  19415   1       2756    2352    1458    404     
CTETRA  19416   1       2756    1458    2352    1482    
CTETRA  19417   1       2356    1458    2352    404     
CTETRA  19418   1       2356    2352    1458    1482    
CTETRA  19419   1       1412    1312    1413    338     
CTETRA  19420   1       1904    3018    801     799     
CTETRA  19421   1       1904    801     3018    573     
CTETRA  19422   1       2428    801     3018    799     
CTETRA  19423   1       2428    3018    801     573     
CTETRA  19424   1       1101    834     543     1095    
CTETRA  19425   1       1101    543     834     972     
CTETRA  19426   1       5569    6489    5766    1491    
CTETRA  19427   1       6493    197     1005    5779    
CTETRA  19428   1       6493    1005    197     2891    
CTETRA  19429   1       2547    2351    1868    1940    
CTETRA  19430   1       1482    1868    2351    1940    
CTETRA  19431   1       1482    2351    1868    2356    
CTETRA  19432   1       3213    1269    3968    1268    
CTETRA  19433   1       3213    3968    1269    3214    
CTETRA  19434   1       1267    3968    1269    1268    
CTETRA  19435   1       1267    1269    3968    3214    
CTETRA  19436   1       3519    2697    3520    2696    
CTETRA  19437   1       3519    3520    2697    3951    
CTETRA  19438   1       6490    2697    3520    3951    
CTETRA  19439   1       2350    2939    749     732     
CTETRA  19440   1       2350    749     2939    2940    
CTETRA  19441   1       3272    2738    402     2356    
CTETRA  19442   1       3272    402     2738    1454    
CTETRA  19443   1       1452    796     1310    674     
CTETRA  19444   1       1452    1310    796     6492    
CTETRA  19445   1       2980    3756    2479    2981    
CTETRA  19446   1       2980    2479    3756    5022    
CTETRA  19447   1       6489    4988    2709    5401    
CTETRA  19448   1       6489    2709    4988    4061    
CTETRA  19449   1       1505    3948    1484    643     
CTETRA  19450   1       1484    3948    1505    6276    
CTETRA  19451   1       1484    6489    1505    643     
CTETRA  19452   1       1505    6489    1484    6276    
CTETRA  19453   1       767     766     3056    768     
CTETRA  19454   1       3056    766     767     1832    
CTETRA  19455   1       2011    1276    693     1327    
CTETRA  19456   1       693     1276    2011    1309    
CTETRA  19457   1       3740    3138    3378    2964    
CTETRA  19458   1       3740    3378    3138    2601    
CTETRA  19459   1       2731    3740    3378    2964    
CTETRA  19460   1       2731    3378    3740    2601    
CTETRA  19461   1       2708    3740    2731    2964    
CTETRA  19462   1       2708    2731    3740    2601    
CTETRA  19463   1       1460    2032    2737    1457    
CTETRA  19464   1       2737    2032    1460    1459    
CTETRA  19465   1       2737    1458    1460    1457    
CTETRA  19466   1       1460    1458    2737    1459    
CTETRA  19467   1       212     5679    1005    94      
CTETRA  19468   1       212     1005    5679    211     
CTETRA  19469   1       1448    1898    6491    2717    
CTETRA  19470   1       1448    6491    1898    2620    
CTETRA  19471   1       669     670     2040    671     
CTETRA  19472   1       2040    670     669     948     
CTETRA  19473   1       1981    3060    3894    1982    
CTETRA  19474   1       1981    3894    3060    3059    
CTETRA  19475   1       3190    1903    2814    2874    
CTETRA  19476   1       3190    2814    1903    1828    
CTETRA  19477   1       3138    2814    1903    2874    
CTETRA  19478   1       3138    1903    2814    1828    
CTETRA  19479   1       1302    4018    3831    3411    
CTETRA  19480   1       1302    3831    4018    3286    
CTETRA  19481   1       428     1137    427     3372    
CTETRA  19482   1       427     1137    428     1136    
CTETRA  19483   1       1295    2011    2119    1309    
CTETRA  19484   1       1295    2119    2011    317     
CTETRA  19485   1       5538    722     5589    6167    
CTETRA  19486   1       5538    5589    722     764     
CTETRA  19487   1       2011    1276    2119    1309    
CTETRA  19488   1       2119    1276    2011    318     
CTETRA  19489   1       607     3522    2592    705     
CTETRA  19490   1       607     2592    3522    609     
CTETRA  19491   1       2725    1502    6117    5803    
CTETRA  19492   1       2725    6117    1502    2724    
CTETRA  19493   1       1603    525     6209    524     
CTETRA  19494   1       1603    6209    525     294     
CTETRA  19495   1       6208    6209    525     524     
CTETRA  19496   1       6208    525     6209    294     
CTETRA  19497   1       2682    2256    2269    2258    
CTETRA  19498   1       2682    2269    2256    2901    
CTETRA  19499   1       2257    2269    2256    2258    
CTETRA  19500   1       2257    2256    2269    2901    
CTETRA  19501   1       1854    1855    6492    1881    
CTETRA  19502   1       6492    1855    1854    812     
CTETRA  19503   1       2351    3272    1868    2356    
CTETRA  19504   1       2351    1868    3272    2547    
CTETRA  19505   1       4061    3690    2710    4062    
CTETRA  19506   1       4061    2710    3690    2709    
CTETRA  19507   1       2029    1995    1703    1997    
CTETRA  19508   1       2029    1703    1995    5445    
CTETRA  19509   1       4032    1703    1995    1997    
CTETRA  19510   1       4032    1995    1703    5445    
CTETRA  19511   1       2233    798     801     779     
CTETRA  19512   1       2233    801     798     2236    
CTETRA  19513   1       3027    596     2196    594     
CTETRA  19514   1       3027    2196    596     595     
CTETRA  19515   1       1876    596     2196    595     
CTETRA  19516   1       404     2216    2756    1427    
CTETRA  19517   1       404     2756    2216    2737    
CTETRA  19518   1       1312    1390    2958    5757    
CTETRA  19519   1       2958    1390    1312    338     
CTETRA  19520   1       3522    3345    2586    2592    
CTETRA  19521   1       2586    3345    3522    1260    
CTETRA  19522   1       2586    609     3522    2592    
CTETRA  19523   1       3522    609     2586    1260    
CTETRA  19524   1       1137    428     2558    3372    
CTETRA  19525   1       1137    2558    428     1620    
CTETRA  19526   1       2576    2703    1525    2430    
CTETRA  19527   1       2576    1525    2703    2041    
CTETRA  19528   1       1507    3503    407     4297    
CTETRA  19529   1       1507    407     3503    4296    
CTETRA  19530   1       1864    1837    3238    2689    
CTETRA  19531   1       1864    3238    1837    3083    
CTETRA  19532   1       681     3559    882     6315    
CTETRA  19533   1       681     882     3559    883     
CTETRA  19534   1       1370    3164    4993    4120    
CTETRA  19535   1       1370    4993    3164    1371    
CTETRA  19536   1       5396    4990    1195    5397    
CTETRA  19537   1       1195    4990    5396    6054    
CTETRA  19538   1       1306    1405    636     2571    
CTETRA  19539   1       1306    636     1405    1404    
CTETRA  19540   1       802     1464    3260    3092    
CTETRA  19541   1       802     3260    1464    655     
CTETRA  19542   1       1868    3260    1464    3092    
CTETRA  19543   1       1868    1464    3260    655     
CTETRA  19544   1       3090    1828    1825    2602    
CTETRA  19545   1       3090    1825    1828    5230    
CTETRA  19546   1       3714    1825    1828    2602    
CTETRA  19547   1       3714    1828    1825    5230    
CTETRA  19548   1       2547    1868    1941    1940    
CTETRA  19549   1       2547    1941    1868    1939    
CTETRA  19550   1       3443    3444    6138    416     
CTETRA  19551   1       6138    3444    3443    5694    
CTETRA  19552   1       2350    2940    666     749     
CTETRA  19553   1       3648    3392    704     3436    
CTETRA  19554   1       3648    704     3392    1985    
CTETRA  19555   1       1468    1910    165     1469    
CTETRA  19556   1       2919    2333    3235    3221    
CTETRA  19557   1       2919    3235    2333    2331    
CTETRA  19558   1       1898    1448    1467    1449    
CTETRA  19559   1       1467    1448    1898    2620    
CTETRA  19560   1       502     761     3345    503     
CTETRA  19561   1       502     3345    761     2586    
CTETRA  19562   1       1862    5355    2717    5228    
CTETRA  19563   1       2717    5355    1862    1861    
CTETRA  19564   1       659     657     6494    658     
CTETRA  19565   1       659     6494    657     5887    
CTETRA  19566   1       6483    6494    657     658     
CTETRA  19567   1       6483    657     6494    5887    
CTETRA  19568   1       2851    3181    1755    2850    
CTETRA  19569   1       2851    1755    3181    671     
CTETRA  19570   1       1969    1457    2266    1494    
CTETRA  19571   1       1969    2266    1457    2267    
CTETRA  19572   1       2121    3281    6408    1562    
CTETRA  19573   1       2121    6408    3281    1996    
CTETRA  19574   1       1494    346     3847    2565    
CTETRA  19575   1       1494    3847    346     1493    
CTETRA  19576   1       749     2001    685     1091    
CTETRA  19577   1       749     685     2001    666     
CTETRA  19578   1       693     732     685     1091    
CTETRA  19579   1       693     685     732     666     
CTETRA  19580   1       732     749     685     1091    
CTETRA  19581   1       732     685     749     666     
CTETRA  19582   1       1331    730     381     729     
CTETRA  19583   1       1331    381     730     319     
CTETRA  19584   1       1089    730     381     319     
CTETRA  19585   1       6494    6167    722     5538    
CTETRA  19586   1       6494    722     6167    659     
CTETRA  19587   1       3547    4262    3144    2240    
CTETRA  19588   1       3144    4262    3547    4874    
CTETRA  19589   1       1955    301     1954    748     
CTETRA  19590   1       1368    1954    301     748     
CTETRA  19591   1       1368    301     1954    302     
CTETRA  19592   1       497     1364    453     1188    
CTETRA  19593   1       497     453     1364    2449    
CTETRA  19594   1       6373    5779    5679    199     
CTETRA  19595   1       6373    5679    5779    211     
CTETRA  19596   1       1420    5423    1338    5424    
CTETRA  19597   1       1420    1338    5423    1340    
CTETRA  19598   1       2208    1244    2163    2207    
CTETRA  19599   1       2208    2163    1244    3558    
CTETRA  19600   1       1677    1423    1421    1675    
CTETRA  19601   1       1421    1423    1677    1452    
CTETRA  19602   1       3466    2259    3208    900     
CTETRA  19603   1       3466    3208    2259    840     
CTETRA  19604   1       3914    5478    5678    4904    
CTETRA  19605   1       5678    5478    3914    5809    
CTETRA  19606   1       2834    1400    2994    4588    
CTETRA  19607   1       2834    2994    1400    336     
CTETRA  19608   1       6486    2994    1400    4588    
CTETRA  19609   1       6486    1400    2994    336     
CTETRA  19610   1       3298    2691    3058    2309    
CTETRA  19611   1       3298    3058    2691    3139    
CTETRA  19612   1       302     359     1368    3461    
CTETRA  19613   1       302     1368    359     2660    
CTETRA  19614   1       2794    1423    5871    3898    
CTETRA  19615   1       2794    5871    1423    674     
CTETRA  19616   1       437     1496    436     1497    
CTETRA  19617   1       437     436     1496    439     
CTETRA  19618   1       1479    436     1496    1497    
CTETRA  19619   1       1479    1496    436     439     
CTETRA  19620   1       2134    672     674     693     
CTETRA  19621   1       2134    674     672     673     
CTETRA  19622   1       993     1708    3851    1707    
CTETRA  19623   1       993     3851    1708    992     
CTETRA  19624   1       1468    3204    164     4046    
CTETRA  19625   1       1468    164     3204    1470    
CTETRA  19626   1       375     164     3204    4046    
CTETRA  19627   1       375     3204    164     1470    
CTETRA  19628   1       1421    3472    1405    2530    
CTETRA  19629   1       1421    1405    3472    1320    
CTETRA  19630   1       6306    193     5445    1995    
CTETRA  19631   1       6306    5445    193     6100    
CTETRA  19632   1       195     193     5445    6100    
CTETRA  19633   1       5458    4809    6298    5082    
CTETRA  19634   1       5458    6298    4809    4562    
CTETRA  19635   1       2350    736     666     2940    
CTETRA  19636   1       2350    666     736     692     
CTETRA  19637   1       2091    1424    654     1463    
CTETRA  19638   1       654     1424    2091    2090    
CTETRA  19639   1       654     2081    2091    1463    
CTETRA  19640   1       2091    2081    654     2090    
CTETRA  19641   1       1868    2764    3260    1939    
CTETRA  19642   1       1868    3260    2764    655     
CTETRA  19643   1       669     2040    1796    2039    
CTETRA  19644   1       416     3443    3646    644     
CTETRA  19645   1       3646    5214    416     644     
CTETRA  19646   1       854     548     152     547     
CTETRA  19647   1       854     152     548     201     
CTETRA  19648   1       1863    2102    2103    2101    
CTETRA  19649   1       1863    2103    2102    1869    
CTETRA  19650   1       5769    6188    5848    3177    
CTETRA  19651   1       5769    5848    6188    5910    
CTETRA  19652   1       2030    256     2118    254     
CTETRA  19653   1       2030    2118    256     1772    
CTETRA  19654   1       3443    3646    3690    3442    
CTETRA  19655   1       3443    3690    3646    1506    
CTETRA  19656   1       758     1860    1316    3673    
CTETRA  19657   1       758     1316    1860    1478    
CTETRA  19658   1       5573    4213    6424    6315    
CTETRA  19659   1       5573    6424    4213    4212    
CTETRA  19660   1       2800    6424    4213    6315    
CTETRA  19661   1       2800    4213    6424    4212    
CTETRA  19662   1       636     1408    620     1407    
CTETRA  19663   1       636     620     1408    1409    
CTETRA  19664   1       1913    6287    1491    5569    
CTETRA  19665   1       1491    6287    1913    1489    
CTETRA  19666   1       1491    1490    1913    5569    
CTETRA  19667   1       1913    1490    1491    1489    
CTETRA  19668   1       2670    1326    732     6342    
CTETRA  19669   1       732     2939    2670    6342    
CTETRA  19670   1       2670    2939    732     749     
CTETRA  19671   1       60      61      1006    59      
CTETRA  19672   1       60      1006    61      519     
CTETRA  19673   1       1216    3549    1051    836     
CTETRA  19674   1       1216    1051    3549    1050    
CTETRA  19675   1       1052    1051    3549    836     
CTETRA  19676   1       1052    3549    1051    1050    
CTETRA  19677   1       3648    842     3770    3436    
CTETRA  19678   1       3648    3770    842     3599    
CTETRA  19679   1       829     674     3897    673     
CTETRA  19680   1       829     3897    674     5871    
CTETRA  19681   1       102     5177    3680    2683    
CTETRA  19682   1       102     3680    5177    1708    
CTETRA  19683   1       406     6117    2725    2724    
CTETRA  19684   1       406     2725    6117    405     
CTETRA  19685   1       882     3789    3559    3862    
CTETRA  19686   1       3559    3789    882     4575    
CTETRA  19687   1       438     638     436     2366    
CTETRA  19688   1       438     436     638     1435    
CTETRA  19689   1       1888    1940    2103    1867    
CTETRA  19690   1       1888    2103    1940    2826    
CTETRA  19691   1       5911    1516    2700    5023    
CTETRA  19692   1       5911    2700    1516    1515    
CTETRA  19693   1       525     6100    194     195     
CTETRA  19694   1       193     194     6100    195     
CTETRA  19695   1       193     6100    194     6306    
CTETRA  19696   1       1321    2833    337     2832    
CTETRA  19697   1       1321    337     2833    1322    
CTETRA  19698   1       1859    760     1316    1880    
CTETRA  19699   1       1859    1316    760     1478    
CTETRA  19700   1       1405    1415    3472    1319    
CTETRA  19701   1       1405    3472    1415    1406    
CTETRA  19702   1       2670    1091    732     1326    
CTETRA  19703   1       2670    732     1091    749     
CTETRA  19704   1       1685    2869    2420    1900    
CTETRA  19705   1       2420    2869    1685    2868    
CTETRA  19706   1       2869    615     2420    1900    
CTETRA  19707   1       2869    571     615     1900    
CTETRA  19708   1       4268    1321    442     441     
CTETRA  19709   1       431     1840    1839    2197    
CTETRA  19710   1       1839    1840    431     594     
CTETRA  19711   1       1839    2196    431     2197    
CTETRA  19712   1       431     2196    1839    594     
CTETRA  19713   1       670     908     2014    2584    
CTETRA  19714   1       670     2014    908     2853    
CTETRA  19715   1       2013    2014    908     2584    
CTETRA  19716   1       2013    908     2014    2853    
CTETRA  19717   1       2120    1296    380     1295    
CTETRA  19718   1       2120    380     1296    1320    
CTETRA  19719   1       1929    1930    4005    1928    
CTETRA  19720   1       4005    1930    1929    1780    
CTETRA  19721   1       2431    346     3750    348     
CTETRA  19722   1       2431    3750    346     799     
CTETRA  19723   1       4032    3281    195     3280    
CTETRA  19724   1       2479    3711    2980    2483    
CTETRA  19725   1       2479    2980    3711    884     
CTETRA  19726   1       1345    2246    2024    2066    
CTETRA  19727   1       1345    2024    2246    1253    
CTETRA  19728   1       5995    3213    1265    1328    
CTETRA  19729   1       5995    1265    3213    4720    
CTETRA  19730   1       6326    6051    5052    6034    
CTETRA  19731   1       6326    5052    6051    6350    
CTETRA  19732   1       763     723     659     722     
CTETRA  19733   1       763     659     723     725     
CTETRA  19734   1       5075    3606    3174    5076    
CTETRA  19735   1       5075    3174    3606    3608    
CTETRA  19736   1       5637    2800    6315    4734    
CTETRA  19737   1       6315    2800    5637    882     
CTETRA  19738   1       1266    3351    1328    1264    
CTETRA  19739   1       1266    1328    3351    1326    
CTETRA  19740   1       3559    3177    3179    4573    
CTETRA  19741   1       3559    3179    3177    3561    
CTETRA  19742   1       2196    2197    1674    2195    
CTETRA  19743   1       2196    1674    2197    1839    
CTETRA  19744   1       1345    2026    2066    2024    
CTETRA  19745   1       1345    2066    2026    1256    
CTETRA  19746   1       4024    2938    4263    1454    
CTETRA  19747   1       4024    4263    2938    4023    
CTETRA  19748   1       2433    4024    4263    1454    
CTETRA  19749   1       2433    4263    4024    4023    
CTETRA  19750   1       4022    2433    4024    4023    
CTETRA  19751   1       1281    3602    2627    2058    
CTETRA  19752   1       1281    2627    3602    1279    
CTETRA  19753   1       2114    1703    256     1699    
CTETRA  19754   1       2114    256     1703    2118    
CTETRA  19755   1       843     1372    706     2545    
CTETRA  19756   1       843     706     1372    842     
CTETRA  19757   1       4983    4297    407     3502    
CTETRA  19758   1       150     148     1911    149     
CTETRA  19759   1       150     1911    148     1945    
CTETRA  19760   1       1674    2699    2443    1676    
CTETRA  19761   1       1674    2443    2699    1675    
CTETRA  19762   1       1854    5976    6492    6462    
CTETRA  19763   1       6492    5976    1854    1881    
CTETRA  19764   1       3395    1260    1045    3180    
CTETRA  19765   1       3395    1045    1260    2586    
CTETRA  19766   1       1046    1045    1260    3180    
CTETRA  19767   1       1046    1260    1045    2586    
CTETRA  19768   1       1421    2120    2794    1295    
CTETRA  19769   1       2794    2120    1421    3319    
CTETRA  19770   1       5911    1466    1473    1474    
CTETRA  19771   1       5911    1473    1466    2201    
CTETRA  19772   1       5477    3740    4029    5738    
CTETRA  19773   1       5477    4029    3740    2705    
CTETRA  19774   1       2706    4029    3740    5738    
CTETRA  19775   1       2706    3740    4029    2705    
CTETRA  19776   1       2070    2631    2524    2523    
CTETRA  19777   1       2524    2631    2070    2209    
CTETRA  19778   1       1243    1244    3512    1242    
CTETRA  19779   1       1243    3512    1244    2162    
CTETRA  19780   1       3648    3770    6038    4876    
CTETRA  19781   1       3648    6038    3770    3599    
CTETRA  19782   1       973     972     427     429     
CTETRA  19783   1       427     972     973     834     
CTETRA  19784   1       427     832     973     429     
CTETRA  19785   1       973     832     427     834     
CTETRA  19786   1       5228    5354    2717    2716    
CTETRA  19787   1       5228    2717    5354    5355    
CTETRA  19788   1       5874    5052    475     6350    
CTETRA  19789   1       475     5052    5874    474     
CTETRA  19790   1       4297    414     407     415     
CTETRA  19791   1       4297    407     414     4983    
CTETRA  19792   1       5923    407     414     415     
CTETRA  19793   1       5923    414     407     4983    
CTETRA  19794   1       1782    2560    5374    2799    
CTETRA  19795   1       1782    5374    2560    463     
CTETRA  19796   1       4552    3877    4554    4553    
CTETRA  19797   1       4554    3877    4552    4762    
CTETRA  19798   1       3877    4552    4293    4553    
CTETRA  19799   1       3877    4293    4552    4819    
CTETRA  19800   1       1480    1482    2228    1481    
CTETRA  19801   1       1480    2228    1482    2103    
CTETRA  19802   1       818     686     2257    1983    
CTETRA  19803   1       818     2257    686     688     
CTETRA  19804   1       1973    3089    1972    1974    
CTETRA  19805   1       1973    1972    3089    2064    
CTETRA  19806   1       2631    2170    1439    2169    
CTETRA  19807   1       2631    1439    2170    2688    
CTETRA  19808   1       2479    857     3223    885     
CTETRA  19809   1       2479    3223    857     3172    
CTETRA  19810   1       886     3223    857     885     
CTETRA  19811   1       886     857     3223    3172    
CTETRA  19812   1       2019    2133    2523    2524    
CTETRA  19813   1       2019    2523    2133    3197    
CTETRA  19814   1       2982    3639    2232    3796    
CTETRA  19815   1       2982    2232    3639    2231    
CTETRA  19816   1       3951    1412    6486    5424    
CTETRA  19817   1       3951    6486    1412    3952    
CTETRA  19818   1       6078    2834    337     6289    
CTETRA  19819   1       6078    337     2834    2832    
CTETRA  19820   1       2033    2228    410     1459    
CTETRA  19821   1       2033    410     2228    2227    
CTETRA  19822   1       2491    3586    2592    5909    
CTETRA  19823   1       2491    2592    3586    607     
CTETRA  19824   1       5052    5874    1946    6052    
CTETRA  19825   1       5052    1946    5874    474     
CTETRA  19826   1       889     196     891     888     
CTETRA  19827   1       891     196     889     3679    
CTETRA  19828   1       2217    2649    2308    1942    
CTETRA  19829   1       2217    2308    2649    2310    
CTETRA  19830   1       3443    3646    5214    416     
CTETRA  19831   1       5214    3646    3443    3442    
CTETRA  19832   1       5214    415     3443    416     
CTETRA  19833   1       3443    415     5214    3442    
CTETRA  19834   1       5748    4819    4762    6323    
CTETRA  19835   1       3146    1980    2209    1982    
CTETRA  19836   1       3146    2209    1980    2644    
CTETRA  19837   1       3875    406     2724    6117    
CTETRA  19838   1       3875    2724    406     3876    
CTETRA  19839   1       93      482     6493    890     
CTETRA  19840   1       93      6493    482     854     
CTETRA  19841   1       6015    6224    6198    6074    
CTETRA  19842   1       6015    6198    6224    2006    
CTETRA  19843   1       5961    3143    3145    4910    
CTETRA  19844   1       3145    3143    5961    5503    
CTETRA  19845   1       3451    1933    2309    2649    
CTETRA  19846   1       2033    2228    1479    2227    
CTETRA  19847   1       2033    1479    2228    1481    
CTETRA  19848   1       2393    2563    2562    2545    
CTETRA  19849   1       2393    2562    2563    3540    
CTETRA  19850   1       3020    2815    2076    4039    
CTETRA  19851   1       3020    2076    2815    3190    
CTETRA  19852   1       3188    2076    2815    4039    
CTETRA  19853   1       3188    2815    2076    3190    
CTETRA  19854   1       1903    4114    3138    1901    
CTETRA  19855   1       1903    3138    4114    1828    
CTETRA  19856   1       3877    4762    4819    4552    
CTETRA  19857   1       5479    2007    3571    5043    
CTETRA  19858   1       5479    3571    2007    2008    
CTETRA  19859   1       2006    3571    2007    5043    
CTETRA  19860   1       2006    2007    3571    2008    
CTETRA  19861   1       5557    5558    374     5559    
CTETRA  19862   1       5557    374     5558    3857    
CTETRA  19863   1       6289    6486    2994    336     
CTETRA  19864   1       2994    6486    6289    2995    
CTETRA  19865   1       2994    2834    6289    336     
CTETRA  19866   1       6289    2834    2994    2995    
CTETRA  19867   1       1685    2582    4236    3594    
CTETRA  19868   1       2571    3012    1874    775     
CTETRA  19869   1       705     1986    3179    5450    
CTETRA  19870   1       705     3179    1986    704     
CTETRA  19871   1       2011    1089    383     319     
CTETRA  19872   1       2011    383     1089    1308    
CTETRA  19873   1       381     383     1089    319     
CTETRA  19874   1       381     1089    383     1308    
CTETRA  19875   1       5909    5848    6188    4640    
CTETRA  19876   1       5909    6188    5848    5910    
CTETRA  19877   1       438     439     436     437     
CTETRA  19878   1       438     436     439     2366    
CTETRA  19879   1       1964    1986    3599    3648    
CTETRA  19880   1       1964    3599    1986    3467    
CTETRA  19881   1       6492    5976    684     794     
CTETRA  19882   1       6492    684     5976    712     
CTETRA  19883   1       714     684     5976    794     
CTETRA  19884   1       714     5976    684     712     
CTETRA  19885   1       623     622     2688    624     
CTETRA  19886   1       623     2688    622     1439    
CTETRA  19887   1       4282    3933    3677    3540    
CTETRA  19888   1       4282    3677    3933    651     
CTETRA  19889   1       3018    799     1456    2111    
CTETRA  19890   1       3018    1456    799     1904    
CTETRA  19891   1       2268    2682    2143    810     
CTETRA  19892   1       2268    2143    2682    2269    
CTETRA  19893   1       3345    3008    501     503     
CTETRA  19894   1       3345    501     3008    6482    
CTETRA  19895   1       2885    2213    2070    2071    
CTETRA  19896   1       2885    2070    2213    2212    
CTETRA  19897   1       6119    6079    6120    6077    
CTETRA  19898   1       6119    6120    6079    6118    
CTETRA  19899   1       3367    2231    3639    2232    
CTETRA  19900   1       3367    3639    2231    1380    
CTETRA  19901   1       2530    2296    1406    1410    
CTETRA  19902   1       2530    1406    2296    2297    
CTETRA  19903   1       622     822     3895    624     
CTETRA  19904   1       622     3895    822     823     
CTETRA  19905   1       2582    1905    1685    4236    
CTETRA  19906   1       2582    1685    1905    3017    
CTETRA  19907   1       2869    1685    1905    4236    
CTETRA  19908   1       2869    1905    1685    3017    
CTETRA  19909   1       2504    318     1276    2503    
CTETRA  19910   1       2504    1276    318     1327    
CTETRA  19911   1       3143    6290    2007    5479    
CTETRA  19912   1       3143    2007    6290    4910    
CTETRA  19913   1       1345    2246    1346    1253    
CTETRA  19914   1       1345    1346    2246    1256    
CTETRA  19915   1       5631    1008    2347    3358    
CTETRA  19916   1       5631    2347    1008    2568    
CTETRA  19917   1       3165    4120    3164    1372    
CTETRA  19918   1       3165    3164    4120    4818    
CTETRA  19919   1       1669    2849    1671    1670    
CTETRA  19920   1       1669    1671    2849    2988    
CTETRA  19921   1       2259    2568    5631    1008    
CTETRA  19922   1       2259    5631    2568    893     
CTETRA  19923   1       1780    1929    2797    3569    
CTETRA  19924   1       1780    2797    1929    4005    
CTETRA  19925   1       4039    3157    2285    4479    
CTETRA  19926   1       4039    2285    3157    4040    
CTETRA  19927   1       1874    776     1304    1305    
CTETRA  19928   1       1874    1304    776     775     
CTETRA  19929   1       4061    3442    3690    4062    
CTETRA  19930   1       4061    3690    3442    3443    
CTETRA  19931   1       5748    4819    5955    4293    
CTETRA  19932   1       5748    5955    4819    6323    
CTETRA  19933   1       3503    4523    406     5923    
CTETRA  19934   1       3503    406     4523    2725    
CTETRA  19935   1       405     406     4523    5923    
CTETRA  19936   1       405     4523    406     2725    
CTETRA  19937   1       595     1409    619     3027    
CTETRA  19938   1       595     619     1409    1408    
CTETRA  19939   1       2161    3762    3331    3761    
CTETRA  19940   1       2161    3331    3762    2163    
CTETRA  19941   1       4541    4132    1420    4133    
CTETRA  19942   1       1420    4132    4541    1314    
CTETRA  19943   1       571     634     2869    615     
CTETRA  19944   1       571     2869    634     2868    
CTETRA  19945   1       2420    2869    634     615     
CTETRA  19946   1       2420    634     2869    2868    
CTETRA  19947   1       1297    2011    6492    383     
CTETRA  19948   1       1297    6492    2011    1309    
CTETRA  19949   1       6079    6119    1321    4268    
CTETRA  19950   1       1321    6119    6079    6118    
CTETRA  19951   1       2184    5961    3145    6362    
CTETRA  19952   1       2184    3145    5961    5503    
CTETRA  19953   1       1940    1923    2762    2547    
CTETRA  19954   1       1940    2762    1923    1924    
CTETRA  19955   1       6331    6276    6489    1505    
CTETRA  19956   1       6489    6276    6331    5400    
CTETRA  19957   1       442     443     4268    441     
CTETRA  19958   1       442     4268    443     5520    
CTETRA  19959   1       1524    1989    2354    2041    
CTETRA  19960   1       1524    2354    1989    4277    
CTETRA  19961   1       2480    2229    1430    2051    
CTETRA  19962   1       2480    1430    2229    2231    
CTETRA  19963   1       3270    2866    3346    2857    
CTETRA  19964   1       3270    3346    2866    2438    
CTETRA  19965   1       1797    2988    2849    1798    
CTETRA  19966   1       2849    2988    1797    1669    
CTETRA  19967   1       2103    3788    1865    1867    
CTETRA  19968   1       2103    1865    3788    1480    
CTETRA  19969   1       5748    4762    3757    6323    
CTETRA  19970   1       3757    4762    5748    3878    
CTETRA  19971   1       2162    3618    3512    502     
CTETRA  19972   1       2162    3512    3618    1243    
CTETRA  19973   1       3878    4763    4762    4764    
CTETRA  19974   1       2288    1353    368     1354    
CTETRA  19975   1       368     1353    2288    369     
CTETRA  19976   1       3757    4762    4763    3758    
CTETRA  19977   1       4763    4762    3757    3878    
CTETRA  19978   1       5636    4575    5710    5637    
CTETRA  19979   1       5710    4575    5636    5711    
CTETRA  19980   1       5910    5909    1984    5631    
CTETRA  19981   1       1984    5909    5910    6188    
CTETRA  19982   1       1780    1826    1930    3569    
CTETRA  19983   1       1780    1930    1826    1781    
CTETRA  19984   1       1984    3587    1986    3586    
CTETRA  19985   1       1984    1986    3587    3585    
CTETRA  19986   1       6266    4588    6486    1400    
CTETRA  19987   1       6486    4588    6266    5741    
CTETRA  19988   1       2571    3516    1874    3012    
CTETRA  19989   1       2571    1874    3516    1407    
CTETRA  19990   1       1364    1287    1363    1291    
CTETRA  19991   1       1364    1363    1287    3278    
CTETRA  19992   1       1889    1931    1835    1932    
CTETRA  19993   1       1889    1835    1931    1942    
CTETRA  19994   1       384     440     1891    385     
CTETRA  19995   1       384     1891    440     1845    
CTETRA  19996   1       1911    384     1891    385     
CTETRA  19997   1       1911    1891    384     1845    
CTETRA  19998   1       386     384     1911    385     
CTETRA  19999   1       386     1911    384     1845    
CTETRA  20000   1       1163    5172    1178    1194    
CTETRA  20001   1       1163    1178    5172    6110    
CTETRA  20002   1       2217    1889    1841    2856    
CTETRA  20003   1       1841    1889    2217    2942    
CTETRA  20004   1       1480    2101    2195    1863    
CTETRA  20005   1       2195    2101    1480    1865    
CTETRA  20006   1       2200    2867    2627    1299    
CTETRA  20007   1       2627    2867    2200    2992    
CTETRA  20008   1       2627    1278    2200    1299    
CTETRA  20009   1       2200    1278    2627    2992    
CTETRA  20010   1       3587    3177    4180    3179    
CTETRA  20011   1       3587    4180    3177    3178    
CTETRA  20012   1       3347    2208    3677    2563    
CTETRA  20013   1       3347    3677    2208    3558    
CTETRA  20014   1       5911    2701    2711    2700    
CTETRA  20015   1       6041    411     5935    5427    
CTETRA  20016   1       1317    3977    3078    3976    
CTETRA  20017   1       3078    3977    1317    2825    
CTETRA  20018   1       1808    1809    3973    1807    
CTETRA  20019   1       1808    3973    1809    6086    
CTETRA  20020   1       5800    5297    5300    5801    
CTETRA  20021   1       5300    5297    5800    5299    
CTETRA  20022   1       5300    5993    5800    5801    
CTETRA  20023   1       5800    5993    5300    5299    
CTETRA  20024   1       1264    1332    1265    1348    
CTETRA  20025   1       1264    1265    1332    1328    
CTETRA  20026   1       3213    1265    1332    1348    
CTETRA  20027   1       3213    1332    1265    1328    
CTETRA  20028   1       1084    1037    1038    4264    
CTETRA  20029   1       1084    1038    1037    3549    
CTETRA  20030   1       993     991     5276    992     
CTETRA  20031   1       993     5276    991     1774    
CTETRA  20032   1       1375    3316    1590    1373    
CTETRA  20033   1       1375    1590    3316    3317    
CTETRA  20034   1       3503    407     406     4296    
CTETRA  20035   1       3503    406     407     5923    
CTETRA  20036   1       1944    1448    6491    1447    
CTETRA  20037   1       6491    1448    1944    2620    
CTETRA  20038   1       262     3172    886     261     
CTETRA  20039   1       262     886     3172    857     
CTETRA  20040   1       1495    1459    2756    1481    
CTETRA  20041   1       2756    1459    1495    3376    
CTETRA  20042   1       2542    669     2040    1796    
CTETRA  20043   1       2040    669     2542    948     
CTETRA  20044   1       3621    1598    633     3620    
CTETRA  20045   1       3621    633     1598    635     
CTETRA  20046   1       2216    2267    807     809     
CTETRA  20047   1       1457    807     2267    809     
CTETRA  20048   1       2730    2731    3378    2732    
CTETRA  20049   1       2730    3378    2731    2941    
CTETRA  20050   1       2343    2095    1522    3193    
CTETRA  20051   1       2343    1522    2095    2094    
CTETRA  20052   1       700     698     2079    699     
CTETRA  20053   1       700     2079    698     2596    
CTETRA  20054   1       681     2079    698     699     
CTETRA  20055   1       681     698     2079    2596    
CTETRA  20056   1       386     1945    1911    150     
CTETRA  20057   1       1911    1945    386     385     
CTETRA  20058   1       2550    2814    1828    2551    
CTETRA  20059   1       1828    2814    2550    2815    
CTETRA  20060   1       4268    443     6077    6119    
CTETRA  20061   1       4268    6077    443     5520    
CTETRA  20062   1       6120    6077    443     6119    
CTETRA  20063   1       6120    443     6077    5520    
CTETRA  20064   1       2756    2216    2032    3376    
CTETRA  20065   1       2756    2032    2216    2737    
CTETRA  20066   1       2947    2430    3397    2576    
CTETRA  20067   1       2947    3397    2430    1442    
CTETRA  20068   1       2233    801     4413    779     
CTETRA  20069   1       2233    4413    801     802     
CTETRA  20070   1       4212    2800    682     5433    
CTETRA  20071   1       682     2800    4212    4213    
CTETRA  20072   1       221     222     5561    223     
CTETRA  20073   1       221     5561    222     6367    
CTETRA  20074   1       166     418     1468    420     
CTETRA  20075   1       166     1468    418     165     
CTETRA  20076   1       6477    1468    418     420     
CTETRA  20077   1       1911    1945    1910    148     
CTETRA  20078   1       1911    1910    1945    418     
CTETRA  20079   1       165     1910    1945    148     
CTETRA  20080   1       165     1945    1910    418     
CTETRA  20081   1       2544    817     804     815     
CTETRA  20082   1       2544    804     817     831     
CTETRA  20083   1       3516    1408    1874    1857    
CTETRA  20084   1       3516    1874    1408    1407    
CTETRA  20085   1       3436    704     842     706     
CTETRA  20086   1       3436    842     704     3648    
CTETRA  20087   1       453     451     496     497     
CTETRA  20088   1       453     496     451     1292    
CTETRA  20089   1       495     496     451     497     
CTETRA  20090   1       495     451     496     1292    
CTETRA  20091   1       5993    1946    5992    5991    
CTETRA  20092   1       5993    5992    1946    5299    
CTETRA  20093   1       1341    1357    1528    1342    
CTETRA  20094   1       1341    1528    1357    1395    
CTETRA  20095   1       1343    1376    1528    1377    
CTETRA  20096   1       1343    1528    1376    1342    
CTETRA  20097   1       346     799     800     798     
CTETRA  20098   1       346     800     799     3847    
CTETRA  20099   1       801     800     799     798     
CTETRA  20100   1       3845    5569    1897    1913    
CTETRA  20101   1       3845    1897    5569    5570    
CTETRA  20102   1       6287    1897    5569    1913    
CTETRA  20103   1       2619    6287    6491    3822    
CTETRA  20104   1       6491    6287    2619    1912    
CTETRA  20105   1       149     6287    1911    1912    
CTETRA  20106   1       149     1911    6287    1914    
CTETRA  20107   1       6491    1911    6287    1912    
CTETRA  20108   1       6491    6287    1911    1914    
CTETRA  20109   1       1903    1904    572     4263    
CTETRA  20110   1       1903    572     1904    1905    
CTETRA  20111   1       4932    3145    2184    4933    
CTETRA  20112   1       4932    2184    3145    6362    
CTETRA  20113   1       3402    2420    1901    2810    
CTETRA  20114   1       1685    2420    1901    1900    
CTETRA  20115   1       1685    1901    2420    2810    
CTETRA  20116   1       1674    1876    591     1839    
CTETRA  20117   1       1674    591     1876    1677    
CTETRA  20118   1       3146    2651    3139    2213    
CTETRA  20119   1       3146    3139    2651    2650    
CTETRA  20120   1       794     6305    6492    6462    
CTETRA  20121   1       794     6492    6305    796     
CTETRA  20122   1       1243    1260    3618    3395    
CTETRA  20123   1       1243    3618    1260    3512    
CTETRA  20124   1       3562    6384    212     59      
CTETRA  20125   1       3562    212     6384    211     
CTETRA  20126   1       5075    3607    3608    3606    
CTETRA  20127   1       5075    3608    3607    6335    
CTETRA  20128   1       1009    3608    3607    3606    
CTETRA  20129   1       547     4189    200     548     
CTETRA  20130   1       547     200     4189    1177    
CTETRA  20131   1       1053    3358    2347    3463    
CTETRA  20132   1       1053    2347    3358    607     
CTETRA  20133   1       6482    3793    843     3677    
CTETRA  20134   1       6482    843     3793    2335    
CTETRA  20135   1       4144    3512    501     502     
CTETRA  20136   1       4144    501     3512    2163    
CTETRA  20137   1       3798    3331    3762    3329    
CTETRA  20138   1       3798    3762    3331    3036    
CTETRA  20139   1       2800    6315    698     882     
CTETRA  20140   1       2800    698     6315    4213    
CTETRA  20141   1       681     698     6315    882     
CTETRA  20142   1       681     6315    698     4213    
CTETRA  20143   1       1125    301     748     3461    
CTETRA  20144   1       1125    748     301     3458    
CTETRA  20145   1       1150    6053    4991    4992    
CTETRA  20146   1       4991    6053    1150    5577    
CTETRA  20147   1       2627    2096    1299    2867    
CTETRA  20148   1       2627    1299    2096    2058    
CTETRA  20149   1       5520    6111    6120    443     
CTETRA  20150   1       6120    6111    5520    5519    
CTETRA  20151   1       1331    1404    1318    1325    
CTETRA  20152   1       1331    1318    1404    1306    
CTETRA  20153   1       2067    3354    1396    2863    
CTETRA  20154   1       2067    1396    3354    1255    
CTETRA  20155   1       2736    657     6490    2735    
CTETRA  20156   1       2736    6490    657     3520    
CTETRA  20157   1       4019    4239    1335    4020    
CTETRA  20158   1       4019    1335    4239    5659    
CTETRA  20159   1       6349    2492    5972    5916    
CTETRA  20160   1       6170    5972    2492    5916    
CTETRA  20161   1       6170    2492    5972    2494    
CTETRA  20162   1       2079    700     660     820     
CTETRA  20163   1       2079    660     700     699     
CTETRA  20164   1       821     660     700     820     
CTETRA  20165   1       821     700     660     699     
CTETRA  20166   1       632     1778    630     907     
CTETRA  20167   1       632     630     1778    629     
CTETRA  20168   1       1772    630     1778    907     
CTETRA  20169   1       1772    1778    630     629     
CTETRA  20170   1       2701    5023    5911    2711    
CTETRA  20171   1       2701    5911    5023    5912    
CTETRA  20172   1       4267    2941    3378    2730    
CTETRA  20173   1       4267    3378    2941    2602    
CTETRA  20174   1       4421    2800    4212    5433    
CTETRA  20175   1       4421    4212    2800    6424    
CTETRA  20176   1       697     667     2940    2671    
CTETRA  20177   1       1780    2796    3569    2797    
CTETRA  20178   1       1780    3569    2796    2798    
CTETRA  20179   1       547     1085    482     1177    
CTETRA  20180   1       547     482     1085    1217    
CTETRA  20181   1       3375    1392    3473    3794    
CTETRA  20182   1       3375    3473    1392    3639    
CTETRA  20183   1       572     3190    2075    2237    
CTETRA  20184   1       2875    3190    2075    3188    
CTETRA  20185   1       2875    2075    3190    2237    
CTETRA  20186   1       4762    3878    4819    5748    
CTETRA  20187   1       4762    4819    3878    3877    
CTETRA  20188   1       4293    4819    3878    5748    
CTETRA  20189   1       4293    3878    4819    3877    
CTETRA  20190   1       2833    4268    1321    442     
CTETRA  20191   1       1321    4268    2833    2832    
CTETRA  20192   1       766     1933    2309    3451    
CTETRA  20193   1       766     2309    1933    1834    
CTETRA  20194   1       2350    734     2940    697     
CTETRA  20195   1       2350    2940    734     736     
CTETRA  20196   1       667     2940    734     697     
CTETRA  20197   1       667     734     2940    736     
CTETRA  20198   1       1458    2737    403     1457    
CTETRA  20199   1       1458    403     2737    404     
CTETRA  20200   1       1968    2737    403     404     
CTETRA  20201   1       1399    6171    1397    6468    
CTETRA  20202   1       1399    1397    6171    1398    
CTETRA  20203   1       4933    3144    2183    3547    
CTETRA  20204   1       2240    2183    3144    3547    
CTETRA  20205   1       3144    5503    2183    2240    
CTETRA  20206   1       4933    5503    2183    3144    
CTETRA  20207   1       2183    5503    4933    2184    
CTETRA  20208   1       2034    1410    1677    636     
CTETRA  20209   1       1677    1410    2034    638     
CTETRA  20210   1       1677    637     2034    636     
CTETRA  20211   1       2034    637     1677    638     
CTETRA  20212   1       1340    1420    1413    5423    
CTETRA  20213   1       1340    1413    1420    1312    
CTETRA  20214   1       1412    1413    1420    5423    
CTETRA  20215   1       1412    1420    1413    1312    
CTETRA  20216   1       5445    6208    293     6100    
CTETRA  20217   1       5445    293     6208    3043    
CTETRA  20218   1       5955    5954    4294    4295    
CTETRA  20219   1       4756    5954    4294    4758    
CTETRA  20220   1       4756    4294    5954    4295    
CTETRA  20221   1       5948    5954    4294    5955    
CTETRA  20222   1       5948    4294    5954    4758    
CTETRA  20223   1       1021    5935    411     6302    
CTETRA  20224   1       1021    411     5935    6041    
CTETRA  20225   1       2697    3520    657     6490    
CTETRA  20226   1       2697    657     3520    2696    
CTETRA  20227   1       796     693     1310    674     
CTETRA  20228   1       1310    6492    693     796     
CTETRA  20229   1       693     6492    1310    1309    
CTETRA  20230   1       3608    892     3607    6335    
CTETRA  20231   1       3608    3607    892     1009    
CTETRA  20232   1       596     2196    1838    1876    
CTETRA  20233   1       596     1838    2196    594     
CTETRA  20234   1       1839    1838    2196    1876    
CTETRA  20235   1       1839    2196    1838    594     
CTETRA  20236   1       644     3443    6138    416     
CTETRA  20237   1       730     381     1308    1089    
CTETRA  20238   1       730     1308    381     729     
CTETRA  20239   1       301     1954    1249    1955    
CTETRA  20240   1       301     1249    1954    302     
CTETRA  20241   1       5569    6287    5401    6058    
CTETRA  20242   1       5399    6287    6489    5766    
CTETRA  20243   1       5399    6489    6287    5401    
CTETRA  20244   1       5569    6489    6287    5766    
CTETRA  20245   1       5569    6287    6489    5401    
CTETRA  20246   1       193     5445    4032    195     
CTETRA  20247   1       4032    5445    193     1995    
CTETRA  20248   1       4032    3281    193     195     
CTETRA  20249   1       193     3281    4032    1995    
CTETRA  20250   1       2267    1457    2216    807     
CTETRA  20251   1       2267    2216    1457    2737    
CTETRA  20252   1       2032    2216    1457    807     
CTETRA  20253   1       2032    1457    2216    2737    
CTETRA  20254   1       6100    194     6208    525     
CTETRA  20255   1       6100    6208    194     6306    
CTETRA  20256   1       2433    4024    3272    4022    
CTETRA  20257   1       2433    3272    4024    1454    
CTETRA  20258   1       1796    2849    1670    2039    
CTETRA  20259   1       1796    1669    2849    1797    
CTETRA  20260   1       2849    1669    1796    1670    
CTETRA  20261   1       1468    418     1910    6477    
CTETRA  20262   1       1468    1910    418     165     
CTETRA  20263   1       800     799     4175    801     
CTETRA  20264   1       800     4175    799     3847    
CTETRA  20265   1       1897    5569    6058    6287    
CTETRA  20266   1       1897    6058    5569    5570    
CTETRA  20267   1       2420    1901    1902    3402    
CTETRA  20268   1       2420    1902    1901    1900    
CTETRA  20269   1       2492    5972    2493    6349    
CTETRA  20270   1       2492    2493    5972    2494    
CTETRA  20271   1       3187    3190    3189    572     
CTETRA  20272   1       3187    3189    3190    3188    
CTETRA  20273   1       2075    3189    3190    572     
CTETRA  20274   1       2075    3190    3189    3188    
CTETRA  20275   1       6138    5694    644     645     
CTETRA  20276   1       6138    644     5694    3443    
CTETRA  20277   1       643     644     5694    645     
CTETRA  20278   1       643     5694    644     3443    
CTETRA  20279   1       1518    2737    1969    1968    
CTETRA  20280   1       1518    1969    2737    1457    
CTETRA  20281   1       403     1969    2737    1968    
CTETRA  20282   1       403     2737    1969    1457    
CTRIA3  20283   1       3565    3346    4265    
CTRIA3  20284   1       1280    1279    1281    
CTRIA3  20285   1       621     814     1855    
CTRIA3  20286   1       3346    4264    4265    
CTRIA3  20287   1       1314    1312    4541    
CTRIA3  20288   1       1881    1882    1855    
CTRIA3  20289   1       1988    1441    3397    
CTRIA3  20290   1       1988    2947    1441    
CTRIA3  20291   1       1441    2947    3397    
CTRIA3  20292   1       2017    2516    4913    
CTRIA3  20293   1       1447    1861    1449    
CTRIA3  20294   1       621     1855    1882    
CTRIA3  20295   1       6087    6126    3973    
CTRIA3  20296   1       2351    4024    2547    
CTRIA3  20297   1       1314    1313    1312    
CTRIA3  20298   1       5636    3789    3790    
CTRIA3  20299   1       1406    2368    2034    
CTRIA3  20300   1       1374    1373    1375    
CTRIA3  20301   1       411     1019    1021    
CTRIA3  20302   1       1019    6302    1021    
CTRIA3  20303   1       3888    1373    1374    
CTRIA3  20304   1       6250    5757    6249    
CTRIA3  20305   1       633     1690    2422    
CTRIA3  20306   1       1690    1691    2422    
CTRIA3  20307   1       3788    1865    4261    
CTRIA3  20308   1       721     756     757     
CTRIA3  20309   1       490     489     427     
CTRIA3  20310   1       3846    1913    1917    
CTRIA3  20311   1       1305    1306    636     
CTRIA3  20312   1       2649    2650    2651    
CTRIA3  20313   1       2649    2310    2650    
CTRIA3  20314   1       4061    3444    4988    
CTRIA3  20315   1       758     1478    757     
CTRIA3  20316   1       6177    4244    6368    
CTRIA3  20317   1       4245    6368    4244    
CTRIA3  20318   1       5003    1503    5005    
CTRIA3  20319   1       5003    6145    1503    
CTRIA3  20320   1       1127    1125    3458    
CTRIA3  20321   1       1449    1861    5355    
CTRIA3  20322   1       2161    3762    4144    
CTRIA3  20323   1       101     100     102     
CTRIA3  20324   1       2980    3174    3606    
CTRIA3  20325   1       2980    3606    3711    
CTRIA3  20326   1       4988    3444    5554    
CTRIA3  20327   1       3973    6086    6087    
CTRIA3  20328   1       6086    1809    6087    
CTRIA3  20329   1       757     723     721     
CTRIA3  20330   1       100     3981    102     
CTRIA3  20331   1       4763    3758    3051    
CTRIA3  20332   1       3759    3051    3758    
CTRIA3  20333   1       2234    2235    2236    
CTRIA3  20334   1       2234    2236    3666    
CTRIA3  20335   1       2351    1867    2353    
CTRIA3  20336   1       4024    2738    2810    
CTRIA3  20337   1       757     1478    760     
CTRIA3  20338   1       194     525     524     
CTRIA3  20339   1       194     524     6208    
CTRIA3  20340   1       662     3560    652     
CTRIA3  20341   1       2738    3545    2810    
CTRIA3  20342   1       1809    2017    6087    
CTRIA3  20343   1       2644    1980    2019    
CTRIA3  20344   1       3948    4763    1484    
CTRIA3  20345   1       1491    1489    1914    
CTRIA3  20346   1       1782    3090    1781    
CTRIA3  20347   1       1882    1881    1304    
CTRIA3  20348   1       713     749     2001    
CTRIA3  20349   1       3621    1690    633     
CTRIA3  20350   1       887     4171    5058    
CTRIA3  20351   1       1506    643     644     
CTRIA3  20352   1       5566    1267    1268    
CTRIA3  20353   1       609     1260    1046    
CTRIA3  20354   1       809     808     807     
CTRIA3  20355   1       809     2216    808     
CTRIA3  20356   1       637     4261    2195    
CTRIA3  20357   1       4024    2351    2738    
CTRIA3  20358   1       5884    5883    5885    
CTRIA3  20359   1       5884    6345    5883    
CTRIA3  20360   1       1304    1306    1305    
CTRIA3  20361   1       1288    1355    360     
CTRIA3  20362   1       4024    4022    2547    
CTRIA3  20363   1       1809    2515    2017    
CTRIA3  20364   1       429     427     428     
CTRIA3  20365   1       3076    6293    3734    
CTRIA3  20366   1       3076    3734    3075    
CTRIA3  20367   1       1782    2560    3695    
CTRIA3  20368   1       3980    2710    1897    
CTRIA3  20369   1       3980    3845    2710    
CTRIA3  20370   1       318     1331    730     
CTRIA3  20371   1       2710    3845    5570    
CTRIA3  20372   1       3077    5352    1316    
CTRIA3  20373   1       5539    6114    3077    
CTRIA3  20374   1       5539    6004    6114    
CTRIA3  20375   1       4775    1313    1314    
CTRIA3  20376   1       2429    3150    2428    
CTRIA3  20377   1       2342    2933    2341    
CTRIA3  20378   1       1304    729     1306    
CTRIA3  20379   1       3193    1433    1434    
CTRIA3  20380   1       1434    1433    1432    
CTRIA3  20381   1       3193    1432    1433    
CTRIA3  20382   1       1312    1313    338     
CTRIA3  20383   1       1447    1449    1448    
CTRIA3  20384   1       3379    1515    1512    
CTRIA3  20385   1       1512    1515    1516    
CTRIA3  20386   1       1452    812     1453    
CTRIA3  20387   1       489     1139    427     
CTRIA3  20388   1       1409    637     2196    
CTRIA3  20389   1       3501    1130    1136    
CTRIA3  20390   1       793     663     765     
CTRIA3  20391   1       2110    2933    2342    
CTRIA3  20392   1       1911    1914    1489    
CTRIA3  20393   1       4723    5566    1268    
CTRIA3  20394   1       310     663     345     
CTRIA3  20395   1       5539    5538    6004    
CTRIA3  20396   1       1671    1755    1670    
CTRIA3  20397   1       1091    1266    3351    
CTRIA3  20398   1       1125    2365    2364    
CTRIA3  20399   1       1484    4763    3051    
CTRIA3  20400   1       2213    1843    2218    
CTRIA3  20401   1       5319    5320    2918    
CTRIA3  20402   1       5319    5321    5320    
CTRIA3  20403   1       5539    756     5538    
CTRIA3  20404   1       765     663     310     
CTRIA3  20405   1       657     5362    5887    
CTRIA3  20406   1       6305    812     1452    
CTRIA3  20407   1       92      152     151     
CTRIA3  20408   1       336     1390    338     
CTRIA3  20409   1       336     1413    1390    
CTRIA3  20410   1       5970    5462    5463    
CTRIA3  20411   1       3521    4278    2736    
CTRIA3  20412   1       344     663     793     
CTRIA3  20413   1       93      854     92      
CTRIA3  20414   1       2736    4278    5385    
CTRIA3  20415   1       565     1698    2988    
CTRIA3  20416   1       542     1095    543     
CTRIA3  20417   1       2979    1373    3888    
CTRIA3  20418   1       1009    1008    1007    
CTRIA3  20419   1       344     345     663     
CTRIA3  20420   1       2169    1831    1833    
CTRIA3  20421   1       645     6331    6138    
CTRIA3  20422   1       6138    6331    5694    
CTRIA3  20423   1       5396    4990    4265    
CTRIA3  20424   1       3179    844     842     
CTRIA3  20425   1       345     344     314     
CTRIA3  20426   1       152     1018    151     
CTRIA3  20427   1       1102    1136    1130    
CTRIA3  20428   1       344     781     314     
CTRIA3  20429   1       1472    1465    1474    
CTRIA3  20430   1       1466    1474    1465    
CTRIA3  20431   1       1620    1137    1136    
CTRIA3  20432   1       1126    5571    1125    
CTRIA3  20433   1       1266    5485    6179    
CTRIA3  20434   1       474     1947    1946    
CTRIA3  20435   1       474     5874    1947    
CTRIA3  20436   1       1503    1501    5005    
CTRIA3  20437   1       3973    5814    2623    
CTRIA3  20438   1       2724    3503    2725    
CTRIA3  20439   1       2724    406     3503    
CTRIA3  20440   1       314     781     316     
CTRIA3  20441   1       6331    5554    5694    
CTRIA3  20442   1       5694    5554    3444    
CTRIA3  20443   1       5766    1491    1914    
CTRIA3  20444   1       5766    1914    6287    
CTRIA3  20445   1       1685    3594    2932    
CTRIA3  20446   1       1262    2897    791     
CTRIA3  20447   1       1774    1775    2030    
CTRIA3  20448   1       1126    1125    1127    
CTRIA3  20449   1       3789    3791    3790    
CTRIA3  20450   1       1151    1150    1149    
CTRIA3  20451   1       1151    5879    1150    
CTRIA3  20452   1       1280    1282    1279    
CTRIA3  20453   1       2368    1406    2296    
CTRIA3  20454   1       3319    2794    3898    
CTRIA3  20455   1       2717    5228    5229    
CTRIA3  20456   1       756     758     757     
CTRIA3  20457   1       634     2868    2098    
CTRIA3  20458   1       6236    5362    3401    
CTRIA3  20459   1       1125    5571    2365    
CTRIA3  20460   1       1004    196     197     
CTRIA3  20461   1       2699    2090    2091    
CTRIA3  20462   1       2239    1781    3090    
CTRIA3  20463   1       2710    5570    3690    
CTRIA3  20464   1       1324    1325    1331    
CTRIA3  20465   1       3695    3090    1782    
CTRIA3  20466   1       2089    2987    1250    
CTRIA3  20467   1       3951    3952    5474    
CTRIA3  20468   1       1139    3372    427     
CTRIA3  20469   1       1139    1137    3372    
CTRIA3  20470   1       3436    5743    3165    
CTRIA3  20471   1       1150    3975    1149    
CTRIA3  20472   1       834     1095    833     
CTRIA3  20473   1       2090    2081    408     
CTRIA3  20474   1       2090    408     2091    
CTRIA3  20475   1       2736    3520    3521    
CTRIA3  20476   1       6236    5886    5362    
CTRIA3  20477   1       5362    5886    5887    
CTRIA3  20478   1       4588    1400    1322    
CTRIA3  20479   1       1339    1340    6249    
CTRIA3  20480   1       757     760     723     
CTRIA3  20481   1       2670    1266    1091    
CTRIA3  20482   1       5569    3690    5570    
CTRIA3  20483   1       2259    1008    1009    
CTRIA3  20484   1       1755    1671    1665    
CTRIA3  20485   1       1413    6266    1412    
CTRIA3  20486   1       1995    3043    2029    
CTRIA3  20487   1       345     309     310     
CTRIA3  20488   1       3077    5487    3673    
CTRIA3  20489   1       3341    1050    1084    
CTRIA3  20490   1       3043    101     102     
CTRIA3  20491   1       6331    5400    5401    
CTRIA3  20492   1       648     1919    650     
CTRIA3  20493   1       3108    3317    5556    
CTRIA3  20494   1       3108    1375    3317    
CTRIA3  20495   1       314     315     345     
CTRIA3  20496   1       513     1664    1669    
CTRIA3  20497   1       513     1669    1698    
CTRIA3  20498   1       3027    1409    2196    
CTRIA3  20499   1       1504    1505    643     
CTRIA3  20500   1       2852    632     2853    
CTRIA3  20501   1       344     751     781     
CTRIA3  20502   1       310     308     765     
CTRIA3  20503   1       6305    6462    1854    
CTRIA3  20504   1       687     688     686     
CTRIA3  20505   1       624     1844    822     
CTRIA3  20506   1       201     854     200     
CTRIA3  20507   1       1845    1892    3846    
CTRIA3  20508   1       5462    3922    5463    
CTRIA3  20509   1       4133    1340    1420    
CTRIA3  20510   1       751     344     793     
CTRIA3  20511   1       2095    1432    3193    
CTRIA3  20512   1       3077    6114    5352    
CTRIA3  20513   1       2093    2852    555     
CTRIA3  20514   1       1078    429     428     
CTRIA3  20515   1       1877    1316    5352    
CTRIA3  20516   1       1489    1892    1911    
CTRIA3  20517   1       1833    1837    2169    
CTRIA3  20518   1       384     1846    386     
CTRIA3  20519   1       384     1845    1846    
CTRIA3  20520   1       2213    2212    1843    
CTRIA3  20521   1       5566    3762    4161    
CTRIA3  20522   1       2689    2169    1837    
CTRIA3  20523   1       5058    5389    6021    
CTRIA3  20524   1       256     1698    565     
CTRIA3  20525   1       3399    5377    6114    
CTRIA3  20526   1       5815    6413    6174    
CTRIA3  20527   1       5815    6251    6413    
CTRIA3  20528   1       793     765     750     
CTRIA3  20529   1       3400    3399    3401    
CTRIA3  20530   1       3496    3975    1036    
CTRIA3  20531   1       6114    6004    6236    
CTRIA3  20532   1       6236    6004    5886    
CTRIA3  20533   1       2596    2800    682     
CTRIA3  20534   1       2596    698     2800    
CTRIA3  20535   1       2081    2080    408     
CTRIA3  20536   1       6176    6177    6248    
CTRIA3  20537   1       6368    6248    6177    
CTRIA3  20538   1       3559    3560    681     
CTRIA3  20539   1       4984    4297    644     
CTRIA3  20540   1       3887    3109    4292    
CTRIA3  20541   1       316     781     759     
CTRIA3  20542   1       1991    2293    2294    
CTRIA3  20543   1       2294    2293    2292    
CTRIA3  20544   1       1991    2292    2293    
CTRIA3  20545   1       310     309     308     
CTRIA3  20546   1       4283    5815    5814    
CTRIA3  20547   1       1879    4132    1878    
CTRIA3  20548   1       6021    5897    6020    
CTRIA3  20549   1       6021    5086    5897    
CTRIA3  20550   1       649     648     650     
CTRIA3  20551   1       199     3532    888     
CTRIA3  20552   1       1878    4132    1338    
CTRIA3  20553   1       314     316     315     
CTRIA3  20554   1       765     308     539     
CTRIA3  20555   1       5475    3519    5474    
CTRIA3  20556   1       3520    3519    3521    
CTRIA3  20557   1       1423    674     1452    
CTRIA3  20558   1       386     1944    150     
CTRIA3  20559   1       1665    2114    1755    
CTRIA3  20560   1       645     643     1505    
CTRIA3  20561   1       645     1505    6331    
CTRIA3  20562   1       6249    5478    4903    
CTRIA3  20563   1       826     717     819     
CTRIA3  20564   1       5519    5914    4268    
CTRIA3  20565   1       4268    5914    6077    
CTRIA3  20566   1       338     1313    5385    
CTRIA3  20567   1       1468    420     4046    
CTRIA3  20568   1       420     166     4046    
CTRIA3  20569   1       4133    4541    6250    
CTRIA3  20570   1       4133    6250    1340    
CTRIA3  20571   1       5419    5420    96      
CTRIA3  20572   1       1828    2705    2551    
CTRIA3  20573   1       3399    6114    6236    
CTRIA3  20574   1       336     1322    1400    
CTRIA3  20575   1       489     490     491     
CTRIA3  20576   1       5004    5005    6106    
CTRIA3  20577   1       5004    6106    6446    
CTRIA3  20578   1       1912    150     1944    
CTRIA3  20579   1       520     1017    212     
CTRIA3  20580   1       1390    5678    5809    
CTRIA3  20581   1       5814    3973    6126    
CTRIA3  20582   1       2030    2118    2029    
CTRIA3  20583   1       429     1078    974     
CTRIA3  20584   1       2853    555     2852    
CTRIA3  20585   1       2620    2619    1944    
CTRIA3  20586   1       1282    1370    1279    
CTRIA3  20587   1       3887    2419    1443    
CTRIA3  20588   1       5897    5895    6020    
CTRIA3  20589   1       5814    5815    2623    
CTRIA3  20590   1       5815    2516    2623    
CTRIA3  20591   1       662     681     3560    
CTRIA3  20592   1       309     345     315     
CTRIA3  20593   1       648     1922    1919    
CTRIA3  20594   1       3003    1391    2990    
CTRIA3  20595   1       669     2039    671     
CTRIA3  20596   1       256     1693    255     
CTRIA3  20597   1       650     1475    649     
CTRIA3  20598   1       3229    826     687     
CTRIA3  20599   1       832     490     427     
CTRIA3  20600   1       6021    6020    5058    
CTRIA3  20601   1       1922    1918    1919    
CTRIA3  20602   1       6266    3952    1412    
CTRIA3  20603   1       2093    5280    2852    
CTRIA3  20604   1       2736    5385    1313    
CTRIA3  20605   1       3496    1149    3975    
CTRIA3  20606   1       632     2852    5280    
CTRIA3  20607   1       1409    636     637     
CTRIA3  20608   1       3269    1388    3003    
CTRIA3  20609   1       2446    654     2090    
CTRIA3  20610   1       1483    1484    3052    
CTRIA3  20611   1       539     750     765     
CTRIA3  20612   1       1907    1918    1920    
CTRIA3  20613   1       1907    1920    1950    
CTRIA3  20614   1       1136    1138    3501    
CTRIA3  20615   1       1908    1919    1918    
CTRIA3  20616   1       3608    3175    3790    
CTRIA3  20617   1       3921    1338    5424    
CTRIA3  20618   1       1912    1944    2619    
CTRIA3  20619   1       2299    93      2641    
CTRIA3  20620   1       1307    731     729     
CTRIA3  20621   1       2619    2620    1899    
CTRIA3  20622   1       2735    3401    5362    
CTRIA3  20623   1       1091    730     2001    
CTRIA3  20624   1       2239    3090    5230    
CTRIA3  20625   1       3179    842     3599    
CTRIA3  20626   1       721     764     756     
CTRIA3  20627   1       764     5538    756     
CTRIA3  20628   1       4171    887     4170    
CTRIA3  20629   1       490     832     833     
CTRIA3  20630   1       832     834     833     
CTRIA3  20631   1       1922    1920    1918    
CTRIA3  20632   1       5228    1862    1917    
CTRIA3  20633   1       751     759     781     
CTRIA3  20634   1       1980    2133    2019    
CTRIA3  20635   1       3640    3375    3709    
CTRIA3  20636   1       793     750     751     
CTRIA3  20637   1       1250    2987    1344    
CTRIA3  20638   1       212     1017    94      
CTRIA3  20639   1       1878    1338    3921    
CTRIA3  20640   1       649     447     1471    
CTRIA3  20641   1       6221    6176    6353    
CTRIA3  20642   1       6248    6353    6176    
CTRIA3  20643   1       316     759     640     
CTRIA3  20644   1       649     1471    648     
CTRIA3  20645   1       3984    4269    2076    
CTRIA3  20646   1       1919    1908    650     
CTRIA3  20647   1       571     2098    3150    
CTRIA3  20648   1       571     3150    2429    
CTRIA3  20649   1       3762    5635    2984    
CTRIA3  20650   1       152     92      854     
CTRIA3  20651   1       649     1475    1476    
CTRIA3  20652   1       2090    2445    2446    
CTRIA3  20653   1       199     888     2299    
CTRIA3  20654   1       822     1844    3061    
CTRIA3  20655   1       1860    3673    5487    
CTRIA3  20656   1       2112    1755    2114    
CTRIA3  20657   1       4089    915     1951    
CTRIA3  20658   1       1922    648     1921    
CTRIA3  20659   1       1920    2923    2411    
CTRIA3  20660   1       1374    3109    3887    
CTRIA3  20661   1       1920    1922    2923    
CTRIA3  20662   1       1908    1475    650     
CTRIA3  20663   1       1388    3269    1392    
CTRIA3  20664   1       6167    5886    5538    
CTRIA3  20665   1       4297    1507    644     
CTRIA3  20666   1       4676    5784    5448    
CTRIA3  20667   1       4676    5448    1928    
CTRIA3  20668   1       6058    1897    2709    
CTRIA3  20669   1       2709    1897    2710    
CTRIA3  20670   1       1917    1846    1845    
CTRIA3  20671   1       418     440     385     
CTRIA3  20672   1       4089    1935    1909    
CTRIA3  20673   1       6179    1265    1266    
CTRIA3  20674   1       2983    2984    3008    
CTRIA3  20675   1       4039    4269    4479    
CTRIA3  20676   1       1363    1369    452     
CTRIA3  20677   1       3887    1443    3888    
CTRIA3  20678   1       3976    1875    1859    
CTRIA3  20679   1       1315    1859    1875    
CTRIA3  20680   1       673     829     2392    
CTRIA3  20681   1       5352    5377    1879    
CTRIA3  20682   1       3759    3757    2628    
CTRIA3  20683   1       2628    3757    2629    
CTRIA3  20684   1       4089    1951    1935    
CTRIA3  20685   1       3442    407     415     
CTRIA3  20686   1       3442    5214    407     
CTRIA3  20687   1       2017    2515    2516    
CTRIA3  20688   1       670     949     948     
CTRIA3  20689   1       1877    3922    5462    
CTRIA3  20690   1       2717    3980    1898    
CTRIA3  20691   1       4023    1829    3144    
CTRIA3  20692   1       728     759     752     
CTRIA3  20693   1       1908    1918    1907    
CTRIA3  20694   1       414     6138    416     
CTRIA3  20695   1       118     1471    447     
CTRIA3  20696   1       1477    1475    1908    
CTRIA3  20697   1       1277    3897    2794    
CTRIA3  20698   1       1369    1362    452     
CTRIA3  20699   1       1362    1291    452     
CTRIA3  20700   1       4269    4039    2076    
CTRIA3  20701   1       724     725     727     
CTRIA3  20702   1       3400    4132    1879    
CTRIA3  20703   1       1037    1052    3404    
CTRIA3  20704   1       1950    915     4089    
CTRIA3  20705   1       4589    5741    4588    
CTRIA3  20706   1       4877    6207    5742    
CTRIA3  20707   1       6053    4992    4990    
CTRIA3  20708   1       4990    4992    4991    
CTRIA3  20709   1       6236    3401    3399    
CTRIA3  20710   1       751     664     752     
CTRIA3  20711   1       201     2618    152     
CTRIA3  20712   1       539     540     750     
CTRIA3  20713   1       6344    5884    1398    
CTRIA3  20714   1       6171    1398    5884    
CTRIA3  20715   1       117     116     118     
CTRIA3  20716   1       632     5280    5826    
CTRIA3  20717   1       819     818     688     
CTRIA3  20718   1       1909    1935    1477    
CTRIA3  20719   1       883     2335    2336    
CTRIA3  20720   1       1019    6270    6302    
CTRIA3  20721   1       1019    411     6270    
CTRIA3  20722   1       760     725     723     
CTRIA3  20723   1       665     540     541     
CTRIA3  20724   1       3521    3519    5475    
CTRIA3  20725   1       199     4170    3532    
CTRIA3  20726   1       796     6305    1452    
CTRIA3  20727   1       2411    116     915     
CTRIA3  20728   1       3984    6207    4877    
CTRIA3  20729   1       117     118     447     
CTRIA3  20730   1       1038    1037    1036    
CTRIA3  20731   1       1324    318     2503    
CTRIA3  20732   1       3223    5420    5419    
CTRIA3  20733   1       3420    3164    6025    
CTRIA3  20734   1       1627    1101    972     
CTRIA3  20735   1       2419    2683    2684    
CTRIA3  20736   1       1262    791     1280    
CTRIA3  20737   1       364     2805    2982    
CTRIA3  20738   1       2230    2982    2805    
CTRIA3  20739   1       4818    3770    842     
CTRIA3  20740   1       1909    1477    1908    
CTRIA3  20741   1       2923    1922    1921    
CTRIA3  20742   1       1477    1476    1475    
CTRIA3  20743   1       1217    2891    547     
CTRIA3  20744   1       82      83      1590    
CTRIA3  20745   1       3948    4764    4763    
CTRIA3  20746   1       883     3536    2335    
CTRIA3  20747   1       5918    5523    4912    
CTRIA3  20748   1       3077    3673    5539    
CTRIA3  20749   1       4244    5478    6249    
CTRIA3  20750   1       3052    1484    3051    
CTRIA3  20751   1       4169    2764    3506    
CTRIA3  20752   1       462     1826    1825    
CTRIA3  20753   1       2077    4919    4920    
CTRIA3  20754   1       671     2851    670     
CTRIA3  20755   1       566     631     255     
CTRIA3  20756   1       566     630     631     
CTRIA3  20757   1       763     5589    722     
CTRIA3  20758   1       1401    2380    1379    
CTRIA3  20759   1       1401    3795    2380    
CTRIA3  20760   1       555     2853    323     
CTRIA3  20761   1       1038    6479    3549    
CTRIA3  20762   1       1339    1411    5423    
CTRIA3  20763   1       1921    648     1471    
CTRIA3  20764   1       2019    2018    2021    
CTRIA3  20765   1       2019    2020    2018    
CTRIA3  20766   1       714     794     795     
CTRIA3  20767   1       1808    3973    2549    
CTRIA3  20768   1       1808    2549    1807    
CTRIA3  20769   1       199     2299    2641    
CTRIA3  20770   1       1897    1898    3980    
CTRIA3  20771   1       3401    4775    3400    
CTRIA3  20772   1       3060    3451    768     
CTRIA3  20773   1       826     2881    803     
CTRIA3  20774   1       1485    3948    1484    
CTRIA3  20775   1       1485    6276    3948    
CTRIA3  20776   1       664     751     750     
CTRIA3  20777   1       5809    1389    1390    
CTRIA3  20778   1       640     759     728     
CTRIA3  20779   1       447     1476    1934    
CTRIA3  20780   1       2030    2029    1707    
CTRIA3  20781   1       641     316     640     
CTRIA3  20782   1       1439    622     823     
CTRIA3  20783   1       5374    5243    3569    
CTRIA3  20784   1       3155    4479    4269    
CTRIA3  20785   1       649     1476    447     
CTRIA3  20786   1       4523    414     5923    
CTRIA3  20787   1       4523    4983    414     
CTRIA3  20788   1       4089    1909    1950    
CTRIA3  20789   1       657     658     2696    
CTRIA3  20790   1       658     2697    2696    
CTRIA3  20791   1       1917    5229    5228    
CTRIA3  20792   1       841     840     607     
CTRIA3  20793   1       1037    3549    1052    
CTRIA3  20794   1       117     915     116     
CTRIA3  20795   1       1139    489     1138    
CTRIA3  20796   1       829     2393    2392    
CTRIA3  20797   1       2143    687     686     
CTRIA3  20798   1       1356    2024    2009    
CTRIA3  20799   1       2411    915     1950    
CTRIA3  20800   1       1826    463     3569    
CTRIA3  20801   1       3571    6320    5479    
CTRIA3  20802   1       1934    1951    117     
CTRIA3  20803   1       2169    1439    1831    
CTRIA3  20804   1       447     1934    117     
CTRIA3  20805   1       117     1951    915     
CTRIA3  20806   1       3420    4920    4919    
CTRIA3  20807   1       1935    1951    1934    
CTRIA3  20808   1       751     752     759     
CTRIA3  20809   1       1907    1909    1908    
CTRIA3  20810   1       760     1880    5970    
CTRIA3  20811   1       1485    1484    1483    
CTRIA3  20812   1       2118    2114    1996    
CTRIA3  20813   1       1263    1262    1240    
CTRIA3  20814   1       1263    1240    2207    
CTRIA3  20815   1       1317    2825    3079    
CTRIA3  20816   1       3762    5566    5635    
CTRIA3  20817   1       308     642     539     
CTRIA3  20818   1       4024    2810    3819    
CTRIA3  20819   1       2985    2984    2983    
CTRIA3  20820   1       3090    3695    2708    
CTRIA3  20821   1       1434    2086    3193    
CTRIA3  20822   1       1434    362     2086    
CTRIA3  20823   1       2114    2113    2112    
CTRIA3  20824   1       3689    1002    2891    
CTRIA3  20825   1       5058    5388    5389    
CTRIA3  20826   1       6329    5571    5879    
CTRIA3  20827   1       728     664     665     
CTRIA3  20828   1       315     316     641     
CTRIA3  20829   1       1777    3328    3722    
CTRIA3  20830   1       3973    2623    3765    
CTRIA3  20831   1       3765    2623    2515    
CTRIA3  20832   1       2628    2629    643     
CTRIA3  20833   1       1290    1198    746     
CTRIA3  20834   1       553     2093    555     
CTRIA3  20835   1       728     752     664     
CTRIA3  20836   1       309     315     1422    
CTRIA3  20837   1       2652    3083    1837    
CTRIA3  20838   1       1197    3496    1036    
CTRIA3  20839   1       3536    3793    2335    
CTRIA3  20840   1       1373    2979    2088    
CTRIA3  20841   1       3003    2990    3269    
CTRIA3  20842   1       338     1389    2958    
CTRIA3  20843   1       338     1390    1389    
CTRIA3  20844   1       3602    1279    1277    
CTRIA3  20845   1       2392    672     673     
CTRIA3  20846   1       665     664     540     
CTRIA3  20847   1       882     3789    5637    
CTRIA3  20848   1       199     4171    4170    
CTRIA3  20849   1       5424    3951    3921    
CTRIA3  20850   1       3076    3074    6293    
CTRIA3  20851   1       3076    3075    3074    
CTRIA3  20852   1       3266    3268    3267    
CTRIA3  20853   1       416     415     414     
CTRIA3  20854   1       150     1912    149     
CTRIA3  20855   1       6114    5377    5352    
CTRIA3  20856   1       1130    543     1101    
CTRIA3  20857   1       1452    591     1423    
CTRIA3  20858   1       1892    1913    3846    
CTRIA3  20859   1       305     1382    3455    
CTRIA3  20860   1       796     795     794     
CTRIA3  20861   1       1920    2411    1950    
CTRIA3  20862   1       3399    3400    5377    
CTRIA3  20863   1       5377    3400    1879    
CTRIA3  20864   1       5976    1307    1881    
CTRIA3  20865   1       3043    6209    101     
CTRIA3  20866   1       324     554     555     
CTRIA3  20867   1       1506    2628    643     
CTRIA3  20868   1       3187    1827    1828    
CTRIA3  20869   1       3822    1897    6058    
CTRIA3  20870   1       3822    6058    6287    
CTRIA3  20871   1       197     198     94      
CTRIA3  20872   1       3436    3648    4876    
CTRIA3  20873   1       1934    1476    1477    
CTRIA3  20874   1       6004    5538    5886    
CTRIA3  20875   1       2233    2235    2234    
CTRIA3  20876   1       309     1422    308     
CTRIA3  20877   1       3402    3820    3819    
CTRIA3  20878   1       1263    2897    1262    
CTRIA3  20879   1       3506    2284    2285    
CTRIA3  20880   1       833     542     490     
CTRIA3  20881   1       833     1095    542     
CTRIA3  20882   1       592     1423    591     
CTRIA3  20883   1       2299    890     93      
CTRIA3  20884   1       670     3722    949     
CTRIA3  20885   1       2687    3886    295     
CTRIA3  20886   1       653     676     661     
CTRIA3  20887   1       676     3619    661     
CTRIA3  20888   1       4818    842     4120    
CTRIA3  20889   1       641     640     639     
CTRIA3  20890   1       636     1404    1406    
CTRIA3  20891   1       5087    96      5420    
CTRIA3  20892   1       2717    5229    3845    
CTRIA3  20893   1       2285    4921    3506    
CTRIA3  20894   1       1882    620     621     
CTRIA3  20895   1       2022    1602    3109    
CTRIA3  20896   1       635     616     1692    
CTRIA3  20897   1       1260    1243    3125    
CTRIA3  20898   1       1243    3395    3125    
CTRIA3  20899   1       94      3223    5419    
CTRIA3  20900   1       4933    3144    3145    
CTRIA3  20901   1       2735    5362    657     
CTRIA3  20902   1       1204    151     1018    
CTRIA3  20903   1       482     200     854     
CTRIA3  20904   1       727     725     760     
CTRIA3  20905   1       151     519     61      
CTRIA3  20906   1       3951    5474    3519    
CTRIA3  20907   1       5970    5463    727     
CTRIA3  20908   1       3436    4876    5743    
CTRIA3  20909   1       3420    6025    4920    
CTRIA3  20910   1       549     1073    548     
CTRIA3  20911   1       549     2618    1073    
CTRIA3  20912   1       2668    4722    4723    
CTRIA3  20913   1       3144    1829    3714    
CTRIA3  20914   1       5242    3569    5243    
CTRIA3  20915   1       318     5148    2504    
CTRIA3  20916   1       664     750     540     
CTRIA3  20917   1       5352    1879    1877    
CTRIA3  20918   1       1290    3497    1197    
CTRIA3  20919   1       6331    5401    5554    
CTRIA3  20920   1       1470    3204    3205    
CTRIA3  20921   1       1470    3205    375     
CTRIA3  20922   1       2834    6078    2995    
CTRIA3  20923   1       6289    2995    6078    
CTRIA3  20924   1       826     803     717     
CTRIA3  20925   1       4170    887     3756    
CTRIA3  20926   1       5879    5571    3565    
CTRIA3  20927   1       4723    6179    2668    
CTRIA3  20928   1       1434    1432    2094    
CTRIA3  20929   1       2094    1432    2095    
CTRIA3  20930   1       1620    1136    1102    
CTRIA3  20931   1       2392    697     672     
CTRIA3  20932   1       1939    1941    2762    
CTRIA3  20933   1       3914    2152    5809    
CTRIA3  20934   1       1391    3003    1387    
CTRIA3  20935   1       1453    591     1452    
CTRIA3  20936   1       3436    3165    1372    
CTRIA3  20937   1       6034    5405    6052    
CTRIA3  20938   1       5405    5052    6052    
CTRIA3  20939   1       4264    1215    4265    
CTRIA3  20940   1       1907    1950    1909    
CTRIA3  20941   1       430     2132    432     
CTRIA3  20942   1       1455    1444    2194    
CTRIA3  20943   1       1455    2193    1444    
CTRIA3  20944   1       1444    2193    2194    
CTRIA3  20945   1       1935    1934    1477    
CTRIA3  20946   1       2923    116     2411    
CTRIA3  20947   1       1845    419     1891    
CTRIA3  20948   1       1845    440     419     
CTRIA3  20949   1       2203    1466    5354    
CTRIA3  20950   1       1424    1423    592     
CTRIA3  20951   1       5742    3165    5743    
CTRIA3  20952   1       665     541     753     
CTRIA3  20953   1       4261    2366    3788    
CTRIA3  20954   1       6298    5082    5083    
CTRIA3  20955   1       5082    5458    5083    
CTRIA3  20956   1       1777    3722    906     
CTRIA3  20957   1       5458    2093    5083    
CTRIA3  20958   1       639     1422    641     
CTRIA3  20959   1       2118    2030    2113    
CTRIA3  20960   1       1772    2113    2030    
CTRIA3  20961   1       4168    3770    4169    
CTRIA3  20962   1       5935    3075    6041    
CTRIA3  20963   1       1125    361     3461    
CTRIA3  20964   1       2891    1003    547     
CTRIA3  20965   1       3570    3714    1825    
CTRIA3  20966   1       753     728     665     
CTRIA3  20967   1       620     1305    636     
CTRIA3  20968   1       712     731     5976    
CTRIA3  20969   1       2832    2834    2833    
CTRIA3  20970   1       4161    1267    5566    
CTRIA3  20971   1       549     548     547     
CTRIA3  20972   1       886     262     885     
CTRIA3  20973   1       2898    1240    1262    
CTRIA3  20974   1       5086    5420    5322    
CTRIA3  20975   1       5559    3858    3205    
CTRIA3  20976   1       3205    3858    374     
CTRIA3  20977   1       3008    2953    2983    
CTRIA3  20978   1       2857    3270    1036    
CTRIA3  20979   1       1387    370     1391    
CTRIA3  20980   1       730     729     731     
CTRIA3  20981   1       1502    5803    6106    
CTRIA3  20982   1       6117    6106    5803    
CTRIA3  20983   1       256     1699    1698    
CTRIA3  20984   1       5214    3646    1507    
CTRIA3  20985   1       1913    3845    1917    
CTRIA3  20986   1       539     541     540     
CTRIA3  20987   1       5285    3853    3851    
CTRIA3  20988   1       1921    1471    118     
CTRIA3  20989   1       623     2133    1980    
CTRIA3  20990   1       1305    1882    1304    
CTRIA3  20991   1       639     753     541     
CTRIA3  20992   1       2143    686     2144    
CTRIA3  20993   1       3984    2076    2077    
CTRIA3  20994   1       4775    3401    2735    
CTRIA3  20995   1       101     5456    5820    
CTRIA3  20996   1       2652    1837    2214    
CTRIA3  20997   1       2699    2091    1425    
CTRIA3  20998   1       2143    3229    687     
CTRIA3  20999   1       1083    4964    3679    
CTRIA3  21000   1       1303    726     745     
CTRIA3  21001   1       1303    5183    726     
CTRIA3  21002   1       1505    1504    6276    
CTRIA3  21003   1       631     630     629     
CTRIA3  21004   1       672     795     796     
CTRIA3  21005   1       5463    3921    2697    
CTRIA3  21006   1       2017    4913    2016    
CTRIA3  21007   1       4913    4283    2016    
CTRIA3  21008   1       6289    338     5385    
CTRIA3  21009   1       5285    255     3853    
CTRIA3  21010   1       3502    4984    4983    
CTRIA3  21011   1       3502    4297    4984    
CTRIA3  21012   1       3281    1562    3185    
CTRIA3  21013   1       2994    4589    2834    
CTRIA3  21014   1       82      1589    2354    
CTRIA3  21015   1       5374    3569    463     
CTRIA3  21016   1       4269    4877    3155    
CTRIA3  21017   1       6210    6276    1485    
CTRIA3  21018   1       431     430     432     
CTRIA3  21019   1       3083    2652    3082    
CTRIA3  21020   1       843     4120    842     
CTRIA3  21021   1       891     2484    835     
CTRIA3  21022   1       82      2354    1524    
CTRIA3  21023   1       3110    6431    2022    
CTRIA3  21024   1       3110    2022    3109    
CTRIA3  21025   1       1312    5757    4541    
CTRIA3  21026   1       6250    4541    5757    
CTRIA3  21027   1       794     5976    6462    
CTRIA3  21028   1       438     2368    2367    
CTRIA3  21029   1       331     1249    332     
CTRIA3  21030   1       331     329     1249    
CTRIA3  21031   1       3922    3921    5463    
CTRIA3  21032   1       1449    5355    5354    
CTRIA3  21033   1       2090    2699    3898    
CTRIA3  21034   1       2230    2231    2982    
CTRIA3  21035   1       3853    3850    3851    
CTRIA3  21036   1       4267    3820    3402    
CTRIA3  21037   1       2017    2015    6087    
CTRIA3  21038   1       6087    2015    6126    
CTRIA3  21039   1       1443    2419    1687    
CTRIA3  21040   1       2428    779     573     
CTRIA3  21041   1       760     5970    727     
CTRIA3  21042   1       1125    2364    361     
CTRIA3  21043   1       5059    5388    5058    
CTRIA3  21044   1       1447    1846    1862    
CTRIA3  21045   1       1917    1862    1846    
CTRIA3  21046   1       1590    1377    263     
CTRIA3  21047   1       974     973     429     
CTRIA3  21048   1       974     972     973     
CTRIA3  21049   1       2285    2284    2286    
CTRIA3  21050   1       4277    2979    1440    
CTRIA3  21051   1       4562    581     4809    
CTRIA3  21052   1       4912    4910    6290    
CTRIA3  21053   1       2236    2564    347     
CTRIA3  21054   1       2236    347     3666    
CTRIA3  21055   1       1781    2008    2006    
CTRIA3  21056   1       5319    2918    5896    
CTRIA3  21057   1       2140    2169    2689    
CTRIA3  21058   1       3898    2445    2090    
CTRIA3  21059   1       2419    2687    2683    
CTRIA3  21060   1       1439    823     1831    
CTRIA3  21061   1       1276    1277    2794    
CTRIA3  21062   1       315     641     1422    
CTRIA3  21063   1       5058    6020    886     
CTRIA3  21064   1       256     255     254     
CTRIA3  21065   1       815     811     2189    
CTRIA3  21066   1       1845    3846    1917    
CTRIA3  21067   1       1665    1671    1664    
CTRIA3  21068   1       6373    4171    199     
CTRIA3  21069   1       3535    3793    3536    
CTRIA3  21070   1       640     728     639     
CTRIA3  21071   1       796     674     672     
CTRIA3  21072   1       4573    4575    4574    
CTRIA3  21073   1       3299    4721    4722    
CTRIA3  21074   1       2113    1772    2013    
CTRIA3  21075   1       2095    2094    3234    
CTRIA3  21076   1       2095    3233    2094    
CTRIA3  21077   1       2094    3233    3234    
CTRIA3  21078   1       2095    3234    3233    
CTRIA3  21079   1       4005    3377    5784    
CTRIA3  21080   1       1385    1383    1436    
CTRIA3  21081   1       1385    1384    1383    
CTRIA3  21082   1       1385    1436    1384    
CTRIA3  21083   1       1317    1316    1315    
CTRIA3  21084   1       1707    2029    102     
CTRIA3  21085   1       1928    1929    4676    
CTRIA3  21086   1       2984    2985    4144    
CTRIA3  21087   1       5637    3789    5636    
CTRIA3  21088   1       1889    1841    2652    
CTRIA3  21089   1       4032    1699    1703    
CTRIA3  21090   1       566     1693    565     
CTRIA3  21091   1       4169    4921    4168    
CTRIA3  21092   1       3069    305     2922    
CTRIA3  21093   1       305     3455    2922    
CTRIA3  21094   1       2561    3695    2560    
CTRIA3  21095   1       696     811     815     
CTRIA3  21096   1       101     5455    5456    
CTRIA3  21097   1       2984    4144    3762    
CTRIA3  21098   1       5400    6276    6210    
CTRIA3  21099   1       4085    3184    1925    
CTRIA3  21100   1       2437    1925    3184    
CTRIA3  21101   1       4270    1423    1424    
CTRIA3  21102   1       3229    2881    826     
CTRIA3  21103   1       4269    3984    4877    
CTRIA3  21104   1       5741    3952    6266    
CTRIA3  21105   1       3532    4170    3756    
CTRIA3  21106   1       4903    4904    1411    
CTRIA3  21107   1       1411    4904    5678    
CTRIA3  21108   1       363     1395    2848    
CTRIA3  21109   1       3898    3897    2445    
CTRIA3  21110   1       3570    1930    3571    
CTRIA3  21111   1       364     3269    363     
CTRIA3  21112   1       2094    2343    1434    
CTRIA3  21113   1       949     3722    4561    
CTRIA3  21114   1       3223    5322    5420    
CTRIA3  21115   1       767     1832    1831    
CTRIA3  21116   1       566     255     1693    
CTRIA3  21117   1       549     547     1003    
CTRIA3  21118   1       2189    811     2901    
CTRIA3  21119   1       885     3756    887     
CTRIA3  21120   1       1372    1261    3436    
CTRIA3  21121   1       3984    4920    6207    
CTRIA3  21122   1       4244    6177    5478    
CTRIA3  21123   1       2700    1474    1515    
CTRIA3  21124   1       5911    1515    1474    
CTRIA3  21125   1       3898    2794    3897    
CTRIA3  21126   1       1400    1413    336     
CTRIA3  21127   1       1400    6266    1413    
CTRIA3  21128   1       1997    2118    1996    
CTRIA3  21129   1       261     886     5895    
CTRIA3  21130   1       3125    1045    1275    
CTRIA3  21131   1       3125    3395    1045    
CTRIA3  21132   1       3976    1859    1860    
CTRIA3  21133   1       730     1091    318     
CTRIA3  21134   1       4912    6290    5918    
CTRIA3  21135   1       822     3061    767     
CTRIA3  21136   1       6074    5448    6198    
CTRIA3  21137   1       6074    1928    5448    
CTRIA3  21138   1       2344    3227    3229    
CTRIA3  21139   1       5354    1467    1449    
CTRIA3  21140   1       1878    3921    3922    
CTRIA3  21141   1       3689    1017    1002    
CTRIA3  21142   1       3110    3108    6277    
CTRIA3  21143   1       3110    3109    3108    
CTRIA3  21144   1       3278    1288    360     
CTRIA3  21145   1       2670    2671    2669    
CTRIA3  21146   1       4920    3984    2077    
CTRIA3  21147   1       3050    3690    5569    
CTRIA3  21148   1       3565    4991    5879    
CTRIA3  21149   1       5756    4575    5711    
CTRIA3  21150   1       2080    807     808     
CTRIA3  21151   1       908     1772    907     
CTRIA3  21152   1       5423    1411    1412    
CTRIA3  21153   1       1412    1411    1413    
CTRIA3  21154   1       5082    4809    5044    
CTRIA3  21155   1       5082    5044    5458    
CTRIA3  21156   1       644     645     4984    
CTRIA3  21157   1       645     6138    4984    
CTRIA3  21158   1       490     542     491     
CTRIA3  21159   1       491     542     543     
CTRIA3  21160   1       2366    2439    438     
CTRIA3  21161   1       2650    3451    3060    
CTRIA3  21162   1       200     202     201     
CTRIA3  21163   1       1260    1242    1243    
CTRIA3  21164   1       1836    1833    1832    
CTRIA3  21165   1       2601    1828    3090    
CTRIA3  21166   1       5976    731     1307    
CTRIA3  21167   1       4171    6373    5059    
CTRIA3  21168   1       4171    5059    5058    
CTRIA3  21169   1       1004    3679    196     
CTRIA3  21170   1       1039    1041    2674    
CTRIA3  21171   1       5455    101     6209    
CTRIA3  21172   1       308     1422    642     
CTRIA3  21173   1       6021    5389    5087    
CTRIA3  21174   1       762     3618    4144    
CTRIA3  21175   1       2808    2809    803     
CTRIA3  21176   1       5742    4920    6025    
CTRIA3  21177   1       1877    1878    3922    
CTRIA3  21178   1       1877    1879    1878    
CTRIA3  21179   1       2699    3319    3898    
CTRIA3  21180   1       1316    1877    1880    
CTRIA3  21181   1       1392    3269    364     
CTRIA3  21182   1       2294    1990    1991    
CTRIA3  21183   1       1991    1990    2292    
CTRIA3  21184   1       3269    2990    1394    
CTRIA3  21185   1       858     5203    3172    
CTRIA3  21186   1       2087    2088    2979    
CTRIA3  21187   1       1017    3689    94      
CTRIA3  21188   1       3690    3050    1506    
CTRIA3  21189   1       5949    5133    223     
CTRIA3  21190   1       5133    5561    223     
CTRIA3  21191   1       1269    2991    1348    
CTRIA3  21192   1       1373    2088    2847    
CTRIA3  21193   1       94      96      95      
CTRIA3  21194   1       94      95      212     
CTRIA3  21195   1       5961    5523    2007    
CTRIA3  21196   1       2066    2065    2246    
CTRIA3  21197   1       555     323     324     
CTRIA3  21198   1       3052    1490    1483    
CTRIA3  21199   1       1889    2652    6201    
CTRIA3  21200   1       2652    2215    6201    
CTRIA3  21201   1       3450    2398    3933    
CTRIA3  21202   1       2276    6384    59      
CTRIA3  21203   1       3682    295     293     
CTRIA3  21204   1       1392    364     3796    
CTRIA3  21205   1       4182    900     4181    
CTRIA3  21206   1       667     714     795     
CTRIA3  21207   1       727     2697    658     
CTRIA3  21208   1       727     5463    2697    
CTRIA3  21209   1       263     1589    1590    
CTRIA3  21210   1       4005    1780    3377    
CTRIA3  21211   1       295     3682    2687    
CTRIA3  21212   1       3976    1860    3078    
CTRIA3  21213   1       1875    3976    5405    
CTRIA3  21214   1       3228    3227    2344    
CTRIA3  21215   1       1692    1691    1690    
CTRIA3  21216   1       3341    1084    4264    
CTRIA3  21217   1       2764    1424    2763    
CTRIA3  21218   1       5886    6167    5887    
CTRIA3  21219   1       5887    6167    659     
CTRIA3  21220   1       763     726     5183    
CTRIA3  21221   1       1437    264     1382    
CTRIA3  21222   1       4562    2797    581     
CTRIA3  21223   1       6320    6015    6074    
CTRIA3  21224   1       2797    4005    581     
CTRIA3  21225   1       3888    1443    1440    
CTRIA3  21226   1       4040    4041    5477    
CTRIA3  21227   1       3187    1828    2284    
CTRIA3  21228   1       5474    3952    5741    
CTRIA3  21229   1       2202    1898    1473    
CTRIA3  21230   1       1473    1898    1472    
CTRIA3  21231   1       5123    3569    5242    
CTRIA3  21232   1       1892    1489    1913    
CTRIA3  21233   1       541     642     639     
CTRIA3  21234   1       2735    1313    4775    
CTRIA3  21235   1       2697    3921    3951    
CTRIA3  21236   1       549     1003    1204    
CTRIA3  21237   1       549     1204    1018    
CTRIA3  21238   1       2558    1078    428     
CTRIA3  21239   1       647     463     461     
CTRIA3  21240   1       198     2479    3223    
CTRIA3  21241   1       1360    1355    1361    
CTRIA3  21242   1       810     2344    2143    
CTRIA3  21243   1       1333    1334    4020    
CTRIA3  21244   1       1333    1335    1334    
CTRIA3  21245   1       2799    2798    2796    
CTRIA3  21246   1       3152    3156    4057    
CTRIA3  21247   1       823     822     767     
CTRIA3  21248   1       541     539     642     
CTRIA3  21249   1       431     1866    430     
CTRIA3  21250   1       1836    1832    1834    
CTRIA3  21251   1       1798    1797    1796    
CTRIA3  21252   1       5742    5743    4876    
CTRIA3  21253   1       4189    1072    4190    
CTRIA3  21254   1       1072    1221    4190    
CTRIA3  21255   1       885     887     886     
CTRIA3  21256   1       1411    5678    1413    
CTRIA3  21257   1       1390    1413    5678    
CTRIA3  21258   1       5475    5474    4589    
CTRIA3  21259   1       2652    2214    2215    
CTRIA3  21260   1       753     639     728     
CTRIA3  21261   1       3229    2143    2344    
CTRIA3  21262   1       3497    3496    1197    
CTRIA3  21263   1       221     5948    5949    
CTRIA3  21264   1       221     6367    5948    
CTRIA3  21265   1       1358    1359    1285    
CTRIA3  21266   1       1359    1253    1285    
CTRIA3  21267   1       2086    1517    3193    
CTRIA3  21268   1       714     667     713     
CTRIA3  21269   1       521     84      523     
CTRIA3  21270   1       3075    5935    3074    
CTRIA3  21271   1       2347    2412    2349    
CTRIA3  21272   1       1053    2349    2412    
CTRIA3  21273   1       659     1302    745     
CTRIA3  21274   1       659     3410    1302    
CTRIA3  21275   1       1939    2763    1941    
CTRIA3  21276   1       5742    4876    4877    
CTRIA3  21277   1       1483    1490    1491    
CTRIA3  21278   1       3052    3051    3050    
CTRIA3  21279   1       4767    5322    3223    
CTRIA3  21280   1       4238    5659    4239    
CTRIA3  21281   1       4238    6404    5659    
CTRIA3  21282   1       2368    438     2439    
CTRIA3  21283   1       2202    1473    2701    
CTRIA3  21284   1       2202    2701    2201    
CTRIA3  21285   1       1393    1437    1382    
CTRIA3  21286   1       3502    3503    4297    
CTRIA3  21287   1       4920    5742    6207    
CTRIA3  21288   1       255     5285    254     
CTRIA3  21289   1       1396    366     28      
CTRIA3  21290   1       366     2863    28      
CTRIA3  21291   1       6251    5880    5881    
CTRIA3  21292   1       5880    6175    5881    
CTRIA3  21293   1       3722    3328    4561    
CTRIA3  21294   1       1466    1467    5354    
CTRIA3  21295   1       2217    2213    2218    
CTRIA3  21296   1       3175    3608    3174    
CTRIA3  21297   1       6289    5385    2995    
CTRIA3  21298   1       1891    1892    1845    
CTRIA3  21299   1       1891    1911    1892    
CTRIA3  21300   1       3074    5935    413     
CTRIA3  21301   1       3074    413     5427    
CTRIA3  21302   1       3050    1490    3052    
CTRIA3  21303   1       1365    1253    1359    
CTRIA3  21304   1       1365    1359    1358    
CTRIA3  21305   1       1003    2891    1002    
CTRIA3  21306   1       2853    632     630     
CTRIA3  21307   1       2763    1939    2764    
CTRIA3  21308   1       4990    6054    6053    
CTRIA3  21309   1       2436    2434    1939    
CTRIA3  21310   1       1931    2649    1942    
CTRIA3  21311   1       1931    1933    2649    
CTRIA3  21312   1       1371    3164    2445    
CTRIA3  21313   1       5741    4589    5474    
CTRIA3  21314   1       804     803     2809    
CTRIA3  21315   1       6298    5083    949     
CTRIA3  21316   1       94      5419    96      
CTRIA3  21317   1       2736    1313    2735    
CTRIA3  21318   1       1356    1353    2026    
CTRIA3  21319   1       199     2641    6373    
CTRIA3  21320   1       2705    4030    4028    
CTRIA3  21321   1       4030    4029    4028    
CTRIA3  21322   1       1492    371     2581    
CTRIA3  21323   1       6025    3165    5742    
CTRIA3  21324   1       476     5405    3976    
CTRIA3  21325   1       2558    1620    3209    
CTRIA3  21326   1       2558    3209    1157    
CTRIA3  21327   1       1602    3886    3109    
CTRIA3  21328   1       890     481     482     
CTRIA3  21329   1       5487    3079    3078    
CTRIA3  21330   1       5487    3077    3079    
CTRIA3  21331   1       4562    6298    4561    
CTRIA3  21332   1       1036    1037    2857    
CTRIA3  21333   1       1865    1866    431     
CTRIA3  21334   1       1293    453     1292    
CTRIA3  21335   1       949     4561    6298    
CTRIA3  21336   1       2443    1425    1438    
CTRIA3  21337   1       2932    3593    2342    
CTRIA3  21338   1       4246    5809    2152    
CTRIA3  21339   1       5285    3851    254     
CTRIA3  21340   1       1348    1265    1269    
CTRIA3  21341   1       2091    408     1425    
CTRIA3  21342   1       1983    716     2543    
CTRIA3  21343   1       2296    2297    2448    
CTRIA3  21344   1       2297    2530    2448    
CTRIA3  21345   1       1875    6326    1317    
CTRIA3  21346   1       1317    6326    2824    
CTRIA3  21347   1       6038    3770    4944    
CTRIA3  21348   1       336     1321    1322    
CTRIA3  21349   1       336     337     1321    
CTRIA3  21350   1       4927    2492    6111    
CTRIA3  21351   1       2492    5916    6111    
CTRIA3  21352   1       5319    5322    5321    
CTRIA3  21353   1       2114    2118    2113    
CTRIA3  21354   1       2717    3845    3980    
CTRIA3  21355   1       1388    1387    3003    
CTRIA3  21356   1       813     814     621     
CTRIA3  21357   1       1138    1137    1139    
CTRIA3  21358   1       1138    1136    1137    
CTRIA3  21359   1       1514    5020    1513    
CTRIA3  21360   1       1514    6452    5020    
CTRIA3  21361   1       1825    1826    3570    
CTRIA3  21362   1       3648    3830    4876    
CTRIA3  21363   1       1261    3392    3436    
CTRIA3  21364   1       883     882     698     
CTRIA3  21365   1       5058    886     887     
CTRIA3  21366   1       1253    2246    2065    
CTRIA3  21367   1       3501    1138    491     
CTRIA3  21368   1       491     1138    489     
CTRIA3  21369   1       3223    94      198     
CTRIA3  21370   1       3474    1052    1050    
CTRIA3  21371   1       3474    3404    1052    
CTRIA3  21372   1       2082    2233    2234    
CTRIA3  21373   1       305     1393    1382    
CTRIA3  21374   1       2151    2153    2152    
CTRIA3  21375   1       2052    2343    1384    
CTRIA3  21376   1       716     1983    818     
CTRIA3  21377   1       263     264     1378    
CTRIA3  21378   1       2013    1772    2584    
CTRIA3  21379   1       2584    1772    908     
CTRIA3  21380   1       2682    2143    2144    
CTRIA3  21381   1       2006    3377    1781    
CTRIA3  21382   1       620     1882    1305    
CTRIA3  21383   1       1439    2169    2140    
CTRIA3  21384   1       658     659     724     
CTRIA3  21385   1       5800    5802    5801    
CTRIA3  21386   1       5801    5802    5992    
CTRIA3  21387   1       1306    729     1331    
CTRIA3  21388   1       1331    318     1324    
CTRIA3  21389   1       3897    1371    2445    
CTRIA3  21390   1       3174    2980    3175    
CTRIA3  21391   1       4723    4721    5566    
CTRIA3  21392   1       894     895     893     
CTRIA3  21393   1       894     2568    895     
CTRIA3  21394   1       804     2809    696     
CTRIA3  21395   1       3770    4818    4169    
CTRIA3  21396   1       1358    1285    1286    
CTRIA3  21397   1       6261    1929    5123    
CTRIA3  21398   1       102     2029    3043    
CTRIA3  21399   1       5800    5297    5298    
CTRIA3  21400   1       5298    5297    5299    
CTRIA3  21401   1       658     724     727     
CTRIA3  21402   1       5554    2709    4988    
CTRIA3  21403   1       2153    2151    6352    
CTRIA3  21404   1       6176    6352    2151    
CTRIA3  21405   1       4153    6038    3828    
CTRIA3  21406   1       4153    3828    3829    
CTRIA3  21407   1       4168    4921    2285    
CTRIA3  21408   1       555     554     553     
CTRIA3  21409   1       554     2542    553     
CTRIA3  21410   1       778     780     779     
CTRIA3  21411   1       779     780     799     
CTRIA3  21412   1       2810    3402    3819    
CTRIA3  21413   1       642     1422    639     
CTRIA3  21414   1       3175    2980    5022    
CTRIA3  21415   1       202     1162    1221    
CTRIA3  21416   1       819     716     818     
CTRIA3  21417   1       2834    4589    2833    
CTRIA3  21418   1       2833    4589    4588    
CTRIA3  21419   1       5229    1917    3845    
CTRIA3  21420   1       2585    671     1755    
CTRIA3  21421   1       2585    2851    671     
CTRIA3  21422   1       883     3179    3862    
CTRIA3  21423   1       5276    3850    3853    
CTRIA3  21424   1       3153    3157    3152    
CTRIA3  21425   1       2964    2706    2708    
CTRIA3  21426   1       261     2918    260     
CTRIA3  21427   1       4912    5523    5696    
CTRIA3  21428   1       5696    5523    5961    
CTRIA3  21429   1       4676    1929    6261    
CTRIA3  21430   1       767     1831    823     
CTRIA3  21431   1       4904    4902    2151    
CTRIA3  21432   1       4904    2151    3914    
CTRIA3  21433   1       840     841     1008    
CTRIA3  21434   1       4226    2891    1217    
CTRIA3  21435   1       567     565     2988    
CTRIA3  21436   1       4767    5203    2917    
CTRIA3  21437   1       4767    3172    5203    
CTRIA3  21438   1       2216    1427    1428    
CTRIA3  21439   1       6249    4903    1339    
CTRIA3  21440   1       4903    1411    1339    
CTRIA3  21441   1       3875    6106    6117    
CTRIA3  21442   1       202     1221    1073    
CTRIA3  21443   1       1072    1073    1221    
CTRIA3  21444   1       1506    3050    2628    
CTRIA3  21445   1       5123    5458    5044    
CTRIA3  21446   1       1344    2987    3271    
CTRIA3  21447   1       4032    6408    515     
CTRIA3  21448   1       1335    1333    3831    
CTRIA3  21449   1       1276    2119    3412    
CTRIA3  21450   1       1980    1858    623     
CTRIA3  21451   1       715     804     815     
CTRIA3  21452   1       260     2332    6314    
CTRIA3  21453   1       972     1157    1626    
CTRIA3  21454   1       3595    2431    780     
CTRIA3  21455   1       3595    372     2431    
CTRIA3  21456   1       3565    5571    1126    
CTRIA3  21457   1       3164    3420    2445    
CTRIA3  21458   1       888     891     2299    
CTRIA3  21459   1       4270    4993    5871    
CTRIA3  21460   1       2763    1424    592     
CTRIA3  21461   1       2119    1276    2794    
CTRIA3  21462   1       2075    2077    2076    
CTRIA3  21463   1       637     2034    2439    
CTRIA3  21464   1       5281    5025    4931    
CTRIA3  21465   1       3569    1929    1930    
CTRIA3  21466   1       1504    4554    6276    
CTRIA3  21467   1       6276    4554    3948    
CTRIA3  21468   1       5399    1485    5766    
CTRIA3  21469   1       6290    5479    6320    
CTRIA3  21470   1       1833    1836    1837    
CTRIA3  21471   1       1376    3316    1357    
CTRIA3  21472   1       1267    1184    1186    
CTRIA3  21473   1       779     2428    778     
CTRIA3  21474   1       1242    1260    3125    
CTRIA3  21475   1       1242    3125    1275    
CTRIA3  21476   1       2392    2398    2399    
CTRIA3  21477   1       3549    6479    481     
CTRIA3  21478   1       3679    4226    1217    
CTRIA3  21479   1       3679    1004    4226    
CTRIA3  21480   1       3050    5569    1490    
CTRIA3  21481   1       4160    2286    2550    
CTRIA3  21482   1       3179    883     2336    
CTRIA3  21483   1       1423    4270    5871    
CTRIA3  21484   1       2353    3788    1429    
CTRIA3  21485   1       4921    4169    3506    
CTRIA3  21486   1       5059    6384    2276    
CTRIA3  21487   1       5059    2276    5388    
CTRIA3  21488   1       3521    2994    2995    
CTRIA3  21489   1       2064    1251    1345    
CTRIA3  21490   1       61      92      151     
CTRIA3  21491   1       3830    3648    3829    
CTRIA3  21492   1       3152    3155    3156    
CTRIA3  21493   1       2848    2088    363     
CTRIA3  21494   1       2799    2796    1777    
CTRIA3  21495   1       5814    2015    4283    
CTRIA3  21496   1       3535    3536    821     
CTRIA3  21497   1       670     908     3722    
CTRIA3  21498   1       2393    829     4120    
CTRIA3  21499   1       5396    4265    5172    
CTRIA3  21500   1       4169    4818    4270    
CTRIA3  21501   1       2399    697     2392    
CTRIA3  21502   1       480     482     481     
CTRIA3  21503   1       2392    2393    2398    
CTRIA3  21504   1       1620    1102    1626    
CTRIA3  21505   1       3734    6293    3735    
CTRIA3  21506   1       3734    3735    3075    
CTRIA3  21507   1       3788    439     1429    
CTRIA3  21508   1       1316    3079    3077    
CTRIA3  21509   1       2077    2082    4550    
CTRIA3  21510   1       3175    262     6314    
CTRIA3  21511   1       6179    1268    1265    
CTRIA3  21512   1       1485    5399    6210    
CTRIA3  21513   1       463     1826    462     
CTRIA3  21514   1       1247    1285    1363    
CTRIA3  21515   1       3450    676     653     
CTRIA3  21516   1       3450    3933    676     
CTRIA3  21517   1       4168    2285    6245    
CTRIA3  21518   1       2705    2550    2551    
CTRIA3  21519   1       369     3792    2370    
CTRIA3  21520   1       2918    2331    260     
CTRIA3  21521   1       3278    1287    1288    
CTRIA3  21522   1       747     1245    1294    
CTRIA3  21523   1       1491    1485    1483    
CTRIA3  21524   1       1491    5766    1485    
CTRIA3  21525   1       443     441     1321    
CTRIA3  21526   1       553     949     5083    
CTRIA3  21527   1       553     5083    2093    
CTRIA3  21528   1       3004    1387    1388    
CTRIA3  21529   1       4023    4024    3819    
CTRIA3  21530   1       2567    901     2259    
CTRIA3  21531   1       2567    900     901     
CTRIA3  21532   1       2239    5230    4262    
CTRIA3  21533   1       3689    1004    94      
CTRIA3  21534   1       1004    197     94      
CTRIA3  21535   1       347     348     809     
CTRIA3  21536   1       1447    386     1846    
CTRIA3  21537   1       1447    1944    386     
CTRIA3  21538   1       491     543     1130    
CTRIA3  21539   1       491     1130    3501    
CTRIA3  21540   1       2530    2443    2448    
CTRIA3  21541   1       3472    3319    2297    
CTRIA3  21542   1       2297    3319    2530    
CTRIA3  21543   1       6373    2641    6384    
CTRIA3  21544   1       6384    2641    855     
CTRIA3  21545   1       5400    6210    5399    
CTRIA3  21546   1       1438    2444    2443    
CTRIA3  21547   1       3506    2764    3187    
CTRIA3  21548   1       2701    1473    2700    
CTRIA3  21549   1       4160    3154    2286    
CTRIA3  21550   1       3618    2162    4144    
CTRIA3  21551   1       265     264     263     
CTRIA3  21552   1       5923    405     6117    
CTRIA3  21553   1       5923    6117    4523    
CTRIA3  21554   1       1260    790     1275    
CTRIA3  21555   1       1242    1275    790     
CTRIA3  21556   1       3571    1930    6015    
CTRIA3  21557   1       5912    2201    2701    
CTRIA3  21558   1       3570    5479    3143    
CTRIA3  21559   1       2995    5385    4278    
CTRIA3  21560   1       3565    4265    4991    
CTRIA3  21561   1       2875    2076    3020    
CTRIA3  21562   1       3467    3179    3599    
CTRIA3  21563   1       1755    2112    2585    
CTRIA3  21564   1       5177    102     3981    
CTRIA3  21565   1       5756    4574    4575    
CTRIA3  21566   1       2006    6198    3377    
CTRIA3  21567   1       1083    3679    1217    
CTRIA3  21568   1       3521    5475    4589    
CTRIA3  21569   1       3316    1373    2847    
CTRIA3  21570   1       2725    4523    5803    
CTRIA3  21571   1       5803    4523    6117    
CTRIA3  21572   1       4120    829     4993    
CTRIA3  21573   1       695     2344    810     
CTRIA3  21574   1       1864    593     1461    
CTRIA3  21575   1       3155    4877    3830    
CTRIA3  21576   1       3420    4481    2446    
CTRIA3  21577   1       335     3089    333     
CTRIA3  21578   1       1860    1859    1478    
CTRIA3  21579   1       2652    1842    3082    
CTRIA3  21580   1       2439    2366    4261    
CTRIA3  21581   1       3060    768     3061    
CTRIA3  21582   1       3682    5445    3681    
CTRIA3  21583   1       2256    2682    2144    
CTRIA3  21584   1       323     630     566     
CTRIA3  21585   1       2763    592     593     
CTRIA3  21586   1       2120    3412    2794    
CTRIA3  21587   1       2119    2794    3412    
CTRIA3  21588   1       2007    5523    5043    
CTRIA3  21589   1       1453    2132    2141    
CTRIA3  21590   1       841     1053    1054    
CTRIA3  21591   1       93      855     2641    
CTRIA3  21592   1       1782    2798    2799    
CTRIA3  21593   1       886     6020    5895    
CTRIA3  21594   1       1395    363     1394    
CTRIA3  21595   1       462     461     463     
CTRIA3  21596   1       2162    2161    4144    
CTRIA3  21597   1       261     5896    2918    
CTRIA3  21598   1       3164    1370    1372    
CTRIA3  21599   1       5020    3379    1513    
CTRIA3  21600   1       843     3793    2393    
CTRIA3  21601   1       3789    3862    4180    
CTRIA3  21602   1       1781    1780    1782    
CTRIA3  21603   1       1858    1844    624     
CTRIA3  21604   1       3078    1860    5487    
CTRIA3  21605   1       5123    1929    3569    
CTRIA3  21606   1       469     468     2504    
CTRIA3  21607   1       469     2795    468     
CTRIA3  21608   1       2994    3521    4589    
CTRIA3  21609   1       5190    5183    1303    
CTRIA3  21610   1       1425    2443    2699    
CTRIA3  21611   1       4876    3830    4877    
CTRIA3  21612   1       3933    2393    3793    
CTRIA3  21613   1       6106    3875    6446    
CTRIA3  21614   1       6145    6446    3875    
CTRIA3  21615   1       5389    5388    5087    
CTRIA3  21616   1       96      5087    5388    
CTRIA3  21617   1       61      855     93      
CTRIA3  21618   1       906     1778    1777    
CTRIA3  21619   1       1826    1930    3570    
CTRIA3  21620   1       2450    2449    1364    
CTRIA3  21621   1       1440    2979    3888    
CTRIA3  21622   1       1293    1290    747     
CTRIA3  21623   1       522     521     523     
CTRIA3  21624   1       6329    5879    1151    
CTRIA3  21625   1       5632    5633    4640    
CTRIA3  21626   1       1278    1277    1276    
CTRIA3  21627   1       3153    3152    3154    
CTRIA3  21628   1       6277    5819    6431    
CTRIA3  21629   1       1394    363     3269    
CTRIA3  21630   1       3977    476     3976    
CTRIA3  21631   1       3977    2824    476     
CTRIA3  21632   1       1867    2351    1940    
CTRIA3  21633   1       893     892     894     
CTRIA3  21634   1       5044    6261    5123    
CTRIA3  21635   1       5321    5322    4767    
CTRIA3  21636   1       804     696     815     
CTRIA3  21637   1       3172    4767    3223    
CTRIA3  21638   1       4550    654     4481    
CTRIA3  21639   1       889     3679    2483    
CTRIA3  21640   1       4964    2483    3679    
CTRIA3  21641   1       2086    363     2088    
CTRIA3  21642   1       323     2853    630     
CTRIA3  21643   1       3830    3829    3156    
CTRIA3  21644   1       3156    3829    3828    
CTRIA3  21645   1       4944    3770    4168    
CTRIA3  21646   1       2026    1250    2024    
CTRIA3  21647   1       1289    1354    1288    
CTRIA3  21648   1       367     2862    366     
CTRIA3  21649   1       2933    2110    3350    
CTRIA3  21650   1       2110    3150    3350    
CTRIA3  21651   1       2932    3594    3593    
CTRIA3  21652   1       2019    2021    2644    
CTRIA3  21653   1       1279    1370    3897    
CTRIA3  21654   1       2067    2370    2068    
CTRIA3  21655   1       1199    1197    2324    
CTRIA3  21656   1       3008    2984    5635    
CTRIA3  21657   1       5456    5455    2022    
CTRIA3  21658   1       5242    5280    2093    
CTRIA3  21659   1       4993    4818    4120    
CTRIA3  21660   1       4902    5478    6177    
CTRIA3  21661   1       1858    3059    1844    
CTRIA3  21662   1       1039    2674    1045    
CTRIA3  21663   1       2674    2899    1045    
CTRIA3  21664   1       1039    1045    2899    
CTRIA3  21665   1       255     1773    3853    
CTRIA3  21666   1       884     3711    5076    
CTRIA3  21667   1       1414    1415    1404    
CTRIA3  21668   1       3152    4479    3155    
CTRIA3  21669   1       318     1091    5148    
CTRIA3  21670   1       2089    1250    2025    
CTRIA3  21671   1       5949    223     221     
CTRIA3  21672   1       1149    3496    3497    
CTRIA3  21673   1       2479    884     857     
CTRIA3  21674   1       2832    4268    6078    
CTRIA3  21675   1       6345    6368    5883    
CTRIA3  21676   1       6345    6248    6368    
CTRIA3  21677   1       1041    2588    2674    
CTRIA3  21678   1       1041    1127    2588    
CTRIA3  21679   1       1317    3079    1316    
CTRIA3  21680   1       5883    6368    4246    
CTRIA3  21681   1       5883    4246    2152    
CTRIA3  21682   1       5896    261     5895    
CTRIA3  21683   1       3791    2567    3608    
CTRIA3  21684   1       3108    3109    1374    
CTRIA3  21685   1       2065    369     2287    
CTRIA3  21686   1       607     3392    609     
CTRIA3  21687   1       3150    2110    6475    
CTRIA3  21688   1       1380    1379    3367    
CTRIA3  21689   1       6221    6353    6171    
CTRIA3  21690   1       6221    6171    5885    
CTRIA3  21691   1       4270    4818    4993    
CTRIA3  21692   1       1251    2064    2715    
CTRIA3  21693   1       1251    2715    2009    
CTRIA3  21694   1       1996    2114    2121    
CTRIA3  21695   1       1279    3897    1277    
CTRIA3  21696   1       2810    3545    3593    
CTRIA3  21697   1       3521    2995    4278    
CTRIA3  21698   1       61      93      92      
CTRIA3  21699   1       1376    1357    1342    
CTRIA3  21700   1       3375    3796    3709    
CTRIA3  21701   1       3796    2232    3709    
CTRIA3  21702   1       1371    3897    1370    
CTRIA3  21703   1       891     481     890     
CTRIA3  21704   1       3200    5826    646     
CTRIA3  21705   1       374     376     375     
CTRIA3  21706   1       374     375     3205    
CTRIA3  21707   1       5562    5948    6367    
CTRIA3  21708   1       2214    1835    1932    
CTRIA3  21709   1       2344    695     3228    
CTRIA3  21710   1       4481    654     2446    
CTRIA3  21711   1       6176    4902    6177    
CTRIA3  21712   1       6176    2151    4902    
CTRIA3  21713   1       1626    3209    1620    
CTRIA3  21714   1       1626    1157    3209    
CTRIA3  21715   1       2082    2075    2233    
CTRIA3  21716   1       1964    899     4153    
CTRIA3  21717   1       4153    899     3599    
CTRIA3  21718   1       2444    1438    2367    
CTRIA3  21719   1       2077    4550    4919    
CTRIA3  21720   1       3858    6375    3857    
CTRIA3  21721   1       3857    6375    5557    
CTRIA3  21722   1       3858    5557    6375    
CTRIA3  21723   1       409     2080    808     
CTRIA3  21724   1       2014    2851    2585    
CTRIA3  21725   1       200     1162    202     
CTRIA3  21726   1       835     481     891     
CTRIA3  21727   1       2354    1589    1378    
CTRIA3  21728   1       338     337     336     
CTRIA3  21729   1       338     6289    337     
CTRIA3  21730   1       2559    2698    2561    
CTRIA3  21731   1       647     2561    2698    
CTRIA3  21732   1       5756    5711    3790    
CTRIA3  21733   1       2239    2240    2238    
CTRIA3  21734   1       841     1054    3404    
CTRIA3  21735   1       1078    1157    974     
CTRIA3  21736   1       974     1157    972     
CTRIA3  21737   1       2866    3341    3346    
CTRIA3  21738   1       1516    6452    1512    
CTRIA3  21739   1       151     1204    519     
CTRIA3  21740   1       1775    1774    1773    
CTRIA3  21741   1       5710    4575    6315    
CTRIA3  21742   1       6320    3571    6015    
CTRIA3  21743   1       3268    3266    5566    
CTRIA3  21744   1       1261    1282    1283    
CTRIA3  21745   1       364     2982    3796    
CTRIA3  21746   1       1321    6119    443     
CTRIA3  21747   1       6038    4944    3828    
CTRIA3  21748   1       2588    1127    3458    
CTRIA3  21749   1       1931    1889    6200    
CTRIA3  21750   1       1931    6200    1932    
CTRIA3  21751   1       652     651     653     
CTRIA3  21752   1       3367    3640    2232    
CTRIA3  21753   1       717     716     819     
CTRIA3  21754   1       1470    164     165     
CTRIA3  21755   1       2121    2114    1665    
CTRIA3  21756   1       890     2299    891     
CTRIA3  21757   1       5242    2093    5458    
CTRIA3  21758   1       634     2098    571     
CTRIA3  21759   1       2065    1285    1253    
CTRIA3  21760   1       1337    1401    1336    
CTRIA3  21761   1       808     1428    1497    
CTRIA3  21762   1       3091    2266    809     
CTRIA3  21763   1       1404    1325    1414    
CTRIA3  21764   1       3319    2699    2530    
CTRIA3  21765   1       2348    2402    2985    
CTRIA3  21766   1       3948    4554    4764    
CTRIA3  21767   1       4991    4265    4990    
CTRIA3  21768   1       1361    2064    1973    
CTRIA3  21769   1       1356    2026    2024    
CTRIA3  21770   1       6111    5916    5519    
CTRIA3  21771   1       5519    5916    5914    
CTRIA3  21772   1       2111    372     3595    
CTRIA3  21773   1       3791    3789    4180    
CTRIA3  21774   1       1781    3377    1780    
CTRIA3  21775   1       522     1599    3981    
CTRIA3  21776   1       1036    3975    3974    
CTRIA3  21777   1       196     889     2479    
CTRIA3  21778   1       60      519     520     
CTRIA3  21779   1       3008    3560    2953    
CTRIA3  21780   1       4030    2705    2706    
CTRIA3  21781   1       4030    2706    4029    
CTRIA3  21782   1       2865    3474    3341    
CTRIA3  21783   1       2287    369     2288    
CTRIA3  21784   1       5374    463     646     
CTRIA3  21785   1       671     1670    1755    
CTRIA3  21786   1       365     1396    2987    
CTRIA3  21787   1       305     3069    370     
CTRIA3  21788   1       1391    370     3069    
CTRIA3  21789   1       1401    3794    3795    
CTRIA3  21790   1       2626    1186    3970    
CTRIA3  21791   1       1982    2650    3060    
CTRIA3  21792   1       5819    6277    2603    
CTRIA3  21793   1       2703    2041    1990    
CTRIA3  21794   1       2445    3420    2446    
CTRIA3  21795   1       6174    6175    4913    
CTRIA3  21796   1       1360    360     1355    
CTRIA3  21797   1       5148    1091    3351    
CTRIA3  21798   1       6293    6041    3735    
CTRIA3  21799   1       6041    3075    3735    
CTRIA3  21800   1       432     619     3027    
CTRIA3  21801   1       6408    3185    515     
CTRIA3  21802   1       1562    515     3185    
CTRIA3  21803   1       1377    1528    263     
CTRIA3  21804   1       1197    3270    2324    
CTRIA3  21805   1       2008    1781    2239    
CTRIA3  21806   1       6120    4927    6111    
CTRIA3  21807   1       6120    5915    4927    
CTRIA3  21808   1       5242    5458    5123    
CTRIA3  21809   1       1259    2898    1262    
CTRIA3  21810   1       102     1708    1707    
CTRIA3  21811   1       3109    3886    4292    
CTRIA3  21812   1       6417    2687    2419    
CTRIA3  21813   1       1409    619     620     
CTRIA3  21814   1       6293    3074    5427    
CTRIA3  21815   1       2990    2989    1394    
CTRIA3  21816   1       3152    4057    3154    
CTRIA3  21817   1       3154    4057    6245    
CTRIA3  21818   1       5961    2007    5503    
CTRIA3  21819   1       3450    653     3267    
CTRIA3  21820   1       1353    1288    1354    
CTRIA3  21821   1       3759    3758    3757    
CTRIA3  21822   1       1085    1178    1215    
CTRIA3  21823   1       2716    2203    5354    
CTRIA3  21824   1       1356    1288    1353    
CTRIA3  21825   1       5280    5243    5826    
CTRIA3  21826   1       4762    4764    4552    
CTRIA3  21827   1       4554    4552    4764    
CTRIA3  21828   1       1017    1001    1002    
CTRIA3  21829   1       406     3875    405     
CTRIA3  21830   1       6117    405     3875    
CTRIA3  21831   1       264     1437    1383    
CTRIA3  21832   1       3156    3155    3830    
CTRIA3  21833   1       2439    4261    637     
CTRIA3  21834   1       3180    1275    1045    
CTRIA3  21835   1       767     3061    768     
CTRIA3  21836   1       362     363     2086    
CTRIA3  21837   1       1197    1199    1198    
CTRIA3  21838   1       694     697     2399    
CTRIA3  21839   1       1837    1836    2214    
CTRIA3  21840   1       1322    441     442     
CTRIA3  21841   1       1322    1321    441     
CTRIA3  21842   1       480     1162    200     
CTRIA3  21843   1       1899    1898    1897    
CTRIA3  21844   1       2041    1525    1524    
CTRIA3  21845   1       1829    3820    4267    
CTRIA3  21846   1       5883    2152    2153    
CTRIA3  21847   1       5904    3596    635     
CTRIA3  21848   1       2682    2901    811     
CTRIA3  21849   1       2981    889     2484    
CTRIA3  21850   1       2981    2484    891     
CTRIA3  21851   1       1384    1378    1383    
CTRIA3  21852   1       2013    2014    2585    
CTRIA3  21853   1       6431    3110    6277    
CTRIA3  21854   1       6074    6015    1928    
CTRIA3  21855   1       6015    1930    1928    
CTRIA3  21856   1       2086    2087    1517    
CTRIA3  21857   1       821     3536    699     
CTRIA3  21858   1       3410    3411    1302    
CTRIA3  21859   1       3410    5190    3411    
CTRIA3  21860   1       2899    3180    1039    
CTRIA3  21861   1       1039    3180    1199    
CTRIA3  21862   1       2899    1199    3180    
CTRIA3  21863   1       407     406     405     
CTRIA3  21864   1       407     405     5923    
CTRIA3  21865   1       2331    2333    2332    
CTRIA3  21866   1       6479    480     481     
CTRIA3  21867   1       6431    5819    5456    
CTRIA3  21868   1       1703    256     254     
CTRIA3  21869   1       1890    1889    2856    
CTRIA3  21870   1       1890    1841    1889    
CTRIA3  21871   1       1890    2856    1841    
CTRIA3  21872   1       5573    3235    5710    
CTRIA3  21873   1       5573    3221    3235    
CTRIA3  21874   1       1163    1162    480     
CTRIA3  21875   1       565     1693    256     
CTRIA3  21876   1       366     368     369     
CTRIA3  21877   1       366     2862    368     
CTRIA3  21878   1       889     2483    2484    
CTRIA3  21879   1       1247    1286    1285    
CTRIA3  21880   1       2603    6277    5556    
CTRIA3  21881   1       6077    5915    6120    
CTRIA3  21882   1       6077    5914    5915    
CTRIA3  21883   1       651     3266    3267    
CTRIA3  21884   1       3607    5077    3606    
CTRIA3  21885   1       3607    5076    5077    
CTRIA3  21886   1       378     3412    2120    
CTRIA3  21887   1       2865    1008    2347    
CTRIA3  21888   1       2865    2568    1008    
CTRIA3  21889   1       2865    2347    2568    
CTRIA3  21890   1       468     2795    1276    
CTRIA3  21891   1       1875    5405    6034    
CTRIA3  21892   1       1875    6034    6326    
CTRIA3  21893   1       858     857     856     
CTRIA3  21894   1       726     724     745     
CTRIA3  21895   1       3605    1051    837     
CTRIA3  21896   1       3605    1216    1051    
CTRIA3  21897   1       1507    1506    644     
CTRIA3  21898   1       1507    3646    1506    
CTRIA3  21899   1       779     2233    2075    
CTRIA3  21900   1       3316    2847    1357    
CTRIA3  21901   1       4028    4029    4041    
CTRIA3  21902   1       4041    4029    5477    
CTRIA3  21903   1       4265    1215    5172    
CTRIA3  21904   1       260     2331    2332    
CTRIA3  21905   1       2919    2918    2917    
CTRIA3  21906   1       2919    2331    2918    
CTRIA3  21907   1       631     1773    255     
CTRIA3  21908   1       631     629     1773    
CTRIA3  21909   1       4903    4902    4904    
CTRIA3  21910   1       4903    5478    4902    
CTRIA3  21911   1       3059    3061    1844    
CTRIA3  21912   1       2082    2077    2075    
CTRIA3  21913   1       60      2275    59      
CTRIA3  21914   1       59      2275    2276    
CTRIA3  21915   1       5075    3790    858     
CTRIA3  21916   1       565     567     566     
CTRIA3  21917   1       567     323     566     
CTRIA3  21918   1       2249    1776    2248    
CTRIA3  21919   1       2249    3257    1776    
CTRIA3  21920   1       5738    3020    5477    
CTRIA3  21921   1       480     1194    1163    
CTRIA3  21922   1       4160    2550    4028    
CTRIA3  21923   1       623     1461    2141    
CTRIA3  21924   1       96      5388    60      
CTRIA3  21925   1       1995    1996    3281    
CTRIA3  21926   1       748     1368    1245    
CTRIA3  21927   1       2034    636     1406    
CTRIA3  21928   1       6302    6270    412     
CTRIA3  21929   1       2310    2649    3451    
CTRIA3  21930   1       5589    763     5189    
CTRIA3  21931   1       2139    3267    3299    
CTRIA3  21932   1       2234    3666    5499    
CTRIA3  21933   1       2393    4120    843     
CTRIA3  21934   1       5456    2022    6431    
CTRIA3  21935   1       1178    4189    6110    
CTRIA3  21936   1       1774    2030    993     
CTRIA3  21937   1       1102    1100    1099    
CTRIA3  21938   1       1100    1101    1099    
CTRIA3  21939   1       1524    1527    84      
CTRIA3  21940   1       6344    6345    5884    
CTRIA3  21941   1       6344    6248    6345    
CTRIA3  21942   1       3266    651     5635    
CTRIA3  21943   1       432     3027    2196    
CTRIA3  21944   1       5711    5710    858     
CTRIA3  21945   1       2825    3977    3079    
CTRIA3  21946   1       3079    3977    3078    
CTRIA3  21947   1       2684    2683    3256    
CTRIA3  21948   1       654     4550    5499    
CTRIA3  21949   1       3790    6335    5603    
CTRIA3  21950   1       6417    2419    3887    
CTRIA3  21951   1       2284    1828    2550    
CTRIA3  21952   1       324     1796    554     
CTRIA3  21953   1       1858    1981    3059    
CTRIA3  21954   1       4722    2669    694     
CTRIA3  21955   1       1197    1198    1290    
CTRIA3  21956   1       3090    2708    2601    
CTRIA3  21957   1       337     6289    6079    
CTRIA3  21958   1       6289    6078    6079    
CTRIA3  21959   1       6362    4911    5961    
CTRIA3  21960   1       6362    3145    4911    
CTRIA3  21961   1       3091    809     348     
CTRIA3  21962   1       4640    5848    5632    
CTRIA3  21963   1       2810    3594    1685    
CTRIA3  21964   1       4005    580     581     
CTRIA3  21965   1       5756    5603    4574    
CTRIA3  21966   1       778     2428    3150    
CTRIA3  21967   1       778     3150    6475    
CTRIA3  21968   1       265     3455    1382    
CTRIA3  21969   1       3008    652     3560    
CTRIA3  21970   1       717     804     715     
CTRIA3  21971   1       1184    1262    3970    
CTRIA3  21972   1       2433    3187    2764    
CTRIA3  21973   1       4756    4757    4552    
CTRIA3  21974   1       1473    1474    2700    
CTRIA3  21975   1       2065    2068    2370    
CTRIA3  21976   1       2065    2370    3792    
CTRIA3  21977   1       858     5710    5203    
CTRIA3  21978   1       2419    3620    1687    
CTRIA3  21979   1       3420    4919    4481    
CTRIA3  21980   1       647     646     463     
CTRIA3  21981   1       1196    6053    6054    
CTRIA3  21982   1       2875    571     2237    
CTRIA3  21983   1       1162    1163    5395    
CTRIA3  21984   1       1162    5395    4190    
CTRIA3  21985   1       3791    3608    3790    
CTRIA3  21986   1       3709    3710    3640    
CTRIA3  21987   1       3640    3710    2232    
CTRIA3  21988   1       3709    2232    3710    
CTRIA3  21989   1       1989    4277    2576    
CTRIA3  21990   1       2985    5633    2348    
CTRIA3  21991   1       2023    1602    2022    
CTRIA3  21992   1       2023    2022    5455    
CTRIA3  21993   1       4553    3877    4756    
CTRIA3  21994   1       4756    3877    4293    
CTRIA3  21995   1       418     385     1945    
CTRIA3  21996   1       1085    1177    1178    
CTRIA3  21997   1       3266    5635    5566    
CTRIA3  21998   1       1197    1036    3270    
CTRIA3  21999   1       5401    5400    5399    
CTRIA3  22000   1       682     683     2596    
CTRIA3  22001   1       263     1528    265     
CTRIA3  22002   1       593     592     591     
CTRIA3  22003   1       1339    5423    1338    
CTRIA3  22004   1       1339    1338    1340    
CTRIA3  22005   1       5633    5632    2348    
CTRIA3  22006   1       1251    2009    2024    
CTRIA3  22007   1       346     348     347     
CTRIA3  22008   1       262     261     260     
CTRIA3  22009   1       662     660     2079    
CTRIA3  22010   1       3648    1985    3208    
CTRIA3  22011   1       369     2065    3792    
CTRIA3  22012   1       2189    2901    2256    
CTRIA3  22013   1       5148    5807    2504    
CTRIA3  22014   1       607     1984    1985    
CTRIA3  22015   1       6270    5567    412     
CTRIA3  22016   1       412     5567    411     
CTRIA3  22017   1       6270    411     5567    
CTRIA3  22018   1       3154    6245    2285    
CTRIA3  22019   1       1369    1363    1285    
CTRIA3  22020   1       1974    2660    1360    
CTRIA3  22021   1       4161    1184    1267    
CTRIA3  22022   1       906     3722    908     
CTRIA3  22023   1       906     908     907     
CTRIA3  22024   1       1841    1842    2652    
CTRIA3  22025   1       2558    1157    1078    
CTRIA3  22026   1       324     1798    1796    
CTRIA3  22027   1       2436    1939    2437    
CTRIA3  22028   1       380     378     2120    
CTRIA3  22029   1       4550    4481    4919    
CTRIA3  22030   1       2958    4244    5757    
CTRIA3  22031   1       5757    4244    6249    
CTRIA3  22032   1       2284    2550    2286    
CTRIA3  22033   1       1598    523     1587    
CTRIA3  22034   1       3143    3714    3570    
CTRIA3  22035   1       1995    1997    1996    
CTRIA3  22036   1       5189    5563    5589    
CTRIA3  22037   1       5589    5563    6167    
CTRIA3  22038   1       84      83      82      
CTRIA3  22039   1       3144    5029    4023    
CTRIA3  22040   1       2581    371     372     
CTRIA3  22041   1       635     3596    1599    
CTRIA3  22042   1       624     623     1858    
CTRIA3  22043   1       2661    333     3089    
CTRIA3  22044   1       5005    1501    6106    
CTRIA3  22045   1       3758    6323    3757    
CTRIA3  22046   1       4238    4239    1334    
CTRIA3  22047   1       4238    1334    6404    
CTRIA3  22048   1       5911    2201    5912    
CTRIA3  22049   1       1415    2297    1406    
CTRIA3  22050   1       1415    3472    2297    
CTRIA3  22051   1       5087    5086    6021    
CTRIA3  22052   1       5087    5420    5086    
CTRIA3  22053   1       5075    5076    3607    
CTRIA3  22054   1       265     2922    3455    
CTRIA3  22055   1       304     1387    1337    
CTRIA3  22056   1       548     1072    4189    
CTRIA3  22057   1       2515    1807    3765    
CTRIA3  22058   1       6261    579     4676    
CTRIA3  22059   1       1307    729     1304    
CTRIA3  22060   1       4048    5190    1303    
CTRIA3  22061   1       2670    749     2671    
CTRIA3  22062   1       1401    1337    3004    
CTRIA3  22063   1       4809    581     579     
CTRIA3  22064   1       4809    579     5044    
CTRIA3  22065   1       2699    2443    2530    
CTRIA3  22066   1       2213    2217    2651    
CTRIA3  22067   1       1707    993     2030    
CTRIA3  22068   1       2412    2347    2401    
CTRIA3  22069   1       2347    2865    2401    
CTRIA3  22070   1       59      855     61      
CTRIA3  22071   1       1438    437     2367    
CTRIA3  22072   1       2353    1867    3788    
CTRIA3  22073   1       1974    1972    335     
CTRIA3  22074   1       1972    3089    335     
CTRIA3  22075   1       2875    2075    2076    
CTRIA3  22076   1       5025    1923    3747    
CTRIA3  22077   1       4153    3599    6038    
CTRIA3  22078   1       2213    3146    2644    
CTRIA3  22079   1       4144    2985    762     
CTRIA3  22080   1       748     747     746     
CTRIA3  22081   1       1522    2354    1378    
CTRIA3  22082   1       3711    3606    5077    
CTRIA3  22083   1       3164    3165    6025    
CTRIA3  22084   1       6161    4057    3156    
CTRIA3  22085   1       4945    4057    6161    
CTRIA3  22086   1       4945    6245    4057    
CTRIA3  22087   1       749     713     667     
CTRIA3  22088   1       3200    632     5826    
CTRIA3  22089   1       1932    2215    2214    
CTRIA3  22090   1       2012    1972    2715    
CTRIA3  22091   1       2012    2064    1972    
CTRIA3  22092   1       2012    2715    2064    
CTRIA3  22093   1       2559    1779    3200    
CTRIA3  22094   1       2559    2560    1779    
CTRIA3  22095   1       5281    4085    5025    
CTRIA3  22096   1       2437    3184    2436    
CTRIA3  22097   1       1278    1276    2795    
CTRIA3  22098   1       1334    4239    4020    
CTRIA3  22099   1       5920    6290    6320    
CTRIA3  22100   1       480     200     482     
CTRIA3  22101   1       3831    3411    5190    
CTRIA3  22102   1       3197    430     1866    
CTRIA3  22103   1       2335    844     2336    
CTRIA3  22104   1       652     3008    651     
CTRIA3  22105   1       717     803     804     
CTRIA3  22106   1       2008    2239    2238    
CTRIA3  22107   1       2483    837     2484    
CTRIA3  22108   1       2483    3605    837     
CTRIA3  22109   1       28      2370    2067    
CTRIA3  22110   1       28      2863    2370    
CTRIA3  22111   1       883     698     3536    
CTRIA3  22112   1       1627    1626    1102    
CTRIA3  22113   1       1627    972     1626    
CTRIA3  22114   1       694     3299    4722    
CTRIA3  22115   1       5603    6335    892     
CTRIA3  22116   1       2194    2193    2581    
CTRIA3  22117   1       2193    1455    2581    
CTRIA3  22118   1       1262    2625    3970    
CTRIA3  22119   1       3227    3228    2808    
CTRIA3  22120   1       3228    2809    2808    
CTRIA3  22121   1       264     1383    1378    
CTRIA3  22122   1       5870    2568    2347    
CTRIA3  22123   1       3886    1602    295     
CTRIA3  22124   1       294     295     1603    
CTRIA3  22125   1       3680    2683    3682    
CTRIA3  22126   1       5189    763     5183    
CTRIA3  22127   1       1494    1991    2266    
CTRIA3  22128   1       1991    1969    2266    
CTRIA3  22129   1       378     468     3412    
CTRIA3  22130   1       378     1323    468     
CTRIA3  22131   1       1968    1991    1492    
CTRIA3  22132   1       1394    2989    1341    
CTRIA3  22133   1       2922    1341    2989    
CTRIA3  22134   1       2543    2283    2256    
CTRIA3  22135   1       2543    2890    2283    
CTRIA3  22136   1       2283    2890    2256    
CTRIA3  22137   1       2543    2256    2890    
CTRIA3  22138   1       694     2399    2400    
CTRIA3  22139   1       5871    4993    829     
CTRIA3  22140   1       5112    4931    5029    
CTRIA3  22141   1       3268    5566    4721    
CTRIA3  22142   1       1294    1293    747     
CTRIA3  22143   1       5561    5562    6367    
CTRIA3  22144   1       659     5563    3410    
CTRIA3  22145   1       5190    3410    5563    
CTRIA3  22146   1       1378    1384    2343    
CTRIA3  22147   1       1247    1246    1245    
CTRIA3  22148   1       2988    1698    1669    
CTRIA3  22149   1       682     4213    681     
CTRIA3  22150   1       5044    579     6261    
CTRIA3  22151   1       1262    1281    2625    
CTRIA3  22152   1       1592    2603    5556    
CTRIA3  22153   1       2682    811     810     
CTRIA3  22154   1       2698    3200    646     
CTRIA3  22155   1       332     330     331     
CTRIA3  22156   1       330     329     331     
CTRIA3  22157   1       835     3549    481     
CTRIA3  22158   1       6079    6078    6077    
CTRIA3  22159   1       6078    4268    6077    
CTRIA3  22160   1       1524    84      82      
CTRIA3  22161   1       3461    302     301     
CTRIA3  22162   1       3143    3144    3714    
CTRIA3  22163   1       3790    5603    5756    
CTRIA3  22164   1       1194    1196    1195    
CTRIA3  22165   1       1387    304     370     
CTRIA3  22166   1       5022    885     262     
CTRIA3  22167   1       3091    372     373     
CTRIA3  22168   1       3091    2431    372     
CTRIA3  22169   1       1690    3621    2684    
CTRIA3  22170   1       1829    4267    2602    
CTRIA3  22171   1       1827    4262    1828    
CTRIA3  22172   1       6110    4190    5395    
CTRIA3  22173   1       2504    5807    1349    
CTRIA3  22174   1       1368    1286    1247    
CTRIA3  22175   1       265     1382    264     
CTRIA3  22176   1       1216    4964    1083    
CTRIA3  22177   1       1216    3605    4964    
CTRIA3  22178   1       621     620     619     
CTRIA3  22179   1       404     2253    2352    
CTRIA3  22180   1       4294    4293    4295    
CTRIA3  22181   1       4294    4756    4293    
CTRIA3  22182   1       2981    891     888     
CTRIA3  22183   1       813     432     2132    
CTRIA3  22184   1       1467    1466    1465    
CTRIA3  22185   1       2082    2234    4550    
CTRIA3  22186   1       3267    3268    4721    
CTRIA3  22187   1       5748    5955    4295    
CTRIA3  22188   1       5748    4295    4293    
CTRIA3  22189   1       3156    3828    6161    
CTRIA3  22190   1       1438    2577    437     
CTRIA3  22191   1       3175    5022    262     
CTRIA3  22192   1       2833    4588    442     
CTRIA3  22193   1       1322    442     4588    
CTRIA3  22194   1       3200    629     632     
CTRIA3  22195   1       5190    5563    5189    
CTRIA3  22196   1       2275    5388    2276    
CTRIA3  22197   1       2275    60      5388    
CTRIA3  22198   1       1828    2601    2705    
CTRIA3  22199   1       653     662     652     
CTRIA3  22200   1       2649    2651    2217    
CTRIA3  22201   1       152     2618    1018    
CTRIA3  22202   1       549     1018    2618    
CTRIA3  22203   1       1939    2433    2764    
CTRIA3  22204   1       1276    3412    468     
CTRIA3  22205   1       2007    2238    2240    
CTRIA3  22206   1       1832    766     1834    
CTRIA3  22207   1       1003    1002    1001    
CTRIA3  22208   1       5954    4819    4552    
CTRIA3  22209   1       4983    6138    414     
CTRIA3  22210   1       4983    4984    6138    
CTRIA3  22211   1       522     3981    100     
CTRIA3  22212   1       2007    2240    5503    
CTRIA3  22213   1       514     2121    1665    
CTRIA3  22214   1       2253    404     1968    
CTRIA3  22215   1       2342    2341    1685    
CTRIA3  22216   1       196     2479    198     
CTRIA3  22217   1       3351    1264    1348    
CTRIA3  22218   1       6161    3828    4945    
CTRIA3  22219   1       4944    4945    3828    
CTRIA3  22220   1       3197    1866    2020    
CTRIA3  22221   1       2564    346     347     
CTRIA3  22222   1       295     294     293     
CTRIA3  22223   1       1368    1365    1286    
CTRIA3  22224   1       3214    2096    1269    
CTRIA3  22225   1       3747    4022    5028    
CTRIA3  22226   1       6034    6052    6051    
CTRIA3  22227   1       1989    2087    4277    
CTRIA3  22228   1       1829    2602    3714    
CTRIA3  22229   1       5897    5086    5319    
CTRIA3  22230   1       5322    5319    5086    
CTRIA3  22231   1       826     688     687     
CTRIA3  22232   1       4757    5954    4552    
CTRIA3  22233   1       623     2140    1461    
CTRIA3  22234   1       3235    2917    5203    
CTRIA3  22235   1       3235    2919    2917    
CTRIA3  22236   1       1504    3878    3877    
CTRIA3  22237   1       1504    3877    4554    
CTRIA3  22238   1       3341    2866    2865    
CTRIA3  22239   1       363     362     364     
CTRIA3  22240   1       520     519     1001    
CTRIA3  22241   1       3648    3208    1964    
CTRIA3  22242   1       1589    263     1378    
CTRIA3  22243   1       5814    6126    2015    
CTRIA3  22244   1       858     3790    5711    
CTRIA3  22245   1       716     715     2543    
CTRIA3  22246   1       5320    5321    2917    
CTRIA3  22247   1       5320    2917    2918    
CTRIA3  22248   1       4911    3145    4910    
CTRIA3  22249   1       1669    1664    1671    
CTRIA3  22250   1       453     1246    452     
CTRIA3  22251   1       2086    2088    2087    
CTRIA3  22252   1       756     3673    758     
CTRIA3  22253   1       756     5539    3673    
CTRIA3  22254   1       1387    3004    1337    
CTRIA3  22255   1       3346    1126    2438    
CTRIA3  22256   1       1517    1989    1519    
CTRIA3  22257   1       1989    2041    1519    
CTRIA3  22258   1       1517    1519    2041    
CTRIA3  22259   1       6314    262     260     
CTRIA3  22260   1       1356    1361    1355    
CTRIA3  22261   1       3747    1923    2547    
CTRIA3  22262   1       807     2080    347     
CTRIA3  22263   1       3350    2967    2341    
CTRIA3  22264   1       3350    2098    2967    
CTRIA3  22265   1       462     1825    2602    
CTRIA3  22266   1       3565    1126    3346    
CTRIA3  22267   1       6058    5554    5401    
CTRIA3  22268   1       6058    2709    5554    
CTRIA3  22269   1       1439    2140    623     
CTRIA3  22270   1       609     608     607     
CTRIA3  22271   1       608     2349    607     
CTRIA3  22272   1       1362    1289    1291    
CTRIA3  22273   1       5028    5029    4931    
CTRIA3  22274   1       688     826     819     
CTRIA3  22275   1       5632    5848    895     
CTRIA3  22276   1       3561    3560    3559    
CTRIA3  22277   1       5133    4294    5561    
CTRIA3  22278   1       5561    4294    5562    
CTRIA3  22279   1       4562    2796    2797    
CTRIA3  22280   1       496     2449    2364    
CTRIA3  22281   1       1184    3970    1186    
CTRIA3  22282   1       202     2618    201     
CTRIA3  22283   1       202     1073    2618    
CTRIA3  22284   1       892     3607    1007    
CTRIA3  22285   1       3607    1009    1007    
CTRIA3  22286   1       907     1778    906     
CTRIA3  22287   1       1989    1517    2087    
CTRIA3  22288   1       3887    4292    6417    
CTRIA3  22289   1       2732    2730    4267    
CTRIA3  22290   1       2259    840     1008    
CTRIA3  22291   1       4561    3328    2796    
CTRIA3  22292   1       359     3461    361     
CTRIA3  22293   1       1294    1245    1246    
CTRIA3  22294   1       4048    3831    5190    
CTRIA3  22295   1       1194    1038    1196    
CTRIA3  22296   1       1708    2248    992     
CTRIA3  22297   1       5993    5801    5992    
CTRIA3  22298   1       683     682     681     
CTRIA3  22299   1       2352    3616    2351    
CTRIA3  22300   1       1389    5809    4246    
CTRIA3  22301   1       432     2196    431     
CTRIA3  22302   1       3974    5577    6053    
CTRIA3  22303   1       1687    1446    1443    
CTRIA3  22304   1       1687    1587    1446    
CTRIA3  22305   1       1349    1348    469     
CTRIA3  22306   1       1332    469     1348    
CTRIA3  22307   1       1038    1194    6479    
CTRIA3  22308   1       1375    3108    1374    
CTRIA3  22309   1       6224    5919    6074    
CTRIA3  22310   1       5919    6320    6074    
CTRIA3  22311   1       3051    3759    3050    
CTRIA3  22312   1       2628    3050    3759    
CTRIA3  22313   1       2111    2110    1455    
CTRIA3  22314   1       2947    1988    1989    
CTRIA3  22315   1       1990    1989    1988    
CTRIA3  22316   1       3474    841     3404    
CTRIA3  22317   1       3474    3463    841     
CTRIA3  22318   1       653     651     3267    
CTRIA3  22319   1       4262    1827    4874    
CTRIA3  22320   1       662     653     661     
CTRIA3  22321   1       1017    520     1001    
CTRIA3  22322   1       1100    1102    1130    
CTRIA3  22323   1       1100    1130    1101    
CTRIA3  22324   1       366     1396    365     
CTRIA3  22325   1       1354    1289    1362    
CTRIA3  22326   1       3876    2724    1503    
CTRIA3  22327   1       1503    2724    1502    
CTRIA3  22328   1       1347    1344    1345    
CTRIA3  22329   1       1347    1252    1344    
CTRIA3  22330   1       2603    84      521     
CTRIA3  22331   1       1855    814     1854    
CTRIA3  22332   1       1854    814     812     
CTRIA3  22333   1       725     726     763     
CTRIA3  22334   1       725     724     726     
CTRIA3  22335   1       2021    2018    1842    
CTRIA3  22336   1       3172    857     858     
CTRIA3  22337   1       2267    809     2266    
CTRIA3  22338   1       1360    1973    1974    
CTRIA3  22339   1       1245    747     748     
CTRIA3  22340   1       2213    2644    2212    
CTRIA3  22341   1       365     2987    2089    
CTRIA3  22342   1       293     5445    3682    
CTRIA3  22343   1       2947    1989    2576    
CTRIA3  22344   1       4005    5784    580     
CTRIA3  22345   1       5784    4676    580     
CTRIA3  22346   1       1831    1832    1833    
CTRIA3  22347   1       2824    475     476     
CTRIA3  22348   1       2824    6326    475     
CTRIA3  22349   1       5920    5918    6290    
CTRIA3  22350   1       333     334     335     
CTRIA3  22351   1       894     892     1007    
CTRIA3  22352   1       1426    409     1438    
CTRIA3  22353   1       4032    515     1699    
CTRIA3  22354   1       3084    1403    1401    
CTRIA3  22355   1       1336    1401    1403    
CTRIA3  22356   1       2066    2068    2065    
CTRIA3  22357   1       330     332     711     
CTRIA3  22358   1       330     711     329     
CTRIA3  22359   1       4933    5112    3144    
CTRIA3  22360   1       5919    2006    5043    
CTRIA3  22361   1       4931    5025    3747    
CTRIA3  22362   1       1776    3850    5276    
CTRIA3  22363   1       411     5427    413     
CTRIA3  22364   1       1954    1249    1257    
CTRIA3  22365   1       302     1257    1249    
CTRIA3  22366   1       1991    1968    1969    
CTRIA3  22367   1       629     3200    1779    
CTRIA3  22368   1       629     1779    1778    
CTRIA3  22369   1       2989    2990    1391    
CTRIA3  22370   1       2989    1391    3069    
CTRIA3  22371   1       3605    2483    4964    
CTRIA3  22372   1       5214    4296    407     
CTRIA3  22373   1       5214    1507    4296    
CTRIA3  22374   1       724     659     745     
CTRIA3  22375   1       2349    2402    2348    
CTRIA3  22376   1       1990    2294    2703    
CTRIA3  22377   1       2430    2703    2294    
CTRIA3  22378   1       2332    4734    5637    
CTRIA3  22379   1       615     571     2875    
CTRIA3  22380   1       4756    4552    4553    
CTRIA3  22381   1       6245    4945    4944    
CTRIA3  22382   1       1336    1403    303     
CTRIA3  22383   1       3084    303     1403    
CTRIA3  22384   1       5819    521     100     
CTRIA3  22385   1       2348    2347    2349    
CTRIA3  22386   1       5819    2603    521     
CTRIA3  22387   1       496     2364    2365    
CTRIA3  22388   1       468     2503    2504    
CTRIA3  22389   1       3973    3765    2549    
CTRIA3  22390   1       3765    1807    2549    
CTRIA3  22391   1       2958    4245    4244    
CTRIA3  22392   1       4028    2550    2705    
CTRIA3  22393   1       4722    2668    2669    
CTRIA3  22394   1       1429    439     1496    
CTRIA3  22395   1       84      2603    83      
CTRIA3  22396   1       3497    1290    1293    
CTRIA3  22397   1       468     1323    1324    
CTRIA3  22398   1       858     856     5075    
CTRIA3  22399   1       5020    2700    3379    
CTRIA3  22400   1       1515    3379    2700    
CTRIA3  22401   1       1835    1834    1933    
CTRIA3  22402   1       2953    4346    4639    
CTRIA3  22403   1       3545    1492    2581    
CTRIA3  22404   1       1198    1241    746     
CTRIA3  22405   1       6175    5880    4913    
CTRIA3  22406   1       6251    4913    5880    
CTRIA3  22407   1       1782    1780    2798    
CTRIA3  22408   1       1286    1365    1358    
CTRIA3  22409   1       5029    4022    4023    
CTRIA3  22410   1       1776    992     2248    
CTRIA3  22411   1       1997    2029    2118    
CTRIA3  22412   1       2504    1349    469     
CTRIA3  22413   1       2214    1836    1835    
CTRIA3  22414   1       3620    2684    3621    
CTRIA3  22415   1       2410    2296    2448    
CTRIA3  22416   1       842     844     843     
CTRIA3  22417   1       5499    4550    2234    
CTRIA3  22418   1       1428    1427    1429    
CTRIA3  22419   1       5203    5710    3235    
CTRIA3  22420   1       4182    3179    3467    
CTRIA3  22421   1       2437    1939    2762    
CTRIA3  22422   1       2152    3914    2151    
CTRIA3  22423   1       5445    1703    3681    
CTRIA3  22424   1       2053    2229    1434    
CTRIA3  22425   1       2053    2051    2229    
CTRIA3  22426   1       1337    1336    304     
CTRIA3  22427   1       5807    3351    1349    
CTRIA3  22428   1       1512    1513    3379    
CTRIA3  22429   1       2335    843     844     
CTRIA3  22430   1       580     579     581     
CTRIA3  22431   1       580     4676    579     
CTRIA3  22432   1       4775    1314    3400    
CTRIA3  22433   1       1314    4132    3400    
CTRIA3  22434   1       567     2988    1798    
CTRIA3  22435   1       895     5769    893     
CTRIA3  22436   1       100     5820    5819    
CTRIA3  22437   1       2342    1685    2932    
CTRIA3  22438   1       2762    1924    1925    
CTRIA3  22439   1       1925    1924    1923    
CTRIA3  22440   1       1445    1588    2430    
CTRIA3  22441   1       1445    2430    1442    
CTRIA3  22442   1       1378    2343    1522    
CTRIA3  22443   1       2543    2256    1983    
CTRIA3  22444   1       619     813     621     
CTRIA3  22445   1       3328    1777    2796    
CTRIA3  22446   1       2235    2233    2236    
CTRIA3  22447   1       4182    3467    900     
CTRIA3  22448   1       2018    3082    1842    
CTRIA3  22449   1       779     2075    573     
CTRIA3  22450   1       3257    3256    2683    
CTRIA3  22451   1       1690    2684    3256    
CTRIA3  22452   1       5748    3878    2629    
CTRIA3  22453   1       5748    2629    3757    
CTRIA3  22454   1       2347    1008    3463    
CTRIA3  22455   1       2560    2799    1777    
CTRIA3  22456   1       5321    4767    2917    
CTRIA3  22457   1       5172    6110    5396    
CTRIA3  22458   1       1372    1370    1282    
CTRIA3  22459   1       6315    5573    5710    
CTRIA3  22460   1       1973    1360    1361    
CTRIA3  22461   1       6224    2006    5919    
CTRIA3  22462   1       3082    2018    3083    
CTRIA3  22463   1       3184    3183    2183    
CTRIA3  22464   1       3747    2547    4022    
CTRIA3  22465   1       2567    4181    900     
CTRIA3  22466   1       1363    452     1246    
CTRIA3  22467   1       3154    2285    2286    
CTRIA3  22468   1       731     2001    730     
CTRIA3  22469   1       3227    2808    2881    
CTRIA3  22470   1       2881    2808    803     
CTRIA3  22471   1       1036    3974    1038    
CTRIA3  22472   1       2098    3350    3150    
CTRIA3  22473   1       1260    792     790     
CTRIA3  22474   1       96      520     95      
CTRIA3  22475   1       96      60      520     
CTRIA3  22476   1       739     378     380     
CTRIA3  22477   1       1073    1072    548     
CTRIA3  22478   1       2030    629     1772    
CTRIA3  22479   1       2676    694     2400    
CTRIA3  22480   1       2676    2139    694     
CTRIA3  22481   1       2676    2400    2139    
CTRIA3  22482   1       3200    2698    2559    
CTRIA3  22483   1       347     2080    2081    
CTRIA3  22484   1       1195    1196    6054    
CTRIA3  22485   1       2559    2561    2560    
CTRIA3  22486   1       1888    2020    1866    
CTRIA3  22487   1       1374    3887    3888    
CTRIA3  22488   1       1968    1492    2253    
CTRIA3  22489   1       1253    3089    2064    
CTRIA3  22490   1       1253    1365    3089    
CTRIA3  22491   1       593     1864    2763    
CTRIA3  22492   1       5028    4931    3747    
CTRIA3  22493   1       2738    2351    3616    
CTRIA3  22494   1       496     497     2449    
CTRIA3  22495   1       686     1983    2144    
CTRIA3  22496   1       4734    6424    2800    
CTRIA3  22497   1       5281    4931    4932    
CTRIA3  22498   1       82      1590    1589    
CTRIA3  22499   1       2194    2581    372     
CTRIA3  22500   1       2194    372     2111    
CTRIA3  22501   1       1341    1395    1394    
CTRIA3  22502   1       5281    2185    6068    
CTRIA3  22503   1       165     1469    1470    
CTRIA3  22504   1       1470    1469    1468    
CTRIA3  22505   1       615     616     634     
CTRIA3  22506   1       634     616     633     
CTRIA3  22507   1       567     324     323     
CTRIA3  22508   1       1194    480     6479    
CTRIA3  22509   1       2332    2333    4734    
CTRIA3  22510   1       2189    715     815     
CTRIA3  22511   1       3681    3680    3682    
CTRIA3  22512   1       1513    1512    1514    
CTRIA3  22513   1       6452    1514    1512    
CTRIA3  22514   1       2577    2033    808     
CTRIA3  22515   1       2577    808     1497    
CTRIA3  22516   1       2420    2422    1691    
CTRIA3  22517   1       840     1984    607     
CTRIA3  22518   1       1245    1368    1247    
CTRIA3  22519   1       4479    3152    3157    
CTRIA3  22520   1       166     164     375     
CTRIA3  22521   1       1127    2438    1126    
CTRIA3  22522   1       3267    2139    3450    
CTRIA3  22523   1       1007    2568    894     
CTRIA3  22524   1       3145    3144    3143    
CTRIA3  22525   1       837     1051    836     
CTRIA3  22526   1       453     1294    1246    
CTRIA3  22527   1       347     2081    3666    
CTRIA3  22528   1       2288    1354    1362    
CTRIA3  22529   1       2288    1362    2287    
CTRIA3  22530   1       2964    3740    5738    
CTRIA3  22531   1       2964    5738    2706    
CTRIA3  22532   1       2255    2738    2253    
CTRIA3  22533   1       3341    3474    1050    
CTRIA3  22534   1       3377    6198    5784    
CTRIA3  22535   1       6198    5448    5784    
CTRIA3  22536   1       3020    4040    5477    
CTRIA3  22537   1       3502    4983    4523    
CTRIA3  22538   1       431     2196    2195    
CTRIA3  22539   1       3317    1377    5556    
CTRIA3  22540   1       5556    1377    1592    
CTRIA3  22541   1       3850    3680    3851    
CTRIA3  22542   1       1045    1040    1046    
CTRIA3  22543   1       1045    2402    1040    
CTRIA3  22544   1       2687    3682    2683    
CTRIA3  22545   1       5395    1163    1195    
CTRIA3  22546   1       4168    6245    4944    
CTRIA3  22547   1       3257    2683    3850    
CTRIA3  22548   1       2081    654     5499    
CTRIA3  22549   1       1053    1055    1054    
CTRIA3  22550   1       1053    2412    1055    
CTRIA3  22551   1       1055    2412    1054    
CTRIA3  22552   1       2623    2516    2515    
CTRIA3  22553   1       2991    2867    2992    
CTRIA3  22554   1       3299    694     2139    
CTRIA3  22555   1       2007    2008    2238    
CTRIA3  22556   1       1240    2161    2207    
CTRIA3  22557   1       1240    3761    2161    
CTRIA3  22558   1       166     375     4942    
CTRIA3  22559   1       166     4942    4046    
CTRIA3  22560   1       6362    2185    4932    
CTRIA3  22561   1       6362    2184    2185    
CTRIA3  22562   1       901     3208    2259    
CTRIA3  22563   1       3367    2380    3375    
CTRIA3  22564   1       3367    1379    2380    
CTRIA3  22565   1       1360    359     360     
CTRIA3  22566   1       1692    5904    635     
CTRIA3  22567   1       4040    3157    4041    
CTRIA3  22568   1       3157    3153    4041    
CTRIA3  22569   1       2577    1497    437     
CTRIA3  22570   1       6167    5563    659     
CTRIA3  22571   1       1195    1163    1194    
CTRIA3  22572   1       453     1293    1294    
CTRIA3  22573   1       4277    2087    2979    
CTRIA3  22574   1       3257    3850    1776    
CTRIA3  22575   1       2089    2026    367     
CTRIA3  22576   1       1186    2626    2096    
CTRIA3  22577   1       1186    2096    3214    
CTRIA3  22578   1       2941    462     2602    
CTRIA3  22579   1       2216    1428    808     
CTRIA3  22580   1       3791    4181    2567    
CTRIA3  22581   1       1250    1252    1251    
CTRIA3  22582   1       748     1248    332     
CTRIA3  22583   1       332     1248    3458    
CTRIA3  22584   1       2627    2626    2625    
CTRIA3  22585   1       1592    1377    1590    
CTRIA3  22586   1       303     3084    305     
CTRIA3  22587   1       762     2402    1045    
CTRIA3  22588   1       6208    6209    3043    
CTRIA3  22589   1       5029    5028    4022    
CTRIA3  22590   1       1261    1372    1282    
CTRIA3  22591   1       699     3536    698     
CTRIA3  22592   1       2195    4261    1865    
CTRIA3  22593   1       4292    3886    2687    
CTRIA3  22594   1       2033    409     808     
CTRIA3  22595   1       5189    5183    5190    
CTRIA3  22596   1       3974    6053    1196    
CTRIA3  22597   1       809     807     347     
CTRIA3  22598   1       635     1599    1598    
CTRIA3  22599   1       895     5848    5769    
CTRIA3  22600   1       5299    1947    5298    
CTRIA3  22601   1       5800    5298    1947    
CTRIA3  22602   1       295     1602    1603    
CTRIA3  22603   1       1981    1858    1980    
CTRIA3  22604   1       1981    1980    1982    
CTRIA3  22605   1       362     2805    364     
CTRIA3  22606   1       3875    3876    6145    
CTRIA3  22607   1       6145    3876    1503    
CTRIA3  22608   1       2352    2351    2353    
CTRIA3  22609   1       2189    2256    2543    
CTRIA3  22610   1       5769    4573    6316    
CTRIA3  22611   1       4085    1923    5025    
CTRIA3  22612   1       4085    1925    1923    
CTRIA3  22613   1       2733    647     461     
CTRIA3  22614   1       619     432     813     
CTRIA3  22615   1       1461    2689    1864    
CTRIA3  22616   1       5076    856     884     
CTRIA3  22617   1       856     857     884     
CTRIA3  22618   1       380     1416    739     
CTRIA3  22619   1       1436    1437    1393    
CTRIA3  22620   1       1524    1526    1527    
CTRIA3  22621   1       1527    1526    1525    
CTRIA3  22622   1       1524    1525    1526    
CTRIA3  22623   1       4190    1221    1162    
CTRIA3  22624   1       2629    3878    643     
CTRIA3  22625   1       3878    1504    643     
CTRIA3  22626   1       734     672     697     
CTRIA3  22627   1       5632    895     2568    
CTRIA3  22628   1       3506    3187    2284    
CTRIA3  22629   1       420     419     418     
CTRIA3  22630   1       420     6477    419     
CTRIA3  22631   1       746     1248    748     
CTRIA3  22632   1       2332    5637    5636    
CTRIA3  22633   1       1865    1867    1866    
CTRIA3  22634   1       1244    2207    2161    
CTRIA3  22635   1       1084    1215    4264    
CTRIA3  22636   1       747     1290    746     
CTRIA3  22637   1       2017    2016    2015    
CTRIA3  22638   1       4283    2015    2016    
CTRIA3  22639   1       3829    1964    4153    
CTRIA3  22640   1       3829    3648    1964    
CTRIA3  22641   1       5520    5519    4268    
CTRIA3  22642   1       6326    6350    475     
CTRIA3  22643   1       1699    513     1698    
CTRIA3  22644   1       2650    1982    3146    
CTRIA3  22645   1       1690    3256    3257    
CTRIA3  22646   1       1368    1954    2661    
CTRIA3  22647   1       523     1598    522     
CTRIA3  22648   1       2364    2449    361     
CTRIA3  22649   1       1865    431     2195    
CTRIA3  22650   1       1324    2503    468     
CTRIA3  22651   1       1345    1251    1347    
CTRIA3  22652   1       1252    1347    1251    
CTRIA3  22653   1       5826    5243    646     
CTRIA3  22654   1       2430    1527    1525    
CTRIA3  22655   1       1446    1442    1443    
CTRIA3  22656   1       780     2431    799     
CTRIA3  22657   1       1334    1335    6404    
CTRIA3  22658   1       2450    361     2449    
CTRIA3  22659   1       2232    2231    1430    
CTRIA3  22660   1       2232    1430    3367    
CTRIA3  22661   1       5819    5820    5456    
CTRIA3  22662   1       361     360     359     
CTRIA3  22663   1       5577    3974    3975    
CTRIA3  22664   1       820     660     661     
CTRIA3  22665   1       820     661     821     
CTRIA3  22666   1       1376    3317    3316    
CTRIA3  22667   1       1376    1377    3317    
CTRIA3  22668   1       522     1598    1599    
CTRIA3  22669   1       554     324     567     
CTRIA3  22670   1       554     1798    324     
CTRIA3  22671   1       554     567     1798    
CTRIA3  22672   1       2981    3532    3756    
CTRIA3  22673   1       3602    1278    2627    
CTRIA3  22674   1       2230    2805    1434    
CTRIA3  22675   1       1932    6201    2215    
CTRIA3  22676   1       3392    1261    1260    
CTRIA3  22677   1       2253    3616    2352    
CTRIA3  22678   1       4562    4561    2796    
CTRIA3  22679   1       2561    647     2733    
CTRIA3  22680   1       2561    2733    3695    
CTRIA3  22681   1       3060    3061    3059    
CTRIA3  22682   1       2419    2684    3620    
CTRIA3  22683   1       101     5820    100     
CTRIA3  22684   1       6353    6248    6344    
CTRIA3  22685   1       3472    1416    3319    
CTRIA3  22686   1       2089    2025    2026    
CTRIA3  22687   1       2627    2625    1281    
CTRIA3  22688   1       2660    359     1360    
CTRIA3  22689   1       3378    1692    2731    
CTRIA3  22690   1       2731    1692    2964    
CTRIA3  22691   1       520     212     95      
CTRIA3  22692   1       1827    3187    2433    
CTRIA3  22693   1       2203    2201    1466    
CTRIA3  22694   1       2203    2202    2201    
CTRIA3  22695   1       2247    1346    1344    
CTRIA3  22696   1       616     635     633     
CTRIA3  22697   1       4262    2240    2239    
CTRIA3  22698   1       6316    5603    893     
CTRIA3  22699   1       3595    6475    2111    
CTRIA3  22700   1       3595    780     6475    
CTRIA3  22701   1       3108    5556    6277    
CTRIA3  22702   1       2867    2626    2627    
CTRIA3  22703   1       2867    2096    2626    
CTRIA3  22704   1       1880    1315    1316    
CTRIA3  22705   1       1880    1859    1315    
CTRIA3  22706   1       1268    1269    1265    
CTRIA3  22707   1       1317    2824    2825    
CTRIA3  22708   1       2825    2824    3977    
CTRIA3  22709   1       370     304     305     
CTRIA3  22710   1       2053    2052    2051    
CTRIA3  22711   1       1315    1875    1317    
CTRIA3  22712   1       335     2660    1974    
CTRIA3  22713   1       1947    6350    5802    
CTRIA3  22714   1       3756    885     5022    
CTRIA3  22715   1       2023    6209    524     
CTRIA3  22716   1       2023    524     1603    
CTRIA3  22717   1       334     2660    335     
CTRIA3  22718   1       1085    1215    1084    
CTRIA3  22719   1       497     451     1188    
CTRIA3  22720   1       4640    3177    5848    
CTRIA3  22721   1       607     2349    1053    
CTRIA3  22722   1       1196    1038    3974    
CTRIA3  22723   1       1368    2661    1365    
CTRIA3  22724   1       2133    2132    430     
CTRIA3  22725   1       715     716     717     
CTRIA3  22726   1       3267    4721    3299    
CTRIA3  22727   1       2650    2310    3451    
CTRIA3  22728   1       361     2450    360     
CTRIA3  22729   1       2717    1898    2202    
CTRIA3  22730   1       4028    4834    4160    
CTRIA3  22731   1       1287    1291    1289    
CTRIA3  22732   1       5920    5523    5918    
CTRIA3  22733   1       5920    5043    5523    
CTRIA3  22734   1       409     408     2080    
CTRIA3  22735   1       1461    2140    2689    
CTRIA3  22736   1       1150    5577    3975    
CTRIA3  22737   1       2390    3339    910     
CTRIA3  22738   1       2390    2647    3339    
CTRIA3  22739   1       3339    2647    910     
CTRIA3  22740   1       2390    910     2647    
CTRIA3  22741   1       4018    4019    3286    
CTRIA3  22742   1       4048    3286    4019    
CTRIA3  22743   1       3545    1455    3593    
CTRIA3  22744   1       1888    1866    1867    
CTRIA3  22745   1       2542    554     1796    
CTRIA3  22746   1       5915    5914    5916    
CTRIA3  22747   1       3547    2436    3184    
CTRIA3  22748   1       1516    5023    6452    
CTRIA3  22749   1       6452    5023    5020    
CTRIA3  22750   1       2023    5455    6209    
CTRIA3  22751   1       1455    2342    3593    
CTRIA3  22752   1       4991    1150    5879    
CTRIA3  22753   1       3851    3681    254     
CTRIA3  22754   1       4041    4835    4028    
CTRIA3  22755   1       4028    4835    4834    
CTRIA3  22756   1       3795    3375    2380    
CTRIA3  22757   1       6350    1947    5874    
CTRIA3  22758   1       662     2079    681     
CTRIA3  22759   1       2354    1522    1521    
CTRIA3  22760   1       841     3463    1008    
CTRIA3  22761   1       1396    3271    2987    
CTRIA3  22762   1       2967    1688    2341    
CTRIA3  22763   1       2967    2098    1688    
CTRIA3  22764   1       835     837     836     
CTRIA3  22765   1       3559    4575    4573    
CTRIA3  22766   1       409     2577    1438    
CTRIA3  22767   1       3404    2857    1037    
CTRIA3  22768   1       2259    1009    2567    
CTRIA3  22769   1       367     366     365     
CTRIA3  22770   1       476     475     474     
CTRIA3  22771   1       476     474     5052    
CTRIA3  22772   1       2352    2353    1429    
CTRIA3  22773   1       2484    837     835     
CTRIA3  22774   1       1835    1836    1834    
CTRIA3  22775   1       1438    1425    1426    
CTRIA3  22776   1       5043    5920    5919    
CTRIA3  22777   1       5920    6320    5919    
CTRIA3  22778   1       3378    3626    1692    
CTRIA3  22779   1       4040    3020    4039    
CTRIA3  22780   1       1001    1204    1003    
CTRIA3  22781   1       1001    519     1204    
CTRIA3  22782   1       2670    5485    1266    
CTRIA3  22783   1       3286    1303    1302    
CTRIA3  22784   1       3286    4048    1303    
CTRIA3  22785   1       3561    4346    2953    
CTRIA3  22786   1       4246    6368    4245    
CTRIA3  22787   1       6200    1889    6201    
CTRIA3  22788   1       6200    6201    1932    
CTRIA3  22789   1       2671    749     667     
CTRIA3  22790   1       514     1664    513     
CTRIA3  22791   1       514     1665    1664    
CTRIA3  22792   1       1084    1050    1216    
CTRIA3  22793   1       1324    1323    1325    
CTRIA3  22794   1       1280    1281    1262    
CTRIA3  22795   1       2420    1691    2421    
CTRIA3  22796   1       1691    3626    2421    
CTRIA3  22797   1       1355    1288    1356    
CTRIA3  22798   1       4874    2434    2436    
CTRIA3  22799   1       2053    1434    2343    
CTRIA3  22800   1       2053    2343    2052    
CTRIA3  22801   1       2711    5020    5023    
CTRIA3  22802   1       2195    2196    637     
CTRIA3  22803   1       2992    2795    469     
CTRIA3  22804   1       2992    469     1332    
CTRIA3  22805   1       4932    4931    4933    
CTRIA3  22806   1       2899    1198    1199    
CTRIA3  22807   1       1521    2041    2354    
CTRIA3  22808   1       1521    1517    2041    
CTRIA3  22809   1       2183    3183    2185    
CTRIA3  22810   1       6068    2185    3183    
CTRIA3  22811   1       2066    2067    2068    
CTRIA3  22812   1       2110    2111    6475    
CTRIA3  22813   1       2327    1054    2412    
CTRIA3  22814   1       2698    646     647     
CTRIA3  22815   1       3467    3599    899     
CTRIA3  22816   1       6170    2494    4927    
CTRIA3  22817   1       4927    2494    2492    
CTRIA3  22818   1       2881    3229    3227    
CTRIA3  22819   1       3761    4161    3762    
CTRIA3  22820   1       4911    5696    5961    
CTRIA3  22821   1       4911    4912    5696    
CTRIA3  22822   1       4819    6323    3758    
CTRIA3  22823   1       4819    3758    4762    
CTRIA3  22824   1       1348    1349    3351    
CTRIA3  22825   1       2248    5177    2249    
CTRIA3  22826   1       4640    4346    3177    
CTRIA3  22827   1       4180    3862    3179    
CTRIA3  22828   1       3640    3367    3375    
CTRIA3  22829   1       2141    591     1453    
CTRIA3  22830   1       1345    2012    2064    
CTRIA3  22831   1       2012    1253    2064    
CTRIA3  22832   1       1827    2433    4874    
CTRIA3  22833   1       1278    2795    2992    
CTRIA3  22834   1       4262    5230    1828    
CTRIA3  22835   1       6221    6352    6176    
CTRIA3  22836   1       6221    2153    6352    
CTRIA3  22837   1       1085    1084    1083    
CTRIA3  22838   1       4023    3819    1829    
CTRIA3  22839   1       2433    1939    2434    
CTRIA3  22840   1       2669    2671    694     
CTRIA3  22841   1       6068    4085    5281    
CTRIA3  22842   1       6068    3183    4085    
CTRIA3  22843   1       2848    1395    1357    
CTRIA3  22844   1       1425    408     1426    
CTRIA3  22845   1       2370    2863    366     
CTRIA3  22846   1       196     198     197     
CTRIA3  22847   1       4640    4639    4346    
CTRIA3  22848   1       5172    1215    1178    
CTRIA3  22849   1       712     714     713     
CTRIA3  22850   1       1592    83      2603    
CTRIA3  22851   1       1345    1346    2012    
CTRIA3  22852   1       1346    1253    2012    
CTRIA3  22853   1       5603    892     893     
CTRIA3  22854   1       3084    1393    305     
CTRIA3  22855   1       59      6384    855     
CTRIA3  22856   1       2113    2585    2112    
CTRIA3  22857   1       2113    2013    2585    
CTRIA3  22858   1       6041    6293    5427    
CTRIA3  22859   1       3257    2249    1690    
CTRIA3  22860   1       745     1302    1303    
CTRIA3  22861   1       608     609     1046    
CTRIA3  22862   1       608     1046    1040    
CTRIA3  22863   1       451     453     452     
CTRIA3  22864   1       451     452     1188    
CTRIA3  22865   1       2075    2237    573     
CTRIA3  22866   1       5395    5396    6110    
CTRIA3  22867   1       1241    1198    2899    
CTRIA3  22868   1       1899    1897    3822    
CTRIA3  22869   1       1899    3822    2619    
CTRIA3  22870   1       304     1336    303     
CTRIA3  22871   1       5885    2153    6221    
CTRIA3  22872   1       991     1776    5276    
CTRIA3  22873   1       991     992     1776    
CTRIA3  22874   1       3619    676     3933    
CTRIA3  22875   1       1053    841     607     
CTRIA3  22876   1       4734    2333    6424    
CTRIA3  22877   1       1247    1363    1246    
CTRIA3  22878   1       1809    1807    2515    
CTRIA3  22879   1       495     1151    1149    
CTRIA3  22880   1       495     2365    1151    
CTRIA3  22881   1       2444    2410    2448    
CTRIA3  22882   1       2444    2448    2443    
CTRIA3  22883   1       746     1241    1248    
CTRIA3  22884   1       4911    4910    4912    
CTRIA3  22885   1       3375    3795    3794    
CTRIA3  22886   1       294     6100    293     
CTRIA3  22887   1       3319    1416    2120    
CTRIA3  22888   1       5636    6314    2332    
CTRIA3  22889   1       2826    1941    1864    
CTRIA3  22890   1       2370    366     369     
CTRIA3  22891   1       2132    1453    813     
CTRIA3  22892   1       5396    5395    5397    
CTRIA3  22893   1       1195    5397    5395    
CTRIA3  22894   1       5883    2153    5885    
CTRIA3  22895   1       1443    1442    1440    
CTRIA3  22896   1       2700    5020    2711    
CTRIA3  22897   1       3608    2567    1009    
CTRIA3  22898   1       1353    2862    367     
CTRIA3  22899   1       1353    368     2862    
CTRIA3  22900   1       1177    4189    1178    
CTRIA3  22901   1       4189    4190    6110    
CTRIA3  22902   1       1436    1393    1431    
CTRIA3  22903   1       1380    1431    1393    
CTRIA3  22904   1       1434    2229    2230    
CTRIA3  22905   1       5281    4932    2185    
CTRIA3  22906   1       5955    4819    5954    
CTRIA3  22907   1       1428    1429    1496    
CTRIA3  22908   1       5904    2249    3596    
CTRIA3  22909   1       6145    5003    5481    
CTRIA3  22910   1       6145    5481    6446    
CTRIA3  22911   1       5870    2348    5632    
CTRIA3  22912   1       2292    3397    2294    
CTRIA3  22913   1       2438    1127    2900    
CTRIA3  22914   1       711     332     301     
CTRIA3  22915   1       711     301     329     
CTRIA3  22916   1       1250    2026    2025    
CTRIA3  22917   1       2009    2715    1972    
CTRIA3  22918   1       3616    2253    2738    
CTRIA3  22919   1       1587    2100    1446    
CTRIA3  22920   1       1587    1588    2100    
CTRIA3  22921   1       2217    1889    1942    
CTRIA3  22922   1       5885    6171    5884    
CTRIA3  22923   1       1344    1252    1250    
CTRIA3  22924   1       6476    2410    3054    
CTRIA3  22925   1       6476    2296    2410    
CTRIA3  22926   1       6476    3054    2296    
CTRIA3  22927   1       1588    1587    523     
CTRIA3  22928   1       1380    3367    1430    
CTRIA3  22929   1       3850    2683    3680    
CTRIA3  22930   1       2568    1007    1008    
CTRIA3  22931   1       3153    3154    4834    
CTRIA3  22932   1       4834    3154    4160    
CTRIA3  22933   1       2922    2989    3069    
CTRIA3  22934   1       2866    2401    2865    
CTRIA3  22935   1       2900    1127    1041    
CTRIA3  22936   1       4181    4180    3587    
CTRIA3  22937   1       889     2981    2483    
CTRIA3  22938   1       889     2483    2479    
CTRIA3  22939   1       3503    3502    2725    
CTRIA3  22940   1       4523    2725    3502    
CTRIA3  22941   1       3463    2865    2347    
CTRIA3  22942   1       1474    1473    1472    
CTRIA3  22943   1       811     696     695     
CTRIA3  22944   1       696     2809    3228    
CTRIA3  22945   1       1401    3004    3794    
CTRIA3  22946   1       2292    1988    3397    
CTRIA3  22947   1       2292    1990    1988    
CTRIA3  22948   1       2731    2733    461     
CTRIA3  22949   1       2731    2708    2733    
CTRIA3  22950   1       2400    2399    2398    
CTRIA3  22951   1       2400    2398    2139    
CTRIA3  22952   1       768     3451    766     
CTRIA3  22953   1       3545    2255    1492    
CTRIA3  22954   1       1054    2857    3404    
CTRIA3  22955   1       3004    1388    3794    
CTRIA3  22956   1       6329    1151    2365    
CTRIA3  22957   1       5485    2668    6179    
CTRIA3  22958   1       2347    2348    5870    
CTRIA3  22959   1       3862    882     883     
CTRIA3  22960   1       5632    2568    5870    
CTRIA3  22961   1       1692    3626    1691    
CTRIA3  22962   1       1983    2256    2144    
CTRIA3  22963   1       3619    3933    3535    
CTRIA3  22964   1       2217    2218    2856    
CTRIA3  22965   1       2856    2218    1841    
CTRIA3  22966   1       2207    1244    1263    
CTRIA3  22967   1       2661    3089    1365    
CTRIA3  22968   1       2039    1670    671     
CTRIA3  22969   1       712     2001    731     
CTRIA3  22970   1       1842    1843    2021    
CTRIA3  22971   1       2212    2021    1843    
CTRIA3  22972   1       2444    2367    2410    
CTRIA3  22973   1       1084    1216    1083    
CTRIA3  22974   1       2584    2851    2014    
CTRIA3  22975   1       2584    670     2851    
CTRIA3  22976   1       3535    3933    3793    
CTRIA3  22977   1       1685    2341    1688    
CTRIA3  22978   1       1685    1688    2868    
CTRIA3  22979   1       3547    3184    2183    
CTRIA3  22980   1       2249    1692    1690    
CTRIA3  22981   1       2249    5904    1692    
CTRIA3  22982   1       3549    835     836     
CTRIA3  22983   1       695     696     3228    
CTRIA3  22984   1       1973    2009    1972    
CTRIA3  22985   1       1973    2064    2009    
CTRIA3  22986   1       1265    1264    1266    
CTRIA3  22987   1       3341    4264    3346    
CTRIA3  22988   1       333     2661    1954    
CTRIA3  22989   1       333     1954    1257    
CTRIA3  22990   1       2983    2953    4639    
CTRIA3  22991   1       614     2875    3020    
CTRIA3  22992   1       5992    5802    6051    
CTRIA3  22993   1       778     6475    780     
CTRIA3  22994   1       3695    2733    2708    
CTRIA3  22995   1       4723    4722    4721    
CTRIA3  22996   1       661     3619    821     
CTRIA3  22997   1       3535    821     3619    
CTRIA3  22998   1       3570    3571    5479    
CTRIA3  22999   1       5243    5280    5242    
CTRIA3  23000   1       3138    2964    614     
CTRIA3  23001   1       614     2964    616     
CTRIA3  23002   1       2588    3458    711     
CTRIA3  23003   1       3458    2675    711     
CTRIA3  23004   1       2588    711     2675    
CTRIA3  23005   1       5948    4758    5949    
CTRIA3  23006   1       5949    4758    5133    
CTRIA3  23007   1       893     5769    6316    
CTRIA3  23008   1       6051    5991    5992    
CTRIA3  23009   1       697     694     2671    
CTRIA3  23010   1       3124    791     2897    
CTRIA3  23011   1       3124    2897    4188    
CTRIA3  23012   1       2625    2626    3970    
CTRIA3  23013   1       2067    3271    28      
CTRIA3  23014   1       3271    1396    28      
CTRIA3  23015   1       1835    1933    1931    
CTRIA3  23016   1       3790    5075    6335    
CTRIA3  23017   1       2674    1241    2899    
CTRIA3  23018   1       1445    1442    1441    
CTRIA3  23019   1       1442    1446    1441    
CTRIA3  23020   1       1445    1441    1446    
CTRIA3  23021   1       2450    1364    3278    
CTRIA3  23022   1       1291    1188    452     
CTRIA3  23023   1       1291    1364    1188    
CTRIA3  23024   1       1404    1415    1406    
CTRIA3  23025   1       715     2189    2543    
CTRIA3  23026   1       795     736     667     
CTRIA3  23027   1       2021    2211    2644    
CTRIA3  23028   1       2644    2211    2212    
CTRIA3  23029   1       2021    2212    2211    
CTRIA3  23030   1       371     373     372     
CTRIA3  23031   1       1274    2674    2588    
CTRIA3  23032   1       1274    1241    2674    
CTRIA3  23033   1       1274    2588    1241    
CTRIA3  23034   1       1344    1346    1345    
CTRIA3  23035   1       4933    4931    5112    
CTRIA3  23036   1       810     811     695     
CTRIA3  23037   1       1416    3472    1415    
CTRIA3  23038   1       3851    3680    3681    
CTRIA3  23039   1       2203    2716    2202    
CTRIA3  23040   1       2202    2716    2717    
CTRIA3  23041   1       4181    3791    4180    
CTRIA3  23042   1       1241    2588    2675    
CTRIA3  23043   1       2255    3545    2738    
CTRIA3  23044   1       3788    2366    439     
CTRIA3  23045   1       2805    362     1434    
CTRIA3  23046   1       1250    1251    2024    
CTRIA3  23047   1       3180    1260    1275    
CTRIA3  23048   1       3411    1333    4018    
CTRIA3  23049   1       3411    3831    1333    
CTRIA3  23050   1       3594    2810    3593    
CTRIA3  23051   1       2437    2762    1925    
CTRIA3  23052   1       5881    6413    6251    
CTRIA3  23053   1       5881    6174    6413    
CTRIA3  23054   1       3711    5077    5076    
CTRIA3  23055   1       1946    1947    5299    
CTRIA3  23056   1       792     1261    791     
CTRIA3  23057   1       791     1261    1283    
CTRIA3  23058   1       607     1985    3392    
CTRIA3  23059   1       3602    1277    1278    
CTRIA3  23060   1       2483    2981    2980    
CTRIA3  23061   1       1517    1433    3193    
CTRIA3  23062   1       3193    1433    2095    
CTRIA3  23063   1       1517    2095    1433    
CTRIA3  23064   1       2964    1692    616     
CTRIA3  23065   1       367     2026    1353    
CTRIA3  23066   1       629     2030    1775    
CTRIA3  23067   1       1292    3497    1293    
CTRIA3  23068   1       1341    1343    1342    
CTRIA3  23069   1       2398    2393    3933    
CTRIA3  23070   1       1249    329     301     
CTRIA3  23071   1       305     304     303     
CTRIA3  23072   1       2018    2020    1888    
CTRIA3  23073   1       1414    1416    1415    
CTRIA3  23074   1       148     1469    165     
CTRIA3  23075   1       148     1910    1469    
CTRIA3  23076   1       2983    5633    2985    
CTRIA3  23077   1       591     1461    593     
CTRIA3  23078   1       5004    6446    5481    
CTRIA3  23079   1       3184    4085    3183    
CTRIA3  23080   1       1436    1383    1437    
CTRIA3  23081   1       5148    3351    5807    
CTRIA3  23082   1       6175    6174    5881    
CTRIA3  23083   1       2669    2668    2670    
CTRIA3  23084   1       302     2660    334     
CTRIA3  23085   1       3463    3474    2865    
CTRIA3  23086   1       6350    6051    5802    
CTRIA3  23087   1       1292    1149    3497    
CTRIA3  23088   1       3740    3138    5738    
CTRIA3  23089   1       2412    1040    2327    
CTRIA3  23090   1       437     438     2367    
CTRIA3  23091   1       2953    3560    3561    
CTRIA3  23092   1       6373    6384    5059    
CTRIA3  23093   1       762     2985    2402    
CTRIA3  23094   1       522     100     521     
CTRIA3  23095   1       3177    4573    5769    
CTRIA3  23096   1       2868    1688    2098    
CTRIA3  23097   1       1775    1779    629     
CTRIA3  23098   1       1775    1773    1779    
CTRIA3  23099   1       1779    1773    629     
CTRIA3  23100   1       3350    2341    2933    
CTRIA3  23101   1       6424    2333    4421    
CTRIA3  23102   1       2401    2900    1040    
CTRIA3  23103   1       2401    2327    2900    
CTRIA3  23104   1       164     166     165     
CTRIA3  23105   1       1590    83      1592    
CTRIA3  23106   1       1880    5462    5970    
CTRIA3  23107   1       1880    1877    5462    
CTRIA3  23108   1       1864    3083    2018    
CTRIA3  23109   1       1346    2247    2246    
CTRIA3  23110   1       1369    2287    1362    
CTRIA3  23111   1       4874    2436    3547    
CTRIA3  23112   1       1841    2218    1843    
CTRIA3  23113   1       6316    4574    5603    
CTRIA3  23114   1       2576    4277    1440    
CTRIA3  23115   1       1401    1379    3084    
CTRIA3  23116   1       713     2001    712     
CTRIA3  23117   1       374     3857    376     
CTRIA3  23118   1       376     3857    5558    
CTRIA3  23119   1       4756    4758    4757    
CTRIA3  23120   1       4757    4758    5954    
CTRIA3  23121   1       2991    1269    2096    
CTRIA3  23122   1       3138    3020    5738    
CTRIA3  23123   1       6118    1321    337     
CTRIA3  23124   1       6118    337     6079    
CTRIA3  23125   1       1494    1492    1991    
CTRIA3  23126   1       1244    2161    2162    
CTRIA3  23127   1       2991    1332    1348    
CTRIA3  23128   1       2349    2412    2401    
CTRIA3  23129   1       2349    1040    2412    
CTRIA3  23130   1       2349    2401    1040    
CTRIA3  23131   1       608     1040    2349    
CTRIA3  23132   1       2141    2133    623     
CTRIA3  23133   1       496     2365    495     
CTRIA3  23134   1       6179    4723    1268    
CTRIA3  23135   1       5029    3144    5112    
CTRIA3  23136   1       1083    1217    1085    
CTRIA3  23137   1       2096    2867    2991    
CTRIA3  23138   1       1414    1325    1323    
CTRIA3  23139   1       1455    2110    2342    
CTRIA3  23140   1       3124    790     791     
CTRIA3  23141   1       1045    3618    762     
CTRIA3  23142   1       1841    1843    1842    
CTRIA3  23143   1       1430    1431    1380    
CTRIA3  23144   1       6408    4032    3280    
CTRIA3  23145   1       1493    371     2293    
CTRIA3  23146   1       371     1492    2293    
CTRIA3  23147   1       2368    3054    2410    
CTRIA3  23148   1       2368    2296    3054    
CTRIA3  23149   1       1947    5802    5800    
CTRIA3  23150   1       2941    461     462     
CTRIA3  23151   1       2897    1263    4188    
CTRIA3  23152   1       1263    1244    4188    
CTRIA3  23153   1       660     662     661     
CTRIA3  23154   1       2576    1440    2947    
CTRIA3  23155   1       2401    2866    2327    
CTRIA3  23156   1       476     5052    5405    
CTRIA3  23157   1       2023    1603    1602    
CTRIA3  23158   1       2848    2847    2088    
CTRIA3  23159   1       3853    1773    5276    
CTRIA3  23160   1       5276    1773    1774    
CTRIA3  23161   1       1891    1910    1911    
CTRIA3  23162   1       1380    1393    1379    
CTRIA3  23163   1       2420    2421    3402    
CTRIA3  23164   1       4161    2898    1184    
CTRIA3  23165   1       1587    1688    1598    
CTRIA3  23166   1       1587    1687    1688    
CTRIA3  23167   1       1688    1687    1598    
CTRIA3  23168   1       3392    1260    609     
CTRIA3  23169   1       3375    3794    3796    
CTRIA3  23170   1       3794    1392    3796    
CTRIA3  23171   1       4182    4181    3587    
CTRIA3  23172   1       2900    3396    1039    
CTRIA3  23173   1       1039    3396    1041    
CTRIA3  23174   1       2900    1041    3396    
CTRIA3  23175   1       2439    2034    2368    
CTRIA3  23176   1       2052    1987    1436    
CTRIA3  23177   1       2052    1384    1987    
CTRIA3  23178   1       1987    1384    1436    
CTRIA3  23179   1       333     1257    334     
CTRIA3  23180   1       1289    1288    1287    
CTRIA3  23181   1       4161    3761    1240    
CTRIA3  23182   1       571     573     2237    
CTRIA3  23183   1       1941    1924    2762    
CTRIA3  23184   1       360     2450    3278    
CTRIA3  23185   1       1240    2898    4161    
CTRIA3  23186   1       2991    2992    1332    
CTRIA3  23187   1       380     2120    1416    
CTRIA3  23188   1       1261    792     1260    
CTRIA3  23189   1       5558    5559    3204    
CTRIA3  23190   1       3205    3204    5559    
CTRIA3  23191   1       3221    5573    4421    
CTRIA3  23192   1       3221    4421    2333    
CTRIA3  23193   1       3596    3981    1599    
CTRIA3  23194   1       301     332     3458    
CTRIA3  23195   1       3138    614     3020    
CTRIA3  23196   1       2089    367     365     
CTRIA3  23197   1       2465    2078    1588    
CTRIA3  23198   1       2465    2100    2078    
CTRIA3  23199   1       2078    2100    1588    
CTRIA3  23200   1       2465    1588    2100    
CTRIA3  23201   1       615     614     616     
CTRIA3  23202   1       2434    4874    2433    
CTRIA3  23203   1       3587    3179    4182    
CTRIA3  23204   1       1898    1899    1472    
CTRIA3  23205   1       1465    1472    1899    
CTRIA3  23206   1       2826    1864    2018    
CTRIA3  23207   1       1184    2898    1259    
CTRIA3  23208   1       1248    2675    3458    
CTRIA3  23209   1       1248    1241    2675    
CTRIA3  23210   1       3820    1829    3819    
CTRIA3  23211   1       1344    2067    2247    
CTRIA3  23212   1       3271    2067    1344    
CTRIA3  23213   1       2019    3197    2020    
CTRIA3  23214   1       2327    2324    1054    
CTRIA3  23215   1       1941    2763    1864    
CTRIA3  23216   1       5916    6170    5915    
CTRIA3  23217   1       5915    6170    4927    
CTRIA3  23218   1       5499    3666    2081    
CTRIA3  23219   1       3559    6315    4575    
CTRIA3  23220   1       2847    2848    1357    
CTRIA3  23221   1       1249    1955    332     
CTRIA3  23222   1       2111    1455    2194    
CTRIA3  23223   1       3208    899     1964    
CTRIA3  23224   1       591     2141    1461    
CTRIA3  23225   1       525     6100    294     
CTRIA3  23226   1       2184    2183    2185    
CTRIA3  23227   1       2041    1989    1990    
CTRIA3  23228   1       573     571     2429    
CTRIA3  23229   1       739     1323    378     
CTRIA3  23230   1       5897    5319    5896    
CTRIA3  23231   1       5897    5896    5895    
CTRIA3  23232   1       2687    6417    4292    
CTRIA3  23233   1       2349    1040    2402    
CTRIA3  23234   1       2428    573     2429    
CTRIA3  23235   1       2141    2132    2133    
CTRIA3  23236   1       2826    2018    1888    
CTRIA3  23237   1       3858    5559    5557    
CTRIA3  23238   1       1280    791     1283    
CTRIA3  23239   1       739     1414    1323    
CTRIA3  23240   1       1501    1502    6106    
CTRIA3  23241   1       1501    1503    1502    
CTRIA3  23242   1       2051    2052    1436    
CTRIA3  23243   1       3281    3185    3280    
CTRIA3  23244   1       6408    3280    3185    
CTRIA3  23245   1       2133    430     3197    
CTRIA3  23246   1       3681    1703    254     
CTRIA3  23247   1       5573    4212    4421    
CTRIA3  23248   1       2857    2324    3270    
CTRIA3  23249   1       2706    2705    2708    
CTRIA3  23250   1       2708    2705    2601    
CTRIA3  23251   1       5075    856     5076    
CTRIA3  23252   1       2577    409     2033    
CTRIA3  23253   1       1436    1431    2051    
CTRIA3  23254   1       2051    1431    1430    
CTRIA3  23255   1       6404    1335    5659    
CTRIA3  23256   1       4020    4019    4018    
CTRIA3  23257   1       1598    528     633     
CTRIA3  23258   1       528     3620    633     
CTRIA3  23259   1       1186    3214    1267    
CTRIA3  23260   1       2229    2231    2230    
CTRIA3  23261   1       2410    2367    2368    
CTRIA3  23262   1       5177    3981    3596    
CTRIA3  23263   1       346     2236    798     
CTRIA3  23264   1       795     672     734     
CTRIA3  23265   1       6316    4573    4574    
CTRIA3  23266   1       346     2564    2236    
CTRIA3  23267   1       3596    2249    5177    
CTRIA3  23268   1       408     409     1426    
CTRIA3  23269   1       4835    3153    4834    
CTRIA3  23270   1       4835    4041    3153    
CTRIA3  23271   1       2430    1588    1527    
CTRIA3  23272   1       739     1416    1414    
CTRIA3  23273   1       5571    6329    2365    
CTRIA3  23274   1       1446    2100    1445    
CTRIA3  23275   1       1445    2100    1588    
CTRIA3  23276   1       5485    2670    2668    
CTRIA3  23277   1       2095    1517    1521    
CTRIA3  23278   1       2941    2731    461     
CTRIA3  23279   1       1428    1496    4135    
CTRIA3  23280   1       1496    1497    4135    
CTRIA3  23281   1       1428    4135    1497    
CTRIA3  23282   1       1911    1910    149     
CTRIA3  23283   1       149     1910    148     
CTRIA3  23284   1       373     1493    2293    
CTRIA3  23285   1       373     2293    2266    
CTRIA3  23286   1       2420    634     633     
CTRIA3  23287   1       5991    6052    1946    
CTRIA3  23288   1       5991    6051    6052    
CTRIA3  23289   1       840     3208    1985    
CTRIA3  23290   1       1379    1393    3084    
CTRIA3  23291   1       3395    3618    1045    
CTRIA3  23292   1       633     528     2420    
CTRIA3  23293   1       633     2422    528     
CTRIA3  23294   1       528     2422    2420    
CTRIA3  23295   1       734     736     795     
CTRIA3  23296   1       2430    2294    1442    
CTRIA3  23297   1       3397    1442    2294    
CTRIA3  23298   1       2066    2247    2067    
CTRIA3  23299   1       2857    1054    2323    
CTRIA3  23300   1       3467    899     901     
CTRIA3  23301   1       3208    901     899     
CTRIA3  23302   1       374     3858    3857    
CTRIA3  23303   1       6477    1910    1891    
CTRIA3  23304   1       615     2875    614     
CTRIA3  23305   1       2981    888     3532    
CTRIA3  23306   1       5374    646     5243    
CTRIA3  23307   1       1521    2094    2095    
CTRIA3  23308   1       1521    1522    2094    
CTRIA3  23309   1       2866    2438    2900    
CTRIA3  23310   1       1562    514     515     
CTRIA3  23311   1       1562    2121    514     
CTRIA3  23312   1       514     513     515     
CTRIA3  23313   1       513     1699    515     
CTRIA3  23314   1       790     792     791     
CTRIA3  23315   1       332     1955    748     
CTRIA3  23316   1       2431    3091    348     
CTRIA3  23317   1       901     900     3467    
CTRIA3  23318   1       1891    419     6477    
CTRIA3  23319   1       334     1257    302     
CTRIA3  23320   1       418     419     440     
CTRIA3  23321   1       2327    1040    1039    
CTRIA3  23322   1       1040    2900    1039    
CTRIA3  23323   1       3124    4188    1242    
CTRIA3  23324   1       4188    1244    1242    
CTRIA3  23325   1       4018    1333    4020    
CTRIA3  23326   1       1598    1687    528     
CTRIA3  23327   1       1687    3620    528     
CTRIA3  23328   1       1292    495     1149    
CTRIA3  23329   1       1440    1442    2947    
CTRIA3  23330   1       3561    3177    4346    
CTRIA3  23331   1       2247    2066    2246    
CTRIA3  23332   1       373     2266    3091    
CTRIA3  23333   1       1199    2324    2327    
CTRIA3  23334   1       683     681     2079    
CTRIA3  23335   1       683     2079    2596    
CTRIA3  23336   1       2253    1492    2255    
CTRIA3  23337   1       1242    790     3124    
CTRIA3  23338   1       1708    5177    2248    
CTRIA3  23339   1       1985    1984    840     
CTRIA3  23340   1       2327    1039    1199    
CTRIA3  23341   1       1455    3545    2581    
CTRIA3  23342   1       2323    1054    2324    
CTRIA3  23343   1       373     371     1493    
CTRIA3  23344   1       2324    2857    2323    
CTRIA3  23345   1       2293    1492    2266    
CTRIA3  23346   1       5481    5003    5004    
CTRIA3  23347   1       5004    5003    5005    
CTRIA3  23348   1       2866    2900    2327    
CTRIA3  23349   1       1940    1924    2826    
CTRIA3  23350   1       1941    2826    1924    
CTRIA3  23351   1       1282    1280    1283    
CTRIA3  23352   1       2266    1492    1494    
CTRIA3  23353   1       799     798     779     
CTRIA3  23354   1       3397    1442    1441    
CTRIA3  23355   1       3397    1444    1442    
CTRIA3  23356   1       1442    1444    1441    
CTRIA3  23357   1       3397    1441    1444    
CTRIA3  23358   1       2398    3450    2139    
CTRIA3  23359   1       813     812     814     
CTRIA3  23360   1       813     1453    812     
CTRIA3  23361   1       1389    4246    2958    
CTRIA3  23362   1       4246    4245    2958    
CTRIA3  23363   1       4758    4756    5133    
CTRIA3  23364   1       4756    4294    5133    
CTRIA3  23365   1       4639    4640    2983    
CTRIA3  23366   1       4640    5633    2983    
CTRIA3  23367   1       1627    1099    1101    
CTRIA3  23368   1       1627    1102    1099    
CTRIA3  23369   1       1424    2764    4270    
CTRIA3  23370   1       4270    2764    4169    
CTRIA3  23371   1       6344    1399    6353    
CTRIA3  23372   1       6344    1398    1399    
CTRIA3  23373   1       6468    6353    1399    
CTRIA3  23374   1       6468    6171    6353    
CTRIA3  23375   1       2732    4267    3402    
CTRIA3  23376   1       3402    2421    2732    
CTRIA3  23377   1       1335    3831    4048    
CTRIA3  23378   1       1335    4048    4019    
CTRIA3  23379   1       1921    118     116     
CTRIA3  23380   1       1921    116     2923    
CTRIA3  23381   1       1262    1184    1259    
CTRIA3  23382   1       844     3179    2336    
CTRIA3  23383   1       5423    1412    5424    
CTRIA3  23384   1       1588    523     84      
CTRIA3  23385   1       1588    84      1527    
CTRIA3  23386   1       1392    3794    1388    
CTRIA3  23387   1       2891    4226    3689    
CTRIA3  23388   1       1004    3689    4226    
CTRIA3  23389   1       1528    1343    2922    
CTRIA3  23390   1       2922    1343    1341    
CTRIA3  23391   1       1528    2922    265     
CTRIA3  23392   1       4132    1420    1338    
CTRIA3  23393   1       1307    1304    1881    
CTRIA3  23394   1       2065    2287    1369    
CTRIA3  23395   1       2065    1369    1285    
CTRIA3  23396   1       5815    6174    2516    
CTRIA3  23397   1       5815    4283    6251    
CTRIA3  23398   1       4913    2516    6174    
CTRIA3  23399   1       4913    6251    4283    
CTRIA3  23400   1       4046    376     5558    
CTRIA3  23401   1       4046    4942    376     
CTRIA3  23402   1       4046    5558    3204    
CTRIA3  23403   1       375     376     4942    
CTRIA3  23404   1       1995    6208    3043    
CTRIA3  23405   1       1995    6306    6208    
CTRIA3  23406   1       1778    1779    2560    
CTRIA3  23407   1       1778    2560    1777    
CTRIA3  23408   1       5636    3790    3175    
CTRIA3  23409   1       3175    6314    5636    
CTRIA3  23410   1       6249    1340    6250    
CTRIA3  23411   1       5955    5948    5562    
CTRIA3  23412   1       4294    4295    5562    
CTRIA3  23413   1       5955    5562    4295    
CTRIA3  23414   1       4061    3443    3444    
CTRIA3  23415   1       1447    1862    1861    
CTRIA3  23416   1       722     764     721     
CTRIA3  23417   1       721     723     722     
CTRIA3  23418   1       1356    2009    1361    
CTRIA3  23419   1       2064    1361    2009    
CTRIA3  23420   1       651     3008    5635    
CTRIA3  23421   1       1465    1899    2620    
CTRIA3  23422   1       2620    1467    1465    
CTRIA3  23423   1       949     553     2542    
CTRIA3  23424   1       949     2542    948     
CTRIA3  23425   1       404     2352    1429    
CTRIA3  23426   1       404     1429    1427    
CTRIA3  23427   1       412     413     5935    
CTRIA3  23428   1       412     411     413     
CTRIA3  23429   1       412     5935    6302    
CTRIA3  23430   1       2732    2421    3626    
CTRIA3  23431   1       2732    3626    3378    
CTRIA3  23432   1       812     6305    1854    
CTRIA3  23433   1       1101    1095    834     
CTRIA3  23434   1       1101    543     1095    
CTRIA3  23435   1       1101    834     972     
CTRIA3  23436   1       2547    1940    2351    
CTRIA3  23437   1       1267    1269    1268    
CTRIA3  23438   1       1267    3214    1269    
CTRIA3  23439   1       3519    2696    2697    
CTRIA3  23440   1       3519    3520    2696    
CTRIA3  23441   1       3519    2697    3951    
CTRIA3  23442   1       1452    674     796     
CTRIA3  23443   1       2980    2981    3756    
CTRIA3  23444   1       2980    3756    5022    
CTRIA3  23445   1       2709    4061    4988    
CTRIA3  23446   1       767     768     766     
CTRIA3  23447   1       766     1832    767     
CTRIA3  23448   1       3740    2964    3138    
CTRIA3  23449   1       2708    2731    2964    
CTRIA3  23450   1       669     671     670     
CTRIA3  23451   1       670     948     669     
CTRIA3  23452   1       1981    1982    3060    
CTRIA3  23453   1       1981    3060    3059    
CTRIA3  23454   1       1302    3411    4018    
CTRIA3  23455   1       1302    4018    3286    
CTRIA3  23456   1       428     427     3372    
CTRIA3  23457   1       5538    5589    6167    
CTRIA3  23458   1       5538    764     5589    
CTRIA3  23459   1       5589    764     722     
CTRIA3  23460   1       2725    5803    1502    
CTRIA3  23461   1       2725    1502    2724    
CTRIA3  23462   1       1603    524     525     
CTRIA3  23463   1       1603    525     294     
CTRIA3  23464   1       6208    524     6209    
CTRIA3  23465   1       2682    2256    2901    
CTRIA3  23466   1       1854    1881    1855    
CTRIA3  23467   1       3690    4062    2710    
CTRIA3  23468   1       4061    2710    4062    
CTRIA3  23469   1       4061    2709    2710    
CTRIA3  23470   1       2029    1997    1995    
CTRIA3  23471   1       4032    1703    5445    
CTRIA3  23472   1       2233    779     798     
CTRIA3  23473   1       2233    798     2236    
CTRIA3  23474   1       404     1427    2216    
CTRIA3  23475   1       404     2216    2737    
CTRIA3  23476   1       1312    2958    5757    
CTRIA3  23477   1       2958    1312    338     
CTRIA3  23478   1       428     3372    2558    
CTRIA3  23479   1       1137    2558    3372    
CTRIA3  23480   1       1137    1620    2558    
CTRIA3  23481   1       2703    2430    1525    
CTRIA3  23482   1       1525    2041    2703    
CTRIA3  23483   1       1507    4297    3503    
CTRIA3  23484   1       1507    3503    4296    
CTRIA3  23485   1       1864    2689    1837    
CTRIA3  23486   1       1864    1837    3083    
CTRIA3  23487   1       681     6315    3559    
CTRIA3  23488   1       1370    3164    1371    
CTRIA3  23489   1       5396    5397    4990    
CTRIA3  23490   1       4990    5397    1195    
CTRIA3  23491   1       1195    6054    4990    
CTRIA3  23492   1       1306    1404    636     
CTRIA3  23493   1       3090    1828    5230    
CTRIA3  23494   1       3714    2602    1825    
CTRIA3  23495   1       3443    416     3444    
CTRIA3  23496   1       3444    416     6138    
CTRIA3  23497   1       6138    5694    3444    
CTRIA3  23498   1       3648    3436    3392    
CTRIA3  23499   1       3648    3392    1985    
CTRIA3  23500   1       1468    1469    1910    
CTRIA3  23501   1       2919    3221    2333    
CTRIA3  23502   1       2919    3235    3221    
CTRIA3  23503   1       2919    2333    2331    
CTRIA3  23504   1       1448    1449    1467    
CTRIA3  23505   1       1467    2620    1448    
CTRIA3  23506   1       1862    5228    5355    
CTRIA3  23507   1       5355    1861    1862    
CTRIA3  23508   1       659     658     657     
CTRIA3  23509   1       659     657     5887    
CTRIA3  23510   1       1969    2267    2266    
CTRIA3  23511   1       1969    1457    2267    
CTRIA3  23512   1       2121    1562    3281    
CTRIA3  23513   1       2121    3281    1996    
CTRIA3  23514   1       749     1091    2001    
CTRIA3  23515   1       1331    729     730     
CTRIA3  23516   1       3547    2240    4262    
CTRIA3  23517   1       4262    4874    3547    
CTRIA3  23518   1       1955    1954    748     
CTRIA3  23519   1       1368    748     1954    
CTRIA3  23520   1       497     1188    1364    
CTRIA3  23521   1       497     1364    2449    
CTRIA3  23522   1       5423    5424    1338    
CTRIA3  23523   1       1420    1340    1338    
CTRIA3  23524   1       3208    840     2259    
CTRIA3  23525   1       3914    5678    4904    
CTRIA3  23526   1       5678    3914    5809    
CTRIA3  23527   1       302     3461    359     
CTRIA3  23528   1       302     359     2660    
CTRIA3  23529   1       5871    674     1423    
CTRIA3  23530   1       437     1497    1496    
CTRIA3  23531   1       437     1496    439     
CTRIA3  23532   1       674     673     672     
CTRIA3  23533   1       993     1707    1708    
CTRIA3  23534   1       993     1708    992     
CTRIA3  23535   1       1468    4046    3204    
CTRIA3  23536   1       1468    3204    1470    
CTRIA3  23537   1       375     164     1470    
CTRIA3  23538   1       6306    1995    193     
CTRIA3  23539   1       195     5445    6100    
CTRIA3  23540   1       4809    5082    6298    
CTRIA3  23541   1       6298    4562    4809    
CTRIA3  23542   1       2081    2090    654     
CTRIA3  23543   1       669     1796    2039    
CTRIA3  23544   1       854     201     152     
CTRIA3  23545   1       5769    5848    3177    
CTRIA3  23546   1       3646    3442    3690    
CTRIA3  23547   1       3690    1506    3646    
CTRIA3  23548   1       758     3673    1860    
CTRIA3  23549   1       758     1860    1478    
CTRIA3  23550   1       5573    6315    4213    
CTRIA3  23551   1       5573    4213    4212    
CTRIA3  23552   1       636     1409    620     
CTRIA3  23553   1       1490    5569    1913    
CTRIA3  23554   1       1913    1489    1490    
CTRIA3  23555   1       1490    1489    1491    
CTRIA3  23556   1       60      59      61      
CTRIA3  23557   1       60      61      519     
CTRIA3  23558   1       1216    1050    1051    
CTRIA3  23559   1       1052    836     1051    
CTRIA3  23560   1       1052    3549    836     
CTRIA3  23561   1       1052    1051    1050    
CTRIA3  23562   1       3770    3599    842     
CTRIA3  23563   1       829     673     674     
CTRIA3  23564   1       829     674     5871    
CTRIA3  23565   1       102     5177    1708    
CTRIA3  23566   1       882     3862    3789    
CTRIA3  23567   1       1888    1867    1940    
CTRIA3  23568   1       1888    1940    2826    
CTRIA3  23569   1       5911    5023    1516    
CTRIA3  23570   1       5911    1516    1515    
CTRIA3  23571   1       525     195     6100    
CTRIA3  23572   1       525     194     195     
CTRIA3  23573   1       193     195     194     
CTRIA3  23574   1       193     194     6306    
CTRIA3  23575   1       1859    1880    760     
CTRIA3  23576   1       1859    760     1478    
CTRIA3  23577   1       2670    1091    749     
CTRIA3  23578   1       2420    1685    2868    
CTRIA3  23579   1       670     2584    908     
CTRIA3  23580   1       2013    2584    2014    
CTRIA3  23581   1       1929    1928    1930    
CTRIA3  23582   1       2431    348     346     
CTRIA3  23583   1       2431    346     799     
CTRIA3  23584   1       3281    3280    195     
CTRIA3  23585   1       4032    195     3280    
CTRIA3  23586   1       2479    2483    3711    
CTRIA3  23587   1       3711    2483    2980    
CTRIA3  23588   1       2479    3711    884     
CTRIA3  23589   1       6326    6034    6051    
CTRIA3  23590   1       6326    6051    6350    
CTRIA3  23591   1       763     722     723     
CTRIA3  23592   1       763     723     725     
CTRIA3  23593   1       3174    3608    3606    
CTRIA3  23594   1       5637    4734    2800    
CTRIA3  23595   1       2800    882     5637    
CTRIA3  23596   1       1266    1264    3351    
CTRIA3  23597   1       3559    4573    3177    
CTRIA3  23598   1       3559    3177    3561    
CTRIA3  23599   1       4022    4024    4023    
CTRIA3  23600   1       1281    1279    2627    
CTRIA3  23601   1       2627    1279    3602    
CTRIA3  23602   1       1703    1699    256     
CTRIA3  23603   1       150     149     148     
CTRIA3  23604   1       150     148     1945    
CTRIA3  23605   1       1854    6462    5976    
CTRIA3  23606   1       5976    1881    1854    
CTRIA3  23607   1       1046    3180    1045    
CTRIA3  23608   1       1046    1260    3180    
CTRIA3  23609   1       2794    3319    2120    
CTRIA3  23610   1       5911    1474    1466    
CTRIA3  23611   1       5911    1466    2201    
CTRIA3  23612   1       5477    4029    5738    
CTRIA3  23613   1       2706    5738    4029    
CTRIA3  23614   1       1243    1242    1244    
CTRIA3  23615   1       1243    1244    2162    
CTRIA3  23616   1       6038    3599    3770    
CTRIA3  23617   1       972     834     973     
CTRIA3  23618   1       427     429     832     
CTRIA3  23619   1       832     429     973     
CTRIA3  23620   1       973     834     832     
CTRIA3  23621   1       5228    2716    5354    
CTRIA3  23622   1       5228    2717    2716    
CTRIA3  23623   1       5228    5354    5355    
CTRIA3  23624   1       5874    475     6350    
CTRIA3  23625   1       475     5874    474     
CTRIA3  23626   1       5923    415     407     
CTRIA3  23627   1       5923    414     415     
CTRIA3  23628   1       1782    2799    2560    
CTRIA3  23629   1       3877    4553    4554    
CTRIA3  23630   1       4552    4554    4553    
CTRIA3  23631   1       818     1983    686     
CTRIA3  23632   1       818     686     688     
CTRIA3  23633   1       1973    1972    1974    
CTRIA3  23634   1       1972    2064    3089    
CTRIA3  23635   1       2479    3172    3223    
CTRIA3  23636   1       2479    857     3172    
CTRIA3  23637   1       2019    2133    3197    
CTRIA3  23638   1       2982    2232    3796    
CTRIA3  23639   1       2982    2231    2232    
CTRIA3  23640   1       3951    5424    1412    
CTRIA3  23641   1       3951    1412    3952    
CTRIA3  23642   1       6078    2834    2832    
CTRIA3  23643   1       5052    1946    6052    
CTRIA3  23644   1       5052    474     1946    
CTRIA3  23645   1       196     3679    889     
CTRIA3  23646   1       2217    1942    2649    
CTRIA3  23647   1       5214    3442    3646    
CTRIA3  23648   1       415     416     3443    
CTRIA3  23649   1       3443    3442    415     
CTRIA3  23650   1       3146    1982    1980    
CTRIA3  23651   1       3146    1980    2644    
CTRIA3  23652   1       2724    3876    406     
CTRIA3  23653   1       3875    406     3876    
CTRIA3  23654   1       93      890     482     
CTRIA3  23655   1       93      482     854     
CTRIA3  23656   1       6224    6074    6198    
CTRIA3  23657   1       6198    2006    6224    
CTRIA3  23658   1       3143    4910    3145    
CTRIA3  23659   1       3451    2649    1933    
CTRIA3  23660   1       3020    2076    4039    
CTRIA3  23661   1       4762    4552    4819    
CTRIA3  23662   1       2006    2007    5043    
CTRIA3  23663   1       2006    2008    2007    
CTRIA3  23664   1       5557    5559    5558    
CTRIA3  23665   1       5557    5558    3857    
CTRIA3  23666   1       2834    2995    2994    
CTRIA3  23667   1       438     437     439     
CTRIA3  23668   1       438     439     2366    
CTRIA3  23669   1       714     5976    794     
CTRIA3  23670   1       714     712     5976    
CTRIA3  23671   1       623     624     622     
CTRIA3  23672   1       623     622     1439    
CTRIA3  23673   1       2682    810     2143    
CTRIA3  23674   1       6079    6077    6120    
CTRIA3  23675   1       6119    6118    6120    
CTRIA3  23676   1       6120    6118    6079    
CTRIA3  23677   1       1406    2297    2296    
CTRIA3  23678   1       622     624     822     
CTRIA3  23679   1       622     822     823     
CTRIA3  23680   1       2504    2503    318     
CTRIA3  23681   1       3143    5479    6290    
CTRIA3  23682   1       3143    6290    4910    
CTRIA3  23683   1       2246    1253    1346    
CTRIA3  23684   1       3165    3164    1372    
CTRIA3  23685   1       1669    1671    1670    
CTRIA3  23686   1       1780    4005    2797    
CTRIA3  23687   1       4039    4479    3157    
CTRIA3  23688   1       4039    3157    4040    
CTRIA3  23689   1       4061    4062    3442    
CTRIA3  23690   1       3442    4062    3690    
CTRIA3  23691   1       4061    3442    3443    
CTRIA3  23692   1       5748    6323    5955    
CTRIA3  23693   1       5955    6323    4819    
CTRIA3  23694   1       1409    3027    619     
CTRIA3  23695   1       2161    3761    3762    
CTRIA3  23696   1       4541    4133    4132    
CTRIA3  23697   1       4132    4133    1420    
CTRIA3  23698   1       4132    1314    4541    
CTRIA3  23699   1       571     615     634     
CTRIA3  23700   1       2420    2868    634     
CTRIA3  23701   1       1321    6118    6119    
CTRIA3  23702   1       2184    6362    5961    
CTRIA3  23703   1       2184    5961    5503    
CTRIA3  23704   1       1940    2547    1923    
CTRIA3  23705   1       1940    1923    1924    
CTRIA3  23706   1       6331    1505    6276    
CTRIA3  23707   1       6276    5400    6331    
CTRIA3  23708   1       442     441     443     
CTRIA3  23709   1       442     5520    4268    
CTRIA3  23710   1       442     443     5520    
CTRIA3  23711   1       1524    2354    2041    
CTRIA3  23712   1       2229    2051    1430    
CTRIA3  23713   1       1430    2231    2229    
CTRIA3  23714   1       3346    2438    2866    
CTRIA3  23715   1       1797    1798    2988    
CTRIA3  23716   1       2988    1669    1797    
CTRIA3  23717   1       3788    1867    1865    
CTRIA3  23718   1       5748    3757    6323    
CTRIA3  23719   1       2162    3618    1243    
CTRIA3  23720   1       4763    4764    4762    
CTRIA3  23721   1       1353    1354    368     
CTRIA3  23722   1       2288    368     1354    
CTRIA3  23723   1       368     2288    369     
CTRIA3  23724   1       4762    3758    4763    
CTRIA3  23725   1       5710    5711    4575    
CTRIA3  23726   1       1826    3569    1930    
CTRIA3  23727   1       6266    1400    4588    
CTRIA3  23728   1       4588    5741    6266    
CTRIA3  23729   1       1364    1291    1287    
CTRIA3  23730   1       1364    1287    3278    
CTRIA3  23731   1       1931    1932    1835    
CTRIA3  23732   1       1889    1931    1942    
CTRIA3  23733   1       384     385     440     
CTRIA3  23734   1       384     440     1845    
CTRIA3  23735   1       386     385     384     
CTRIA3  23736   1       1178    6110    5172    
CTRIA3  23737   1       2217    2856    1889    
CTRIA3  23738   1       2627    2992    2867    
CTRIA3  23739   1       1278    2992    2627    
CTRIA3  23740   1       3587    4180    3179    
CTRIA3  23741   1       2701    2700    2711    
CTRIA3  23742   1       6041    5427    411     
CTRIA3  23743   1       3977    3976    3078    
CTRIA3  23744   1       1808    1807    1809    
CTRIA3  23745   1       1808    6086    3973    
CTRIA3  23746   1       1808    1809    6086    
CTRIA3  23747   1       5800    5801    5297    
CTRIA3  23748   1       5297    5801    5300    
CTRIA3  23749   1       5300    5299    5297    
CTRIA3  23750   1       5300    5801    5993    
CTRIA3  23751   1       5993    5299    5300    
CTRIA3  23752   1       1264    1265    1348    
CTRIA3  23753   1       1038    3549    1037    
CTRIA3  23754   1       993     992     991     
CTRIA3  23755   1       5276    1774    991     
CTRIA3  23756   1       993     991     1774    
CTRIA3  23757   1       1375    1373    3316    
CTRIA3  23758   1       1375    3316    3317    
CTRIA3  23759   1       407     4296    406     
CTRIA3  23760   1       3503    406     4296    
CTRIA3  23761   1       1944    1447    1448    
CTRIA3  23762   1       1448    2620    1944    
CTRIA3  23763   1       262     886     261     
CTRIA3  23764   1       2542    1796    669     
CTRIA3  23765   1       669     948     2542    
CTRIA3  23766   1       3621    633     3620    
CTRIA3  23767   1       633     635     1598    
CTRIA3  23768   1       2216    809     2267    
CTRIA3  23769   1       2730    2732    2731    
CTRIA3  23770   1       2731    2732    3378    
CTRIA3  23771   1       2730    2731    2941    
CTRIA3  23772   1       2343    2094    1522    
CTRIA3  23773   1       700     699     698     
CTRIA3  23774   1       700     2596    2079    
CTRIA3  23775   1       700     698     2596    
CTRIA3  23776   1       386     150     1945    
CTRIA3  23777   1       1945    385     386     
CTRIA3  23778   1       2550    1828    2551    
CTRIA3  23779   1       6120    443     6119    
CTRIA3  23780   1       2947    1442    3397    
CTRIA3  23781   1       2800    5433    682     
CTRIA3  23782   1       4212    682     5433    
CTRIA3  23783   1       682     4212    4213    
CTRIA3  23784   1       221     223     222     
CTRIA3  23785   1       222     223     5561    
CTRIA3  23786   1       5561    6367    222     
CTRIA3  23787   1       221     222     6367    
CTRIA3  23788   1       166     420     418     
CTRIA3  23789   1       166     418     165     
CTRIA3  23790   1       6477    420     1468    
CTRIA3  23791   1       165     1945    148     
CTRIA3  23792   1       165     418     1945    
CTRIA3  23793   1       453     451     1292    
CTRIA3  23794   1       495     497     496     
CTRIA3  23795   1       495     451     497     
CTRIA3  23796   1       495     1292    451     
CTRIA3  23797   1       5993    5991    1946    
CTRIA3  23798   1       5993    5992    5991    
CTRIA3  23799   1       5993    1946    5299    
CTRIA3  23800   1       1341    1342    1357    
CTRIA3  23801   1       1341    1357    1395    
CTRIA3  23802   1       1343    1377    1376    
CTRIA3  23803   1       1343    1528    1377    
CTRIA3  23804   1       1343    1376    1342    
CTRIA3  23805   1       346     798     799     
CTRIA3  23806   1       3845    1913    5569    
CTRIA3  23807   1       3845    5569    5570    
CTRIA3  23808   1       2619    3822    6287    
CTRIA3  23809   1       6287    1912    2619    
CTRIA3  23810   1       149     1912    6287    
CTRIA3  23811   1       149     1914    1911    
CTRIA3  23812   1       149     6287    1914    
CTRIA3  23813   1       4932    4933    3145    
CTRIA3  23814   1       4932    3145    6362    
CTRIA3  23815   1       3402    2810    2420    
CTRIA3  23816   1       1685    2420    2810    
CTRIA3  23817   1       3146    2213    2651    
CTRIA3  23818   1       3146    2651    2650    
CTRIA3  23819   1       794     6462    6305    
CTRIA3  23820   1       794     6305    796     
CTRIA3  23821   1       1243    3618    3395    
CTRIA3  23822   1       5075    3607    6335    
CTRIA3  23823   1       1009    3606    3608    
CTRIA3  23824   1       1009    3607    3606    
CTRIA3  23825   1       547     548     4189    
CTRIA3  23826   1       547     4189    1177    
CTRIA3  23827   1       843     2335    3793    
CTRIA3  23828   1       2800    698     882     
CTRIA3  23829   1       681     4213    6315    
CTRIA3  23830   1       1125    3461    301     
CTRIA3  23831   1       1125    301     3458    
CTRIA3  23832   1       1150    4992    6053    
CTRIA3  23833   1       1150    4991    4992    
CTRIA3  23834   1       6053    5577    1150    
CTRIA3  23835   1       5520    443     6111    
CTRIA3  23836   1       6111    443     6120    
CTRIA3  23837   1       6111    5519    5520    
CTRIA3  23838   1       1331    1325    1404    
CTRIA3  23839   1       1331    1404    1306    
CTRIA3  23840   1       2736    2735    657     
CTRIA3  23841   1       2736    657     3520    
CTRIA3  23842   1       4019    4020    4239    
CTRIA3  23843   1       4019    5659    1335    
CTRIA3  23844   1       4019    4239    5659    
CTRIA3  23845   1       6349    5916    2492    
CTRIA3  23846   1       6349    5972    5916    
CTRIA3  23847   1       6170    5916    5972    
CTRIA3  23848   1       6170    5972    2494    
CTRIA3  23849   1       2079    820     700     
CTRIA3  23850   1       2079    660     820     
CTRIA3  23851   1       821     700     820     
CTRIA3  23852   1       821     699     700     
CTRIA3  23853   1       632     629     630     
CTRIA3  23854   1       1772    1778    907     
CTRIA3  23855   1       1772    629     1778    
CTRIA3  23856   1       2701    2711    5023    
CTRIA3  23857   1       5911    5912    5023    
CTRIA3  23858   1       2701    5023    5912    
CTRIA3  23859   1       4267    2730    2941    
CTRIA3  23860   1       4267    2941    2602    
CTRIA3  23861   1       4421    5433    2800    
CTRIA3  23862   1       4421    4212    5433    
CTRIA3  23863   1       4421    2800    6424    
CTRIA3  23864   1       697     2671    667     
CTRIA3  23865   1       1780    2797    2796    
CTRIA3  23866   1       1780    2796    2798    
CTRIA3  23867   1       547     1177    1085    
CTRIA3  23868   1       547     1085    1217    
CTRIA3  23869   1       2875    2237    2075    
CTRIA3  23870   1       4293    3878    5748    
CTRIA3  23871   1       4293    3877    3878    
CTRIA3  23872   1       2833    442     4268    
CTRIA3  23873   1       4268    2832    2833    
CTRIA3  23874   1       766     3451    1933    
CTRIA3  23875   1       766     1933    1834    
CTRIA3  23876   1       667     734     697     
CTRIA3  23877   1       667     736     734     
CTRIA3  23878   1       1968    404     2737    
CTRIA3  23879   1       6171    6468    1397    
CTRIA3  23880   1       1399    1397    6468    
CTRIA3  23881   1       1399    1398    1397    
CTRIA3  23882   1       1397    1398    6171    
CTRIA3  23883   1       2240    3547    2183    
CTRIA3  23884   1       5503    2240    2183    
CTRIA3  23885   1       2183    2184    5503    
CTRIA3  23886   1       637     636     2034    
CTRIA3  23887   1       5445    293     6100    
CTRIA3  23888   1       5948    5955    5954    
CTRIA3  23889   1       5948    5954    4758    
CTRIA3  23890   1       1021    6302    5935    
CTRIA3  23891   1       1021    6041    411     
CTRIA3  23892   1       1021    5935    6041    
CTRIA3  23893   1       657     2696    3520    
CTRIA3  23894   1       892     6335    3607    
CTRIA3  23895   1       1954    1955    1249    
CTRIA3  23896   1       301     302     1249    
CTRIA3  23897   1       6287    6058    5401    
CTRIA3  23898   1       5399    5766    6287    
CTRIA3  23899   1       5399    6287    5401    
CTRIA3  23900   1       5445    195     4032    
CTRIA3  23901   1       3281    195     193     
CTRIA3  23902   1       193     1995    3281    
CTRIA3  23903   1       2267    2737    2216    
CTRIA3  23904   1       2267    1457    2737    
CTRIA3  23905   1       6208    6306    194     
CTRIA3  23906   1       1796    1670    2039    
CTRIA3  23907   1       1796    1797    1669    
CTRIA3  23908   1       1669    1670    1796    
CTRIA3  23909   1       1468    1910    6477    
CTRIA3  23910   1       5972    6349    2493    
CTRIA3  23911   1       2492    2493    6349    
CTRIA3  23912   1       2492    2494    2493    
CTRIA3  23913   1       2493    2494    5972    
CTRIA3  23914   1       643     645     644     
CTRIA3  23915   1       1518    1968    2737    
CTRIA3  23916   1       1518    1969    1968    
CTRIA3  23917   1       1518    1457    1969    
CTRIA3  23918   1       1518    2737    1457    
ENDDATA
